run_id,RMSE,MAE,SupNorm,Bias,Corr,deming_slope,deming_intercept,beta_sum,beta_l1,beta_l2,beta_min,beta_max,beta_neg_frac,offline_data_id,benchmark_id,benchmark_point_source,target_set_size,benchmark_z_path,projected_bellman_test_risk,oracle_embedding_risk,benchmark_embedding_risk,risk_bellman_final,risk_obj_final,B_num_rows,B_num_cols,B_min_dim,B_numerical_rank,B_rank_fraction,B_rank_tolerance,B_stable_rank,B_effective_rank,B_entropy_rank,B_spectral_norm,B_frobenius_norm,B_nuclear_norm,B_condition_number,B_condition_number_tol,B_smallest_singular_value,B_rank_rel_1em2,B_rank_rel_1em3,B_rank_rel_1em4
0_b0,0.048796354273104,0.0414688350801588,0.0938788279891014,-0.0324025225435616,0.6450890798457459,0.8604070740792632,-0.0146950984414568,0.9353621715157899,0.9421657693066099,0.07312185108863735,-0.000655743352,0.0170216635,0.055,0,0,fixed_config,100,data/Z_true.pt,0.0053499550558626,0.3960113227367401,0.3960113227367401,0.0083960617926968,0.0156395062804222,1610,400,400,400,1.0,3.452433436024194e-05,19.09733390808105,381.7631449451679,5.94480037689209,0.179882675409317,0.7860962152481079,14.919331550598145,9.568272109156272,9.568272109156272,0.0187999121844768,400,400,400
0_b1,0.0098264458848336,0.0076573982159607,0.0239001512527465,0.0061701162462122,0.9957997299981882,1.1291968739418332,-0.0100433569562856,0.9765758638427,0.9806018372241001,0.05780149299093447,-0.00101070141,0.0100305323,0.015,0,1,fixed_config,100,data/Z_true.pt,0.0037503140047192,0.3632526993751526,0.3632526993751526,0.0083960617926968,0.0156395062804222,1610,400,400,400,1.0,3.452433436024194e-05,19.09733390808105,381.7631449451679,5.94480037689209,0.179882675409317,0.7860962152481079,14.919331550598145,9.568272109156272,9.568272109156272,0.0187999121844768,400,400,400
0_b2,0.0130633618816878,0.0111270748265087,0.0273970812559127,0.0081564118620008,0.986088872750102,1.1307251631761428,-0.0089555241869006,1.019377780027589,1.026576356718389,0.06493556225034516,-0.00163207855,0.0129178753,0.02,0,2,fixed_config,100,data/Z_true.pt,0.0030859750695526,0.3631716966629028,0.3631716966629028,0.0083960617926968,0.0156395062804222,1610,400,400,400,1.0,3.452433436024194e-05,19.09733390808105,381.7631449451679,5.94480037689209,0.179882675409317,0.7860962152481079,14.919331550598145,9.568272109156272,9.568272109156272,0.0187999121844768,400,400,400
0_b3,0.0130827525320033,0.0103162308290484,0.0299715399742126,0.0079116363989305,0.988380016439677,1.1647177754466949,-0.0134037291625438,0.9910874046044,0.9971559424415999,0.060160167935405025,-0.0015305602,0.0107339062,0.015,0,3,fixed_config,100,data/Z_true.pt,0.0050764195621013,0.3642817139625549,0.3642817139625549,0.0083960617926968,0.0156395062804222,1610,400,400,400,1.0,3.452433436024194e-05,19.09733390808105,381.7631449451679,5.94480037689209,0.179882675409317,0.7860962152481079,14.919331550598145,9.568272109156272,9.568272109156272,0.0187999121844768,400,400,400
0_b4,0.0437397604993343,0.0372406930089346,0.0880838483572006,-0.0246539257731637,0.7093802324560942,1.0066277144183016,-0.0254998606071729,0.97896119380366,0.98050833078834,0.0786367094842488,-0.000352114468,0.0212400742,0.02,0,4,support_safe_target_policy_draw,100,data/Z_true.pt,0.0121141904965043,0.3954087495803833,0.3954087495803833,0.0083960617926968,0.0156395062804222,1610,400,400,400,1.0,3.452433436024194e-05,19.09733390808105,381.7631449451679,5.94480037689209,0.179882675409317,0.7860962152481079,14.919331550598145,9.568272109156272,9.568272109156272,0.0187999121844768,400,400,400
0_b5,0.0086572675934179,0.0071479589282535,0.0190639346837997,0.0018619081308133,0.9880048510512894,1.072929476728422,-0.0074281883544494,0.9791742594416,0.9810850126412001,0.061733059934004804,-0.000540994108,0.012124287,0.01,0,5,support_safe_target_policy_draw,100,data/Z_true.pt,0.0032692169770598,0.3630547523498535,0.3630547523498535,0.0083960617926968,0.0156395062804222,1610,400,400,400,1.0,3.452433436024194e-05,19.09733390808105,381.7631449451679,5.94480037689209,0.179882675409317,0.7860962152481079,14.919331550598145,9.568272109156272,9.568272109156272,0.0187999121844768,400,400,400
0_b6,0.0126489127555268,0.0107233058172278,0.026898369193077,-0.0009473769995383,0.9634057850900376,1.0261668459776403,-0.004210956574627,1.0009172611075,1.0020604348875,0.06327253524226856,-0.000398004195,0.011851294,0.0075,0,6,support_safe_target_policy_draw,100,data/Z_true.pt,0.0032228091731667,0.3656118512153625,0.3656118512153625,0.0083960617926968,0.0156395062804222,1610,400,400,400,1.0,3.452433436024194e-05,19.09733390808105,381.7631449451679,5.94480037689209,0.179882675409317,0.7860962152481079,14.919331550598145,9.568272109156272,9.568272109156272,0.0187999121844768,400,400,400
0_b7,0.0129372685776142,0.0107624768710229,0.0282990261912345,-0.002343205086654,0.9625228426054648,1.0413600308464657,-0.0077020062869369,0.9553354144968199,0.95908953842698,0.06169199735602969,-0.000509524136,0.0116982618,0.0275,0,7,support_safe_target_policy_draw,100,data/Z_true.pt,0.0073702344670891,0.3655670285224914,0.3655670285224914,0.0083960617926968,0.0156395062804222,1610,400,400,400,1.0,3.452433436024194e-05,19.09733390808105,381.7631449451679,5.94480037689209,0.179882675409317,0.7860962152481079,14.919331550598145,9.568272109156272,9.568272109156272,0.0187999121844768,400,400,400
0_b8,0.0158411384003319,0.0132327818113844,0.0326700657606124,0.0113492612761911,0.990438977106444,1.1811136846852504,-0.0119158373191739,1.0123358476596,1.0139216915171998,0.06259826443762537,-0.000343828637,0.0104219411,0.01,0,8,support_safe_target_policy_draw,100,data/Z_true.pt,0.0073091420345008,0.3647507429122925,0.3647507429122925,0.0083960617926968,0.0156395062804222,1610,400,400,400,1.0,3.452433436024194e-05,19.09733390808105,381.7631449451679,5.94480037689209,0.179882675409317,0.7860962152481079,14.919331550598145,9.568272109156272,9.568272109156272,0.0187999121844768,400,400,400
0_b9,0.0128236138686012,0.0109626029274659,0.0265036448836326,0.0011444607068551,0.967201210052648,1.0472299002399128,-0.0049246568592305,1.0018467501653,1.0111615542601,0.06684711345510928,-0.0011862684,0.0137620391,0.0375,0,9,support_safe_target_policy_draw,100,data/Z_true.pt,0.0032994458451867,0.3634693026542663,0.3634693026542663,0.0083960617926968,0.0156395062804222,1610,400,400,400,1.0,3.452433436024194e-05,19.09733390808105,381.7631449451679,5.94480037689209,0.179882675409317,0.7860962152481079,14.919331550598145,9.568272109156272,9.568272109156272,0.0187999121844768,400,400,400
10_b0,0.0431614403150292,0.0368668455697479,0.0853953063488006,-0.0219941149998339,0.6743359703824118,1.054081066925192,-0.0288543221458783,0.9700479104080699,0.97113851836341,0.06822186009258299,-0.000193834305,0.013039141,0.015,10,0,fixed_config,100,data/Z_true.pt,0.00748136267066,0.3941875696182251,0.3941875696182251,0.010942802347146,0.0595698654651641,1610,400,400,400,1.0,4.6451968653826725e-05,10.91261386871338,378.65733981330135,5.936631679534912,0.2420294135808944,0.7995259165763855,14.899188041687012,12.849240849016573,12.849240849016573,0.01883608661592,400,400,400
10_b1,0.015964493743834,0.0125953620945801,0.0380425751209259,0.0103035847103456,0.9908602877900567,1.2119831827708594,-0.0162990996145316,0.9565568455928,0.9641327364656,0.055343151800614214,-0.00103588752,0.0101328287,0.02,10,1,fixed_config,100,data/Z_true.pt,0.0064085968770086,0.3659433424472809,0.3659433424472809,0.010942802347146,0.0595698654651641,1610,400,400,400,1.0,4.6451968653826725e-05,10.91261386871338,378.65733981330135,5.936631679534912,0.2420294135808944,0.7995259165763855,14.899188041687012,12.849240849016573,12.849240849016573,0.01883608661592,400,400,400
10_b2,0.022293157104374,0.0188203166844323,0.0451693832874298,0.014615283687599,0.9746505060143096,1.2659067043407322,-0.0201919287044156,0.98851459335519,1.00139495511379,0.057113602203709216,-0.00188445463,0.0104445238,0.02,10,2,fixed_config,100,data/Z_true.pt,0.0056105842813849,0.3674490451812744,0.3674490451812744,0.010942802347146,0.0595698654651641,1610,400,400,400,1.0,4.6451968653826725e-05,10.91261386871338,378.65733981330135,5.936631679534912,0.2420294135808944,0.7995259165763855,14.899188041687012,12.849240849016573,12.849240849016573,0.01883608661592,400,400,400
10_b3,0.017160774033465,0.0137084419556776,0.0371240824460983,0.010378977204964,0.981991422382263,1.2236836490082823,-0.0185668893586541,0.9795142891887999,0.9880152854756,0.05698741786616338,-0.00176217803,0.0110327099,0.0125,10,3,fixed_config,100,data/Z_true.pt,0.0061122896149754,0.3662518858909607,0.3662518858909607,0.010942802347146,0.0595698654651641,1610,400,400,400,1.0,4.6451968653826725e-05,10.91261386871338,378.65733981330135,5.936631679534912,0.2420294135808944,0.7995259165763855,14.899188041687012,12.849240849016573,12.849240849016573,0.01883608661592,400,400,400
10_b4,0.0520771493991933,0.0445194274344248,0.1010475307703018,-0.0327701110503403,0.6285939300083139,0.978420262483748,-0.0300157600747817,0.9374177654967399,0.93798263801614,0.06859572590881602,-0.00013361522,0.0150615266,0.01,10,4,support_safe_target_policy_draw,100,data/Z_true.pt,0.0069523872807621,0.404466450214386,0.404466450214386,0.010942802347146,0.0595698654651641,1610,400,400,400,1.0,4.6451968653826725e-05,10.91261386871338,378.65733981330135,5.936631679534912,0.2420294135808944,0.7995259165763855,14.899188041687012,12.849240849016573,12.849240849016573,0.01883608661592,400,400,400
10_b5,0.0140533566063671,0.0112971368012949,0.0323351919651031,0.0076087172282859,0.9876228937119274,1.1791027875788762,-0.0152062301980246,0.963383399841,0.974422693779,0.05831995735993356,-0.00145616219,0.0116716586,0.02,10,5,support_safe_target_policy_draw,100,data/Z_true.pt,0.0062740445137023,0.3650214672088623,0.3650214672088623,0.010942802347146,0.0595698654651641,1610,400,400,400,1.0,4.6451968653826725e-05,10.91261386871338,378.65733981330135,5.936631679534912,0.2420294135808944,0.7995259165763855,14.899188041687012,12.849240849016573,12.849240849016573,0.01883608661592,400,400,400
10_b6,0.0136072706834833,0.0115519735217094,0.0281892344355583,-0.0004236680362373,0.9589255522464456,1.047611593269888,-0.0063618779170082,0.99283788008,0.99283788008,0.061615841433142214,4.6802219e-05,0.0116310585,0.0,10,6,support_safe_target_policy_draw,100,data/Z_true.pt,0.0026299064047634,0.3663230240345001,0.3663230240345001,0.010942802347146,0.0595698654651641,1610,400,400,400,1.0,4.6451968653826725e-05,10.91261386871338,378.65733981330135,5.936631679534912,0.2420294135808944,0.7995259165763855,14.899188041687012,12.849240849016573,12.849240849016573,0.01883608661592,400,400,400
10_b7,0.0146269121296704,0.0123482906864956,0.030447170138359,-0.0072266784729436,0.959481240219468,0.9646978008418928,-0.0026527585954815,0.9523015408227,0.9577798428415001,0.06647753162498955,-0.000700924546,0.0161372703,0.02,10,7,support_safe_target_policy_draw,100,data/Z_true.pt,0.004982691258192,0.3659209907054901,0.3659209907054901,0.010942802347146,0.0595698654651641,1610,400,400,400,1.0,4.6451968653826725e-05,10.91261386871338,378.65733981330135,5.936631679534912,0.2420294135808944,0.7995259165763855,14.899188041687012,12.849240849016573,12.849240849016573,0.01883608661592,400,400,400
10_b8,0.0184253534206066,0.0150645674811676,0.0391255170106887,0.0138071812083944,0.9940342888972588,1.2295102917965093,-0.0156747410250149,0.9822337486348001,0.9971111175540001,0.06064373254256817,-0.00145756779,0.0103662238,0.0325,10,8,support_safe_target_policy_draw,100,data/Z_true.pt,0.0092658847570419,0.3658000230789184,0.3658000230789184,0.010942802347146,0.0595698654651641,1610,400,400,400,1.0,4.6451968653826725e-05,10.91261386871338,378.65733981330135,5.936631679534912,0.2420294135808944,0.7995259165763855,14.899188041687012,12.849240849016573,12.849240849016573,0.01883608661592,400,400,400
10_b9,0.0163406116841963,0.0138650268112542,0.0333884209394454,0.004952009722474,0.961670020705226,1.1401735943070774,-0.013060520881847,0.9748920401366999,0.9801962365181001,0.0616961618798261,-0.000980045646,0.0139462426,0.0175,10,9,support_safe_target_policy_draw,100,data/Z_true.pt,0.0046612755395472,0.3651672601699829,0.3651672601699829,0.010942802347146,0.0595698654651641,1610,400,400,400,1.0,4.6451968653826725e-05,10.91261386871338,378.65733981330135,5.936631679534912,0.2420294135808944,0.7995259165763855,14.899188041687012,12.849240849016573,12.849240849016573,0.01883608661592,400,400,400
11_b0,0.0481254488997826,0.0410060320846969,0.0952878147363662,-0.0274859179236227,0.613868084992043,0.9848259171679056,-0.0255610788367127,0.9837191138350001,0.986374472269,0.07367033913649608,-0.000260849949,0.0175946541,0.0275,11,0,fixed_config,100,data/Z_true.pt,0.0059419344179332,0.3984966278076172,0.3984966278076172,0.0074313196976044,0.1074003502726554,1609,400,400,400,1.0,3.872515053870984e-05,15.17841911315918,380.6127577948045,5.941782474517822,0.2018956542015075,0.786575198173523,14.83671760559082,10.804871965662665,10.804871965662665,0.0186856128275394,400,400,400
11_b1,0.0144660903762599,0.0117480987613089,0.0331702977418899,0.0085777977458201,0.9873610740892864,1.1775408935970408,-0.0137025750902837,0.97636211298,0.97636211298,0.05524272999782102,0.00011211005,0.00811538193,0.0,11,1,fixed_config,100,data/Z_true.pt,0.0033061732538044,0.3650032579898834,0.3650032579898834,0.0074313196976044,0.1074003502726554,1609,400,400,400,1.0,3.872515053870984e-05,15.17841911315918,380.6127577948045,5.941782474517822,0.2018956542015075,0.786575198173523,14.83671760559082,10.804871965662665,10.804871965662665,0.0186856128275394,400,400,400
11_b2,0.0157737097965203,0.0132366052281577,0.0314332842826843,0.0093145591660868,0.9796741425043,1.168978001467935,-0.0128046769820015,1.00738582232752,1.00816455445048,0.060156256968402426,-6.57467172e-05,0.00921033043,0.02,11,2,fixed_config,100,data/Z_true.pt,0.0027655162848532,0.3644647002220154,0.3644647002220154,0.0074313196976044,0.1074003502726554,1609,400,400,400,1.0,3.872515053870984e-05,15.17841911315918,380.6127577948045,5.941782474517822,0.2018956542015075,0.786575198173523,14.83671760559082,10.804871965662665,10.804871965662665,0.0186856128275394,400,400,400
11_b3,0.0170062275689674,0.0137578745075734,0.0376047939062118,0.0077932270400924,0.968153438757685,1.198297502278876,-0.0178675356768578,0.98575561423,0.9865564515280001,0.05686082195537005,-0.000212383457,0.00896006264,0.005,11,3,fixed_config,100,data/Z_true.pt,0.0041447803378105,0.3667133748531341,0.3667133748531341,0.0074313196976044,0.1074003502726554,1609,400,400,400,1.0,3.872515053870984e-05,15.17841911315918,380.6127577948045,5.941782474517822,0.2018956542015075,0.786575198173523,14.83671760559082,10.804871965662665,10.804871965662665,0.0186856128275394,400,400,400
11_b4,0.0480430595848011,0.0411172823686501,0.0952561497688293,-0.0286422909455723,0.6585607134706005,0.9603098724725572,-0.0235764025679715,1.03266542148622,1.04029145353318,0.08353593464483976,-0.000407018932,0.0177108981,0.0675,11,4,support_safe_target_policy_draw,100,data/Z_true.pt,0.0135121485218405,0.4017956256866455,0.4017956256866455,0.0074313196976044,0.1074003502726554,1609,400,400,400,1.0,3.872515053870984e-05,15.17841911315918,380.6127577948045,5.941782474517822,0.2018956542015075,0.786575198173523,14.83671760559082,10.804871965662665,10.804871965662665,0.0186856128275394,400,400,400
11_b5,0.0101975432104405,0.0082312535087112,0.0223186910152435,0.0056012999394442,0.9928627286033366,1.124846240570066,-0.0103021957765237,0.9815906659093999,0.987012627683,0.060839608700802225,-0.000635981793,0.00997235812,0.025,11,5,support_safe_target_policy_draw,100,data/Z_true.pt,0.0041888514533638,0.3632067143917084,0.3632067143917084,0.0074313196976044,0.1074003502726554,1609,400,400,400,1.0,3.872515053870984e-05,15.17841911315918,380.6127577948045,5.941782474517822,0.2018956542015075,0.786575198173523,14.83671760559082,10.804871965662665,10.804871965662665,0.0186856128275394,400,400,400
11_b6,0.014273016123063,0.0119021465827245,0.0318434461951255,-0.0049261392571497,0.9574691605157464,1.0033900396996644,-0.0053489515568063,0.9594471314446,0.9594471314446,0.05717705387450595,2.12411396e-05,0.00799422897,0.0,11,6,support_safe_target_policy_draw,100,data/Z_true.pt,0.0015516206622123,0.3663054704666137,0.3663054704666137,0.0074313196976044,0.1074003502726554,1609,400,400,400,1.0,3.872515053870984e-05,15.17841911315918,380.6127577948045,5.941782474517822,0.2018956542015075,0.786575198173523,14.83671760559082,10.804871965662665,10.804871965662665,0.0186856128275394,400,400,400
11_b7,0.0124430640969483,0.0101757745142094,0.0265883207321167,0.0005860594077967,0.9650389639884904,1.0516564022202053,-0.0061067883622524,0.9911850808845999,0.9936341568094,0.06351242940577738,-0.000530181453,0.0110688023,0.0125,11,7,support_safe_target_policy_draw,100,data/Z_true.pt,0.0058140298351645,0.3653640151023865,0.3653640151023865,0.0074313196976044,0.1074003502726554,1609,400,400,400,1.0,3.872515053870984e-05,15.17841911315918,380.6127577948045,5.941782474517822,0.2018956542015075,0.786575198173523,14.83671760559082,10.804871965662665,10.804871965662665,0.0186856128275394,400,400,400
11_b8,0.0156525612521011,0.0129279376845806,0.0348197370767593,0.0077110875071957,0.9768018745897477,1.174027296512262,-0.0146437236086995,0.9813473442936,0.9891410166764,0.05877328080338988,-0.00080886879,0.0104064224,0.03,11,8,support_safe_target_policy_draw,100,data/Z_true.pt,0.006131675094366,0.3662871420383453,0.3662871420383453,0.0074313196976044,0.1074003502726554,1609,400,400,400,1.0,3.872515053870984e-05,15.17841911315918,380.6127577948045,5.941782474517822,0.2018956542015075,0.786575198173523,14.83671760559082,10.804871965662665,10.804871965662665,0.0186856128275394,400,400,400
11_b9,0.01558899894726,0.0132019206677796,0.0324878841638565,0.0069761237892089,0.9711645207985192,1.1408756541098466,-0.0111266226203496,1.0102606045138,1.0161015671514,0.06259187029983372,-0.000705106999,0.00957687665,0.025,11,9,support_safe_target_policy_draw,100,data/Z_true.pt,0.0037325210869312,0.3644003272056579,0.3644003272056579,0.0074313196976044,0.1074003502726554,1609,400,400,400,1.0,3.872515053870984e-05,15.17841911315918,380.6127577948045,5.941782474517822,0.2018956542015075,0.786575198173523,14.83671760559082,10.804871965662665,10.804871965662665,0.0186856128275394,400,400,400
12_b0,0.0439182306815953,0.0376777039011358,0.08670624345541,-0.0235999066484509,0.6757645595054568,1.0526578887016984,-0.0302795830103596,0.9072070291133,0.9074107083133,0.0637631667725589,-0.0001018396,0.0132569438,0.0025,12,0,fixed_config,100,data/Z_true.pt,0.005822867155075,0.3915879726409912,0.3915879726409912,0.0082988651714167,0.018537376075983,1610,400,400,400,1.0,4.744474344064997e-05,10.45511531829834,378.20495163669295,5.935436248779297,0.2472020834684372,0.7993123531341553,14.85928726196289,13.56460232997539,13.56460232997539,0.0182240568101406,400,400,400
12_b1,0.0133724428009586,0.0110715668625198,0.0302428901195526,0.0054861479229293,0.978109174266522,1.1324131216880842,-0.0111309460875295,0.9769457088632001,0.9797835100988002,0.05869817360268937,-0.000616006204,0.0102594141,0.0125,12,1,fixed_config,100,data/Z_true.pt,0.0026737893931567,0.3651444315910339,0.3651444315910339,0.0082988651714167,0.018537376075983,1610,400,400,400,1.0,4.744474344064997e-05,10.45511531829834,378.20495163669295,5.935436248779297,0.2472020834684372,0.7993123531341553,14.85928726196289,13.56460232997539,13.56460232997539,0.0182240568101406,400,400,400
12_b2,0.0122184029768753,0.0101871571619994,0.0253962129354476,0.0046938174474053,0.979439008925118,1.1159597802887504,-0.0104853286047749,0.9910148218587,0.9960819680107,0.062653956118188,-0.000562558183,0.0119340438,0.0175,12,2,fixed_config,100,data/Z_true.pt,0.0021385857835412,0.3636407256126404,0.3636407256126404,0.0082988651714167,0.018537376075983,1610,400,400,400,1.0,4.744474344064997e-05,10.45511531829834,378.20495163669295,5.935436248779297,0.2472020834684372,0.7993123531341553,14.85928726196289,13.56460232997539,13.56460232997539,0.0182240568101406,400,400,400
12_b3,0.0146029311462594,0.0120203528070123,0.0320265740156173,0.0025423424941254,0.9620126610547868,1.1326707722839846,-0.0146259685936563,0.975345407179,0.977032006517,0.059293071831431954,-0.000521937036,0.0114766816,0.005,12,3,fixed_config,100,data/Z_true.pt,0.0030803713016211,0.3665255308151245,0.3665255308151245,0.0082988651714167,0.018537376075983,1610,400,400,400,1.0,4.744474344064997e-05,10.45511531829834,378.20495163669295,5.935436248779297,0.2472020834684372,0.7993123531341553,14.85928726196289,13.56460232997539,13.56460232997539,0.0182240568101406,400,400,400
12_b4,0.0515324279190332,0.0439484214651747,0.100016102194786,-0.0334591500097303,0.6517520860983987,0.97922388610895,-0.0308073703242252,0.8935679971317001,0.8997893425251,0.06764124540328079,-0.0004848924,0.0139816049,0.035,12,4,support_safe_target_policy_draw,100,data/Z_true.pt,0.0082181766629219,0.401028960943222,0.401028960943222,0.0082988651714167,0.018537376075983,1610,400,400,400,1.0,4.744474344064997e-05,10.45511531829834,378.20495163669295,5.935436248779297,0.2472020834684372,0.7993123531341553,14.85928726196289,13.56460232997539,13.56460232997539,0.0182240568101406,400,400,400
12_b5,0.0103303969088868,0.0082642438984476,0.0233053117990493,0.0066067719622515,0.994588911513275,1.123649783637298,-0.0091443134959647,0.9821112992,0.987008769086,0.06236568326074411,-0.000919042155,0.0118687339,0.015,12,5,support_safe_target_policy_draw,100,data/Z_true.pt,0.0054050590842962,0.363069474697113,0.363069474697113,0.0082988651714167,0.018537376075983,1610,400,400,400,1.0,4.744474344064997e-05,10.45511531829834,378.20495163669295,5.935436248779297,0.2472020834684372,0.7993123531341553,14.85928726196289,13.56460232997539,13.56460232997539,0.0182240568101406,400,400,400
12_b6,0.0127019801956211,0.0107900564570445,0.0254735201597213,-0.0011982665874529,0.96247148936001,1.01193932141191,-0.00268736181634,1.012834020381,1.012834020381,0.06653849781398923,0.000454348512,0.0136004295,0.0,12,6,support_safe_target_policy_draw,100,data/Z_true.pt,0.0019546528346836,0.3658982515335083,0.3658982515335083,0.0082988651714167,0.018537376075983,1610,400,400,400,1.0,4.744474344064997e-05,10.45511531829834,378.20495163669295,5.935436248779297,0.2472020834684372,0.7993123531341553,14.85928726196289,13.56460232997539,13.56460232997539,0.0182240568101406,400,400,400
12_b7,0.0131434530743622,0.0111332258896436,0.0256140381097793,0.0085123556514736,0.9815966164764705,1.096568058897692,-0.0039994587582142,1.0422851059801,1.0423428922175,0.06945523008653835,-2.88931187e-05,0.014889583,0.0025,12,7,support_safe_target_policy_draw,100,data/Z_true.pt,0.004773374646902,0.3644547760486603,0.3644547760486603,0.0082988651714167,0.018537376075983,1610,400,400,400,1.0,4.744474344064997e-05,10.45511531829834,378.20495163669295,5.935436248779297,0.2472020834684372,0.7993123531341553,14.85928726196289,13.56460232997539,13.56460232997539,0.0182240568101406,400,400,400
12_b8,0.0154037437281949,0.0129609391838312,0.0355638265609741,0.0055157324904575,0.9676966481934268,1.143022697524532,-0.0128563588568412,0.9830102256404599,0.98978348024486,0.06337445836646696,-0.000688402914,0.0122243548,0.0275,12,8,support_safe_target_policy_draw,100,data/Z_true.pt,0.0049960580654442,0.3667855262756347,0.3667855262756347,0.0082988651714167,0.018537376075983,1610,400,400,400,1.0,4.744474344064997e-05,10.45511531829834,378.20495163669295,5.935436248779297,0.2472020834684372,0.7993123531341553,14.85928726196289,13.56460232997539,13.56460232997539,0.0182240568101406,400,400,400
12_b9,0.012150013168174,0.0104452623100951,0.0248090177774429,0.0057640114519745,0.982141694805718,1.1030779800345536,-0.0074816735087503,1.0093002825861999,1.0126313687178,0.06567515112827277,-0.000626534922,0.0142246466,0.0125,12,9,support_safe_target_policy_draw,100,data/Z_true.pt,0.002861906774342,0.3626405596733093,0.3626405596733093,0.0082988651714167,0.018537376075983,1610,400,400,400,1.0,4.744474344064997e-05,10.45511531829834,378.20495163669295,5.935436248779297,0.2472020834684372,0.7993123531341553,14.85928726196289,13.56460232997539,13.56460232997539,0.0182240568101406,400,400,400
13_b0,0.0472789678122071,0.0396780884161125,0.093969702720642,-0.0321947944338899,0.6918324497507592,0.9278560687088944,-0.0230433049917236,0.8628867294564,0.8665795956410001,0.06634309179298185,-0.000387965934,0.0159632619,0.0325,13,0,fixed_config,100,data/Z_true.pt,0.005873629823327,0.3922231495380401,0.3922231495380401,0.0080114374547762,0.0154593102633953,1609,400,400,400,1.0,3.9152090771210624e-05,15.03132152557373,380.4937187731796,5.941469669342041,0.2041215300559997,0.791384220123291,14.918763160705566,10.678648970084032,10.678648970084032,0.0191149208694696,400,400,400
13_b1,0.0121839039760671,0.0100899572059279,0.028405949473381,0.004077349124127,0.9814356924051636,1.131914419504638,-0.0124771605974041,0.9485910453811001,0.9551004589763,0.05662868957935695,-0.00150602311,0.00840936415,0.0225,13,1,fixed_config,100,data/Z_true.pt,0.0036441865377128,0.36481374502182,0.36481374502182,0.0080114374547762,0.0154593102633953,1609,400,400,400,1.0,3.9152090771210624e-05,15.03132152557373,380.4937187731796,5.941469669342041,0.2041215300559997,0.791384220123291,14.918763160705566,10.678648970084032,10.678648970084032,0.0191149208694696,400,400,400
13_b2,0.0188680997444523,0.0159906918415799,0.0395885407924652,0.0094148185197263,0.9648755487734144,1.2055479135799192,-0.0174914225336917,0.9919651586927001,1.0006247059012998,0.05965797572230405,-0.00148287928,0.0103140585,0.0175,13,2,fixed_config,100,data/Z_true.pt,0.0038080513477325,0.3663525581359863,0.3663525581359863,0.0080114374547762,0.0154593102633953,1609,400,400,400,1.0,3.9152090771210624e-05,15.03132152557373,380.4937187731796,5.941469669342041,0.2041215300559997,0.791384220123291,14.918763160705566,10.678648970084032,10.678648970084032,0.0191149208694696,400,400,400
13_b3,0.0157437462102993,0.0126963967850315,0.0350029468536376,0.0078359968101722,0.974827796495597,1.1851353542261438,-0.016121513197364,0.9777369614610001,0.9831567838690001,0.05741919520795924,-0.00130077265,0.00951476861,0.01,13,3,fixed_config,100,data/Z_true.pt,0.0049510020762681,0.36573526263237,0.36573526263237,0.0080114374547762,0.0154593102633953,1609,400,400,400,1.0,3.9152090771210624e-05,15.03132152557373,380.4937187731796,5.941469669342041,0.2041215300559997,0.791384220123291,14.918763160705566,10.678648970084032,10.678648970084032,0.0191149208694696,400,400,400
13_b4,0.0532360136295726,0.0453218367857334,0.1043475903570652,-0.0355149519744736,0.6284941253193441,0.9102330753463532,-0.0240574624518852,0.96446901017874,0.99776243121254,0.07687678753359893,-0.000873309036,0.0133074597,0.1525,13,4,support_safe_target_policy_draw,100,data/Z_true.pt,0.0099219903349876,0.4066868424415588,0.4066868424415588,0.0080114374547762,0.0154593102633953,1609,400,400,400,1.0,3.9152090771210624e-05,15.03132152557373,380.4937187731796,5.941469669342041,0.2041215300559997,0.791384220123291,14.918763160705566,10.678648970084032,10.678648970084032,0.0191149208694696,400,400,400
13_b5,0.0131703498031709,0.0110546560399234,0.0288940221071243,0.0022342985356226,0.9708358595130206,1.097746499044023,-0.0102171058614931,0.9816037205958,0.9875396470622,0.06324961960570098,-0.00151939027,0.0118443854,0.0175,13,5,support_safe_target_policy_draw,100,data/Z_true.pt,0.0043204007670283,0.3654575049877167,0.3654575049877167,0.0080114374547762,0.0154593102633953,1609,400,400,400,1.0,3.9152090771210624e-05,15.03132152557373,380.4937187731796,5.941469669342041,0.2041215300559997,0.791384220123291,14.918763160705566,10.678648970084032,10.678648970084032,0.0191149208694696,400,400,400
13_b6,0.0176665193999569,0.0150955321965739,0.0366410315036773,0.0052585952309891,0.9402013365926772,1.0842223580854056,-0.0052457799561542,1.066395396984,1.066395396984,0.06707781224692826,0.00037341984,0.0109973568,0.0,13,6,support_safe_target_policy_draw,100,data/Z_true.pt,0.002557517029345,0.3689071536064148,0.3689071536064148,0.0080114374547762,0.0154593102633953,1609,400,400,400,1.0,3.9152090771210624e-05,15.03132152557373,380.4937187731796,5.941469669342041,0.2041215300559997,0.791384220123291,14.918763160705566,10.678648970084032,10.678648970084032,0.0191149208694696,400,400,400
13_b7,0.0149565477367179,0.0125417528883554,0.0321431681513786,0.0046888801991008,0.95336602067224,1.0448916053823871,-0.0011274884999162,1.06287385997,1.0637027340332001,0.07305285877194623,-0.000136810238,0.0154665075,0.01,13,7,support_safe_target_policy_draw,100,data/Z_true.pt,0.0040409499779343,0.3670962452888489,0.3670962452888489,0.0080114374547762,0.0154593102633953,1609,400,400,400,1.0,3.9152090771210624e-05,15.03132152557373,380.4937187731796,5.941469669342041,0.2041215300559997,0.791384220123291,14.918763160705566,10.678648970084032,10.678648970084032,0.0191149208694696,400,400,400
13_b8,0.0126532464354029,0.0101692228741012,0.0308926850557327,0.0061888026702217,0.9855077331093848,1.1482842854471695,-0.0128591700275177,0.9525703064318001,0.9760924445578001,0.058771660158631195,-0.00156092853,0.0111539094,0.05,13,8,support_safe_target_policy_draw,100,data/Z_true.pt,0.0065477159805595,0.3649936616420746,0.3649936616420746,0.0080114374547762,0.0154593102633953,1609,400,400,400,1.0,3.9152090771210624e-05,15.03132152557373,380.4937187731796,5.941469669342041,0.2041215300559997,0.791384220123291,14.918763160705566,10.678648970084032,10.678648970084032,0.0191149208694696,400,400,400
13_b9,0.0164339257766494,0.0141506569227203,0.0336856842041015,0.0050889386283233,0.9583628238232228,1.119288745278836,-0.0102398555408478,1.014034682174259,1.0193064126547409,0.06862270404386354,-0.00055996154,0.0148021495,0.03,13,9,support_safe_target_policy_draw,100,data/Z_true.pt,0.0029688263311982,0.3651319742202759,0.3651319742202759,0.0080114374547762,0.0154593102633953,1609,400,400,400,1.0,3.9152090771210624e-05,15.03132152557373,380.4937187731796,5.941469669342041,0.2041215300559997,0.791384220123291,14.918763160705566,10.678648970084032,10.678648970084032,0.0191149208694696,400,400,400
14_b0,0.0509803525291444,0.0434417968537309,0.0997643768787384,-0.0298596028346219,0.5940378814900422,1.0508800494202486,-0.0363137595010705,0.91933222826927,0.9224725103878699,0.06794036970431225,-0.000472701737,0.013677828,0.025,14,0,fixed_config,100,data/Z_true.pt,0.006564522627741,0.4022402763366699,0.4022402763366699,0.0204781625466807,0.2800883054733276,1610,400,400,400,1.0,4.330507117344951e-05,12.163504600524902,379.0686934033458,5.937717437744141,0.2256330847740173,0.786922812461853,14.717084884643556,12.410786341600952,12.410786341600952,0.018180401995778,400,400,400
14_b1,0.0192628233260957,0.0156575805938337,0.0454938411712646,0.0090594466461334,0.9621135194598114,1.2033454708704838,-0.0164592539401691,0.9810709459675799,0.99120617809658,0.060274413261972755,-0.00117712026,0.011387784,0.0325,14,1,fixed_config,100,data/Z_true.pt,0.0034267182927578,0.3682639598846435,0.3682639598846435,0.0204781625466807,0.2800883054733276,1610,400,400,400,1.0,4.330507117344951e-05,12.163504600524902,379.0686934033458,5.937717437744141,0.2256330847740173,0.786922812461853,14.717084884643556,12.410786341600952,12.410786341600952,0.018180401995778,400,400,400
14_b2,0.0275992234934389,0.0227107374707702,0.0605039745569229,0.0152244338521268,0.9359683453168988,1.3043780480663962,-0.0246186810207425,1.0304127474455,1.0424810048899,0.06308783829967265,-0.00107059954,0.0114742778,0.03,14,2,fixed_config,100,data/Z_true.pt,0.0037366668693721,0.3719846606254577,0.3719846606254577,0.0204781625466807,0.2800883054733276,1610,400,400,400,1.0,4.330507117344951e-05,12.163504600524902,379.0686934033458,5.937717437744141,0.2256330847740173,0.786922812461853,14.717084884643556,12.410786341600952,12.410786341600952,0.018180401995778,400,400,400
14_b3,0.0193896175545575,0.015939486817806,0.043194368481636,0.0075153059751028,0.9480525668250496,1.1960592146951257,-0.0178558102968905,1.0077155137419997,1.016488276,0.06433580415141521,-0.000848127995,0.0116247376,0.0275,14,3,fixed_config,100,data/Z_true.pt,0.0034279380924999,0.368165522813797,0.368165522813797,0.0204781625466807,0.2800883054733276,1610,400,400,400,1.0,4.330507117344951e-05,12.163504600524902,379.0686934033458,5.937717437744141,0.2256330847740173,0.786922812461853,14.717084884643556,12.410786341600952,12.410786341600952,0.018180401995778,400,400,400
14_b4,0.0553189482601327,0.048064260125684,0.1023235246539115,-0.0214631119850673,0.5588317430260481,1.4770766137878828,-0.082355253773781,1.0096660341838,1.0096660341838,0.06804273582911236,6.85619889e-05,0.0141274612,0.0,14,4,support_safe_target_policy_draw,100,data/Z_true.pt,0.0104477796703577,0.4215086102485657,0.4215086102485657,0.0204781625466807,0.2800883054733276,1610,400,400,400,1.0,4.330507117344951e-05,12.163504600524902,379.0686934033458,5.937717437744141,0.2256330847740173,0.786922812461853,14.717084884643556,12.410786341600952,12.410786341600952,0.018180401995778,400,400,400
14_b5,0.0241240755503272,0.0200263349362649,0.0529331564903259,0.0144032818940468,0.962220762060912,1.2697274127513012,-0.0199558524585974,1.011615447086,1.017102972218,0.06035077435621299,-0.0010779259,0.0102558937,0.0125,14,5,support_safe_target_policy_draw,100,data/Z_true.pt,0.0075862910598516,0.3696353733539581,0.3696353733539581,0.0204781625466807,0.2800883054733276,1610,400,400,400,1.0,4.330507117344951e-05,12.163504600524902,379.0686934033458,5.937717437744141,0.2256330847740173,0.786922812461853,14.717084884643556,12.410786341600952,12.410786341600952,0.018180401995778,400,400,400
14_b6,0.0267382895832082,0.0222397029341664,0.0624526888132095,0.0098891812062356,0.8978403405396491,1.240105565343828,-0.0200572486994095,1.062245475405,1.062885066771,0.06557343917519341,-0.000319795683,0.0113396561,0.0025,14,6,support_safe_target_policy_draw,100,data/Z_true.pt,0.0042077084071934,0.3756436705589294,0.3756436705589294,0.0204781625466807,0.2800883054733276,1610,400,400,400,1.0,4.330507117344951e-05,12.163504600524902,379.0686934033458,5.937717437744141,0.2256330847740173,0.786922812461853,14.717084884643556,12.410786341600952,12.410786341600952,0.018180401995778,400,400,400
14_b7,0.0233739231577223,0.0194378718489315,0.0502731129527092,0.0034472177142743,0.8884883760769826,1.131858706408554,-0.0136370198868273,1.03320021194185,1.03731450170725,0.07165010617200636,-0.000440463307,0.0156132774,0.0225,14,7,support_safe_target_policy_draw,100,data/Z_true.pt,0.0059246532618999,0.3730742931365967,0.3730742931365967,0.0204781625466807,0.2800883054733276,1610,400,400,400,1.0,4.330507117344951e-05,12.163504600524902,379.0686934033458,5.937717437744141,0.2256330847740173,0.786922812461853,14.717084884643556,12.410786341600952,12.410786341600952,0.018180401995778,400,400,400
14_b8,0.0192965787581066,0.0154506685049273,0.0439092814922332,0.0133809917955659,0.9821875946828592,1.21265258689445,-0.0139354609023991,1.0015159981727,1.0301973240127,0.06633333153498433,-0.00157083152,0.0139618367,0.0575,14,8,support_safe_target_policy_draw,100,data/Z_true.pt,0.0057989335618913,0.3667961061000824,0.3667961061000824,0.0204781625466807,0.2800883054733276,1610,400,400,400,1.0,4.330507117344951e-05,12.163504600524902,379.0686934033458,5.937717437744141,0.2256330847740173,0.786922812461853,14.717084884643556,12.410786341600952,12.410786341600952,0.018180401995778,400,400,400
14_b9,0.0264796607970163,0.0220238165801856,0.0607619732618331,0.0101691097335424,0.9149253873979146,1.2478162401438304,-0.021675672672905,1.0334508586037,1.0425585955911,0.06635702879258079,-0.000708612613,0.0145225395,0.03,14,9,support_safe_target_policy_draw,100,data/Z_true.pt,0.0051326658576726,0.3728170096874237,0.3728170096874237,0.0204781625466807,0.2800883054733276,1610,400,400,400,1.0,4.330507117344951e-05,12.163504600524902,379.0686934033458,5.937717437744141,0.2256330847740173,0.786922812461853,14.717084884643556,12.410786341600952,12.410786341600952,0.018180401995778,400,400,400
15_b0,0.0436203440607832,0.0364454549533547,0.0870936959981918,-0.030312347447616,0.7384719110328414,0.8737368845187518,-0.014295815667567,0.8877685525913099,0.9041664618579099,0.07046665362067718,-0.000722217374,0.0164303444,0.09,15,0,fixed_config,100,data/Z_true.pt,0.0063727577216923,0.3877347111701965,0.3877347111701965,0.0091386551503092,0.0501594915986061,1610,400,400,400,1.0,3.8499794907664864e-05,15.567683219909668,380.7557990277999,5.942158222198486,0.2005960792303085,0.791469931602478,14.937028884887695,10.64309497709783,10.64309497709783,0.018847532570362,400,400,400
15_b1,0.0126640709414367,0.0102226854988839,0.0299879312515258,0.0066591323877219,0.987750037351167,1.1549414416559045,-0.0127851377064245,0.96561673509106,0.97667782193454,0.058270319560256495,-0.000968902954,0.0131180529,0.03,15,1,fixed_config,100,data/Z_true.pt,0.0030965167097747,0.3646099269390106,0.3646099269390106,0.0091386551503092,0.0501594915986061,1610,400,400,400,1.0,3.8499794907664864e-05,15.567683219909668,380.7557990277999,5.942158222198486,0.2005960792303085,0.791469931602478,14.937028884887695,10.64309497709783,10.64309497709783,0.018847532570362,400,400,400
15_b2,0.0155374454642714,0.0129489905387163,0.0325067341327667,0.0107004514243453,0.9890796134298516,1.1830074104941073,-0.0132552356734065,0.9927566608888999,1.0060431083837,0.06117277630756388,-0.00117958954,0.0146990092,0.0275,15,2,fixed_config,100,data/Z_true.pt,0.002549578435719,0.3637434840202331,0.3637434840202331,0.0091386551503092,0.0501594915986061,1610,400,400,400,1.0,3.8499794907664864e-05,15.567683219909668,380.7557990277999,5.942158222198486,0.2005960792303085,0.791469931602478,14.937028884887695,10.64309497709783,10.64309497709783,0.018847532570362,400,400,400
15_b3,0.015883577710681,0.0127778707075049,0.0352750420570373,0.0081409669618005,0.9759202749174248,1.1907639957376075,-0.016544919513339,0.9829670725967,0.9926798003246999,0.05942553711614761,-0.00104974536,0.0136772562,0.0175,15,3,fixed_config,100,data/Z_true.pt,0.0027685693930834,0.3657858371734619,0.3657858371734619,0.0091386551503092,0.0501594915986061,1610,400,400,400,1.0,3.8499794907664864e-05,15.567683219909668,380.7557990277999,5.942158222198486,0.2005960792303085,0.791469931602478,14.937028884887695,10.64309497709783,10.64309497709783,0.018847532570362,400,400,400
15_b4,0.0516863515445422,0.0446610292780678,0.1100417226552963,-0.0079102596302982,0.6123520266712636,1.611940240876805,-0.0860158528134039,1.0693587158421,1.0697517367632998,0.06600984531581264,-0.000154902344,0.0133616254,0.005,15,4,support_safe_target_policy_draw,100,data/Z_true.pt,0.0125681804493069,0.4196893870830536,0.4196893870830536,0.0091386551503092,0.0501594915986061,1610,400,400,400,1.0,3.8499794907664864e-05,15.567683219909668,380.7557990277999,5.942158222198486,0.2005960792303085,0.791469931602478,14.937028884887695,10.64309497709783,10.64309497709783,0.018847532570362,400,400,400
15_b5,0.0106758604728679,0.00859422004316,0.024437740445137,0.005957855139859,0.994278287682338,1.145228267718066,-0.012541998143232,0.9537389635537001,0.9627299691425,0.05767090945819441,-0.00118395034,0.0128695313,0.0175,15,5,support_safe_target_policy_draw,100,data/Z_true.pt,0.004338233731687,0.3634986281394958,0.3634986281394958,0.0091386551503092,0.0501594915986061,1610,400,400,400,1.0,3.8499794907664864e-05,15.567683219909668,380.7557990277999,5.942158222198486,0.2005960792303085,0.791469931602478,14.937028884887695,10.64309497709783,10.64309497709783,0.018847532570362,400,400,400
15_b6,0.0109067720576341,0.009258499755524,0.0218477994203567,-0.0013876596605405,0.9726618520098944,1.0146845179158397,-0.0032191411001113,0.9861940383371001,0.9866261742243001,0.06195051059338527,-0.00012136763,0.013633796,0.005,15,6,support_safe_target_policy_draw,100,data/Z_true.pt,0.001574664376676,0.3646076917648315,0.3646076917648315,0.0091386551503092,0.0501594915986061,1610,400,400,400,1.0,3.8499794907664864e-05,15.567683219909668,380.7557990277999,5.942158222198486,0.2005960792303085,0.791469931602478,14.937028884887695,10.64309497709783,10.64309497709783,0.018847532570362,400,400,400
15_b7,0.0097387930950784,0.0081250435858964,0.0202446281909942,-0.0024918738845735,0.977991183077216,0.975183670049228,0.0007234471876102,1.00048151134211,1.0226979284637099,0.07452950535040041,-0.00176215521,0.0153733194,0.055,15,7,support_safe_target_policy_draw,100,data/Z_true.pt,0.0058986512012779,0.3640271425247192,0.3640271425247192,0.0091386551503092,0.0501594915986061,1610,400,400,400,1.0,3.8499794907664864e-05,15.567683219909668,380.7557990277999,5.942158222198486,0.2005960792303085,0.791469931602478,14.937028884887695,10.64309497709783,10.64309497709783,0.018847532570362,400,400,400
15_b8,0.0154696603548695,0.0124458555900491,0.036894679069519,0.0085070074372924,0.9809190867627314,1.1767424035578344,-0.0141965748563412,0.9815640863759,1.0151990140929001,0.062473170140025715,-0.00174363214,0.0131845623,0.0725,15,8,support_safe_target_policy_draw,100,data/Z_true.pt,0.0066021620295941,0.3660643696784973,0.3660643696784973,0.0091386551503092,0.0501594915986061,1610,400,400,400,1.0,3.8499794907664864e-05,15.567683219909668,380.7557990277999,5.942158222198486,0.2005960792303085,0.791469931602478,14.937028884887695,10.64309497709783,10.64309497709783,0.018847532570362,400,400,400
15_b9,0.0093292453978804,0.0080510309443343,0.018486276268959,0.0035426960967015,0.9874362502512402,1.0738313241035045,-0.0059447468952969,0.990564074466977,1.004599470156377,0.06745580182636374,-0.00149652548,0.0152483936,0.0325,15,9,support_safe_target_policy_draw,100,data/Z_true.pt,0.0032937878277152,0.3616088032722473,0.3616088032722473,0.0091386551503092,0.0501594915986061,1610,400,400,400,1.0,3.8499794907664864e-05,15.567683219909668,380.7557990277999,5.942158222198486,0.2005960792303085,0.791469931602478,14.937028884887695,10.64309497709783,10.64309497709783,0.018847532570362,400,400,400
16_b0,0.0511061223466866,0.0432664029774605,0.0997227281332016,-0.0338004701872705,0.6254911355644261,0.9362766867769348,-0.0257171398538065,0.88564087432552,0.89358010358108,0.0661588530349926,-0.000708364882,0.0136328023,0.055,16,0,fixed_config,100,data/Z_true.pt,0.0065542692318558,0.3970286548137665,0.3970286548137665,0.0092175022584797,0.0164417922496795,1608,400,400,400,1.0,4.132300696824132e-05,13.40346908569336,379.0999651418402,5.93779993057251,0.2155736982822418,0.7892314791679382,14.782214164733888,11.785097949447248,11.785097949447248,0.0182920582592487,400,400,400
16_b1,0.0147517953964604,0.0115061749727465,0.0366242974996566,0.0084024411882273,0.990615956041364,1.2089249615296094,-0.0178164537566944,0.9314272709308999,0.9366048824109,0.051407029782147444,-0.00141850556,0.00885098986,0.0075,16,1,fixed_config,100,data/Z_true.pt,0.0057196617126464,0.3658469021320343,0.3658469021320343,0.0092175022584797,0.0164417922496795,1608,400,400,400,1.0,4.132300696824132e-05,13.40346908569336,379.0999651418402,5.93779993057251,0.2155736982822418,0.7892314791679382,14.782214164733888,11.785097949447248,11.785097949447248,0.0182920582592487,400,400,400
16_b2,0.0204672753272571,0.0172163383755832,0.043402761220932,0.0130812867451459,0.9769848571571274,1.2453029975384546,-0.0190288985053089,0.9838017082956001,0.9899023708236,0.056610129835463895,-0.00129352883,0.0110003129,0.0125,16,2,fixed_config,100,data/Z_true.pt,0.005730059929192,0.3666041493415832,0.3666041493415832,0.0092175022584797,0.0164417922496795,1608,400,400,400,1.0,4.132300696824132e-05,13.40346908569336,379.0999651418402,5.93779993057251,0.2155736982822418,0.7892314791679382,14.782214164733888,11.785097949447248,11.785097949447248,0.0182920582592487,400,400,400
16_b3,0.0192206315336982,0.0153743601543828,0.0428559184074401,0.0103205204149708,0.9757231470173432,1.268480781269739,-0.0244223358643546,0.9387733129389,0.9457798637291,0.05318298372774402,-0.0018297981,0.0102687236,0.0225,16,3,fixed_config,100,data/Z_true.pt,0.0070077432319521,0.3679262399673462,0.3679262399673462,0.0092175022584797,0.0164417922496795,1608,400,400,400,1.0,4.132300696824132e-05,13.40346908569336,379.0999651418402,5.93779993057251,0.2155736982822418,0.7892314791679382,14.782214164733888,11.785097949447248,11.785097949447248,0.0182920582592487,400,400,400
16_b4,0.0489921090051316,0.0425568461205693,0.0951921492815017,-0.02334743434767,0.6303782687220865,1.1747784503065233,-0.0456554533745854,1.019122676333,1.0216840660331998,0.07779085503795904,-0.000499235932,0.0179258268,0.0175,16,4,support_safe_target_policy_draw,100,data/Z_true.pt,0.0100061222910881,0.4060555100440979,0.4060555100440979,0.0092175022584797,0.0164417922496795,1608,400,400,400,1.0,4.132300696824132e-05,13.40346908569336,379.0999651418402,5.93779993057251,0.2155736982822418,0.7892314791679382,14.782214164733888,11.785097949447248,11.785097949447248,0.0182920582592487,400,400,400
16_b5,0.0098933222681476,0.0084171525691635,0.020797774195671,0.0039870791579596,0.9893845217176692,1.1103088057654795,-0.0100645703904326,0.9721319730609,0.9726441851109,0.0587105341209188,-0.000256106025,0.010856119,0.0025,16,5,support_safe_target_policy_draw,100,data/Z_true.pt,0.0044587939046323,0.3632374703884125,0.3632374703884125,0.0092175022584797,0.0164417922496795,1608,400,400,400,1.0,4.132300696824132e-05,13.40346908569336,379.0999651418402,5.93779993057251,0.2155736982822418,0.7892314791679382,14.782214164733888,11.785097949447248,11.785097949447248,0.0182920582592487,400,400,400
16_b6,0.0188075334978784,0.0157796796737238,0.0405506342649459,0.0081160111306235,0.9505870962107734,1.1603207722997817,-0.0118795052715861,1.040648348677,1.040648348677,0.059853863258202564,0.000665139291,0.0100122821,0.0,16,6,support_safe_target_policy_draw,100,data/Z_true.pt,0.00356171047315,0.3685021698474884,0.3685021698474884,0.0092175022584797,0.0164417922496795,1608,400,400,400,1.0,4.132300696824132e-05,13.40346908569336,379.0999651418402,5.93779993057251,0.2155736982822418,0.7892314791679382,14.782214164733888,11.785097949447248,11.785097949447248,0.0182920582592487,400,400,400
16_b7,0.0186344129333366,0.0157437662943266,0.0389830619096756,0.0024400457995943,0.9276655441220524,1.1034222172396202,-0.010959825780215,1.013735946499,1.013735946499,0.06235286634778214,0.000271662138,0.0117786424,0.0,16,7,support_safe_target_policy_draw,100,data/Z_true.pt,0.0043740216642618,0.3692755103111267,0.3692755103111267,0.0092175022584797,0.0164417922496795,1608,400,400,400,1.0,4.132300696824132e-05,13.40346908569336,379.0999651418402,5.93779993057251,0.2155736982822418,0.7892314791679382,14.782214164733888,11.785097949447248,11.785097949447248,0.0182920582592487,400,400,400
16_b8,0.0174635508029944,0.0140665740706026,0.04025399684906,0.0109481692779809,0.9879466611397388,1.233746447821742,-0.0190779116575368,0.947141136491,0.962752074915,0.054687032116467166,-0.00190853572,0.0092569273,0.03,16,8,support_safe_target_policy_draw,100,data/Z_true.pt,0.0077980039641261,0.3668467402458191,0.3668467402458191,0.0092175022584797,0.0164417922496795,1608,400,400,400,1.0,4.132300696824132e-05,13.40346908569336,379.0999651418402,5.93779993057251,0.2155736982822418,0.7892314791679382,14.782214164733888,11.785097949447248,11.785097949447248,0.0182920582592487,400,400,400
16_b9,0.0198962950708214,0.0165942038816865,0.0430085808038711,0.0081012036616448,0.9517844080868764,1.18249352784524,-0.0153495059506215,1.004287618947,1.004287618947,0.05913732444750487,0.000109563116,0.00941954739,0.0,16,9,support_safe_target_policy_draw,100,data/Z_true.pt,0.0045983707532286,0.3671334981918335,0.3671334981918335,0.0092175022584797,0.0164417922496795,1608,400,400,400,1.0,4.132300696824132e-05,13.40346908569336,379.0999651418402,5.93779993057251,0.2155736982822418,0.7892314791679382,14.782214164733888,11.785097949447248,11.785097949447248,0.0182920582592487,400,400,400
17_b0,0.0451500051715735,0.0388460759067675,0.0882345214486122,-0.0210431170271476,0.6401615246344949,1.1251653369745207,-0.0369203951203741,0.99057314653227,0.99978956281013,0.07644628791069871,-0.000640504877,0.0142722372,0.055,17,0,fixed_config,100,data/Z_true.pt,0.0066494881175458,0.398068904876709,0.398068904876709,0.0393328738752816,0.8149070143699646,1610,400,400,400,1.0,3.776502339292165e-05,16.059545516967773,380.828429359419,5.942348957061768,0.1967676877975464,0.7885339856147766,14.892876625061035,10.48053519966411,10.48053519966411,0.0187745839357376,400,400,400
17_b1,0.0213467829040862,0.0171158692444441,0.0505403727293014,0.0109448810276808,0.9633061988883804,1.2516548086717103,-0.0206363668167175,0.9736919929536001,0.9880181146162,0.058761315518150004,-0.00155440206,0.0110978764,0.03,17,1,fixed_config,100,data/Z_true.pt,0.0048020910471677,0.3698831796646118,0.3698831796646118,0.0393328738752816,0.8149070143699646,1610,400,400,400,1.0,3.776502339292165e-05,16.059545516967773,380.828429359419,5.942348957061768,0.1967676877975464,0.7885339856147766,14.892876625061035,10.48053519966411,10.48053519966411,0.0187745839357376,400,400,400
17_b2,0.0291561213413085,0.0233953405043575,0.0635405927896499,0.0174483275820966,0.9497610998425003,1.3620096800729105,-0.0299387732941443,1.0067269564151,1.0297697223123001,0.061347696396719414,-0.00278710038,0.0112404013,0.0425,17,2,fixed_config,100,data/Z_true.pt,0.0063940519466996,0.3724668025970459,0.3724668025970459,0.0393328738752816,0.8149070143699646,1610,400,400,400,1.0,3.776502339292165e-05,16.059545516967773,380.828429359419,5.942348957061768,0.1967676877975464,0.7885339856147766,14.892876625061035,10.48053519966411,10.48053519966411,0.0187745839357376,400,400,400
17_b3,0.0229225162856715,0.018659342926112,0.0520785003900527,0.0086885971034644,0.937911924827364,1.275006465111501,-0.0268987177429377,0.9784492154266,0.9853196947506,0.05843003139899496,-0.00159146404,0.0110215824,0.0175,17,3,fixed_config,100,data/Z_true.pt,0.0044435202144086,0.3710390031337738,0.3710390031337738,0.0393328738752816,0.8149070143699646,1610,400,400,400,1.0,3.776502339292165e-05,16.059545516967773,380.828429359419,5.942348957061768,0.1967676877975464,0.7885339856147766,14.892876625061035,10.48053519966411,10.48053519966411,0.0187745839357376,400,400,400
17_b4,0.0538000403445186,0.0469806719664484,0.0983279235661029,-0.0185094881709665,0.5592216949713872,1.446687341078114,-0.0755228653142978,1.073020674192,1.073020674192,0.07344424286502242,0.000121914316,0.0146085266,0.0,17,4,support_safe_target_policy_draw,100,data/Z_true.pt,0.018356867134571,0.4236796498298645,0.4236796498298645,0.0393328738752816,0.8149070143699646,1610,400,400,400,1.0,3.776502339292165e-05,16.059545516967773,380.828429359419,5.942348957061768,0.1967676877975464,0.7885339856147766,14.892876625061035,10.48053519966411,10.48053519966411,0.0187745839357376,400,400,400
17_b5,0.0203370802285992,0.0165385802707169,0.0460629761219024,0.0132971173559781,0.9775894622076466,1.224000283022034,-0.0152370821934048,1.0212148925050002,1.029017075313,0.06398778450381884,-0.00120496517,0.0134855751,0.015,17,5,support_safe_target_policy_draw,100,data/Z_true.pt,0.0056111305020749,0.3670807778835296,0.3670807778835296,0.0393328738752816,0.8149070143699646,1610,400,400,400,1.0,3.776502339292165e-05,16.059545516967773,380.828429359419,5.942348957061768,0.1967676877975464,0.7885339856147766,14.892876625061035,10.48053519966411,10.48053519966411,0.0187745839357376,400,400,400
17_b6,0.0218271805515832,0.0181508400058373,0.048926368355751,0.0086109527433291,0.9326875556863188,1.1941850478209075,-0.0156081815152457,1.0401597002387,1.0415110780499,0.06565621394811517,-0.00036236638,0.0108246636,0.01,17,6,support_safe_target_policy_draw,100,data/Z_true.pt,0.003097795182839,0.3706834316253662,0.3706834316253662,0.0393328738752816,0.8149070143699646,1610,400,400,400,1.0,3.776502339292165e-05,16.059545516967773,380.828429359419,5.942348957061768,0.1967676877975464,0.7885339856147766,14.892876625061035,10.48053519966411,10.48053519966411,0.0187745839357376,400,400,400
17_b7,0.0220749591295386,0.0180514597846195,0.0476345270872116,0.012258407860063,0.9426574798206252,1.18687876165328,-0.0119544883046544,1.05950275653469,1.07756968916663,0.07493584222698102,-0.00138899917,0.0138799176,0.055,17,7,support_safe_target_policy_draw,100,data/Z_true.pt,0.0058526284992694,0.3692195415496826,0.3692195415496826,0.0393328738752816,0.8149070143699646,1610,400,400,400,1.0,3.776502339292165e-05,16.059545516967773,380.828429359419,5.942348957061768,0.1967676877975464,0.7885339856147766,14.892876625061035,10.48053519966411,10.48053519966411,0.0187745839357376,400,400,400
17_b8,0.0182659135167341,0.0150042465270962,0.0430604815483093,0.0100578896526712,0.9695203623834088,1.1854867572984835,-0.0137689553711227,0.9852664779903,0.9992775544099,0.06354388258745666,-0.00135587645,0.0129006105,0.0325,17,8,support_safe_target_policy_draw,100,data/Z_true.pt,0.0054267416708171,0.3675336241722107,0.3675336241722107,0.0393328738752816,0.8149070143699646,1610,400,400,400,1.0,3.776502339292165e-05,16.059545516967773,380.828429359419,5.942348957061768,0.1967676877975464,0.7885339856147766,14.892876625061035,10.48053519966411,10.48053519966411,0.0187745839357376,400,400,400
17_b9,0.0310203689817489,0.0252119366498664,0.0683619827032089,0.0205916711362078,0.9544883546147138,1.3522103995892856,-0.0246679273860641,1.0508056019602,1.0886602494778002,0.06826935679310432,-0.00287332782,0.0110882856,0.0675,17,9,support_safe_target_policy_draw,100,data/Z_true.pt,0.0072691277600824,0.3724835216999054,0.3724835216999054,0.0393328738752816,0.8149070143699646,1610,400,400,400,1.0,3.776502339292165e-05,16.059545516967773,380.828429359419,5.942348957061768,0.1967676877975464,0.7885339856147766,14.892876625061035,10.48053519966411,10.48053519966411,0.0187745839357376,400,400,400
18_b0,0.0483132419678454,0.0408560111594852,0.094519630074501,-0.0326017569599207,0.6620176184257174,0.8676674250707959,-0.0158153115771115,0.8872883147635,0.8880055189439,0.06413183705394558,-0.000236968568,0.0127853695,0.01,18,0,fixed_config,100,data/Z_true.pt,0.0056494423188269,0.3933379054069519,0.3933379054069519,0.0211673460690287,0.3639240860939026,1608,400,400,400,1.0,4.503320413107304e-05,11.407455444335938,379.064174579317,5.9377055168151855,0.2349290400743484,0.793471097946167,14.821717262268066,12.485810949402827,12.485810949402827,0.0188156813383102,400,400,400
18_b1,0.0134240558657135,0.0107021257287124,0.0329437255859375,0.006651837247773,0.982316666660531,1.1445347588067205,-0.0114864533102268,0.981779633821,0.982332743039,0.057371478939783664,-0.000276554609,0.00980589911,0.0025,18,1,fixed_config,100,data/Z_true.pt,0.0026558032259345,0.364908754825592,0.364908754825592,0.0211673460690287,0.3639240860939026,1608,400,400,400,1.0,4.503320413107304e-05,11.407455444335938,379.064174579317,5.9377055168151855,0.2349290400743484,0.793471097946167,14.821717262268066,12.485810949402827,12.485810949402827,0.0188156813383102,400,400,400
18_b2,0.0163511791306782,0.0130977462523151,0.0353395789861679,0.0103483984794002,0.9821163593174924,1.181642417133661,-0.0134286108601938,1.0068134311309,1.0087728765513,0.06060356512020158,-0.000284353271,0.0118967332,0.0175,18,2,fixed_config,100,data/Z_true.pt,0.0028026457875967,0.364244133234024,0.364244133234024,0.0211673460690287,0.3639240860939026,1608,400,400,400,1.0,4.503320413107304e-05,11.407455444335938,379.064174579317,5.9377055168151855,0.2349290400743484,0.793471097946167,14.821717262268066,12.485810949402827,12.485810949402827,0.0188156813383102,400,400,400
18_b3,0.0171591428097445,0.0135268458360224,0.0406508892774581,0.0080548860356793,0.9661993954363168,1.1890061816874928,-0.0164035298524778,1.0025467893311,1.0031679279369001,0.058998713844734735,-0.000231746584,0.0108910911,0.005,18,3,fixed_config,100,data/Z_true.pt,0.0037643688265234,0.3666445910930633,0.3666445910930633,0.0211673460690287,0.3639240860939026,1608,400,400,400,1.0,4.503320413107304e-05,11.407455444335938,379.064174579317,5.9377055168151855,0.2349290400743484,0.793471097946167,14.821717262268066,12.485810949402827,12.485810949402827,0.0188156813383102,400,400,400
18_b4,0.0487013521384865,0.0421729868202237,0.0928063541650772,-0.0276304084731964,0.6567517127537456,1.0695872253885623,-0.0365122422763673,0.9163522938709999,0.9163522938709999,0.06359519251410486,0.000150012784,0.0139919706,0.0,18,4,support_safe_target_policy_draw,100,data/Z_true.pt,0.0076466314494609,0.4019201397895813,0.4019201397895813,0.0211673460690287,0.3639240860939026,1608,400,400,400,1.0,4.503320413107304e-05,11.407455444335938,379.064174579317,5.9377055168151855,0.2349290400743484,0.793471097946167,14.821717262268066,12.485810949402827,12.485810949402827,0.0188156813383102,400,400,400
18_b5,0.0082227530608239,0.00659241941059,0.0212294459342956,0.0040013636625371,0.9935739148297958,1.091656114937201,-0.0076742192351951,0.97758569703669,0.98141463562049,0.06193760852498083,-0.000630179886,0.0131894462,0.0175,18,5,support_safe_target_policy_draw,100,data/Z_true.pt,0.0036858883686363,0.3628155589103699,0.3628155589103699,0.0211673460690287,0.3639240860939026,1608,400,400,400,1.0,4.503320413107304e-05,11.407455444335938,379.064174579317,5.9377055168151855,0.2349290400743484,0.793471097946167,14.821717262268066,12.485810949402827,12.485810949402827,0.0188156813383102,400,400,400
18_b6,0.0123297002069505,0.0102982715854886,0.0274456292390823,-0.0038026585674379,0.9677202896485356,1.0117759417773142,-0.0052713767727086,0.9675323473249999,0.9675323473249999,0.05964083882474263,0.000244171591,0.0104961582,0.0,18,6,support_safe_target_policy_draw,100,data/Z_true.pt,0.0030080871656537,0.3650789856910705,0.3650789856910705,0.0211673460690287,0.3639240860939026,1608,400,400,400,1.0,4.503320413107304e-05,11.407455444335938,379.064174579317,5.9377055168151855,0.2349290400743484,0.793471097946167,14.821717262268066,12.485810949402827,12.485810949402827,0.0188156813383102,400,400,400
18_b7,0.0130927715263551,0.0109598670573905,0.02797232568264,0.0023222160665318,0.9611221932166282,1.0353959736230995,-0.0022638536741017,1.04135764135872,1.04410225841652,0.07498098514496176,-0.000366393419,0.0171844997,0.02,18,7,support_safe_target_policy_draw,100,data/Z_true.pt,0.0093514136970043,0.3655158877372741,0.3655158877372741,0.0211673460690287,0.3639240860939026,1608,400,400,400,1.0,4.503320413107304e-05,11.407455444335938,379.064174579317,5.9377055168151855,0.2349290400743484,0.793471097946167,14.821717262268066,12.485810949402827,12.485810949402827,0.0188156813383102,400,400,400
18_b8,0.0161796722082152,0.0130550655152183,0.0375529825687408,0.0100936537946108,0.9816977388906746,1.1730238426781303,-0.0121322578820867,0.9990241314051,1.0106797215571,0.061075461719837784,-0.00115394499,0.0121225845,0.0225,18,8,support_safe_target_policy_draw,100,data/Z_true.pt,0.0073151290416717,0.3658280968666076,0.3658280968666076,0.0211673460690287,0.3639240860939026,1608,400,400,400,1.0,4.503320413107304e-05,11.407455444335938,379.064174579317,5.9377055168151855,0.2349290400743484,0.793471097946167,14.821717262268066,12.485810949402827,12.485810949402827,0.0188156813383102,400,400,400
18_b9,0.0127688526806753,0.0108540974848438,0.0283159613609313,0.0047556928254198,0.9768809227841,1.1023746246953774,-0.0083996098515713,1.0069837820150198,1.0114593241287801,0.06648449260628214,-0.00059923064,0.0127429105,0.025,18,9,support_safe_target_policy_draw,100,data/Z_true.pt,0.0049174344167113,0.3630379438400268,0.3630379438400268,0.0211673460690287,0.3639240860939026,1608,400,400,400,1.0,4.503320413107304e-05,11.407455444335938,379.064174579317,5.9377055168151855,0.2349290400743484,0.793471097946167,14.821717262268066,12.485810949402827,12.485810949402827,0.0188156813383102,400,400,400
19_b0,0.0788044561921881,0.0727083328019944,0.1247776895761489,-0.0726457729123649,0.7980336421897627,0.4238077837494954,0.0004444633598711,0.5322277983142,0.8285549956028,0.0648321731566917,-0.00183007156,0.0135115869,0.475,19,0,fixed_config,100,data/Z_true.pt,0.0128244506195187,0.4146526455879211,0.4146526455879211,0.014015469129665,0.4224188327789306,1610,400,400,400,1.0,3.749805136621376e-05,16.62934684753418,381.65866894189406,5.944526672363281,0.1953766793012619,0.7967284321784973,15.091400146484377,10.215987195252724,10.215987195252724,0.0191246010363101,400,400,400
19_b1,0.1567343467170435,0.1452413348791742,0.252023734152317,-0.1452413348791742,-0.8693496631291424,-0.2395224422213684,0.0103116850019337,-0.076507062159131,0.473147832971069,0.03247393926648475,-0.00423724856,0.00776486844,0.6325,19,1,fixed_config,100,data/Z_true.pt,0.0144251137971878,0.5368732810020447,0.5368732810020447,0.014015469129665,0.4224188327789306,1610,400,400,400,1.0,3.749805136621376e-05,16.62934684753418,381.65866894189406,5.944526672363281,0.1953766793012619,0.7967284321784973,15.091400146484377,10.215987195252724,10.215987195252724,0.0191246010363101,400,400,400
19_b2,0.1480375198803592,0.1386054795762902,0.2319162655621767,-0.1386054795762902,-0.4966064984411141,-0.1053326361251581,0.0060826655565,-0.0026272904135000007,0.42478335838916004,0.030529494915372598,-0.00398530439,0.00646448415,0.5975,19,2,fixed_config,100,data/Z_true.pt,0.0135389938950538,0.5080940127372742,0.5080940127372742,0.014015469129665,0.4224188327789306,1610,400,400,400,1.0,3.749805136621376e-05,16.62934684753418,381.65866894189406,5.944526672363281,0.1953766793012619,0.7967284321784973,15.091400146484377,10.215987195252724,10.215987195252724,0.0191246010363101,400,400,400
19_b3,0.1432070010210434,0.1344681395212319,0.2210698518902063,-0.1344681395212319,-0.5527407501125352,-0.0871308100366941,0.0062124310257694,0.008492262892129995,0.39118406592473,0.027459785801299187,-0.00352167292,0.00567235006,0.59,19,3,fixed_config,100,data/Z_true.pt,0.0091908387839794,0.5012263059616089,0.5012263059616089,0.014015469129665,0.4224188327789306,1610,400,400,400,1.0,3.749805136621376e-05,16.62934684753418,381.65866894189406,5.944526672363281,0.1953766793012619,0.7967284321784973,15.091400146484377,10.215987195252724,10.215987195252724,0.0191246010363101,400,400,400
19_b4,0.0741507758073062,0.0671164886688348,0.1252874061465263,-0.0671164886688348,0.7557648676106596,0.5506333918907766,-0.0097611406486398,0.48896282152926,0.57483088473794,0.04553874001442384,-0.00134888547,0.0104905423,0.27,19,4,support_safe_target_policy_draw,100,data/Z_true.pt,0.0076112831011414,0.4064091145992279,0.4064091145992279,0.014015469129665,0.4224188327789306,1610,400,400,400,1.0,3.749805136621376e-05,16.62934684753418,381.65866894189406,5.944526672363281,0.1953766793012619,0.7967284321784973,15.091400146484377,10.215987195252724,10.215987195252724,0.0191246010363101,400,400,400
19_b5,0.1454557740604149,0.1341447212440107,0.2356756068766117,-0.1341447212440107,-0.3942761018928687,-0.1424006489608377,0.0113795952569047,0.020502391252990013,0.51095313709939,0.03837439832123266,-0.00429397356,0.0103428308,0.625,19,5,support_safe_target_policy_draw,100,data/Z_true.pt,0.0144479051232337,0.5095583200454712,0.5095583200454712,0.014015469129665,0.4224188327789306,1610,400,400,400,1.0,3.749805136621376e-05,16.62934684753418,381.65866894189406,5.944526672363281,0.1953766793012619,0.7967284321784973,15.091400146484377,10.215987195252724,10.215987195252724,0.0191246010363101,400,400,400
19_b6,0.11762922013872,0.1084195643774001,0.1985276518389582,-0.1084195643774001,0.1205112986902817,0.023569206131907,0.0133627703402988,0.24349620585667003,0.48975821538971,0.03849427755147226,-0.00203217962,0.00829663873,0.5125,19,6,support_safe_target_policy_draw,100,data/Z_true.pt,0.0029563540592789,0.4630278050899505,0.4630278050899505,0.014015469129665,0.4224188327789306,1610,400,400,400,1.0,3.749805136621376e-05,16.62934684753418,381.65866894189406,5.944526672363281,0.1953766793012619,0.7967284321784973,15.091400146484377,10.215987195252724,10.215987195252724,0.0191246010363101,400,400,400
19_b7,0.126878469419831,0.1165878972763312,0.2187476046383381,-0.1165878972763312,0.008474843339859,0.0054436674327317,0.0122715247220422,0.196665842277,0.6929980050611999,0.0521795653249724,-0.00350183621,0.014567391,0.6025,19,7,support_safe_target_policy_draw,100,data/Z_true.pt,0.0097881695255637,0.4836635887622833,0.4836635887622833,0.014015469129665,0.4224188327789306,1610,400,400,400,1.0,3.749805136621376e-05,16.62934684753418,381.65866894189406,5.944526672363281,0.1953766793012619,0.7967284321784973,15.091400146484377,10.215987195252724,10.215987195252724,0.0191246010363101,400,400,400
19_b8,0.1524351637594725,0.1406037151729106,0.2472714148461818,-0.1406037151729106,-0.2441241820006171,-0.1789627141899781,0.0108408531022925,-0.03206847253933,0.6019138188618299,0.04475620723422194,-0.00401927857,0.0108600929,0.6575,19,8,support_safe_target_policy_draw,100,data/Z_true.pt,0.0166775286197662,0.5262852311134338,0.5262852311134338,0.014015469129665,0.4224188327789306,1610,400,400,400,1.0,3.749805136621376e-05,16.62934684753418,381.65866894189406,5.944526672363281,0.1953766793012619,0.7967284321784973,15.091400146484377,10.215987195252724,10.215987195252724,0.0191246010363101,400,400,400
19_b9,0.1432020375446613,0.1324673924968556,0.2361296396702528,-0.1324673924968556,-0.2033082823996277,-0.0850974807986018,0.0069693657469164,0.037954766828630006,0.55351049010883,0.040552701751498665,-0.00416356092,0.0104082813,0.6,19,9,support_safe_target_policy_draw,100,data/Z_true.pt,0.0128575097769498,0.50726318359375,0.50726318359375,0.014015469129665,0.4224188327789306,1610,400,400,400,1.0,3.749805136621376e-05,16.62934684753418,381.65866894189406,5.944526672363281,0.1953766793012619,0.7967284321784973,15.091400146484377,10.215987195252724,10.215987195252724,0.0191246010363101,400,400,400
1_b0,0.0491801701033095,0.0416622662570443,0.0973081737756729,-0.0310036895077791,0.6436287357653209,1.003985762276454,-0.0315092852070871,0.84462891881984,0.84629669531356,0.0629708119868148,-0.000491581159,0.0134079596,0.015,1,0,fixed_config,100,data/Z_true.pt,0.0064340494573116,0.3951985836029053,0.3951985836029053,0.0086952538373741,0.0157879311591386,1610,400,400,400,1.0,3.812521212509523e-05,15.725468635559082,380.49898038232266,5.941483497619629,0.1986443847417831,0.7877312302589417,14.855581283569336,10.417450802131777,10.417450802131777,0.0190684255212545,400,400,400
1_b1,0.0258215333249057,0.0203280637814896,0.0605695247650146,0.0180905429244739,0.9805179594720131,1.3229018762690918,-0.0224318068676911,0.9979793755371,0.9986377805511,0.05588217076462645,-0.000297314022,0.00844176672,0.005,1,1,fixed_config,100,data/Z_true.pt,0.0064673172309994,0.3710254728794098,0.3710254728794098,0.0086952538373741,0.0157879311591386,1610,400,400,400,1.0,3.812521212509523e-05,15.725468635559082,380.49898038232266,5.941483497619629,0.1986443847417831,0.7877312302589417,14.855581283569336,10.417450802131777,10.417450802131777,0.0190684255212545,400,400,400
1_b2,0.0303356817872431,0.0251472570537589,0.0638739466667175,0.0207179450779221,0.9602802057884186,1.361724948161001,-0.0266318843645007,1.0345675396417,1.0345675396417,0.0601027697423025,7.96685927e-05,0.0101011964,0.0,1,2,fixed_config,100,data/Z_true.pt,0.0051128268241882,0.372088760137558,0.372088760137558,0.0086952538373741,0.0157879311591386,1610,400,400,400,1.0,3.812521212509523e-05,15.725468635559082,380.49898038232266,5.941483497619629,0.1986443847417831,0.7877312302589417,14.855581283569336,10.417450802131777,10.417450802131777,0.0190684255212545,400,400,400
1_b3,0.0271255065411929,0.0213901455761515,0.059680089354515,0.0175410421783453,0.9645784794578032,1.3545694005813782,-0.0283421441979223,1.001175765064,1.001175765064,0.05517965613799862,0.000147185288,0.00846446119,0.0,1,3,fixed_config,100,data/Z_true.pt,0.0073321461677551,0.3716474175453186,0.3716474175453186,0.0086952538373741,0.0157879311591386,1610,400,400,400,1.0,3.812521212509523e-05,15.725468635559082,380.49898038232266,5.941483497619629,0.1986443847417831,0.7877312302589417,14.855581283569336,10.417450802131777,10.417450802131777,0.0190684255212545,400,400,400
1_b4,0.0535121462126137,0.0452292611451412,0.1014757007360458,-0.0391110682069847,0.6741869707498717,0.8565112911004278,-0.0207967460313079,0.86480557084119,0.87508133570019,0.07169111081204554,-0.000637147343,0.0160011146,0.055,1,4,support_safe_target_policy_draw,100,data/Z_true.pt,0.0074136741459369,0.4001626968383789,0.4001626968383789,0.0086952538373741,0.0157879311591386,1610,400,400,400,1.0,3.812521212509523e-05,15.725468635559082,380.49898038232266,5.941483497619629,0.1986443847417831,0.7877312302589417,14.855581283569336,10.417450802131777,10.417450802131777,0.0190684255212545,400,400,400
1_b5,0.0216535625104712,0.0175041241338476,0.0485769361257553,0.0135303576150909,0.9726737430545446,1.2439026504992907,-0.0175390982180768,1.0253670055211,1.0294002928111001,0.06278174043996099,-0.000819078647,0.0115967719,0.0125,1,5,support_safe_target_policy_draw,100,data/Z_true.pt,0.0071505643427371,0.3681567311286926,0.3681567311286926,0.0086952538373741,0.0157879311591386,1610,400,400,400,1.0,3.812521212509523e-05,15.725468635559082,380.49898038232266,5.941483497619629,0.1986443847417831,0.7877312302589417,14.855581283569336,10.417450802131777,10.417450802131777,0.0190684255212545,400,400,400
1_b6,0.0162097333357977,0.0138453339179977,0.0337349027395248,0.0007551407115533,0.9494851911468164,1.117645075763295,-0.0139177803848188,0.964620674702,0.964620674702,0.0582812330760392,0.000434211688,0.0100281462,0.0,1,6,support_safe_target_policy_draw,100,data/Z_true.pt,0.0016445390647277,0.3676252961158752,0.3676252961158752,0.0086952538373741,0.0157879311591386,1610,400,400,400,1.0,3.812521212509523e-05,15.725468635559082,380.49898038232266,5.941483497619629,0.1986443847417831,0.7877312302589417,14.855581283569336,10.417450802131777,10.417450802131777,0.0190684255212545,400,400,400
1_b7,0.0215083224150518,0.01802536574658,0.0449148565530777,0.011507990155369,0.9498834489355348,1.215473207049864,-0.0164097375865166,1.01506839241077,1.0169574242578299,0.06641951663459597,-0.000676917378,0.0131879877,0.015,1,7,support_safe_target_policy_draw,100,data/Z_true.pt,0.0067640589550137,0.3690391778945923,0.3690391778945923,0.0086952538373741,0.0157879311591386,1610,400,400,400,1.0,3.812521212509523e-05,15.725468635559082,380.49898038232266,5.941483497619629,0.1986443847417831,0.7877312302589417,14.855581283569336,10.417450802131777,10.417450802131777,0.0190684255212545,400,400,400
1_b8,0.0255433487206258,0.020440162057057,0.054919421672821,0.0189063894422724,0.9814798582448032,1.29640412960848,-0.0191684325205111,1.0170770914547997,1.0300277242931999,0.06064835098812765,-0.00142838992,0.0111106317,0.035,1,8,support_safe_target_policy_draw,100,data/Z_true.pt,0.0084976777434349,0.3698906302452087,0.3698906302452087,0.0086952538373741,0.0157879311591386,1610,400,400,400,1.0,3.812521212509523e-05,15.725468635559082,380.49898038232266,5.941483497619629,0.1986443847417831,0.7877312302589417,14.855581283569336,10.417450802131777,10.417450802131777,0.0190684255212545,400,400,400
1_b9,0.0310304510328868,0.025269573056139,0.0655429065227508,0.0201752621866762,0.9475660371871056,1.3398608264612106,-0.0234973964770627,1.0517518928626002,1.0555642840634,0.06636778414508095,-0.00102733332,0.0138953086,0.02,1,9,support_safe_target_policy_draw,100,data/Z_true.pt,0.0065824962221086,0.3726372718811035,0.3726372718811035,0.0086952538373741,0.0157879311591386,1610,400,400,400,1.0,3.812521212509523e-05,15.725468635559082,380.49898038232266,5.941483497619629,0.1986443847417831,0.7877312302589417,14.855581283569336,10.417450802131777,10.417450802131777,0.0190684255212545,400,400,400
20_b0,0.0441420418803845,0.0381004845621646,0.0833460539579391,-0.0106267652465612,0.6482243000690965,1.3454557823911093,-0.0544479833131359,1.013349770779,1.013622001723,0.06409568714172688,-0.000136115472,0.0109057985,0.0025,20,0,fixed_config,100,data/Z_true.pt,0.0055738314986228,0.4010149538516998,0.4010149538516998,0.0086008912672644,0.0161396097391843,1610,400,400,400,1.0,4.114872345084564e-05,13.628414154052734,380.00688142600416,5.940189361572266,0.2143978327512741,0.7914856672286987,14.875061988830566,11.46000977502216,11.46000977502216,0.0187083464115858,400,400,400
20_b1,0.0194617349280994,0.0154137711768271,0.0441435873508453,0.0143132108653662,0.993971456536352,1.2512773386188918,-0.0172206666333,0.986429830104,0.986429830104,0.05389924834099366,0.000244241673,0.00686339941,0.0,20,1,fixed_config,100,data/Z_true.pt,0.0048101702705025,0.3664433360099792,0.3664433360099792,0.0086008912672644,0.0161396097391843,1610,400,400,400,1.0,4.114872345084564e-05,13.628414154052734,380.00688142600416,5.940189361572266,0.2143978327512741,0.7914856672286987,14.875061988830566,11.46000977502216,11.46000977502216,0.0187083464115858,400,400,400
20_b2,0.0278495101590449,0.023338823816739,0.0575538426637649,0.020998465088196,0.9802748429746724,1.32688407479797,-0.021790690782355,1.0195002529836001,1.0250647285296002,0.05674595225128201,-0.000774075743,0.00719583035,0.0175,20,2,fixed_config,100,data/Z_true.pt,0.0055761570110917,0.369545578956604,0.369545578956604,0.0086008912672644,0.0161396097391843,1610,400,400,400,1.0,4.114872345084564e-05,13.628414154052734,380.00688142600416,5.940189361572266,0.2143978327512741,0.7914856672286987,14.875061988830566,11.46000977502216,11.46000977502216,0.0187083464115858,400,400,400
20_b3,0.0189917134563275,0.0153238829225301,0.0401369780302047,0.0140541720576584,0.9899681521523368,1.238382488031328,-0.016793803287212,1.0051302214639999,1.0051302214639999,0.05699364552790455,3.8228347e-05,0.00813040417,0.0,20,3,fixed_config,100,data/Z_true.pt,0.0061617996543645,0.3658272624015808,0.3658272624015808,0.0086008912672644,0.0161396097391843,1610,400,400,400,1.0,4.114872345084564e-05,13.628414154052734,380.00688142600416,5.940189361572266,0.2143978327512741,0.7914856672286987,14.875061988830566,11.46000977502216,11.46000977502216,0.0187083464115858,400,400,400
20_b4,0.0472774690763648,0.0396567119957762,0.0912627875804901,-0.0351756812419625,0.7517448062252555,0.8176003846263454,-0.0118949273325335,0.8825377664388101,0.91620597544961,0.07500473881757753,-0.000909261522,0.0201660078,0.15,20,4,support_safe_target_policy_draw,100,data/Z_true.pt,0.0071442681364715,0.3910195827484131,0.3910195827484131,0.0086008912672644,0.0161396097391843,1610,400,400,400,1.0,4.114872345084564e-05,13.628414154052734,380.00688142600416,5.940189361572266,0.2143978327512741,0.7914856672286987,14.875061988830566,11.46000977502216,11.46000977502216,0.0187083464115858,400,400,400
20_b5,0.0204598002194352,0.0163279454759322,0.0434162318706512,0.014466303915251,0.987970849327518,1.2493133959839418,-0.0172923978835335,0.99864344396649,1.00393016699191,0.05667456149390568,-0.00071966718,0.00913592987,0.02,20,5,support_safe_target_policy_draw,100,data/Z_true.pt,0.0050880219787359,0.366507887840271,0.366507887840271,0.0086008912672644,0.0161396097391843,1610,400,400,400,1.0,4.114872345084564e-05,13.628414154052734,380.00688142600416,5.940189361572266,0.2143978327512741,0.7914856672286987,14.875061988830566,11.46000977502216,11.46000977502216,0.0187083464115858,400,400,400
20_b6,0.0175793886827,0.0147761955298483,0.0366830229759216,0.0098305176291614,0.971497679032385,1.1890123408303126,-0.013743466621772,1.010951326697,1.010951326697,0.056489495080035965,0.00027422118,0.0077638221,0.0,20,6,support_safe_target_policy_draw,100,data/Z_true.pt,0.0030615120194852,0.3670611083507538,0.3670611083507538,0.0086008912672644,0.0161396097391843,1610,400,400,400,1.0,4.114872345084564e-05,13.628414154052734,380.00688142600416,5.940189361572266,0.2143978327512741,0.7914856672286987,14.875061988830566,11.46000977502216,11.46000977502216,0.0187083464115858,400,400,400
20_b7,0.015912952273938,0.0133579747367184,0.0327386558055877,0.0087429252907168,0.972423985021058,1.157170439319343,-0.0116208201329755,1.0029204664489,1.0078786937271,0.06284315808690519,-0.000897524878,0.00944480393,0.0225,20,7,support_safe_target_policy_draw,100,data/Z_true.pt,0.0064128078520298,0.366161584854126,0.366161584854126,0.0086008912672644,0.0161396097391843,1610,400,400,400,1.0,4.114872345084564e-05,13.628414154052734,380.00688142600416,5.940189361572266,0.2143978327512741,0.7914856672286987,14.875061988830566,11.46000977502216,11.46000977502216,0.0187083464115858,400,400,400
20_b8,0.0179668169504741,0.0146424601611215,0.0378122776746749,0.0141457682556938,0.9970927784584144,1.2194382578058514,-0.0140423430530703,0.9951361053025001,1.0146625836587,0.0622375683262441,-0.00139242457,0.0114301229,0.05,20,8,support_safe_target_policy_draw,100,data/Z_true.pt,0.0074361241422593,0.3651064932346344,0.3651064932346344,0.0086008912672644,0.0161396097391843,1610,400,400,400,1.0,4.114872345084564e-05,13.628414154052734,380.00688142600416,5.940189361572266,0.2143978327512741,0.7914856672286987,14.875061988830566,11.46000977502216,11.46000977502216,0.0187083464115858,400,400,400
20_b9,0.0245066546695276,0.0198075703310314,0.0527040064334869,0.0167365985398646,0.9714261323454064,1.267051869009859,-0.0175799928785118,1.008879694924,1.0228471955799998,0.05928030991008999,-0.00141584862,0.00870849192,0.035,20,9,support_safe_target_policy_draw,100,data/Z_true.pt,0.0056283874437212,0.3679426908493042,0.3679426908493042,0.0086008912672644,0.0161396097391843,1610,400,400,400,1.0,4.114872345084564e-05,13.628414154052734,380.00688142600416,5.940189361572266,0.2143978327512741,0.7914856672286987,14.875061988830566,11.46000977502216,11.46000977502216,0.0187083464115858,400,400,400
21_b0,0.0446656647189773,0.0376833234279183,0.090242251753807,-0.025957674497622,0.6776800872948565,1.007141589473008,-0.0268635882660137,0.88990147434726,0.8941558549361399,0.06087849617585067,-0.000597089645,0.00995325763,0.03,21,0,fixed_config,100,data/Z_true.pt,0.0064493482932448,0.3913168013095855,0.3913168013095855,0.019029081018923,0.8442886471748352,1610,400,400,400,1.0,3.0842294513888646e-05,23.610597610473636,382.70070217945766,5.947253227233887,0.1606980860233307,0.7808438539505005,14.88947868347168,8.395929468224528,8.395929468224528,0.0191399995237588,400,400,400
21_b1,0.0121740072988727,0.0095254245254909,0.0300521850585937,0.0068535535089904,0.9904018948461836,1.1530296773320543,-0.0123508010307891,0.9689391801379,0.9842144328838999,0.058450963869137305,-0.00186139357,0.00974589586,0.025,21,1,fixed_config,100,data/Z_true.pt,0.0047876434400677,0.3642628788948059,0.3642628788948059,0.019029081018923,0.8442886471748352,1610,400,400,400,1.0,3.0842294513888646e-05,23.610597610473636,382.70070217945766,5.947253227233887,0.1606980860233307,0.7808438539505005,14.88947868347168,8.395929468224528,8.395929468224528,0.0191399995237588,400,400,400
21_b2,0.0129580985980291,0.0110282204428222,0.0265620052814483,0.0048516861966345,0.9762438697355325,1.119227017838717,-0.0107551415554817,0.9817282359119999,0.9925343002584,0.06035292971972346,-0.00222173426,0.0104875825,0.02,21,2,fixed_config,100,data/Z_true.pt,0.0028023114427924,0.3637722432613373,0.3637722432613373,0.019029081018923,0.8442886471748352,1610,400,400,400,1.0,3.0842294513888646e-05,23.610597610473636,382.70070217945766,5.947253227233887,0.1606980860233307,0.7808438539505005,14.88947868347168,8.395929468224528,8.395929468224528,0.0191399995237588,400,400,400
21_b3,0.0095777094943068,0.0079957382933935,0.0211166590452194,0.0019781230675289,0.984040707021833,1.0932902820705048,-0.0100941409019986,0.9692301620153,0.9804432325065,0.06029509174757007,-0.00137469592,0.0116654877,0.02,21,3,fixed_config,100,data/Z_true.pt,0.0040881843306124,0.3635836541652679,0.3635836541652679,0.019029081018923,0.8442886471748352,1610,400,400,400,1.0,3.0842294513888646e-05,23.610597610473636,382.70070217945766,5.947253227233887,0.1606980860233307,0.7808438539505005,14.88947868347168,8.395929468224528,8.395929468224528,0.0191399995237588,400,400,400
21_b4,0.0480188959852071,0.0405463539646007,0.0925063490867614,-0.0343164467508904,0.7216115963764513,0.8395550637831442,-0.013837899861267,0.91179370009287,0.9211977772853699,0.07411253128990736,-0.000446724705,0.0156838112,0.0725,21,4,support_safe_target_policy_draw,100,data/Z_true.pt,0.0070325136184692,0.3936786353588104,0.3936786353588104,0.019029081018923,0.8442886471748352,1610,400,400,400,1.0,3.0842294513888646e-05,23.610597610473636,382.70070217945766,5.947253227233887,0.1606980860233307,0.7808438539505005,14.88947868347168,8.395929468224528,8.395929468224528,0.0191399995237588,400,400,400
21_b5,0.0102163667067873,0.0083296332554891,0.0220921784639358,0.005612462949939,0.9935986714755696,1.1314054594142575,-0.0111265766183097,0.9703373377061999,0.9791001979130001,0.059354506343683174,-0.00139307091,0.0100270845,0.02,21,5,support_safe_target_policy_draw,100,data/Z_true.pt,0.0062206564471125,0.3632261753082275,0.3632261753082275,0.019029081018923,0.8442886471748352,1610,400,400,400,1.0,3.0842294513888646e-05,23.610597610473636,382.70070217945766,5.947253227233887,0.1606980860233307,0.7808438539505005,14.88947868347168,8.395929468224528,8.395929468224528,0.0191399995237588,400,400,400
21_b6,0.017632440976307,0.0150877912784926,0.0390194728970527,-0.0044439280475489,0.9308707320534778,1.0016592345833857,-0.004650870989822,0.9878623577455,0.9878623577455,0.06243192001500369,5.90234995e-05,0.0104310075,0.0,21,6,support_safe_target_policy_draw,100,data/Z_true.pt,0.0041034435853362,0.3684838414192199,0.3684838414192199,0.019029081018923,0.8442886471748352,1610,400,400,400,1.0,3.0842294513888646e-05,23.610597610473636,382.70070217945766,5.947253227233887,0.1606980860233307,0.7808438539505005,14.88947868347168,8.395929468224528,8.395929468224528,0.0191399995237588,400,400,400
21_b7,0.017002766365208,0.014386850191513,0.0345928072929382,-0.0032768152060452,0.9314581148180432,0.997191952980062,-0.0029129913540575,1.0014915570551,1.0026802955589,0.06683492473645118,-0.000335008721,0.0128361229,0.0075,21,7,support_safe_target_policy_draw,100,data/Z_true.pt,0.0064936056733131,0.3678264021873474,0.3678264021873474,0.019029081018923,0.8442886471748352,1610,400,400,400,1.0,3.0842294513888646e-05,23.610597610473636,382.70070217945766,5.947253227233887,0.1606980860233307,0.7808438539505005,14.88947868347168,8.395929468224528,8.395929468224528,0.0191399995237588,400,400,400
21_b8,0.0116346255094757,0.0091119009058456,0.0282744020223617,0.0071782912698108,0.992678226506303,1.1452821324774658,-0.0114840375437577,0.9753961445506,1.0284779566337998,0.06661362703730223,-0.00334172323,0.0112622771,0.0825,21,8,support_safe_target_policy_draw,100,data/Z_true.pt,0.007420633919537,0.3641331791877746,0.3641331791877746,0.019029081018923,0.8442886471748352,1610,400,400,400,1.0,3.0842294513888646e-05,23.610597610473636,382.70070217945766,5.947253227233887,0.1606980860233307,0.7808438539505005,14.88947868347168,8.395929468224528,8.395929468224528,0.0191399995237588,400,400,400
21_b9,0.014310569956015,0.0121440714527852,0.0293970257043838,0.0008137855678796,0.9598470008873828,1.0610691549018334,-0.0070336983115699,0.98976485251884,0.99738052948916,0.06367655230651714,-0.00191807724,0.0121056493,0.015,21,9,support_safe_target_policy_draw,100,data/Z_true.pt,0.003364214207977,0.3643091022968292,0.3643091022968292,0.019029081018923,0.8442886471748352,1610,400,400,400,1.0,3.0842294513888646e-05,23.610597610473636,382.70070217945766,5.947253227233887,0.1606980860233307,0.7808438539505005,14.88947868347168,8.395929468224528,8.395929468224528,0.0191399995237588,400,400,400
22_b0,0.0436470090827345,0.037368214262824,0.0852711647748947,-0.0223759150339174,0.6672239239340078,1.049742162215895,-0.0286857302075937,0.97533408673846,0.97533408673846,0.06912564894177202,6.43671956e-06,0.0127826491,0.0,22,0,fixed_config,100,data/Z_true.pt,0.0048168287612497,0.3944129645824432,0.3944129645824432,0.0057938602962901,0.0124407839030027,1610,400,400,400,1.0,3.449624980333965e-05,18.98386573791504,381.9328428614184,5.945244789123535,0.1797363460063934,0.7831198573112488,14.87041187286377,9.579996690021506,9.579996690021506,0.0187616292387247,400,400,400
22_b1,0.0118545800875756,0.0095708076056325,0.0259940326213836,0.0085529321100329,0.9948510918225748,1.1359824589105314,-0.008512093430355,0.9966089749228999,0.9966089749228999,0.056681386699080405,8.67140479e-05,0.00867338292,0.0,22,1,fixed_config,100,data/Z_true.pt,0.0019338494166731,0.3631780743598938,0.3631780743598938,0.0057938602962901,0.0124407839030027,1610,400,400,400,1.0,3.449624980333965e-05,18.98386573791504,381.9328428614184,5.945244789123535,0.1797363460063934,0.7831198573112488,14.87041187286377,9.579996690021506,9.579996690021506,0.0187616292387247,400,400,400
22_b2,0.0220455446794494,0.0189144406397826,0.0427154600620269,0.017368532072287,0.9855249994077736,1.2262228144569556,-0.012244055433715,1.0615689834889999,1.0615689834889999,0.060844166888915,0.000431710156,0.00935120694,0.0,22,2,fixed_config,100,data/Z_true.pt,0.0026921220123767,0.3654938042163849,0.3654938042163849,0.0057938602962901,0.0124407839030027,1610,400,400,400,1.0,3.449624980333965e-05,18.98386573791504,381.9328428614184,5.945244789123535,0.1797363460063934,0.7831198573112488,14.87041187286377,9.579996690021506,9.579996690021506,0.0187616292387247,400,400,400
22_b3,0.0184759094448543,0.0150751717557432,0.0380603820085525,0.0137447554309619,0.986730152298702,1.210516673752991,-0.0134972337572831,1.0312805822489,1.0312805822489,0.058457879150823434,6.12419099e-05,0.00935306214,0.0,22,3,fixed_config,100,data/Z_true.pt,0.0045482194982469,0.3653740584850311,0.3653740584850311,0.0057938602962901,0.0124407839030027,1610,400,400,400,1.0,3.449624980333965e-05,18.98386573791504,381.9328428614184,5.945244789123535,0.1797363460063934,0.7831198573112488,14.87041187286377,9.579996690021506,9.579996690021506,0.0187616292387247,400,400,400
22_b4,0.0518021592909838,0.0448871865560067,0.0985017567873001,-0.0286464994278503,0.6134009072629203,1.1186496241989556,-0.0437904606514719,0.967440955819,0.967440955819,0.06445260534750127,0.000303444918,0.011597869,0.0,22,4,support_safe_target_policy_draw,100,data/Z_true.pt,0.0106582241132855,0.4092263877391815,0.4092263877391815,0.0057938602962901,0.0124407839030027,1610,400,400,400,1.0,3.449624980333965e-05,18.98386573791504,381.9328428614184,5.945244789123535,0.1797363460063934,0.7831198573112488,14.87041187286377,9.579996690021506,9.579996690021506,0.0187616292387247,400,400,400
22_b5,0.0085434180955424,0.0069016276742331,0.0187519192695617,0.0043611812149174,0.9933401765689208,1.0942908671952385,-0.0076500286993514,0.990098733343,0.991135034831,0.06060558062539187,-0.000289842021,0.00983969308,0.005,22,5,support_safe_target_policy_draw,100,data/Z_true.pt,0.0023679824080318,0.3626160621643066,0.3626160621643066,0.0057938602962901,0.0124407839030027,1610,400,400,400,1.0,3.449624980333965e-05,18.98386573791504,381.9328428614184,5.945244789123535,0.1797363460063934,0.7831198573112488,14.87041187286377,9.579996690021506,9.579996690021506,0.0187616292387247,400,400,400
22_b6,0.0225003059895484,0.0190090730669908,0.0430279970169067,0.0174016641103662,0.9787302054852632,1.2175770323981252,-0.0097349636494211,1.09247697463,1.09247697463,0.06129185501314883,0.00110488688,0.00892407633,0.0,22,6,support_safe_target_policy_draw,100,data/Z_true.pt,0.0040172133594751,0.3678015470504761,0.3678015470504761,0.0057938602962901,0.0124407839030027,1610,400,400,400,1.0,3.449624980333965e-05,18.98386573791504,381.9328428614184,5.945244789123535,0.1797363460063934,0.7831198573112488,14.87041187286377,9.579996690021506,9.579996690021506,0.0187616292387247,400,400,400
22_b7,0.0253465230875433,0.0208624911261722,0.0556334257125854,0.0159305311902426,0.9441669350894292,1.2461624505033286,-0.0159634400719801,1.063392836237,1.063392836237,0.05974260395526683,0.000216705957,0.00976831652,0.0,22,7,support_safe_target_policy_draw,100,data/Z_true.pt,0.009522657841444,0.3720319271087646,0.3720319271087646,0.0057938602962901,0.0124407839030027,1610,400,400,400,1.0,3.449624980333965e-05,18.98386573791504,381.9328428614184,5.945244789123535,0.1797363460063934,0.7831198573112488,14.87041187286377,9.579996690021506,9.579996690021506,0.0187616292387247,400,400,400
22_b8,0.0094993163810692,0.0077743590867612,0.0199824720621109,0.0068362357874866,0.9945378586030408,1.0876755215068064,-0.0044261912113386,1.0144616492059,1.0279039885857,0.06631981946408896,-0.00144637772,0.0112185236,0.0325,22,8,support_safe_target_policy_draw,100,data/Z_true.pt,0.0041828658431768,0.3627223968505859,0.3627223968505859,0.0057938602962901,0.0124407839030027,1610,400,400,400,1.0,3.449624980333965e-05,18.98386573791504,381.9328428614184,5.945244789123535,0.1797363460063934,0.7831198573112488,14.87041187286377,9.579996690021506,9.579996690021506,0.0187616292387247,400,400,400
22_b9,0.023650002072474,0.0194941685232333,0.0489991754293441,0.015826681216713,0.9625420372199412,1.2168830372389992,-0.0120431352429219,1.0547602934131,1.0553351634489,0.06045051629449766,-0.000234505162,0.00944281369,0.005,22,9,support_safe_target_policy_draw,100,data/Z_true.pt,0.0047996900975704,0.3675107359886169,0.3675107359886169,0.0057938602962901,0.0124407839030027,1610,400,400,400,1.0,3.449624980333965e-05,18.98386573791504,381.9328428614184,5.945244789123535,0.1797363460063934,0.7831198573112488,14.87041187286377,9.579996690021506,9.579996690021506,0.0187616292387247,400,400,400
23_b0,0.0481604315073917,0.0405248295457568,0.0949878394603729,-0.0327822399174328,0.6866462897947038,0.9603555200691554,-0.0277533201866332,0.79411380985616,0.80155759389376,0.05518487515504552,-0.000473404769,0.0093839895,0.05,23,0,fixed_config,100,data/Z_true.pt,0.0051288241520524,0.3916143178939819,0.3916143178939819,0.0205176733554743,0.6190713047981262,1610,400,400,400,1.0,4.8169779738316265e-05,10.332491874694824,378.36837694516703,5.935868263244629,0.2509797513484955,0.8067541718482971,15.000389099121094,13.416312366602291,13.416312366602291,0.0187070593237876,400,400,400
23_b1,0.0113109473317114,0.0090798720694147,0.025708794593811,0.0073608801350928,0.9942546404043164,1.1412671007887512,-0.01036733791811,0.97811975559705,0.98066604541505,0.058247304274352166,-0.000581001397,0.011001166,0.0075,23,1,fixed_config,100,data/Z_true.pt,0.0023282086476683,0.3634338974952698,0.3634338974952698,0.0205176733554743,0.6190713047981262,1610,400,400,400,1.0,4.8169779738316265e-05,10.332491874694824,378.36837694516703,5.935868263244629,0.2509797513484955,0.8067541718482971,15.000389099121094,13.416312366602291,13.416312366602291,0.0187070593237876,400,400,400
23_b2,0.0207862748592225,0.0179231255408376,0.0389788448810577,0.0152334632445126,0.9817770317241992,1.223012803856355,-0.0139589335745613,1.0285545144769999,1.032595585527,0.06083716990439989,-0.000767805614,0.0110684149,0.01,23,2,fixed_config,100,data/Z_true.pt,0.0023746513761579,0.365520566701889,0.365520566701889,0.0205176733554743,0.6190713047981262,1610,400,400,400,1.0,4.8169779738316265e-05,10.332491874694824,378.36837694516703,5.935868263244629,0.2509797513484955,0.8067541718482971,15.000389099121094,13.416312366602291,13.416312366602291,0.0187070593237876,400,400,400
23_b3,0.0176487751696623,0.0144895266470848,0.0359904021024704,0.0128355586846009,0.9877626361984664,1.2095354823271025,-0.014279459058869,1.0117973016464,1.0122585612704,0.059042030761642564,-0.000230629812,0.0117238704,0.0025,23,3,fixed_config,100,data/Z_true.pt,0.0037840073928236,0.365260362625122,0.365260362625122,0.0205176733554743,0.6190713047981262,1610,400,400,400,1.0,4.8169779738316265e-05,10.332491874694824,378.36837694516703,5.935868263244629,0.2509797513484955,0.8067541718482971,15.000389099121094,13.416312366602291,13.416312366602291,0.0187070593237876,400,400,400
23_b4,0.0556660404946254,0.046611969412188,0.1076907813549041,-0.0408034743060125,0.6553835082663118,0.8833268461822605,-0.0259117818191429,0.81590151693843,0.83983696572151,0.06454855767471956,-0.000747740967,0.0138707673,0.1125,23,4,support_safe_target_policy_draw,100,data/Z_true.pt,0.006041188724339,0.4004115462303161,0.4004115462303161,0.0205176733554743,0.6190713047981262,1610,400,400,400,1.0,4.8169779738316265e-05,10.332491874694824,378.36837694516703,5.935868263244629,0.2509797513484955,0.8067541718482971,15.000389099121094,13.416312366602291,13.416312366602291,0.0187070593237876,400,400,400
23_b5,0.0113297327693244,0.009824985039886,0.0217220187187194,0.0064751066942699,0.9883992153976988,1.1093304573034206,-0.0074519162694208,1.010293426846,1.0129896033718,0.06455386427376324,-0.000377177261,0.0132566914,0.015,23,5,support_safe_target_policy_draw,100,data/Z_true.pt,0.0036021876148879,0.3635294139385223,0.3635294139385223,0.0205176733554743,0.6190713047981262,1610,400,400,400,1.0,4.8169779738316265e-05,10.332491874694824,378.36837694516703,5.935868263244629,0.2509797513484955,0.8067541718482971,15.000389099121094,13.416312366602291,13.416312366602291,0.0187070593237876,400,400,400
23_b6,0.0119549636508833,0.0103320616763085,0.0241519287228584,0.0019575606100261,0.9713328458263506,1.07163091515182,-0.006976385492387,0.983493343954,0.983493343954,0.05909523744982725,0.000185941346,0.00950453989,0.0,23,6,support_safe_target_policy_draw,100,data/Z_true.pt,0.0010672654025256,0.3651106357574463,0.3651106357574463,0.0205176733554743,0.6190713047981262,1610,400,400,400,1.0,4.8169779738316265e-05,10.332491874694824,378.36837694516703,5.935868263244629,0.2509797513484955,0.8067541718482971,15.000389099121094,13.416312366602291,13.416312366602291,0.0187070593237876,400,400,400
23_b7,0.0137383138546233,0.0114110743068158,0.0301941633224487,0.0065059475135058,0.971088839438098,1.096191709812229,-0.0059571053288033,1.0273481479716269,1.033573394443027,0.07018801010349153,-0.000619390747,0.0129522644,0.03,23,7,support_safe_target_policy_draw,100,data/Z_true.pt,0.0051196459680795,0.3655272126197815,0.3655272126197815,0.0205176733554743,0.6190713047981262,1610,400,400,400,1.0,4.8169779738316265e-05,10.332491874694824,378.36837694516703,5.935868263244629,0.2509797513484955,0.8067541718482971,15.000389099121094,13.416312366602291,13.416312366602291,0.0187070593237876,400,400,400
23_b8,0.0170766983997966,0.014056498138234,0.0355926752090454,0.0135902170650661,0.996824007212759,1.2012970192437058,-0.0122675473981583,1.00958080835888,1.02776507802988,0.06462938557287054,-0.00152530661,0.011848392,0.045,23,8,support_safe_target_policy_draw,100,data/Z_true.pt,0.0066790021955966,0.3645218014717102,0.3645218014717102,0.0205176733554743,0.6190713047981262,1610,400,400,400,1.0,4.8169779738316265e-05,10.332491874694824,378.36837694516703,5.935868263244629,0.2509797513484955,0.8067541718482971,15.000389099121094,13.416312366602291,13.416312366602291,0.0187070593237876,400,400,400
23_b9,0.0192811880954604,0.0157615096785593,0.039696991443634,0.0120117801416199,0.971853962641868,1.1849397116019835,-0.0117532679878254,1.0211892769688,1.0260612374632,0.0651922034828305,-0.000560218235,0.0131727476,0.0275,23,9,support_safe_target_policy_draw,100,data/Z_true.pt,0.0032196859829127,0.3650751709938049,0.3650751709938049,0.0205176733554743,0.6190713047981262,1610,400,400,400,1.0,4.8169779738316265e-05,10.332491874694824,378.36837694516703,5.935868263244629,0.2509797513484955,0.8067541718482971,15.000389099121094,13.416312366602291,13.416312366602291,0.0187070593237876,400,400,400
24_b0,0.0477331882676125,0.0412300384690752,0.0899068936705589,-0.0177555789327016,0.5996960219594083,1.291965430304481,-0.0547915222905374,1.009706069971,1.009706069971,0.06501628691439976,4.5732595e-05,0.0122288391,0.0,24,0,fixed_config,100,data/Z_true.pt,0.0074311322532594,0.4057241976261139,0.4057241976261139,0.0362188721582334,0.8065751791000366,1609,400,400,400,1.0,3.3309012289706175e-05,20.369606018066406,381.9628938058624,5.945323467254639,0.1736583262681961,0.7837669253349304,14.892899513244627,9.162393894836606,9.162393894836606,0.0189533792436122,400,400,400
24_b1,0.0129337009245214,0.0100677351892227,0.0322818458080291,0.0062269133370136,0.9895779945220452,1.182528147385224,-0.0166793314972406,0.9326552614022,0.9402432439727999,0.0545118490005556,-0.00113585009,0.0100635076,0.02,24,1,fixed_config,100,data/Z_true.pt,0.0052833938971161,0.3652537763118744,0.3652537763118744,0.0362188721582334,0.8065751791000366,1609,400,400,400,1.0,3.3309012289706175e-05,20.369606018066406,381.9628938058624,5.945323467254639,0.1736583262681961,0.7837669253349304,14.892899513244627,9.162393894836606,9.162393894836606,0.0189533792436122,400,400,400
24_b2,0.0169079274492205,0.0143704138812609,0.0367180705070495,0.0091153916041366,0.9761918922528696,1.196711782420854,-0.0166341990566565,0.968876379077,0.9764135847790001,0.056405841826990655,-0.000898415688,0.010696603,0.02,24,2,fixed_config,100,data/Z_true.pt,0.0042080408893525,0.3653729557991028,0.3653729557991028,0.0362188721582334,0.8065751791000366,1609,400,400,400,1.0,3.3309012289706175e-05,20.369606018066406,381.9628938058624,5.945323467254639,0.1736583262681961,0.7837669253349304,14.892899513244627,9.162393894836606,9.162393894836606,0.0189533792436122,400,400,400
24_b3,0.0142269455497317,0.0115116671210853,0.0316648483276367,0.0061906060698674,0.980324971876796,1.1889483799663891,-0.0182603299648733,0.9438067390360999,0.9487139072510999,0.054977595497341235,-0.000844466733,0.0109939408,0.02,24,3,fixed_config,100,data/Z_true.pt,0.0049371640197932,0.365436851978302,0.365436851978302,0.0362188721582334,0.8065751791000366,1609,400,400,400,1.0,3.3309012289706175e-05,20.369606018066406,381.9628938058624,5.945323467254639,0.1736583262681961,0.7837669253349304,14.892899513244627,9.162393894836606,9.162393894836606,0.0189533792436122,400,400,400
24_b4,0.0486572603726626,0.0416937123006209,0.0963962376117706,-0.0278753432352095,0.6541893423984978,1.042672194552856,-0.0333218506641052,0.98802429285085,0.99215398250197,0.07276947198635714,-0.000407313695,0.0136634316,0.03,24,4,support_safe_target_policy_draw,100,data/Z_true.pt,0.0099534522742033,0.4041094183921814,0.4041094183921814,0.0362188721582334,0.8065751791000366,1609,400,400,400,1.0,3.3309012289706175e-05,20.369606018066406,381.9628938058624,5.945323467254639,0.1736583262681961,0.7837669253349304,14.892899513244627,9.162393894836606,9.162393894836606,0.0189533792436122,400,400,400
24_b5,0.0142507711979184,0.0115830512740649,0.0299168974161148,0.0100402035168372,0.9941307628877104,1.1755623856525113,-0.0123237510192457,0.9953723043830001,0.9996175241366,0.060367356851204076,-0.00108029577,0.0122442991,0.0175,24,5,support_safe_target_policy_draw,100,data/Z_true.pt,0.0048560700379312,0.3639659583568573,0.3639659583568573,0.0362188721582334,0.8065751791000366,1609,400,400,400,1.0,3.3309012289706175e-05,20.369606018066406,381.9628938058624,5.945323467254639,0.1736583262681961,0.7837669253349304,14.892899513244627,9.162393894836606,9.162393894836606,0.0189533792436122,400,400,400
24_b6,0.0144434560397257,0.0122884728794451,0.0330272614955902,-0.0030409648304339,0.9545946094970404,1.0340781699033317,-0.0072912600073134,0.961334667394,0.961334667394,0.05839800049497642,0.000381754828,0.0103285797,0.0,24,6,support_safe_target_policy_draw,100,data/Z_true.pt,0.0014081862755119,0.3666101396083832,0.3666101396083832,0.0362188721582334,0.8065751791000366,1609,400,400,400,1.0,3.3309012289706175e-05,20.369606018066406,381.9628938058624,5.945323467254639,0.1736583262681961,0.7837669253349304,14.892899513244627,9.162393894836606,9.162393894836606,0.0189533792436122,400,400,400
24_b7,0.0178518010007295,0.015049192062579,0.0395669937133789,0.0060914182895794,0.943010267841643,1.1160310019518351,-0.0089421070682155,1.0369172578299,1.0391746433539,0.06576774350296356,-0.000707812491,0.0116975233,0.0125,24,7,support_safe_target_policy_draw,100,data/Z_true.pt,0.0061252312734723,0.3683454692363739,0.3683454692363739,0.0362188721582334,0.8065751791000366,1609,400,400,400,1.0,3.3309012289706175e-05,20.369606018066406,381.9628938058624,5.945323467254639,0.1736583262681961,0.7837669253349304,14.892899513244627,9.162393894836606,9.162393894836606,0.0189533792436122,400,400,400
24_b8,0.0165937499724537,0.0132858624192886,0.0383815169334411,0.0105884315329603,0.9886837175844744,1.2162376415235916,-0.0171885421331562,0.9654778105626,0.9892139430900001,0.06133461259962723,-0.00136895338,0.0110967252,0.0575,24,8,support_safe_target_policy_draw,100,data/Z_true.pt,0.0082256300374865,0.3660544157028198,0.3660544157028198,0.0362188721582334,0.8065751791000366,1609,400,400,400,1.0,3.3309012289706175e-05,20.369606018066406,381.9628938058624,5.945323467254639,0.1736583262681961,0.7837669253349304,14.892899513244627,9.162393894836606,9.162393894836606,0.0189533792436122,400,400,400
24_b9,0.0173630673493607,0.0145532427961006,0.0375476479530334,0.0059436024725437,0.9582773089675192,1.1481404270718796,-0.0130926788581883,0.9920335871638,0.9942173479130001,0.061045978199471065,-0.000531707075,0.0120542161,0.0125,24,9,support_safe_target_policy_draw,100,data/Z_true.pt,0.0041211210191249,0.3658717274665832,0.3658717274665832,0.0362188721582334,0.8065751791000366,1609,400,400,400,1.0,3.3309012289706175e-05,20.369606018066406,381.9628938058624,5.945323467254639,0.1736583262681961,0.7837669253349304,14.892899513244627,9.162393894836606,9.162393894836606,0.0189533792436122,400,400,400
25_b0,0.0475796763989788,0.0405611544370185,0.0945856571197509,-0.0264537034358363,0.6287690929968086,1.0505151580811145,-0.0328615734752899,0.95126459623871,0.95784964230429,0.06900547737141322,-0.000399910961,0.0123042734,0.0425,25,0,fixed_config,100,data/Z_true.pt,0.0074287513270974,0.3976585566997528,0.3976585566997528,0.0082515368620337,0.0251275785267353,1610,400,400,400,1.0,3.8357358729257385e-05,15.480445861816406,381.1725221347718,5.943252086639404,0.1998539417982101,0.7863292694091797,14.86221694946289,10.682492645416064,10.682492645416064,0.018708549439907,400,400,400
25_b1,0.0164537508192679,0.0133364562672795,0.0380677133798599,0.0084111682901857,0.9742155025103918,1.1741621830298667,-0.0134451955775236,0.98614820191622,0.9914729826133799,0.05711055820537613,-0.00128671573,0.00908825267,0.0175,25,1,fixed_config,100,data/Z_true.pt,0.0036637103185057,0.366245836019516,0.366245836019516,0.0082515368620337,0.0251275785267353,1610,400,400,400,1.0,3.8357358729257385e-05,15.480445861816406,381.1725221347718,5.943252086639404,0.1998539417982101,0.7863292694091797,14.86221694946289,10.682492645416064,10.682492645416064,0.018708549439907,400,400,400
25_b2,0.0227609695389024,0.0186888798291329,0.0474114865064621,0.0127696884411852,0.9591785202861928,1.2600592689854822,-0.0212720941175974,1.0126362068895,1.0313772776215,0.05950671367899222,-0.00185792893,0.0101768039,0.025,25,2,fixed_config,100,data/Z_true.pt,0.003154735546559,0.3683628439903259,0.3683628439903259,0.0082515368620337,0.0251275785267353,1610,400,400,400,1.0,3.8357358729257385e-05,15.480445861816406,381.1725221347718,5.943252086639404,0.1998539417982101,0.7863292694091797,14.86221694946289,10.682492645416064,10.682492645416064,0.018708549439907,400,400,400
25_b3,0.0188448466668769,0.0156588330829981,0.0413573086261749,0.0064472457987722,0.9489219688824856,1.1939384375927924,-0.0186494305162217,0.9970852671275001,1.0039283758155,0.05880039969978091,-0.0010865432,0.0103320479,0.0175,25,3,fixed_config,100,data/Z_true.pt,0.0037069520913064,0.3681191205978393,0.3681191205978393,0.0082515368620337,0.0251275785267353,1610,400,400,400,1.0,3.8357358729257385e-05,15.480445861816406,381.1725221347718,5.943252086639404,0.1998539417982101,0.7863292694091797,14.86221694946289,10.682492645416064,10.682492645416064,0.018708549439907,400,400,400
25_b4,0.0531379030447888,0.0453404454575502,0.1008950546383857,-0.0360087428815313,0.6454866334677491,0.9408797024803828,-0.0284628656888252,0.88409686973699,0.88847851520679,0.06799839328003858,-0.000403713319,0.015440898,0.0325,25,4,support_safe_target_policy_draw,100,data/Z_true.pt,0.0051266066730022,0.4028726816177368,0.4028726816177368,0.0082515368620337,0.0251275785267353,1610,400,400,400,1.0,3.8357358729257385e-05,15.480445861816406,381.1725221347718,5.943252086639404,0.1998539417982101,0.7863292694091797,14.86221694946289,10.682492645416064,10.682492645416064,0.018708549439907,400,400,400
25_b5,0.0149164022683704,0.012103763972409,0.0338780879974365,0.0072205027332529,0.9811965002806216,1.175537173592894,-0.0151402401732264,0.9652293807464,0.9703998638872,0.055453543193088976,-0.000778734451,0.00988400634,0.0125,25,5,support_safe_target_policy_draw,100,data/Z_true.pt,0.0056035756133496,0.3653863072395324,0.3653863072395324,0.0082515368620337,0.0251275785267353,1610,400,400,400,1.0,3.8357358729257385e-05,15.480445861816406,381.1725221347718,5.943252086639404,0.1998539417982101,0.7863292694091797,14.86221694946289,10.682492645416064,10.682492645416064,0.018708549439907,400,400,400
25_b6,0.017105866482285,0.0145085266465321,0.0347118899226188,0.002783055040054,0.9418834237420186,1.0982584456628104,-0.0094719281023208,1.0279186313386002,1.0298999786726002,0.06352070647243138,-0.000722143799,0.0110312458,0.005,25,6,support_safe_target_policy_draw,100,data/Z_true.pt,0.002270620316267,0.3683686554431915,0.3683686554431915,0.0082515368620337,0.0251275785267353,1610,400,400,400,1.0,3.8357358729257385e-05,15.480445861816406,381.1725221347718,5.943252086639404,0.1998539417982101,0.7863292694091797,14.86221694946289,10.682492645416064,10.682492645416064,0.018708549439907,400,400,400
25_b7,0.0150245784427473,0.0124791698507033,0.03362937271595,0.0053910875297151,0.9573464671570632,1.0752080678962452,-0.0043532254281123,1.0422700942496999,1.0492148784417,0.07092422858461861,-0.00102653657,0.0137775941,0.015,25,7,support_safe_target_policy_draw,100,data/Z_true.pt,0.0053287986665964,0.3665041029453277,0.3665041029453277,0.0082515368620337,0.0251275785267353,1610,400,400,400,1.0,3.8357358729257385e-05,15.480445861816406,381.1725221347718,5.943252086639404,0.1998539417982101,0.7863292694091797,14.86221694946289,10.682492645416064,10.682492645416064,0.018708549439907,400,400,400
25_b8,0.014615409930979,0.0121206857718061,0.0339834690093994,0.0070429225091356,0.976264918602812,1.142707921539994,-0.0112887340453508,0.98126215418455,1.01504954184395,0.06411737613420097,-0.00167865492,0.0111582447,0.0725,25,8,support_safe_target_policy_draw,100,data/Z_true.pt,0.0073715900070965,0.3656385540962219,0.3656385540962219,0.0082515368620337,0.0251275785267353,1610,400,400,400,1.0,3.8357358729257385e-05,15.480445861816406,381.1725221347718,5.943252086639404,0.1998539417982101,0.7863292694091797,14.86221694946289,10.682492645416064,10.682492645416064,0.018708549439907,400,400,400
25_b9,0.0199130406375961,0.0165864205348771,0.0409601926803588,0.0105804387026,0.959469102691562,1.1765917215648545,-0.0121118793825621,1.03240490804907,1.0481078430842699,0.06475924060991367,-0.00181143102,0.0119334292,0.02,25,9,support_safe_target_policy_draw,100,data/Z_true.pt,0.0040846741758286,0.3662221431732178,0.3662221431732178,0.0082515368620337,0.0251275785267353,1610,400,400,400,1.0,3.8357358729257385e-05,15.480445861816406,381.1725221347718,5.943252086639404,0.1998539417982101,0.7863292694091797,14.86221694946289,10.682492645416064,10.682492645416064,0.018708549439907,400,400,400
26_b0,0.0514306480636738,0.044016628950485,0.0987508445978164,-0.0326091659587109,0.6032644083904141,0.9616571602530688,-0.027745359858225,0.8715176565602201,0.87264823653222,0.06105003309350111,-0.00033889222,0.0135213751,0.005,26,0,fixed_config,100,data/Z_true.pt,0.0059261000715196,0.3983980417251587,0.3983980417251587,0.0106779221691933,0.0377546176314354,1610,400,400,400,1.0,4.841925182574869e-05,10.05496597290039,378.3918322853542,5.935930252075195,0.2522795796394348,0.7999675869941711,14.869153022766112,13.589875860369457,13.589875860369457,0.0185637883841991,400,400,400
26_b1,0.014103874760071,0.0117926583084044,0.0331773310899734,0.0044009659421863,0.9768421183419612,1.1656388082496214,-0.0163857628455244,0.9322359027807,0.9413800224673,0.055514839397566615,-0.00127863698,0.0115560479,0.0175,26,1,fixed_config,100,data/Z_true.pt,0.0035024541430175,0.3662678301334381,0.3662678301334381,0.0106779221691933,0.0377546176314354,1610,400,400,400,1.0,4.841925182574869e-05,10.05496597290039,378.3918322853542,5.935930252075195,0.2522795796394348,0.7999675869941711,14.869153022766112,13.589875860369457,13.589875860369457,0.0185637883841991,400,400,400
26_b2,0.0206769930520299,0.017246470892569,0.0438058972358703,0.0100692966266069,0.9569948594022,1.224741749071673,-0.0193494192823634,0.996369814334,1.001319131414,0.05893237501186396,-0.00108458125,0.0124947336,0.0075,26,2,fixed_config,100,data/Z_true.pt,0.0022854867856949,0.3674796521663666,0.3674796521663666,0.0106779221691933,0.0377546176314354,1610,400,400,400,1.0,4.841925182574869e-05,10.05496597290039,378.3918322853542,5.935930252075195,0.2522795796394348,0.7999675869941711,14.869153022766112,13.589875860369457,13.589875860369457,0.0185637883841991,400,400,400
26_b3,0.0185579471175917,0.0152661908551817,0.0416104793548584,0.0062526574829826,0.9557266306387632,1.218848880843968,-0.0220675640915149,0.9658156602700001,0.969542653028,0.05567048970102013,-0.000901218737,0.010340469,0.0075,26,3,fixed_config,100,data/Z_true.pt,0.0027169566601514,0.368200808763504,0.368200808763504,0.0106779221691933,0.0377546176314354,1610,400,400,400,1.0,4.841925182574869e-05,10.05496597290039,378.3918322853542,5.935930252075195,0.2522795796394348,0.7999675869941711,14.869153022766112,13.589875860369457,13.589875860369457,0.0185637883841991,400,400,400
26_b4,0.0449262785608704,0.0384889328945428,0.089117519557476,-0.0264494540309533,0.7052495587104523,1.0012167001094443,-0.0266047487434532,0.9562909289037,0.9587355944355,0.07323635692442779,-0.000332452008,0.016006181,0.025,26,4,support_safe_target_policy_draw,100,data/Z_true.pt,0.0082597769796848,0.3959600627422333,0.3959600627422333,0.0106779221691933,0.0377546176314354,1610,400,400,400,1.0,4.841925182574869e-05,10.05496597290039,378.3918322853542,5.935930252075195,0.2522795796394348,0.7999675869941711,14.869153022766112,13.589875860369457,13.589875860369457,0.0185637883841991,400,400,400
26_b5,0.0124483761388755,0.0100502535863779,0.0286825597286224,0.007026829610113,0.9900349489910486,1.15233857751652,-0.0123787680582521,0.9778017712078999,0.9868145166658999,0.061790319940367794,-0.0013597653,0.0131196082,0.02,26,5,support_safe_target_policy_draw,100,data/Z_true.pt,0.0047051506116986,0.3641992509365082,0.3641992509365082,0.0106779221691933,0.0377546176314354,1610,400,400,400,1.0,4.841925182574869e-05,10.05496597290039,378.3918322853542,5.935930252075195,0.2522795796394348,0.7999675869941711,14.869153022766112,13.589875860369457,13.589875860369457,0.0185637883841991,400,400,400
26_b6,0.0208329983740362,0.0177938967035152,0.0438425093889236,0.0082595715369097,0.9365363986757403,1.1743564330468412,-0.0134864995854261,1.04377379335,1.04377379335,0.06080079966967323,0.000379998703,0.0107176043,0.0,26,6,support_safe_target_policy_draw,100,data/Z_true.pt,0.0042570433579385,0.3699110150337219,0.3699110150337219,0.0106779221691933,0.0377546176314354,1610,400,400,400,1.0,4.841925182574869e-05,10.05496597290039,378.3918322853542,5.935930252075195,0.2522795796394348,0.7999675869941711,14.869153022766112,13.589875860369457,13.589875860369457,0.0185637883841991,400,400,400
26_b7,0.0204465743401653,0.0171829044772312,0.0425809472799301,0.008396080029197,0.931715706180412,1.1387623328195184,-0.0095826240589996,1.057276652386,1.0574095847137999,0.06802594881175285,-4.37702984e-05,0.012172739,0.005,26,7,support_safe_target_policy_draw,100,data/Z_true.pt,0.0062249251641333,0.3692936599254608,0.3692936599254608,0.0106779221691933,0.0377546176314354,1610,400,400,400,1.0,4.841925182574869e-05,10.05496597290039,378.3918322853542,5.935930252075195,0.2522795796394348,0.7999675869941711,14.869153022766112,13.589875860369457,13.589875860369457,0.0185637883841991,400,400,400
26_b8,0.0228460270086333,0.0184990854619536,0.0515731275081634,0.0150894263375084,0.978009439835018,1.2819087643730067,-0.0211233822607677,0.9837599574069,1.0107988696907,0.06102537649422235,-0.00121746259,0.0113331247,0.065,26,8,support_safe_target_policy_draw,100,data/Z_true.pt,0.0102555844932794,0.3697267174720764,0.3697267174720764,0.0106779221691933,0.0377546176314354,1610,400,400,400,1.0,4.841925182574869e-05,10.05496597290039,378.3918322853542,5.935930252075195,0.2522795796394348,0.7999675869941711,14.869153022766112,13.589875860369457,13.589875860369457,0.0185637883841991,400,400,400
26_b9,0.0188269668799252,0.0162328421068377,0.0381045788526535,0.0052914723451249,0.946383002041599,1.1472967290632157,-0.0136363924448386,1.0019328975916402,1.00501463421212,0.0645749673074849,-0.000539083965,0.0142517183,0.0225,26,9,support_safe_target_policy_draw,100,data/Z_true.pt,0.0034201596863567,0.3665531575679779,0.3665531575679779,0.0106779221691933,0.0377546176314354,1610,400,400,400,1.0,4.841925182574869e-05,10.05496597290039,378.3918322853542,5.935930252075195,0.2522795796394348,0.7999675869941711,14.869153022766112,13.589875860369457,13.589875860369457,0.0185637883841991,400,400,400
27_b0,0.0436278019914325,0.0365666799037717,0.0876752138137817,-0.0283558057411573,0.7192629689468941,0.9401967318267712,-0.020769734847876,0.8519331073026,0.8595382259796001,0.06411937706926862,-0.000489283819,0.0131209958,0.05,27,0,fixed_config,100,data/Z_true.pt,0.0071542328223586,0.3880498111248016,0.3880498111248016,0.0155465472541047,0.2012577652931213,1607,400,400,400,1.0,4.14357226894424e-05,13.234123229980469,379.44484831186793,5.938709259033203,0.2162962257862091,0.786858320236206,14.754022598266602,11.886311316685443,11.886311316685443,0.0181970857083797,400,400,400
27_b1,0.0148215871689285,0.0117340468370821,0.0352614521980285,0.007630937785143,0.9827005053451792,1.1797880302340098,-0.0149314379240509,0.950633281192,0.957317362816,0.05473810551438686,-0.00167252938,0.0128421355,0.01,27,1,fixed_config,100,data/Z_true.pt,0.0035069887526333,0.3659552037715912,0.3659552037715912,0.0155465472541047,0.2012577652931213,1607,400,400,400,1.0,4.14357226894424e-05,13.234123229980469,379.44484831186793,5.938709259033203,0.2162962257862091,0.786858320236206,14.754022598266602,11.886311316685443,11.886311316685443,0.0181970857083797,400,400,400
27_b2,0.0207326891627652,0.0169054573378525,0.044167622923851,0.0135009716008789,0.9802787264793704,1.2598857934656869,-0.0205181029961872,0.9697441892325,0.9874604850147001,0.05566702554792489,-0.00286174007,0.0101377852,0.0225,27,2,fixed_config,100,data/Z_true.pt,0.0045011118054389,0.366801381111145,0.366801381111145,0.0155465472541047,0.2012577652931213,1607,400,400,400,1.0,4.14357226894424e-05,13.234123229980469,379.44484831186793,5.938709259033203,0.2162962257862091,0.786858320236206,14.754022598266602,11.886311316685443,11.886311316685443,0.0181970857083797,400,400,400
27_b3,0.0195536496567176,0.0157503669551806,0.043758139014244,0.0107400128635345,0.968545013700733,1.240649672932319,-0.0204013483944775,0.9834459312334,0.9904974941314,0.05654657683859848,-0.00147781498,0.0103962217,0.01,27,3,fixed_config,100,data/Z_true.pt,0.005352540872991,0.3677481412887573,0.3677481412887573,0.0155465472541047,0.2012577652931213,1607,400,400,400,1.0,4.14357226894424e-05,13.234123229980469,379.44484831186793,5.938709259033203,0.2162962257862091,0.786858320236206,14.754022598266602,11.886311316685443,11.886311316685443,0.0181970857083797,400,400,400
27_b4,0.0425963295108023,0.0370330940076382,0.0800645500421524,-0.0132040728331776,0.6845800487220373,1.2017180820046791,-0.0389505581895895,1.08210054499931,1.08265502302871,0.08302454471791271,-0.000175996451,0.0189783014,0.01,27,4,support_safe_target_policy_draw,100,data/Z_true.pt,0.0128933284431695,0.4027555882930755,0.4027555882930755,0.0155465472541047,0.2012577652931213,1607,400,400,400,1.0,4.14357226894424e-05,13.234123229980469,379.44484831186793,5.938709259033203,0.2162962257862091,0.786858320236206,14.754022598266602,11.886311316685443,11.886311316685443,0.0181970857083797,400,400,400
27_b5,0.0080307123721735,0.0066604341228958,0.0197789072990417,0.002344741054112,0.9935074625065492,1.1063198963919405,-0.0111987826360741,0.9409416214240001,0.9473370715180001,0.05764730705188383,-0.000685098581,0.0106837247,0.0175,27,5,support_safe_target_policy_draw,100,data/Z_true.pt,0.0040885512717068,0.3633536994457245,0.3633536994457245,0.0155465472541047,0.2012577652931213,1607,400,400,400,1.0,4.14357226894424e-05,13.234123229980469,379.44484831186793,5.938709259033203,0.2162962257862091,0.786858320236206,14.754022598266602,11.886311316685443,11.886311316685443,0.0181970857083797,400,400,400
27_b6,0.0131079357135344,0.0112390981079079,0.0264703780412673,0.0028513413085602,0.9708885884303846,1.1175773599218113,-0.0118131341372599,0.9563324008742999,0.9563324008742999,0.05532655600334384,5.36441803e-05,0.00986189768,0.0,27,6,support_safe_target_policy_draw,100,data/Z_true.pt,0.0024586585350334,0.3657662868499756,0.3657662868499756,0.0155465472541047,0.2012577652931213,1607,400,400,400,1.0,4.14357226894424e-05,13.234123229980469,379.44484831186793,5.938709259033203,0.2162962257862091,0.786858320236206,14.754022598266602,11.886311316685443,11.886311316685443,0.0181970857083797,400,400,400
27_b7,0.0133227961899705,0.0112936815666034,0.0268300175666809,0.0005096518388018,0.9627434011145508,1.0840411392433331,-0.0103791156169604,0.948414572578,0.949630376014,0.06308200043278976,-0.000388762448,0.0149530312,0.005,27,7,support_safe_target_policy_draw,100,data/Z_true.pt,0.0051844492554664,0.3659498393535614,0.3659498393535614,0.0155465472541047,0.2012577652931213,1607,400,400,400,1.0,4.14357226894424e-05,13.234123229980469,379.44484831186793,5.938709259033203,0.2162962257862091,0.786858320236206,14.754022598266602,11.886311316685443,11.886311316685443,0.0181970857083797,400,400,400
27_b8,0.0205256011192663,0.0170433352014515,0.0444690585136413,0.0128986854862887,0.9736909686934528,1.22968230768655,-0.0166053331814609,0.9852930752798,0.9868667193922,0.05820837030976633,-0.000536400359,0.0125225578,0.01,27,8,support_safe_target_policy_draw,100,data/Z_true.pt,0.0073781283572316,0.3682343661785126,0.3682343661785126,0.0155465472541047,0.2012577652931213,1607,400,400,400,1.0,4.14357226894424e-05,13.234123229980469,379.44484831186793,5.938709259033203,0.2162962257862091,0.786858320236206,14.754022598266602,11.886311316685443,11.886311316685443,0.0181970857083797,400,400,400
27_b9,0.0187472456151098,0.0155867102852789,0.0409930944442749,0.008615831330535,0.9641630978458496,1.1946451655460069,-0.0163963831219239,0.96913883838423,0.98487381313023,0.05898092179708017,-0.00206525321,0.0123016313,0.0225,27,9,support_safe_target_policy_draw,100,data/Z_true.pt,0.0040939515456557,0.3664518296718597,0.3664518296718597,0.0155465472541047,0.2012577652931213,1607,400,400,400,1.0,4.14357226894424e-05,13.234123229980469,379.44484831186793,5.938709259033203,0.2162962257862091,0.786858320236206,14.754022598266602,11.886311316685443,11.886311316685443,0.0181970857083797,400,400,400
28_b0,0.0438184429741273,0.0379673358961008,0.0808599069714546,-0.0123800254496745,0.6426524555989649,1.276767033233125,-0.0474880454486468,1.0231157182803998,1.0239371267476,0.06820131701431127,-0.000189467799,0.013679469,0.0125,28,0,fixed_config,100,data/Z_true.pt,0.0098937815055251,0.4007188975811004,0.4007188975811004,0.0080910405212169,0.0163505803793668,1609,400,400,400,1.0,4.446979976968635e-05,11.784263610839844,379.0401353410583,5.9376420974731445,0.2318456918001175,0.795884907245636,14.871631622314451,12.395417036457529,12.395417036457529,0.0187041461467742,400,400,400
28_b1,0.0127355089109422,0.0102151880640303,0.0299334824085235,0.0071957729809219,0.986038680396224,1.13431665688887,-0.0096602038757415,0.98300906947967,0.99703465287613,0.06039254319947223,-0.00167074159,0.00984067656,0.0225,28,1,fixed_config,100,data/Z_true.pt,0.0027017700485885,0.3641377985477447,0.3641377985477447,0.0080910405212169,0.0163505803793668,1609,400,400,400,1.0,4.446979976968635e-05,11.784263610839844,379.0401353410583,5.9376420974731445,0.2318456918001175,0.795884907245636,14.871631622314451,12.395417036457529,12.395417036457529,0.0187041461467742,400,400,400
28_b2,0.0199352486510395,0.0165652232954744,0.0416702032089233,0.013772363992175,0.9769453126271688,1.2060919849220233,-0.013205096050655,1.026666580558,1.0429203143244599,0.06390714226275859,-0.00223194389,0.0111215161,0.0275,28,2,fixed_config,100,data/Z_true.pt,0.00283939181827,0.3654246926307678,0.3654246926307678,0.0080910405212169,0.0163505803793668,1609,400,400,400,1.0,4.446979976968635e-05,11.784263610839844,379.0401353410583,5.9376420974731445,0.2318456918001175,0.795884907245636,14.871631622314451,12.395417036457529,12.395417036457529,0.0187041461467742,400,400,400
28_b3,0.0141892717964182,0.0115870721265673,0.030519962310791,0.0077473689615726,0.9790607354889332,1.150262873601191,-0.0116974546006755,1.00214730776373,1.01462065501887,0.06257113982121293,-0.00162345055,0.0101064118,0.0275,28,3,fixed_config,100,data/Z_true.pt,0.0030990210361778,0.3646922409534454,0.3646922409534454,0.0080910405212169,0.0163505803793668,1609,400,400,400,1.0,4.446979976968635e-05,11.784263610839844,379.0401353410583,5.9376420974731445,0.2318456918001175,0.795884907245636,14.871631622314451,12.395417036457529,12.395417036457529,0.0187041461467742,400,400,400
28_b4,0.0417922369155949,0.0349568866335903,0.0874861702322959,-0.0256065012750332,0.7550519052560842,0.9949712105994618,-0.0249646468048006,0.91124819903216,0.93839191252716,0.0791172758460569,-0.000844713009,0.0193851553,0.1225,28,4,support_safe_target_policy_draw,100,data/Z_true.pt,0.0090887509286403,0.3902407884597778,0.3902407884597778,0.0080910405212169,0.0163505803793668,1609,400,400,400,1.0,4.446979976968635e-05,11.784263610839844,379.0401353410583,5.9376420974731445,0.2318456918001175,0.795884907245636,14.871631622314451,12.395417036457529,12.395417036457529,0.0187041461467742,400,400,400
28_b5,0.0110470505864516,0.008844222149346,0.0239775776863098,0.0080573100666515,0.997994574168614,1.1421317129729358,-0.0100480896478052,0.982679084245,1.0072884638304,0.06388223237700072,-0.00240265462,0.0119730551,0.045,28,5,support_safe_target_policy_draw,100,data/Z_true.pt,0.0065784063190221,0.3629405498504638,0.3629405498504638,0.0080910405212169,0.0163505803793668,1609,400,400,400,1.0,4.446979976968635e-05,11.784263610839844,379.0401353410583,5.9376420974731445,0.2318456918001175,0.795884907245636,14.871631622314451,12.395417036457529,12.395417036457529,0.0187041461467742,400,400,400
28_b6,0.02018862493923,0.0170346345705911,0.0457755774259567,0.0067077014734968,0.9318146879111012,1.1440146209107285,-0.0112540802299611,1.0381459343360002,1.0381459343360002,0.06358979550039714,0.000141247176,0.0095848497,0.0,28,6,support_safe_target_policy_draw,100,data/Z_true.pt,0.003526332322508,0.3698942959308624,0.3698942959308624,0.0080910405212169,0.0163505803793668,1609,400,400,400,1.0,4.446979976968635e-05,11.784263610839844,379.0401353410583,5.9376420974731445,0.2318456918001175,0.795884907245636,14.871631622314451,12.395417036457529,12.395417036457529,0.0187041461467742,400,400,400
28_b7,0.0198532507742684,0.0165044759702868,0.042851984500885,0.0053376877284608,0.9264719648607016,1.1315103251202203,-0.0117014119453261,1.0142019707935,1.0145717229695,0.06694339330754802,-0.000184876088,0.012487676,0.0025,28,7,support_safe_target_policy_draw,100,data/Z_true.pt,0.006552186794579,0.3694171011447906,0.3694171011447906,0.0080910405212169,0.0163505803793668,1609,400,400,400,1.0,4.446979976968635e-05,11.784263610839844,379.0401353410583,5.9376420974731445,0.2318456918001175,0.795884907245636,14.871631622314451,12.395417036457529,12.395417036457529,0.0187041461467742,400,400,400
28_b8,0.0105875519147293,0.0085754415940027,0.0234941244125366,0.0075465025950688,0.995599699020389,1.1222947839269208,-0.0081629685622499,0.9842617329583001,1.0151040819136998,0.06597661310289847,-0.00237741997,0.0123626981,0.0575,28,8,support_safe_target_policy_draw,100,data/Z_true.pt,0.0059577198699116,0.3631874918937683,0.3631874918937683,0.0080910405212169,0.0163505803793668,1609,400,400,400,1.0,4.446979976968635e-05,11.784263610839844,379.0401353410583,5.9376420974731445,0.2318456918001175,0.795884907245636,14.871631622314451,12.395417036457529,12.395417036457529,0.0187041461467742,400,400,400
28_b9,0.0211121228711237,0.0173473924933932,0.0477299690246582,0.0108979676128365,0.9553359304881226,1.1979183779144311,-0.014534859853451,1.0290936069854,1.0351149132442,0.06563510184875757,-0.00164105021,0.011371199,0.0175,28,9,support_safe_target_policy_draw,100,data/Z_true.pt,0.0042736250907182,0.3671496212482452,0.3671496212482452,0.0080910405212169,0.0163505803793668,1609,400,400,400,1.0,4.446979976968635e-05,11.784263610839844,379.0401353410583,5.9376420974731445,0.2318456918001175,0.795884907245636,14.871631622314451,12.395417036457529,12.395417036457529,0.0187041461467742,400,400,400
29_b0,0.0489662725426254,0.041637627997843,0.0965478792786598,-0.0282213276004767,0.6216340162681655,1.058138213915281,-0.0355961856281775,0.8974445448408,0.9005735861312,0.06325311163547952,-0.000473043998,0.0115997791,0.0175,29,0,fixed_config,100,data/Z_true.pt,0.0077033769339323,0.397925317287445,0.397925317287445,0.0067283473552071,0.0221656002104282,1610,400,400,400,1.0,3.4062560754222204e-05,19.653797149658203,382.07328301940873,5.94561243057251,0.1774766892194748,0.7868003249168396,14.951600074768066,9.378276690548208,9.378276690548208,0.0189242325723171,400,400,400
29_b1,0.0179053319242251,0.0142545574251562,0.0420899838209152,0.0118027142528444,0.986921275320633,1.2239539871867795,-0.0163022379728587,0.9729876242282,0.9736841864598,0.05590904426449779,-0.000164594967,0.00839809515,0.0075,29,1,fixed_config,100,data/Z_true.pt,0.004275401122868,0.3664226233959198,0.3664226233959198,0.0067283473552071,0.0221656002104282,1610,400,400,400,1.0,3.4062560754222204e-05,19.653797149658203,382.07328301940873,5.94561243057251,0.1774766892194748,0.7868003249168396,14.951600074768066,9.378276690548208,9.378276690548208,0.0189242325723171,400,400,400
29_b2,0.0209368756253105,0.0175501213024836,0.0425248742103576,0.0141312812652904,0.9803423465428216,1.2523934337940366,-0.0189070427521502,0.9929499623289,0.9962199262257,0.05785467008195756,-0.000806053984,0.00846158806,0.0125,29,2,fixed_config,100,data/Z_true.pt,0.0032102591358125,0.3663343787193298,0.3663343787193298,0.0067283473552071,0.0221656002104282,1610,400,400,400,1.0,3.4062560754222204e-05,19.653797149658203,382.07328301940873,5.94561243057251,0.1774766892194748,0.7868003249168396,14.951600074768066,9.378276690548208,9.378276690548208,0.0189242325723171,400,400,400
29_b3,0.0245266904905282,0.0195306295109912,0.0532218664884567,0.0160446096025407,0.9689488499530384,1.3088260421007525,-0.023919140298945,1.0051985159652999,1.0067239785713,0.057261619847145076,-0.000762731303,0.00801506266,0.0025,29,3,fixed_config,100,data/Z_true.pt,0.0064417268149554,0.3696539402008056,0.3696539402008056,0.0067283473552071,0.0221656002104282,1610,400,400,400,1.0,3.4062560754222204e-05,19.653797149658203,382.07328301940873,5.94561243057251,0.1774766892194748,0.7868003249168396,14.951600074768066,9.378276690548208,9.378276690548208,0.0189242325723171,400,400,400
29_b4,0.0496912851348058,0.0430463978438638,0.0953948199748992,-0.0208504532068036,0.6282518387462074,1.2998128164655334,-0.0591173562631959,0.9684240977544,0.9702035243424,0.06665514718822325,-0.000535976724,0.012422435,0.005,29,4,support_safe_target_policy_draw,100,data/Z_true.pt,0.0069823991507291,0.408040851354599,0.408040851354599,0.0067283473552071,0.0221656002104282,1610,400,400,400,1.0,3.4062560754222204e-05,19.653797149658203,382.07328301940873,5.94561243057251,0.1774766892194748,0.7868003249168396,14.951600074768066,9.378276690548208,9.378276690548208,0.0189242325723171,400,400,400
29_b5,0.013434499249499,0.0107837007730267,0.0294076055288314,0.0092994168517179,0.9939892588526869,1.1643366004131612,-0.0116345448656209,0.9872748108983,0.9904527632697,0.06137044870574675,-0.000349755166,0.0105228564,0.0175,29,5,support_safe_target_policy_draw,100,data/Z_true.pt,0.0050322404131293,0.3638389110565185,0.3638389110565185,0.0067283473552071,0.0221656002104282,1610,400,400,400,1.0,3.4062560754222204e-05,19.653797149658203,382.07328301940873,5.94561243057251,0.1774766892194748,0.7868003249168396,14.951600074768066,9.378276690548208,9.378276690548208,0.0189242325723171,400,400,400
29_b6,0.0183119803608698,0.0156322348734829,0.0380410254001617,0.0102943928202148,0.9661880847531512,1.1790826963194756,-0.0120411469868926,1.0262320616360001,1.0262320616360001,0.059622003477308935,0.000636423007,0.00795117021,0.0,29,6,support_safe_target_policy_draw,100,data/Z_true.pt,0.0025986661203205,0.3673290014266968,0.3673290014266968,0.0067283473552071,0.0221656002104282,1610,400,400,400,1.0,3.4062560754222204e-05,19.653797149658203,382.07328301940873,5.94561243057251,0.1774766892194748,0.7868003249168396,14.951600074768066,9.378276690548208,9.378276690548208,0.0189242325723171,400,400,400
29_b7,0.0189706651840022,0.0159141591703519,0.0392239391803741,0.0114282809989526,0.9642400403991592,1.1768925402441064,-0.0114907530921985,1.02569008302246,1.02743190210446,0.0660257255505369,-0.000732668675,0.0124223158,0.005,29,7,support_safe_target_policy_draw,100,data/Z_true.pt,0.0064489846117794,0.3671540319919586,0.3671540319919586,0.0067283473552071,0.0221656002104282,1610,400,400,400,1.0,3.4062560754222204e-05,19.653797149658203,382.07328301940873,5.94561243057251,0.1774766892194748,0.7868003249168396,14.951600074768066,9.378276690548208,9.378276690548208,0.0189242325723171,400,400,400
29_b8,0.019049901678993,0.0154875609232112,0.0432682484388351,0.0128063748311251,0.9796020296218286,1.2047259570669742,-0.0134918564950773,1.0079698147639,1.0220243696259,0.06353027463297266,-0.000986896688,0.0108757913,0.04,29,8,support_safe_target_policy_draw,100,data/Z_true.pt,0.0062803626060485,0.3668780326843261,0.3668780326843261,0.0067283473552071,0.0221656002104282,1610,400,400,400,1.0,3.4062560754222204e-05,19.653797149658203,382.07328301940873,5.94561243057251,0.1774766892194748,0.7868003249168396,14.951600074768066,9.378276690548208,9.378276690548208,0.0189242325723171,400,400,400
29_b9,0.018406927459516,0.0153298191580688,0.0380888879299163,0.0100504053995246,0.9712430602193972,1.1924673223742783,-0.0146819527292373,0.9866632391275,0.9908253539475,0.06077683878763449,-0.00102223142,0.0109406728,0.015,29,9,support_safe_target_policy_draw,100,data/Z_true.pt,0.0039277928881347,0.3652733862400055,0.3652733862400055,0.0067283473552071,0.0221656002104282,1610,400,400,400,1.0,3.4062560754222204e-05,19.653797149658203,382.07328301940873,5.94561243057251,0.1774766892194748,0.7868003249168396,14.951600074768066,9.378276690548208,9.378276690548208,0.0189242325723171,400,400,400
2_b0,0.0536817242409397,0.0455803501891205,0.1018170863389968,-0.0396142680762568,0.6462778240342607,0.8406046859663904,-0.0193949023249868,0.78506015649476,0.78528278869056,0.05427069127335262,-9.7172102e-05,0.0107466802,0.005,2,0,fixed_config,100,data/Z_true.pt,0.0031141401268541,0.395373523235321,0.395373523235321,0.0060207023596193,0.0112386234104633,1609,400,400,400,1.0,3.262291999917011e-05,20.646608352661133,382.0530608266094,5.945559501647949,0.1700813472270965,0.772824764251709,14.694391250610352,9.185781351556871,9.185781351556871,0.0185157191008329,400,400,400
2_b1,0.0112080758900612,0.0087864694016752,0.0278881788253784,0.0058204022125573,0.987278179214567,1.1134550345030334,-0.0084175596318722,0.981500375512,0.982600318696,0.05796158813214508,-0.000549971592,0.0114687579,0.0025,2,1,fixed_config,100,data/Z_true.pt,0.0022802636958658,0.3638845980167389,0.3638845980167389,0.0060207023596193,0.0112386234104633,1609,400,400,400,1.0,3.262291999917011e-05,20.646608352661133,382.0530608266094,5.945559501647949,0.1700813472270965,0.772824764251709,14.694391250610352,9.185781351556871,9.185781351556871,0.0185157191008329,400,400,400
2_b2,0.0202171939054114,0.0162024398485664,0.0431350916624069,0.012901722168317,0.9739565907081366,1.225857535640381,-0.0166630503065359,1.0176777091255,1.0195191881065,0.06116522332554349,-0.000874986872,0.0120891845,0.0075,2,2,fixed_config,100,data/Z_true.pt,0.0030701770447194,0.3661012053489685,0.3661012053489685,0.0060207023596193,0.0112386234104633,1609,400,400,400,1.0,3.262291999917011e-05,20.646608352661133,382.0530608266094,5.945559501647949,0.1700813472270965,0.772824764251709,14.694391250610352,9.185781351556871,9.185781351556871,0.0185157191008329,400,400,400
2_b3,0.0157248549752168,0.0126025591467623,0.0346181839704513,0.0091641283684293,0.9787156755809706,1.178565760824367,-0.0139432409389343,1.0051991412949999,1.0051991412949999,0.0592574875307034,0.0003182051,0.00997793395,0.0,2,3,fixed_config,100,data/Z_true.pt,0.0038282247260212,0.3655943870544433,0.3655943870544433,0.0060207023596193,0.0112386234104633,1609,400,400,400,1.0,3.262291999917011e-05,20.646608352661133,382.0530608266094,5.945559501647949,0.1700813472270965,0.772824764251709,14.694391250610352,9.185781351556871,9.185781351556871,0.0185157191008329,400,400,400
2_b4,0.0560834809617923,0.0483772249033791,0.107702650129795,-0.0332098440526169,0.5774518331074326,1.1325549326723785,-0.0501286229694737,0.8824142694933998,0.8824142694933998,0.05616489413129927,1.97761692e-05,0.0101659633,0.0,2,4,support_safe_target_policy_draw,100,data/Z_true.pt,0.0097217028960585,0.4116597771644592,0.4116597771644592,0.0060207023596193,0.0112386234104633,1609,400,400,400,1.0,3.262291999917011e-05,20.646608352661133,382.0530608266094,5.945559501647949,0.1700813472270965,0.772824764251709,14.694391250610352,9.185781351556871,9.185781351556871,0.0185157191008329,400,400,400
2_b5,0.01078512238929,0.0087613667699042,0.029089406132698,0.0034723845438566,0.9839176659486348,1.100375850781392,-0.0093139589263148,0.9720014766980001,0.9783817733560001,0.06242806387794254,-0.00106450985,0.0145592559,0.0175,2,5,support_safe_target_policy_draw,100,data/Z_true.pt,0.0041641569696366,0.3643949031829834,0.3643949031829834,0.0060207023596193,0.0112386234104633,1609,400,400,400,1.0,3.262291999917011e-05,20.646608352661133,382.0530608266094,5.945559501647949,0.1700813472270965,0.772824764251709,14.694391250610352,9.185781351556871,9.185781351556871,0.0185157191008329,400,400,400
2_b6,0.0164038625678317,0.0137107541132718,0.0381283015012741,0.0038447751011699,0.9497155493435532,1.1066781065677795,-0.009460324412972,1.018511796407,1.018511796407,0.06120128384844222,0.00056561199,0.00993375573,0.0,2,6,support_safe_target_policy_draw,100,data/Z_true.pt,0.0027041840367019,0.3675772547721863,0.3675772547721863,0.0060207023596193,0.0112386234104633,1609,400,400,400,1.0,3.262291999917011e-05,20.646608352661133,382.0530608266094,5.945559501647949,0.1700813472270965,0.772824764251709,14.694391250610352,9.185781351556871,9.185781351556871,0.0185157191008329,400,400,400
2_b7,0.017881832274621,0.0151564960414543,0.0379480421543121,0.0055164829269051,0.940143650596458,1.1081304595351116,-0.008493410791378,1.0258049684919,1.0263173337433,0.06787825546907146,-0.000190178165,0.0116868019,0.005,2,7,support_safe_target_policy_draw,100,data/Z_true.pt,0.0061318627558648,0.3677987456321716,0.3677987456321716,0.0060207023596193,0.0112386234104633,1609,400,400,400,1.0,3.262291999917011e-05,20.646608352661133,382.0530608266094,5.945559501647949,0.1700813472270965,0.772824764251709,14.694391250610352,9.185781351556871,9.185781351556871,0.0185157191008329,400,400,400
2_b8,0.010746177552755,0.0091678845835849,0.0229720324277877,0.0038578103575855,0.982465521384757,1.085394948370161,-0.0071116638532149,0.9844275120924499,0.9874301689498499,0.0625902550120972,-0.000451181899,0.0107897781,0.02,2,8,support_safe_target_policy_draw,100,data/Z_true.pt,0.0056667830795049,0.3640688061714172,0.3640688061714172,0.0060207023596193,0.0112386234104633,1609,400,400,400,1.0,3.262291999917011e-05,20.646608352661133,382.0530608266094,5.945559501647949,0.1700813472270965,0.772824764251709,14.694391250610352,9.185781351556871,9.185781351556871,0.0185157191008329,400,400,400
2_b9,0.0170166322391325,0.0142753577011171,0.0371553301811218,0.0091319211793597,0.9696666336331228,1.14635112061913,-0.0096744314162208,1.02594598504093,1.0274155717830702,0.06614719154536361,-0.000727304257,0.0118047828,0.005,2,9,support_safe_target_policy_draw,100,data/Z_true.pt,0.0038973379414528,0.3646124005317688,0.3646124005317688,0.0060207023596193,0.0112386234104633,1609,400,400,400,1.0,3.262291999917011e-05,20.646608352661133,382.0530608266094,5.945559501647949,0.1700813472270965,0.772824764251709,14.694391250610352,9.185781351556871,9.185781351556871,0.0185157191008329,400,400,400
30_b0,0.0490535555986114,0.0421558173181256,0.0947989225387573,-0.0236954413721105,0.5844290151056107,1.1412636097076316,-0.041614792448021,0.9864798374131,0.9872098171271,0.06709614251110384,-0.000146422302,0.0124286711,0.0075,30,0,fixed_config,100,data/Z_true.pt,0.0062678717076778,0.4036949872970581,0.4036949872970581,0.009990191779703,0.017627365887165,1610,400,400,400,1.0,4.818452556065722e-05,10.245097160339355,378.3211098311768,5.93574333190918,0.2510565817356109,0.8035809993743896,14.935503959655762,13.31729046716591,13.31729046716591,0.0188519265502691,400,400,400
30_b1,0.0220389345347282,0.0174520195601508,0.052696943283081,0.0137996858684346,0.9781148162361932,1.2817363875326937,-0.0215566291108773,0.9652302230234,0.9655049098646,0.05363431948495875,-0.000104480423,0.0070863734,0.005,30,1,fixed_config,100,data/Z_true.pt,0.0046840840950608,0.3692767024040222,0.3692767024040222,0.009990191779703,0.017627365887165,1610,400,400,400,1.0,4.818452556065722e-05,10.245097160339355,378.3211098311768,5.93574333190918,0.2510565817356109,0.8035809993743896,14.935503959655762,13.31729046716591,13.31729046716591,0.0188519265502691,400,400,400
30_b2,0.027857281101163,0.0232307581079658,0.0596016496419906,0.0169921901950147,0.9561412473451524,1.345681922952238,-0.0282576057516889,0.9863289847610001,0.987515541409,0.054178523474912726,-0.000411455519,0.00672531966,0.005,30,2,fixed_config,100,data/Z_true.pt,0.0059162639081478,0.3715408742427826,0.3715408742427826,0.009990191779703,0.017627365887165,1610,400,400,400,1.0,4.818452556065722e-05,10.245097160339355,378.3211098311768,5.93574333190918,0.2510565817356109,0.8035809993743896,14.935503959655762,13.31729046716591,13.31729046716591,0.0188519265502691,400,400,400
30_b3,0.0274400682638418,0.0218435849234811,0.0600602775812149,0.0163718890506424,0.9544069627284668,1.3598089314091577,-0.0301893207791466,0.9881470196371,0.9881470196371,0.053923019611868725,6.92442991e-05,0.00649318891,0.0,30,3,fixed_config,100,data/Z_true.pt,0.0052562770433723,0.3722509741783142,0.3722509741783142,0.009990191779703,0.017627365887165,1610,400,400,400,1.0,4.818452556065722e-05,10.245097160339355,378.3211098311768,5.93574333190918,0.2510565817356109,0.8035809993743896,14.935503959655762,13.31729046716591,13.31729046716591,0.0188519265502691,400,400,400
30_b4,0.0512567314527122,0.0446326352804317,0.0957221239805221,-0.0199498018118902,0.594050465788355,1.3290780784340632,-0.0619520052996382,1.016228679662161,1.017792683655839,0.06673228814629277,-0.000439794036,0.0110539887,0.0125,30,4,support_safe_target_policy_draw,100,data/Z_true.pt,0.0125677781179547,0.4133793711662292,0.4133793711662292,0.009990191779703,0.017627365887165,1610,400,400,400,1.0,4.818452556065722e-05,10.245097160339355,378.3211098311768,5.93574333190918,0.2510565817356109,0.8035809993743896,14.935503959655762,13.31729046716591,13.31729046716591,0.0188519265502691,400,400,400
30_b5,0.0124002122760063,0.0101428101072087,0.0299577862024307,0.005635620993562,0.985232455329461,1.1405115304235276,-0.0122633923201833,0.973191147055,0.9771285724959999,0.0590842982122799,-0.000805178133,0.0093046315,0.0175,30,5,support_safe_target_policy_draw,100,data/Z_true.pt,0.0031063037458807,0.364263653755188,0.364263653755188,0.009990191779703,0.017627365887165,1610,400,400,400,1.0,4.818452556065722e-05,10.245097160339355,378.3211098311768,5.93574333190918,0.2510565817356109,0.8035809993743896,14.935503959655762,13.31729046716591,13.31729046716591,0.0188519265502691,400,400,400
30_b6,0.0197852109215411,0.0170541692245751,0.0407183617353439,0.0064856684952974,0.94262327576805,1.1881140034812128,-0.0169762733861978,0.9886982574100001,0.9886982574100001,0.05435113405747392,0.000579091604,0.00684221741,0.0,30,6,support_safe_target_policy_draw,100,data/Z_true.pt,0.0030179002787917,0.369505912065506,0.369505912065506,0.009990191779703,0.017627365887165,1610,400,400,400,1.0,4.818452556065722e-05,10.245097160339355,378.3211098311768,5.93574333190918,0.2510565817356109,0.8035809993743896,14.935503959655762,13.31729046716591,13.31729046716591,0.0188519265502691,400,400,400
30_b7,0.0188383584604763,0.0158476348593831,0.0409817099571228,0.0087503092363476,0.9524484618845706,1.1705675084357317,-0.0133492238207649,1.0054861441304,1.0054861441304,0.059395919244289885,6.11548894e-05,0.00926676765,0.0,30,7,support_safe_target_policy_draw,100,data/Z_true.pt,0.0049441745504736,0.3681455552577972,0.3681455552577972,0.009990191779703,0.017627365887165,1610,400,400,400,1.0,4.818452556065722e-05,10.245097160339355,378.3211098311768,5.93574333190918,0.2510565817356109,0.8035809993743896,14.935503959655762,13.31729046716591,13.31729046716591,0.0188519265502691,400,400,400
30_b8,0.0200365432511949,0.0159638179367175,0.0445235669612884,0.0141882616380462,0.9887415928449212,1.251113211534322,-0.0180686803765652,0.9715093801299001,1.0093562063879,0.05928352222132888,-0.00184237631,0.0101302043,0.075,30,8,support_safe_target_policy_draw,100,data/Z_true.pt,0.0063128909096121,0.3673931360244751,0.3673931360244751,0.009990191779703,0.017627365887165,1610,400,400,400,1.0,4.818452556065722e-05,10.245097160339355,378.3211098311768,5.93574333190918,0.2510565817356109,0.8035809993743896,14.935503959655762,13.31729046716591,13.31729046716591,0.0188519265502691,400,400,400
30_b9,0.0234098617572081,0.0193649583868682,0.0516784936189651,0.0114854089636355,0.95324882731957,1.2651018109001186,-0.0225805968750848,0.9730970764361,0.9773177382599001,0.05654350683248176,-0.000472824206,0.0091655897,0.0175,30,9,support_safe_target_policy_draw,100,data/Z_true.pt,0.0065393978729844,0.3689709603786468,0.3689709603786468,0.009990191779703,0.017627365887165,1610,400,400,400,1.0,4.818452556065722e-05,10.245097160339355,378.3211098311768,5.93574333190918,0.2510565817356109,0.8035809993743896,14.935503959655762,13.31729046716591,13.31729046716591,0.0188519265502691,400,400,400
31_b0,0.1116814373769602,0.1052264592306164,0.1734848022460937,-0.1052264592306164,0.7008770984391526,0.2035489771822173,-0.0041962963869947,0.19938253302787,0.5372293959536101,0.04075284846101322,-0.00229668664,0.0094202105,0.5725,31,0,fixed_config,100,data/Z_true.pt,0.0047208182513713,0.4551665186882019,0.4551665186882019,0.0433849271945883,1.6627693176269531,1610,400,400,400,1.0,3.252358709460168e-05,21.67804908752441,382.4600789349288,5.946624279022217,0.1694581508636474,0.7889919281005859,15.023826599121094,8.761436377393785,8.761436377393785,0.0193413663655519,400,400,400
31_b1,0.2597458615736982,0.2394083696830785,0.4264074265956878,-0.2394083696830785,-0.9818480523210734,-1.1376453348762217,0.0288539674464123,-0.69443429353117,0.9207286163877699,0.05068745774477686,-0.00546195451,0.00709032919,0.875,31,1,fixed_config,100,data/Z_true.pt,0.0355988219380378,0.8431180715560913,0.8431180715560913,0.0433849271945883,1.6627693176269531,1610,400,400,400,1.0,3.252358709460168e-05,21.67804908752441,382.4600789349288,5.946624279022217,0.1694581508636474,0.7889919281005859,15.023826599121094,8.761436377393785,8.761436377393785,0.0193413663655519,400,400,400
31_b2,0.2442258487238706,0.2267403629988257,0.3945377171039581,-0.2267403629988257,-0.8527662114188004,-1.0284912454640571,0.0387893301740671,-0.5684358688842099,0.83552270248021,0.046964088937008416,-0.00513456343,0.0080469856,0.8625,31,2,fixed_config,100,data/Z_true.pt,0.0261275358498096,0.7665010094642639,0.7665010094642639,0.0433849271945883,1.6627693176269531,1610,400,400,400,1.0,3.252358709460168e-05,21.67804908752441,382.4600789349288,5.946624279022217,0.1694581508636474,0.7889919281005859,15.023826599121094,8.761436377393785,8.761436377393785,0.0193413663655519,400,400,400
31_b3,0.2429962380578525,0.2260349860570204,0.3904767334461212,-0.2260349860570204,-0.8800335923411727,-1.0476545541040505,0.038942520140969,-0.584635774422,0.8044916507736,0.044564771580006046,-0.00532718562,0.00787382293,0.875,31,3,fixed_config,100,data/Z_true.pt,0.0227557979524135,0.7665875554084778,0.7665875554084778,0.0433849271945883,1.6627693176269531,1610,400,400,400,1.0,3.252358709460168e-05,21.67804908752441,382.4600789349288,5.946624279022217,0.1694581508636474,0.7889919281005859,15.023826599121094,8.761436377393785,8.761436377393785,0.0193413663655519,400,400,400
31_b4,0.1063937584932106,0.1000830220924399,0.1593466773629188,-0.1000830220924399,0.7825427537975143,0.2781707254958305,-0.0079516342606841,0.21728497415475,0.61758334752293,0.047358669888906045,-0.00232352433,0.0117864925,0.5875,31,4,support_safe_target_policy_draw,100,data/Z_true.pt,0.0076137874275445,0.4478983879089355,0.4478983879089355,0.0433849271945883,1.6627693176269531,1610,400,400,400,1.0,3.252358709460168e-05,21.67804908752441,382.4600789349288,5.946624279022217,0.1694581508636474,0.7889919281005859,15.023826599121094,8.761436377393785,8.761436377393785,0.0193413663655519,400,400,400
31_b5,0.2316323720978242,0.2118749044277501,0.383391410112381,-0.2118749044277501,-0.8168635546687524,-1.051811769605489,0.0494944370830218,-0.48416180947528004,0.86104054840892,0.05019881781475297,-0.0052327374,0.00986775476,0.8325,31,5,support_safe_target_policy_draw,100,data/Z_true.pt,0.018970625475049,0.7387370467185974,0.7387370467185974,0.0433849271945883,1.6627693176269531,1610,400,400,400,1.0,3.252358709460168e-05,21.67804908752441,382.4600789349288,5.946624279022217,0.1694581508636474,0.7889919281005859,15.023826599121094,8.761436377393785,8.761436377393785,0.0193413663655519,400,400,400
31_b6,0.1911605929773731,0.1757232983382709,0.3207890093326568,-0.1757232983382709,-0.9186367129454605,-0.6524574749845384,0.0303743898840819,-0.1982005891677,0.7039645158083001,0.04359887152555961,-0.00327296671,0.00841895677,0.7825,31,6,support_safe_target_policy_draw,100,data/Z_true.pt,0.0037697036750614,0.627833366394043,0.627833366394043,0.0433849271945883,1.6627693176269531,1610,400,400,400,1.0,3.252358709460168e-05,21.67804908752441,382.4600789349288,5.946624279022217,0.1694581508636474,0.7889919281005859,15.023826599121094,8.761436377393785,8.761436377393785,0.0193413663655519,400,400,400
31_b7,0.197329907192805,0.1825564377071714,0.3274840116500854,-0.1825564377071714,-0.6706264277429973,-0.7386995607675985,0.0427177002101845,-0.2689131267412,0.7819188773738,0.048360290825837204,-0.00386225386,0.0104251932,0.78,31,7,support_safe_target_policy_draw,100,data/Z_true.pt,0.0100631928071379,0.6463397741317749,0.6463397741317749,0.0433849271945883,1.6627693176269531,1610,400,400,400,1.0,3.252358709460168e-05,21.67804908752441,382.4600789349288,5.946624279022217,0.1694581508636474,0.7889919281005859,15.023826599121094,8.761436377393785,8.761436377393785,0.0193413663655519,400,400,400
31_b8,0.2535895143725067,0.2335907134279841,0.4101722836494446,-0.2335907134279841,-0.8061727421547766,-1.2488468977078195,0.0552866560097657,-0.6132209057547999,0.9709568760664,0.055326895860971365,-0.0056528477,0.00808190368,0.8275,31,8,support_safe_target_policy_draw,100,data/Z_true.pt,0.0329779274761676,0.8066540360450745,0.8066540360450745,0.0433849271945883,1.6627693176269531,1610,400,400,400,1.0,3.252358709460168e-05,21.67804908752441,382.4600789349288,5.946624279022217,0.1694581508636474,0.7889919281005859,15.023826599121094,8.761436377393785,8.761436377393785,0.0193413663655519,400,400,400
31_b9,0.2240686910277601,0.2061639678762003,0.3711153119802475,-0.2061639678762003,-0.7346261430293214,-0.9480143968587036,0.0441589914124582,-0.45794020287029,0.84013661138261,0.04919279939204818,-0.00468286639,0.00995177962,0.825,31,9,support_safe_target_policy_draw,100,data/Z_true.pt,0.0231605060398578,0.7212809324264526,0.7212809324264526,0.0433849271945883,1.6627693176269531,1610,400,400,400,1.0,3.252358709460168e-05,21.67804908752441,382.4600789349288,5.946624279022217,0.1694581508636474,0.7889919281005859,15.023826599121094,8.761436377393785,8.761436377393785,0.0193413663655519,400,400,400
32_b0,0.0519587542760727,0.0447561472994857,0.0981906950473785,-0.0259119100277894,0.5553539143290647,1.1974904784954234,-0.0509636641606009,0.973734294754,0.973734294754,0.06308590411647753,0.000171225984,0.0120129213,0.0,32,0,fixed_config,100,data/Z_true.pt,0.0102928336709737,0.409585177898407,0.409585177898407,0.0067785754222606,0.0135414758697152,1609,400,400,400,1.0,3.281848661274012e-05,20.714357376098636,381.5831509646021,5.944328784942627,0.1711009442806244,0.778732180595398,14.784015655517578,9.436106591840002,9.436106591840002,0.0181325785815715,400,400,400
32_b1,0.0123600902116739,0.0105046439566649,0.0251363068819046,0.0013927973876707,0.9719431475990256,1.0829262274472031,-0.0090139727258601,0.9641915410949,0.9755540511425,0.05968795399103533,-0.00154442585,0.0109606665,0.025,32,1,fixed_config,100,data/Z_true.pt,0.0015775867504999,0.3649852275848388,0.3649852275848388,0.0067785754222606,0.0135414758697152,1609,400,400,400,1.0,3.281848661274012e-05,20.714357376098636,381.5831509646021,5.944328784942627,0.1711009442806244,0.778732180595398,14.784015655517578,9.436106591840002,9.436106591840002,0.0181325785815715,400,400,400
32_b2,0.021217792626417,0.0181054366531316,0.0442211478948593,0.0106222738081123,0.9502607657173324,1.2030303639889433,-0.0159544197691043,1.01691346765537,1.02360988000537,0.05984491846178411,-0.00190628693,0.0107195536,0.01,32,2,fixed_config,100,data/Z_true.pt,0.0018661150243133,0.3679627478122711,0.3679627478122711,0.0067785754222606,0.0135414758697152,1609,400,400,400,1.0,3.281848661274012e-05,20.714357376098636,381.5831509646021,5.944328784942627,0.1711009442806244,0.778732180595398,14.784015655517578,9.436106591840002,9.436106591840002,0.0181325785815715,400,400,400
32_b3,0.0144619901368197,0.0121966801889357,0.0293840765953063,0.0031202565060812,0.9612673978044464,1.115189312526619,-0.0117858597198168,0.991777460809,0.996266315473,0.06121335952245514,-0.00108178926,0.0119599942,0.01,32,3,fixed_config,100,data/Z_true.pt,0.0023143868893384,0.3659342527389526,0.3659342527389526,0.0067785754222606,0.0135414758697152,1609,400,400,400,1.0,3.281848661274012e-05,20.714357376098636,381.5831509646021,5.944328784942627,0.1711009442806244,0.778732180595398,14.784015655517578,9.436106591840002,9.436106591840002,0.0181325785815715,400,400,400
32_b4,0.0488954909598551,0.041412091426755,0.0971302390098571,-0.031277156946453,0.6752206785036481,0.9582711087512716,-0.0259510489605077,0.9470333309240899,0.97614780458717,0.0785204770041858,-0.000966131454,0.0185724553,0.1425,32,4,support_safe_target_policy_draw,100,data/Z_true.pt,0.0082835108041763,0.3996323049068451,0.3996323049068451,0.0067785754222606,0.0135414758697152,1609,400,400,400,1.0,3.281848661274012e-05,20.714357376098636,381.5831509646021,5.944328784942627,0.1711009442806244,0.778732180595398,14.784015655517578,9.436106591840002,9.436106591840002,0.0181325785815715,400,400,400
32_b5,0.0184129981367872,0.0154499699408188,0.0397355705499649,0.0077671694615855,0.960960498091031,1.178048338316232,-0.0149134573055317,0.9969962825154,1.0007409466486,0.05853939570814964,-0.00111741328,0.00976413209,0.01,32,5,support_safe_target_policy_draw,100,data/Z_true.pt,0.0036904255393892,0.3672514855861664,0.3672514855861664,0.0067785754222606,0.0135414758697152,1609,400,400,400,1.0,3.281848661274012e-05,20.714357376098636,381.5831509646021,5.944328784942627,0.1711009442806244,0.778732180595398,14.784015655517578,9.436106591840002,9.436106591840002,0.0181325785815715,400,400,400
32_b6,0.0185781130793019,0.016001511903014,0.037788987159729,0.0019877502997405,0.933606268970388,1.1265513922976895,-0.013795983798541,0.97957523731,0.980200511454,0.057184833688319836,-0.000312637072,0.0102734361,0.0025,32,6,support_safe_target_policy_draw,100,data/Z_true.pt,0.0023863618262112,0.3693092167377472,0.3693092167377472,0.0067785754222606,0.0135414758697152,1609,400,400,400,1.0,3.281848661274012e-05,20.714357376098636,381.5831509646021,5.944328784942627,0.1711009442806244,0.778732180595398,14.784015655517578,9.436106591840002,9.436106591840002,0.0181325785815715,400,400,400
32_b7,0.0189181449021255,0.0159294456976931,0.0399813950061798,0.0029490689199883,0.9271894483818872,1.1124230898147345,-0.0116169982784405,0.9996260421592,1.0082238773592,0.07059376674531141,-0.000894524157,0.0141500365,0.0275,32,7,support_safe_target_policy_draw,100,data/Z_true.pt,0.0105469357222318,0.3689068853855133,0.3689068853855133,0.0067785754222606,0.0135414758697152,1609,400,400,400,1.0,3.281848661274012e-05,20.714357376098636,381.5831509646021,5.944328784942627,0.1711009442806244,0.778732180595398,14.784015655517578,9.436106591840002,9.436106591840002,0.0181325785815715,400,400,400
32_b8,0.0139136890381126,0.0110499347152654,0.0316138416528701,0.0092673703131731,0.9895769481372896,1.1571049077979532,-0.0109136622580932,0.9960946989903301,1.04357174767813,0.06747014754915777,-0.00196892535,0.0123141138,0.0925,32,8,support_safe_target_policy_draw,100,data/Z_true.pt,0.0074788844212889,0.364614874124527,0.364614874124527,0.0067785754222606,0.0135414758697152,1609,400,400,400,1.0,3.281848661274012e-05,20.714357376098636,381.5831509646021,5.944328784942627,0.1711009442806244,0.778732180595398,14.784015655517578,9.436106591840002,9.436106591840002,0.0181325785815715,400,400,400
32_b9,0.0207957459104797,0.0177106435172027,0.0424626618623733,0.0050291079474845,0.9300783451190522,1.1443400984594414,-0.0135188250907148,1.0102638431817,1.0162218329041,0.0644032916486056,-0.0012339158,0.0114869531,0.0275,32,9,support_safe_target_policy_draw,100,data/Z_true.pt,0.0039209579117596,0.3684520721435547,0.3684520721435547,0.0067785754222606,0.0135414758697152,1609,400,400,400,1.0,3.281848661274012e-05,20.714357376098636,381.5831509646021,5.944328784942627,0.1711009442806244,0.778732180595398,14.784015655517578,9.436106591840002,9.436106591840002,0.0181325785815715,400,400,400
33_b0,0.047721390155594,0.0401564716326538,0.0951767265796661,-0.0307686406897846,0.663559039229884,0.9522155619206202,-0.0247071636846189,0.8802507898561001,0.8894645834136999,0.06573329353067991,-0.000665455242,0.0138931638,0.0575,33,0,fixed_config,100,data/Z_true.pt,0.0088725974783301,0.3937760591506958,0.3937760591506958,0.0092948821287147,0.0217049196362495,1608,400,400,400,1.0,5.250767833331338e-05,8.727137565612793,376.50527018711045,5.93093204498291,0.2739218473434448,0.8092125058174133,14.885623931884766,14.777351666705018,14.777351666705018,0.0185365993529558,400,400,400
33_b1,0.0141943764814824,0.0118607358096051,0.0321856141090393,0.0040853959022206,0.9703935304550144,1.128977990489067,-0.0121006086712957,0.96257284805755,0.9636174841855499,0.056506031607107175,-0.000272037229,0.00841121469,0.005,33,1,fixed_config,100,data/Z_true.pt,0.0023129591718316,0.3656549453735351,0.3656549453735351,0.0092948821287147,0.0217049196362495,1608,400,400,400,1.0,5.250767833331338e-05,8.727137565612793,376.50527018711045,5.93093204498291,0.2739218473434448,0.8092125058174133,14.885623931884766,14.777351666705018,14.777351666705018,0.0185365993529558,400,400,400
33_b2,0.0175485962537446,0.0148646732035558,0.0364751517772674,0.0075489192444365,0.9630520897993344,1.177826911474313,-0.0157286400485814,0.98912575022101,0.9896669443309899,0.05826092101909454,-0.000195595669,0.00951485056,0.0075,33,2,fixed_config,100,data/Z_true.pt,0.0030229547992348,0.3659556806087494,0.3659556806087494,0.0092948821287147,0.0217049196362495,1608,400,400,400,1.0,5.250767833331338e-05,8.727137565612793,376.50527018711045,5.93093204498291,0.2739218473434448,0.8092125058174133,14.885623931884766,14.777351666705018,14.777351666705018,0.0185365993529558,400,400,400
33_b3,0.0156193446166811,0.0131747289636405,0.03253173828125,0.0041696263075573,0.9622754341993248,1.1627143428839568,-0.0168864843111113,0.9679549414301001,0.9681386296739001,0.05596186236719788,-5.18175075e-05,0.00895735156,0.005,33,3,fixed_config,100,data/Z_true.pt,0.0039101708680391,0.3664101958274841,0.3664101958274841,0.0092948821287147,0.0217049196362495,1608,400,400,400,1.0,5.250767833331338e-05,8.727137565612793,376.50527018711045,5.93093204498291,0.2739218473434448,0.8092125058174133,14.885623931884766,14.777351666705018,14.777351666705018,0.0185365993529558,400,400,400
33_b4,0.0570108632871943,0.0494484268355881,0.1198721379041671,-0.0123767325835069,0.5413283354373829,1.7424392326524256,-0.1071386926494763,1.107199973167,1.107199973167,0.06746358859786776,0.000454081455,0.0104852738,0.0,33,4,support_safe_target_policy_draw,100,data/Z_true.pt,0.022324800491333,0.4340152144432068,0.4340152144432068,0.0092948821287147,0.0217049196362495,1608,400,400,400,1.0,5.250767833331338e-05,8.727137565612793,376.50527018711045,5.93093204498291,0.2739218473434448,0.8092125058174133,14.885623931884766,14.777351666705018,14.777351666705018,0.0185365993529558,400,400,400
33_b5,0.0112057500159706,0.0094040248205419,0.0258054956793785,-0.0018065902253147,0.9760458114055252,1.0517833962226728,-0.0084030004674266,0.9472699484121,0.9488703987841,0.05875608558509253,-0.000299537322,0.00958809629,0.01,33,5,support_safe_target_policy_draw,100,data/Z_true.pt,0.0024388544261455,0.3640845417976379,0.3640845417976379,0.0092948821287147,0.0217049196362495,1608,400,400,400,1.0,5.250767833331338e-05,8.727137565612793,376.50527018711045,5.93093204498291,0.2739218473434448,0.8092125058174133,14.885623931884766,14.777351666705018,14.777351666705018,0.0185365993529558,400,400,400
33_b6,0.0148325997623761,0.0127012489875778,0.0285434424877166,-0.0010134026920422,0.9506258082569488,1.0412258174892846,-0.0061551662824776,0.9924310333640001,0.9924310333640001,0.06156083526192386,0.000202238094,0.010649926,0.0,33,6,support_safe_target_policy_draw,100,data/Z_true.pt,0.0018207284156233,0.366956502199173,0.366956502199173,0.0092948821287147,0.0217049196362495,1608,400,400,400,1.0,5.250767833331338e-05,8.727137565612793,376.50527018711045,5.93093204498291,0.2739218473434448,0.8092125058174133,14.885623931884766,14.777351666705018,14.777351666705018,0.0185365993529558,400,400,400
33_b7,0.0185998781168978,0.0156705161649733,0.0361988022923469,-0.0016564442403614,0.9187672460923793,1.0344000491225969,-0.0061134772926884,0.9988407455901,0.9995071851239,0.06718245277506579,-0.000174800633,0.0133823976,0.0075,33,7,support_safe_target_policy_draw,100,data/Z_true.pt,0.0054673794656991,0.3690702021121979,0.3690702021121979,0.0092948821287147,0.0217049196362495,1608,400,400,400,1.0,5.250767833331338e-05,8.727137565612793,376.50527018711045,5.93093204498291,0.2739218473434448,0.8092125058174133,14.885623931884766,14.777351666705018,14.777351666705018,0.0185365993529558,400,400,400
33_b8,0.0133549029276951,0.0107194706075824,0.0322066694498062,0.0059130772924982,0.9810688951629228,1.1474119732646486,-0.0130228418684389,0.95615921886378,0.98468346225698,0.06112951886961235,-0.00159569411,0.012280507,0.065,33,8,support_safe_target_policy_draw,100,data/Z_true.pt,0.0054484116844832,0.3654041290283203,0.3654041290283203,0.0092948821287147,0.0217049196362495,1608,400,400,400,1.0,5.250767833331338e-05,8.727137565612793,376.50527018711045,5.93093204498291,0.2739218473434448,0.8092125058174133,14.885623931884766,14.777351666705018,14.777351666705018,0.0185365993529558,400,400,400
33_b9,0.0188832544620415,0.0161716403148602,0.0398883074522018,0.0043410313467029,0.9411054109522808,1.127913366231794,-0.0120960403809754,1.0114927066341,1.0120308592761,0.06424477134028804,-0.000269076321,0.0127411969,0.0025,33,9,support_safe_target_policy_draw,100,data/Z_true.pt,0.0043600369244813,0.3670541644096374,0.3670541644096374,0.0092948821287147,0.0217049196362495,1608,400,400,400,1.0,5.250767833331338e-05,8.727137565612793,376.50527018711045,5.93093204498291,0.2739218473434448,0.8092125058174133,14.885623931884766,14.777351666705018,14.777351666705018,0.0185365993529558,400,400,400
34_b0,0.0499319774261564,0.042946881300013,0.094358429312706,-0.022729845738213,0.5731862966269161,1.2152173775415296,-0.0500302648184363,1.0032408986654,1.0036412481634,0.06590210338421398,-0.000200174749,0.0119586671,0.0025,34,0,fixed_config,100,data/Z_true.pt,0.0127670941874384,0.4074903130531311,0.4074903130531311,0.006140136444227,0.0147462347522377,1609,400,400,400,1.0,3.0345996886893545e-05,24.273778915405277,382.6204167993051,5.947043418884277,0.1582104861736297,0.779478132724762,14.86520004272461,8.562617764386244,8.562617764386244,0.0184768829494714,400,400,400
34_b1,0.0148593483823104,0.0125907049898523,0.0346384048461914,0.0007916299521457,0.962902062394202,1.126426844746227,-0.0150742203337689,0.9251634949806,0.9374799133382,0.05646821636297919,-0.0030593446,0.0101710241,0.0175,34,1,fixed_config,100,data/Z_true.pt,0.004176465794444,0.3670252561569214,0.3670252561569214,0.006140136444227,0.0147462347522377,1609,400,400,400,1.0,3.0345996886893545e-05,24.273778915405277,382.6204167993051,5.947043418884277,0.1582104861736297,0.779478132724762,14.86520004272461,8.562617764386244,8.562617764386244,0.0184768829494714,400,400,400
34_b2,0.0224798458940398,0.0180913154385052,0.049976497888565,0.0137454763357527,0.9630262032620316,1.243539870199578,-0.0181339153816446,1.03158357644021,1.04009445800339,0.06224822879585672,-0.00205554464,0.00961799361,0.015,34,2,fixed_config,100,data/Z_true.pt,0.0039920266717672,0.3677948415279388,0.3677948415279388,0.006140136444227,0.0147462347522377,1609,400,400,400,1.0,3.0345996886893545e-05,24.273778915405277,382.6204167993051,5.947043418884277,0.1582104861736297,0.779478132724762,14.86520004272461,8.562617764386244,8.562617764386244,0.0184768829494714,400,400,400
34_b3,0.0170317637469621,0.0140224618249339,0.0396194458007812,0.0031299345038132,0.9512812387691464,1.1673829125359851,-0.0185303141231081,0.9727231225633,0.9813577950651,0.059533483507005526,-0.00226749526,0.00948411878,0.02,34,3,fixed_config,100,data/Z_true.pt,0.0049137966707348,0.367816150188446,0.367816150188446,0.006140136444227,0.0147462347522377,1609,400,400,400,1.0,3.0345996886893545e-05,24.273778915405277,382.6204167993051,5.947043418884277,0.1582104861736297,0.779478132724762,14.86520004272461,8.562617764386244,8.562617764386244,0.0184768829494714,400,400,400
34_b4,0.0521874609326026,0.0450696458859602,0.0999897271394729,-0.0278773665014887,0.6139192957029086,1.1874359483109624,-0.0518009377078688,0.91769930686054,0.92351760366634,0.06267337499129048,-0.000685145962,0.0130638722,0.0175,34,4,support_safe_target_policy_draw,100,data/Z_true.pt,0.0095538320019841,0.4074288010597229,0.4074288010597229,0.006140136444227,0.0147462347522377,1609,400,400,400,1.0,3.0345996886893545e-05,24.273778915405277,382.6204167993051,5.947043418884277,0.1582104861736297,0.779478132724762,14.86520004272461,8.562617764386244,8.562617764386244,0.0184768829494714,400,400,400
34_b5,0.0124395233477135,0.0105054080416448,0.0284125208854675,-0.0004095015139319,0.9759781767476268,1.1181200271023726,-0.0154561808245383,0.9197247666869,0.9375403218369,0.05729919193345205,-0.00241383049,0.0109043252,0.0275,34,5,support_safe_target_policy_draw,100,data/Z_true.pt,0.0050678653642535,0.3657463490962982,0.3657463490962982,0.006140136444227,0.0147462347522377,1609,400,400,400,1.0,3.0345996886893545e-05,24.273778915405277,382.6204167993051,5.947043418884277,0.1582104861736297,0.779478132724762,14.86520004272461,8.562617764386244,8.562617764386244,0.0184768829494714,400,400,400
34_b6,0.0241867655483567,0.019343852243619,0.0571450740098953,0.014286526030628,0.9458572421839708,1.2350245918694105,-0.0150261950487091,1.070998880179,1.072001629607,0.06251436059485721,-0.000501374714,0.00968224462,0.0025,34,6,support_safe_target_policy_draw,100,data/Z_true.pt,0.0049680490046739,0.3713409006595611,0.3713409006595611,0.006140136444227,0.0147462347522377,1609,400,400,400,1.0,3.0345996886893545e-05,24.273778915405277,382.6204167993051,5.947043418884277,0.1582104861736297,0.779478132724762,14.86520004272461,8.562617764386244,8.562617764386244,0.0184768829494714,400,400,400
34_b7,0.0200127733259332,0.0159150671970564,0.0465242564678192,0.007844645580044,0.9360322028790692,1.1529713150145189,-0.0119750414398148,1.0230996517267,1.0320847150359,0.06637901520014096,-0.00243353262,0.0120631084,0.02,34,7,support_safe_target_policy_draw,100,data/Z_true.pt,0.0059097586199641,0.3694376647472381,0.3694376647472381,0.006140136444227,0.0147462347522377,1609,400,400,400,1.0,3.0345996886893545e-05,24.273778915405277,382.6204167993051,5.947043418884277,0.1582104861736297,0.779478132724762,14.86520004272461,8.562617764386244,8.562617764386244,0.0184768829494714,400,400,400
34_b8,0.0151643651615893,0.0125634373771026,0.0362998843193054,0.0039521661587059,0.9657355951392588,1.1399458731429204,-0.0140246893303902,0.95841959479117,0.97808978552817,0.06089934591128898,-0.0012645775,0.0103632249,0.04,34,8,support_safe_target_policy_draw,100,data/Z_true.pt,0.0048779668286442,0.3673158884048462,0.3673158884048462,0.006140136444227,0.0147462347522377,1609,400,400,400,1.0,3.0345996886893545e-05,24.273778915405277,382.6204167993051,5.947043418884277,0.1582104861736297,0.779478132724762,14.86520004272461,8.562617764386244,8.562617764386244,0.0184768829494714,400,400,400
34_b9,0.0208321440335542,0.0170067362190457,0.0485194772481918,0.0107165965921012,0.9572373624341044,1.2000495579765835,-0.0149900909138221,1.0258841701709,1.0388733461417,0.06531759681125907,-0.00255905138,0.0111530982,0.0225,34,9,support_safe_target_policy_draw,100,data/Z_true.pt,0.0054278327152132,0.3675094544887543,0.3675094544887543,0.006140136444227,0.0147462347522377,1609,400,400,400,1.0,3.0345996886893545e-05,24.273778915405277,382.6204167993051,5.947043418884277,0.1582104861736297,0.779478132724762,14.86520004272461,8.562617764386244,8.562617764386244,0.0184768829494714,400,400,400
35_b0,0.045009951851729,0.0383519823898677,0.0893967449665069,-0.0221911935371463,0.6448244427002945,1.085321902861203,-0.0330143144739463,0.99441759356859,0.9963402196183899,0.07446908976227941,-0.000355227152,0.0140392166,0.0175,35,0,fixed_config,100,data/Z_true.pt,0.0068832756951451,0.3979394435882568,0.3979394435882568,0.0089800451495172,0.0162035077810287,1609,400,400,400,1.0,5.307499085915879e-05,8.536474227905273,376.8693568747154,5.931898593902588,0.2767093181610107,0.8084684014320374,14.886089324951172,15.256321953109133,15.256321953109133,0.0181373544037342,400,400,400
35_b1,0.0156722810704596,0.0123268585948972,0.0364877730607986,0.0113245929108234,0.9937186355408684,1.1942930699192964,-0.0130580828185122,0.9926159357689001,0.9935635555571,0.05890365016856629,-0.000229467638,0.010547718,0.0075,35,1,fixed_config,100,data/Z_true.pt,0.004633312113583,0.3648225665092468,0.3648225665092468,0.0089800451495172,0.0162035077810287,1609,400,400,400,1.0,5.307499085915879e-05,8.536474227905273,376.8693568747154,5.931898593902588,0.2767093181610107,0.8084684014320374,14.886089324951172,15.256321953109133,15.256321953109133,0.0181373544037342,400,400,400
35_b2,0.0194813430729131,0.0162372782255988,0.0412601232528686,0.0130715743277687,0.9817773118216634,1.2314625093714329,-0.0172268897311008,1.0068269084221,1.0068269084221,0.06189258159421357,5.93182631e-05,0.0124195041,0.0,35,2,fixed_config,100,data/Z_true.pt,0.0038555033970624,0.3657070100307464,0.3657070100307464,0.0089800451495172,0.0162035077810287,1609,400,400,400,1.0,5.307499085915879e-05,8.536474227905273,376.8693568747154,5.931898593902588,0.2767093181610107,0.8084684014320374,14.886089324951172,15.256321953109133,15.256321953109133,0.0181373544037342,400,400,400
35_b3,0.0202932334345159,0.0160651126707671,0.0451686531305313,0.0143795854999916,0.9849878448929692,1.2560640567024544,-0.0187564798758623,1.007804340061,1.007804340061,0.06017445196457727,0.000273952028,0.0118544381,0.0,35,3,fixed_config,100,data/Z_true.pt,0.0062488815747201,0.3668491244316101,0.3668491244316101,0.0089800451495172,0.0162035077810287,1609,400,400,400,1.0,5.307499085915879e-05,8.536474227905273,376.8693568747154,5.931898593902588,0.2767093181610107,0.8084684014320374,14.886089324951172,15.256321953109133,15.256321953109133,0.0181373544037342,400,400,400
35_b4,0.0457172086188999,0.0388993992458563,0.0906622186303138,-0.0283785472938325,0.7057805402945757,0.965832145974402,-0.0240174997140242,0.95876731270245,0.9649376320938501,0.08075162083953914,-0.000605838839,0.0191685371,0.0425,35,4,support_safe_target_policy_draw,100,data/Z_true.pt,0.0064984215423464,0.396871417760849,0.396871417760849,0.0089800451495172,0.0162035077810287,1609,400,400,400,1.0,5.307499085915879e-05,8.536474227905273,376.8693568747154,5.931898593902588,0.2767093181610107,0.8084684014320374,14.886089324951172,15.256321953109133,15.256321953109133,0.0181373544037342,400,400,400
35_b5,0.0103944615792526,0.0082582319318316,0.0239485502243042,0.0060957670607604,0.994882708227662,1.1386036527862298,-0.01156021191176,0.9708270083341901,0.97260378251541,0.06149049275334028,-0.000434752554,0.0118110282,0.01,35,5,support_safe_target_policy_draw,100,data/Z_true.pt,0.0036678533069789,0.3632020950317383,0.3632020950317383,0.0089800451495172,0.0162035077810287,1609,400,400,400,1.0,5.307499085915879e-05,8.536474227905273,376.8693568747154,5.931898593902588,0.2767093181610107,0.8084684014320374,14.886089324951172,15.256321953109133,15.256321953109133,0.0181373544037342,400,400,400
35_b6,0.0153902403205836,0.013076045011403,0.0312738195061683,-8.630904485471547e-05,0.9510688754444344,1.0865353706835414,-0.0108791676311303,0.9914365002108,0.9918798698260001,0.06421560886818223,-0.000173937529,0.0119652301,0.005,35,6,support_safe_target_policy_draw,100,data/Z_true.pt,0.0042969249188899,0.3673751056194305,0.3673751056194305,0.0089800451495172,0.0162035077810287,1609,400,400,400,1.0,5.307499085915879e-05,8.536474227905273,376.8693568747154,5.931898593902588,0.2767093181610107,0.8084684014320374,14.886089324951172,15.256321953109133,15.256321953109133,0.0181373544037342,400,400,400
35_b7,0.0161182073899176,0.0135863626294303,0.0351738184690475,0.0035925788001623,0.948341934453395,1.097196466401695,-0.009000655057669,1.0209409294240999,1.0293140502204998,0.07285897608995867,-0.000970833469,0.0129689155,0.03,35,7,support_safe_target_policy_draw,100,data/Z_true.pt,0.007835766300559,0.3674247860908508,0.3674247860908508,0.0089800451495172,0.0162035077810287,1609,400,400,400,1.0,5.307499085915879e-05,8.536474227905273,376.8693568747154,5.931898593902588,0.2767093181610107,0.8084684014320374,14.886089324951172,15.256321953109133,15.256321953109133,0.0181373544037342,400,400,400
35_b8,0.0203121997791035,0.016584776979871,0.0437651872634887,0.0154054944100789,0.986661738888692,1.2177758898444693,-0.0125690761351004,1.0261120033801872,1.040983005329013,0.0633076158644136,-0.00128946546,0.0109961946,0.0375,35,8,support_safe_target_policy_draw,100,data/Z_true.pt,0.0066169574856758,0.3661947250366211,0.3661947250366211,0.0089800451495172,0.0162035077810287,1609,400,400,400,1.0,5.307499085915879e-05,8.536474227905273,376.8693568747154,5.931898593902588,0.2767093181610107,0.8084684014320374,14.886089324951172,15.256321953109133,15.256321953109133,0.0181373544037342,400,400,400
35_b9,0.0190862719663164,0.0158314542169682,0.0405134409666061,0.0093062739656306,0.9606857597840924,1.1759821631686258,-0.0133077148926792,1.0239151874834,1.0264682397526,0.06679835601047529,-0.00035443902,0.0126647344,0.0175,35,9,support_safe_target_policy_draw,100,data/Z_true.pt,0.0047525926493108,0.3660253882408142,0.3660253882408142,0.0089800451495172,0.0162035077810287,1609,400,400,400,1.0,5.307499085915879e-05,8.536474227905273,376.8693568747154,5.931898593902588,0.2767093181610107,0.8084684014320374,14.886089324951172,15.256321953109133,15.256321953109133,0.0181373544037342,400,400,400
36_b0,0.0489941573131513,0.0421336940815672,0.0947952717542648,-0.0250844009174034,0.6010356119260146,1.1367841049200014,-0.0424355248391168,0.9305653140701,0.9306282437693,0.06254800040893706,-3.14648496e-05,0.0125696994,0.0025,36,0,fixed_config,100,data/Z_true.pt,0.0065163047984242,0.4004071950912475,0.4004071950912475,0.0089605718349761,0.0157183706760406,1610,400,400,400,1.0,4.4309994962077326e-05,11.835798263549805,379.1681211619491,5.937979698181152,0.2308690547943115,0.7942633628845215,14.849554061889648,12.417431768026317,12.417431768026317,0.0185923352837562,400,400,400
36_b1,0.0115889664834976,0.0095939431892475,0.0269314497709274,0.0042418112332234,0.9835301702648208,1.1238288280932072,-0.0112980027323206,0.96234435138497,0.97640838693503,0.06109640380710395,-0.00148120383,0.0124716274,0.0275,36,1,fixed_config,100,data/Z_true.pt,0.0032669857610017,0.3646250367164612,0.3646250367164612,0.0089605718349761,0.0157183706760406,1610,400,400,400,1.0,4.4309994962077326e-05,11.835798263549805,379.1681211619491,5.937979698181152,0.2308690547943115,0.7942633628845215,14.849554061889648,12.417431768026317,12.417431768026317,0.0185923352837562,400,400,400
36_b2,0.0139229968800096,0.0116733776871114,0.0286877304315567,0.0063393660075962,0.9792998030299008,1.1555266611355397,-0.0140190884367445,0.9670226748449,0.9815829588289,0.06109321487720785,-0.00145254657,0.0127675068,0.04,36,2,fixed_config,100,data/Z_true.pt,0.0028901007026433,0.364175409078598,0.364175409078598,0.0089605718349761,0.0157183706760406,1610,400,400,400,1.0,4.4309994962077326e-05,11.835798263549805,379.1681211619491,5.937979698181152,0.2308690547943115,0.7942633628845215,14.849554061889648,12.417431768026317,12.417431768026317,0.0185923352837562,400,400,400
36_b3,0.0147200849225991,0.011892007018032,0.0322641283273696,0.0064520617420203,0.9720062652429636,1.1527145053086758,-0.0133100161415992,1.003634273672,1.008265911218,0.06354939142242932,-0.00134349056,0.0131507441,0.0125,36,3,fixed_config,100,data/Z_true.pt,0.0034146970137953,0.3656399548053741,0.3656399548053741,0.0089605718349761,0.0157183706760406,1610,400,400,400,1.0,4.4309994962077326e-05,11.835798263549805,379.1681211619491,5.937979698181152,0.2308690547943115,0.7942633628845215,14.849554061889648,12.417431768026317,12.417431768026317,0.0185923352837562,400,400,400
36_b4,0.0514532781867504,0.0449524812406161,0.0965393632650375,-0.0216118263412499,0.5981931799945618,1.3076978221204365,-0.0608851398325009,0.9951165553006001,0.9960019190848,0.0679047967283864,-0.000156785536,0.0136511549,0.0125,36,4,support_safe_target_policy_draw,100,data/Z_true.pt,0.010263736359775,0.4120920300483703,0.4120920300483703,0.0089605718349761,0.0157183706760406,1610,400,400,400,1.0,4.4309994962077326e-05,11.835798263549805,379.1681211619491,5.937979698181152,0.2308690547943115,0.7942633628845215,14.849554061889648,12.417431768026317,12.417431768026317,0.0185923352837562,400,400,400
36_b5,0.0085259708036148,0.0070285563543438,0.0195990353822708,0.0035199229139834,0.9926206550565616,1.100013365792949,-0.0092202455297355,0.9652155686501,0.9795461811474999,0.06426855266709539,-0.00167487003,0.0132206194,0.0375,36,5,support_safe_target_policy_draw,100,data/Z_true.pt,0.0053293267264962,0.3630686998367309,0.3630686998367309,0.0089605718349761,0.0157183706760406,1610,400,400,400,1.0,4.4309994962077326e-05,11.835798263549805,379.1681211619491,5.937979698181152,0.2308690547943115,0.7942633628845215,14.849554061889648,12.417431768026317,12.417431768026317,0.0185923352837562,400,400,400
36_b6,0.0141608245770718,0.0118689811986405,0.0324875265359878,-0.0038918664504308,0.9569012934770836,1.019632537700391,-0.0063404744752918,0.9641746664019999,0.9645775057899999,0.06015097961264318,-0.000201419694,0.0110982629,0.0025,36,6,support_safe_target_policy_draw,100,data/Z_true.pt,0.0021716125775128,0.3662406802177429,0.3662406802177429,0.0089605718349761,0.0157183706760406,1610,400,400,400,1.0,4.4309994962077326e-05,11.835798263549805,379.1681211619491,5.937979698181152,0.2308690547943115,0.7942633628845215,14.849554061889648,12.417431768026317,12.417431768026317,0.0185923352837562,400,400,400
36_b7,0.0112238495424989,0.0090826984960585,0.0256356000900268,-0.0029982519289478,0.9710896110320174,0.9927811130649016,-0.0020629387973858,0.99206015290457,0.99745764638717,0.07277835888334817,-0.000715071801,0.0163365602,0.0325,36,7,support_safe_target_policy_draw,100,data/Z_true.pt,0.0054923081770539,0.3646391034126282,0.3646391034126282,0.0089605718349761,0.0157183706760406,1610,400,400,400,1.0,4.4309994962077326e-05,11.835798263549805,379.1681211619491,5.937979698181152,0.2308690547943115,0.7942633628845215,14.849554061889648,12.417431768026317,12.417431768026317,0.0185923352837562,400,400,400
36_b8,0.0180369256709909,0.0148791326046921,0.0396567583084106,0.0108143298444338,0.9745931700214906,1.1873816308223206,-0.0132559226249898,1.0172511409640501,1.03195234069915,0.06502293018477756,-0.00154039986,0.01158961,0.0325,36,8,support_safe_target_policy_draw,100,data/Z_true.pt,0.0060690203681588,0.3671165108680725,0.3671165108680725,0.0089605718349761,0.0157183706760406,1610,400,400,400,1.0,4.4309994962077326e-05,11.835798263549805,379.1681211619491,5.937979698181152,0.2308690547943115,0.7942633628845215,14.849554061889648,12.417431768026317,12.417431768026317,0.0185923352837562,400,400,400
36_b9,0.0115776664354073,0.009639045347576,0.0261101350188255,-0.0013458697340684,0.9744386130967022,1.0585430318222104,-0.0088687427657551,0.9517568555842999,0.9649048596587,0.06622769164220177,-0.00076156389,0.0142809656,0.045,36,9,support_safe_target_policy_draw,100,data/Z_true.pt,0.003684286493808,0.3629440069198608,0.3629440069198608,0.0089605718349761,0.0157183706760406,1610,400,400,400,1.0,4.4309994962077326e-05,11.835798263549805,379.1681211619491,5.937979698181152,0.2308690547943115,0.7942633628845215,14.849554061889648,12.417431768026317,12.417431768026317,0.0185923352837562,400,400,400
37_b0,0.0529458774056494,0.0451943812210811,0.1011462807655334,-0.0350553223182214,0.6005514361299171,0.941853601377464,-0.0276794260568025,0.88300685786777,0.8832177994042301,0.05994469279520011,-7.20864628e-05,0.0109434053,0.0075,37,0,fixed_config,100,data/Z_true.pt,0.004389900714159,0.4013727307319641,0.4013727307319641,0.007292836810202,0.0129519682377576,1609,400,400,400,1.0,4.06603979925535e-05,13.768058776855469,379.9695557705589,5.940091133117676,0.211985170841217,0.7865780591964722,14.786584854125977,11.32114926971717,11.32114926971717,0.0187247041612863,400,400,400
37_b1,0.0151884566928682,0.0121707156480988,0.0356752574443817,0.0091913102107355,0.9839908926240528,1.1693624874740018,-0.012062719150721,0.989273494973,0.989273494973,0.05601113498968001,0.000308753457,0.0101521248,0.0,37,1,fixed_config,100,data/Z_true.pt,0.0037530832923948,0.3650297522544861,0.3650297522544861,0.007292836810202,0.0129519682377576,1609,400,400,400,1.0,4.06603979925535e-05,13.768058776855469,379.9695557705589,5.940091133117676,0.211985170841217,0.7865780591964722,14.786584854125977,11.32114926971717,11.32114926971717,0.0187247041612863,400,400,400
37_b2,0.0209169103603365,0.0174450600298587,0.0442056655883789,0.01325170951779,0.9701008787929568,1.2260964595825716,-0.0163443381233736,1.0187904505967,1.0205970031187,0.05872214589082469,-0.000394425122,0.0101974057,0.0075,37,2,fixed_config,100,data/Z_true.pt,0.0036066188476979,0.3664081692695617,0.3664081692695617,0.007292836810202,0.0129519682377576,1609,400,400,400,1.0,4.06603979925535e-05,13.768058776855469,379.9695557705589,5.940091133117676,0.211985170841217,0.7865780591964722,14.786584854125977,11.32114926971717,11.32114926971717,0.0187247041612863,400,400,400
37_b3,0.0190515659040922,0.0153536548581905,0.0411340445280075,0.0105739386216737,0.966514572217084,1.2148914226419956,-0.017234166588694,1.0077243148896,1.0077548562164,0.057069627798872945,-1.52706634e-05,0.0109047834,0.0025,37,3,fixed_config,100,data/Z_true.pt,0.0044046188704669,0.3667855858802795,0.3667855858802795,0.007292836810202,0.0129519682377576,1609,400,400,400,1.0,4.06603979925535e-05,13.768058776855469,379.9695557705589,5.940091133117676,0.211985170841217,0.7865780591964722,14.786584854125977,11.32114926971717,11.32114926971717,0.0187247041612863,400,400,400
37_b4,0.0544971521604761,0.0461604926607105,0.1024213507771492,-0.0401772255927789,0.666149350649859,0.8404752556380836,-0.0198161282936079,0.83265185297986,0.83335883263674,0.060970807800229676,-0.000159591262,0.0138498619,0.0125,37,4,support_safe_target_policy_draw,100,data/Z_true.pt,0.0068642706610262,0.3990338146686554,0.3990338146686554,0.007292836810202,0.0129519682377576,1609,400,400,400,1.0,4.06603979925535e-05,13.768058776855469,379.9695557705589,5.940091133117676,0.211985170841217,0.7865780591964722,14.786584854125977,11.32114926971717,11.32114926971717,0.0187247041612863,400,400,400
37_b5,0.0122553823968143,0.0098535007832106,0.0268099159002304,0.0083037151361349,0.991602396690466,1.1283931491899308,-0.0080516023229898,1.0058805400111,1.0080901375111,0.06281613060584602,-0.000643318519,0.012753075,0.0075,37,5,support_safe_target_policy_draw,100,data/Z_true.pt,0.0038631395436823,0.3633793294429779,0.3633793294429779,0.007292836810202,0.0129519682377576,1609,400,400,400,1.0,4.06603979925535e-05,13.768058776855469,379.9695557705589,5.940091133117676,0.211985170841217,0.7865780591964722,14.786584854125977,11.32114926971717,11.32114926971717,0.0187247041612863,400,400,400
37_b6,0.0187207676689509,0.0160675363847985,0.0376684814691543,0.0011868043383583,0.9329259894145292,1.1330297945906094,-0.0154049286077954,0.977666486742,0.977666486742,0.05543891735330076,0.00031060609,0.00919688679,0.0,37,6,support_safe_target_policy_draw,100,data/Z_true.pt,0.0045624328777194,0.3695733249187469,0.3695733249187469,0.007292836810202,0.0129519682377576,1609,400,400,400,1.0,4.06603979925535e-05,13.768058776855469,379.9695557705589,5.940091133117676,0.211985170841217,0.7865780591964722,14.786584854125977,11.32114926971717,11.32114926971717,0.0187247041612863,400,400,400
37_b7,0.0186085438892013,0.0158258122694678,0.0366290658712387,-0.0034192915889434,0.9195462694147528,1.0208273353948911,-0.0061177796613326,1.005447189401,1.0082539285836,0.0670272068472713,-0.000648124027,0.0117979404,0.0125,37,7,support_safe_target_policy_draw,100,data/Z_true.pt,0.0058626262471079,0.3691791296005249,0.3691791296005249,0.007292836810202,0.0129519682377576,1609,400,400,400,1.0,4.06603979925535e-05,13.768058776855469,379.9695557705589,5.940091133117676,0.211985170841217,0.7865780591964722,14.786584854125977,11.32114926971717,11.32114926971717,0.0187247041612863,400,400,400
37_b8,0.0172500509867889,0.0139428873104043,0.0386497229337692,0.0121505826781503,0.9855070952835472,1.1842046857894744,-0.0115115728572969,1.0043104911510299,1.01054021809897,0.05976438307724845,-0.000814633677,0.00918718427,0.03,37,8,support_safe_target_policy_draw,100,data/Z_true.pt,0.0051781870424747,0.3655032813549042,0.3655032813549042,0.007292836810202,0.0129519682377576,1609,400,400,400,1.0,4.06603979925535e-05,13.768058776855469,379.9695557705589,5.940091133117676,0.211985170841217,0.7865780591964722,14.786584854125977,11.32114926971717,11.32114926971717,0.0187247041612863,400,400,400
37_b9,0.0172540574013708,0.0146127912431256,0.0353298485279083,0.005326749884407,0.9556627422833374,1.1351192590385766,-0.0120362905705145,0.9997038552686999,1.0032893872273,0.06204099348494604,-0.000566351635,0.0118039623,0.0175,37,9,support_safe_target_policy_draw,100,data/Z_true.pt,0.0046704746782779,0.3656401634216308,0.3656401634216308,0.007292836810202,0.0129519682377576,1609,400,400,400,1.0,4.06603979925535e-05,13.768058776855469,379.9695557705589,5.940091133117676,0.211985170841217,0.7865780591964722,14.786584854125977,11.32114926971717,11.32114926971717,0.0187247041612863,400,400,400
38_b0,0.1095086063319066,0.1026737693647737,0.1726580485701561,-0.1026666222253697,0.6011311388920747,0.2131015379982696,-0.0028482059263189,0.250710235648,0.6565904857572,0.0495831670113464,-0.00248366385,0.0101164617,0.5575,38,0,fixed_config,100,data/Z_true.pt,0.0063106641173362,0.4549800157546997,0.4549800157546997,0.1772708407053125,6.449446678161621,1610,400,400,400,1.0,4.957224586377152e-05,9.943521499633787,378.9382114497492,5.937373161315918,0.2582870423793793,0.8144655227661133,15.158147811889648,13.431702377525273,13.431702377525273,0.0192296579480171,400,400,400
38_b1,0.2388383656175723,0.2200266399979591,0.3910401612520218,-0.2200266399979591,-0.9852425668208452,-0.9666063265345336,0.0267712739321104,-0.5575101083513,0.7819733753437,0.044558650050077114,-0.00474421028,0.00660706265,0.86,38,1,fixed_config,100,data/Z_true.pt,0.0343474857509136,0.7668339014053345,0.7668339014053345,0.1772708407053125,6.449446678161621,1610,400,400,400,1.0,4.957224586377152e-05,9.943521499633787,378.9382114497492,5.937373161315918,0.2582870423793793,0.8144655227661133,15.158147811889648,13.431702377525273,13.431702377525273,0.0192296579480171,400,400,400
38_b2,0.2332551112827069,0.2164389021528768,0.3765920996665954,-0.2164389021528768,-0.8609532849513208,-0.9254282159745364,0.0355998308499805,-0.4714951599789,0.7774420216643,0.04549558371409062,-0.00501079299,0.00848902576,0.83,38,2,fixed_config,100,data/Z_true.pt,0.0304267462342977,0.729962944984436,0.729962944984436,0.1772708407053125,6.449446678161621,1610,400,400,400,1.0,4.957224586377152e-05,9.943521499633787,378.9382114497492,5.937373161315918,0.2582870423793793,0.8144655227661133,15.158147811889648,13.431702377525273,13.431702377525273,0.0192296579480171,400,400,400
38_b3,0.2299362418952272,0.2137058665868517,0.3705539107322693,-0.2137058665868517,-0.9390879837608744,-0.907314147111692,0.0331108365649828,-0.4489778585266,0.7353542213274,0.04264076571180575,-0.00436780276,0.00852986891,0.8375,38,3,fixed_config,100,data/Z_true.pt,0.0249771997332572,0.7214549779891968,0.7214549779891968,0.1772708407053125,6.449446678161621,1610,400,400,400,1.0,4.957224586377152e-05,9.943521499633787,378.9382114497492,5.937373161315918,0.2582870423793793,0.8144655227661133,15.158147811889648,13.431702377525273,13.431702377525273,0.0192296579480171,400,400,400
38_b4,0.1019866225886741,0.0953359444171655,0.1519543603062629,-0.0953359444171655,0.7328592458034671,0.2972012255195329,-0.0056335331318657,0.29380892087528,0.70921786295488,0.055530471464887765,-0.00220027566,0.0149515504,0.555,38,4,support_safe_target_policy_draw,100,data/Z_true.pt,0.0058897612616419,0.4424103498458862,0.4424103498458862,0.1772708407053125,6.449446678161621,1610,400,400,400,1.0,4.957224586377152e-05,9.943521499633787,378.9382114497492,5.937373161315918,0.2582870423793793,0.8144655227661133,15.158147811889648,13.431702377525273,13.431702377525273,0.0192296579480171,400,400,400
38_b5,0.2041847820680582,0.1875150625211972,0.3349263221025467,-0.1875150625211972,-0.8227611872169883,-0.7159289241857564,0.0310679574406932,-0.32733214603795,0.6645889493632501,0.040614878199425886,-0.00452417787,0.00820949953,0.8025,38,5,support_safe_target_policy_draw,100,data/Z_true.pt,0.01626917719841,0.6509132981300354,0.6509132981300354,0.1772708407053125,6.449446678161621,1610,400,400,400,1.0,4.957224586377152e-05,9.943521499633787,378.9382114497492,5.937373161315918,0.2582870423793793,0.8144655227661133,15.158147811889648,13.431702377525273,13.431702377525273,0.0192296579480171,400,400,400
38_b6,0.1826991062645446,0.1675889607184217,0.3090551644563675,-0.1675889607184217,-0.8841221512215693,-0.597974881372679,0.0317135531882549,-0.12688979160467,0.7060666184034698,0.04468576691196335,-0.00289132725,0.00905024447,0.74,38,6,support_safe_target_policy_draw,100,data/Z_true.pt,0.0075406273826956,0.605717658996582,0.605717658996582,0.1772708407053125,6.449446678161621,1610,400,400,400,1.0,4.957224586377152e-05,9.943521499633787,378.9382114497492,5.937373161315918,0.2582870423793793,0.8144655227661133,15.158147811889648,13.431702377525273,13.431702377525273,0.0192296579480171,400,400,400
38_b7,0.1821001194676291,0.1676466936701035,0.3089106380939483,-0.1676466936701035,-0.5592135543702405,-0.6484506744624007,0.0459343717238836,-0.15472348109766002,0.78896214530474,0.0508255984035559,-0.00435706973,0.011377776,0.715,38,7,support_safe_target_policy_draw,100,data/Z_true.pt,0.0118550723418593,0.60891193151474,0.60891193151474,0.1772708407053125,6.449446678161621,1610,400,400,400,1.0,4.957224586377152e-05,9.943521499633787,378.9382114497492,5.937373161315918,0.2582870423793793,0.8144655227661133,15.158147811889648,13.431702377525273,13.431702377525273,0.0192296579480171,400,400,400
38_b8,0.2271103289180302,0.2090915865439456,0.3669587522745132,-0.2090915865439456,-0.7474002969019673,-1.0092158547947154,0.0490037917396176,-0.46937302169756,0.79219547889996,0.0470938149516754,-0.00530558638,0.00826947205,0.8275,38,8,support_safe_target_policy_draw,100,data/Z_true.pt,0.0298654735088348,0.7205886840820312,0.7205886840820312,0.1772708407053125,6.449446678161621,1610,400,400,400,1.0,4.957224586377152e-05,9.943521499633787,378.9382114497492,5.937373161315918,0.2582870423793793,0.8144655227661133,15.158147811889648,13.431702377525273,13.431702377525273,0.0192296579480171,400,400,400
38_b9,0.2126524007843326,0.1954908649100252,0.3565914928913116,-0.1954908649100252,-0.6936746241421545,-0.8489985688374342,0.0421084024353551,-0.3760881122421,0.8082899105339001,0.04901034746241821,-0.00522643235,0.00847930461,0.78,38,9,support_safe_target_policy_draw,100,data/Z_true.pt,0.0256142057478427,0.6881306171417236,0.6881306171417236,0.1772708407053125,6.449446678161621,1610,400,400,400,1.0,4.957224586377152e-05,9.943521499633787,378.9382114497492,5.937373161315918,0.2582870423793793,0.8144655227661133,15.158147811889648,13.431702377525273,13.431702377525273,0.0192296579480171,400,400,400
39_b0,0.045267972555196,0.0382035941799404,0.0894188061356544,-0.0291813874413492,0.6874634679236011,0.9027051157011442,-0.0168394885386546,0.92705373486625,0.93825584798305,0.07339812424998114,-0.000625311863,0.0171287637,0.075,39,0,fixed_config,100,data/Z_true.pt,0.0064434451051056,0.391407310962677,0.391407310962677,0.0069190913632236,0.0314293876290321,1610,400,400,400,1.0,4.400983625529875e-05,12.097245216369627,379.7148969998577,5.939420700073242,0.2293051332235336,0.7975483536720276,14.944969177246094,12.14568636989989,12.14568636989989,0.0188795533031225,400,400,400
39_b1,0.012729900585367,0.0102917644957778,0.0298897624015808,0.0062402989697875,0.985990352697453,1.1524450057265188,-0.0128906826073235,0.96869653451507,0.9733186770495301,0.055915137425694844,-0.00128628535,0.00951914769,0.01,39,1,fixed_config,100,data/Z_true.pt,0.0036869051400572,0.3646374046802521,0.3646374046802521,0.0069190913632236,0.0314293876290321,1610,400,400,400,1.0,4.400983625529875e-05,12.097245216369627,379.7148969998577,5.939420700073242,0.2293051332235336,0.7975483536720276,14.944969177246094,12.14568636989989,12.14568636989989,0.0188795533031225,400,400,400
39_b2,0.0175936341915982,0.0148856861609965,0.0381290912628173,0.0104966872744262,0.975500555241518,1.1890393337171663,-0.0142485791356558,1.0126146113760002,1.023984929612,0.06013327245005819,-0.00193642685,0.010345337,0.0125,39,2,fixed_config,100,data/Z_true.pt,0.003969038836658,0.3652803897857666,0.3652803897857666,0.0069190913632236,0.0314293876290321,1610,400,400,400,1.0,4.400983625529875e-05,12.097245216369627,379.7148969998577,5.939420700073242,0.2293051332235336,0.7975483536720276,14.944969177246094,12.14568636989989,12.14568636989989,0.0188795533031225,400,400,400
39_b3,0.0158097648681284,0.0126917943701846,0.0365311205387115,0.0083119334682123,0.9792405303563172,1.2029066107617723,-0.0179452726620793,0.9820976404580999,0.9928563330999001,0.057096187762670315,-0.00177485729,0.00990800839,0.0175,39,3,fixed_config,100,data/Z_true.pt,0.0059667904861271,0.3658681511878967,0.3658681511878967,0.0069190913632236,0.0314293876290321,1610,400,400,400,1.0,4.400983625529875e-05,12.097245216369627,379.7148969998577,5.939420700073242,0.2293051332235336,0.7975483536720276,14.944969177246094,12.14568636989989,12.14568636989989,0.0188795533031225,400,400,400
39_b4,0.0424753673234528,0.0362212587113026,0.0832247212529182,-0.0280114498606417,0.7503199545073861,0.8544673889458483,-0.0094362522276442,1.0405886172255898,1.10006693699999,0.09367148160008647,-0.000977187883,0.0248257164,0.2075,39,4,support_safe_target_policy_draw,100,data/Z_true.pt,0.0111720720306038,0.3950118720531463,0.3950118720531463,0.0069190913632236,0.0314293876290321,1610,400,400,400,1.0,4.400983625529875e-05,12.097245216369627,379.7148969998577,5.939420700073242,0.2293051332235336,0.7975483536720276,14.944969177246094,12.14568636989989,12.14568636989989,0.0188795533031225,400,400,400
39_b5,0.0095088905311394,0.0079764269711449,0.019852802157402,0.0011725854827091,0.9849953488742366,1.0795870678690804,-0.0089655859762226,0.967292451844,0.973976017284,0.0593288493753921,-0.00120557146,0.0098550329,0.01,39,5,support_safe_target_policy_draw,100,data/Z_true.pt,0.0046726651489734,0.3632503747940063,0.3632503747940063,0.0069190913632236,0.0314293876290321,1610,400,400,400,1.0,4.400983625529875e-05,12.097245216369627,379.7148969998577,5.939420700073242,0.2293051332235336,0.7975483536720276,14.944969177246094,12.14568636989989,12.14568636989989,0.0188795533031225,400,400,400
39_b6,0.014528768145113,0.0122880940278992,0.0327052772045135,-0.0044870949396863,0.954080570223114,0.9864309097785736,-0.0027947317967602,0.9946943421000001,0.995340460174,0.06222302177089745,-0.000323059037,0.0102738086,0.0025,39,6,support_safe_target_policy_draw,100,data/Z_true.pt,0.0020965477451682,0.3666435182094574,0.3666435182094574,0.0069190913632236,0.0314293876290321,1610,400,400,400,1.0,4.400983625529875e-05,12.097245216369627,379.7148969998577,5.939420700073242,0.2293051332235336,0.7975483536720276,14.944969177246094,12.14568636989989,12.14568636989989,0.0188795533031225,400,400,400
39_b7,0.017848459776252,0.0148115125857293,0.0384388789534568,-0.0088248740322887,0.939055106037486,0.9274591782214728,0.0005738579043316,0.9979126764462001,1.0043635386032,0.07135153774902414,-0.000721545657,0.0137351602,0.025,39,7,support_safe_target_policy_draw,100,data/Z_true.pt,0.0046206740662455,0.3677144050598144,0.3677144050598144,0.0069190913632236,0.0314293876290321,1610,400,400,400,1.0,4.400983625529875e-05,12.097245216369627,379.7148969998577,5.939420700073242,0.2293051332235336,0.7975483536720276,14.944969177246094,12.14568636989989,12.14568636989989,0.0188795533031225,400,400,400
39_b8,0.0192957487957578,0.0154953846032731,0.0418944954872131,0.014461150385905,0.9886821582920524,1.216192565143704,-0.0133100329589322,1.0145720412930999,1.0193288172089,0.05972959493284951,-0.00070440839,0.0097267963,0.02,39,8,support_safe_target_policy_draw,100,data/Z_true.pt,0.0056095193140208,0.366054892539978,0.366054892539978,0.0069190913632236,0.0314293876290321,1610,400,400,400,1.0,4.400983625529875e-05,12.097245216369627,379.7148969998577,5.939420700073242,0.2293051332235336,0.7975483536720276,14.944969177246094,12.14568636989989,12.14568636989989,0.0188795533031225,400,400,400
39_b9,0.0159499926777408,0.0134908947051735,0.0308588743209838,0.0034403290896443,0.9537615750328088,1.0789859116322045,-0.0067094866272052,1.0220244947475998,1.0338249582872,0.06618892041004475,-0.00149569078,0.0114162331,0.035,39,9,support_safe_target_policy_draw,100,data/Z_true.pt,0.0038299565203487,0.3649129271507263,0.3649129271507263,0.0069190913632236,0.0314293876290321,1610,400,400,400,1.0,4.400983625529875e-05,12.097245216369627,379.7148969998577,5.939420700073242,0.2293051332235336,0.7975483536720276,14.944969177246094,12.14568636989989,12.14568636989989,0.0188795533031225,400,400,400
3_b0,0.0452585238480302,0.0383468564023496,0.0894613564014434,-0.0266879833006532,0.6635536044664034,0.9586683727872826,-0.0214450481944627,0.9520363722739,0.9572457208451,0.07076969587285972,-0.000356064411,0.0142138945,0.04,3,0,fixed_config,100,data/Z_true.pt,0.0072495387867093,0.3938573002815246,0.3938573002815246,0.0085010151418265,0.0163017287850379,1609,400,400,400,1.0,4.327232582213014e-05,12.074399948120115,378.7566596759845,5.936893939971924,0.2256025969982147,0.7839292883872986,14.649089813232422,12.30244814909917,12.30244814909917,0.0183380246162414,400,400,400
3_b1,0.0190029083988103,0.0149718939553713,0.0456703901290893,0.0122851459641242,0.986867968887746,1.2501468680500487,-0.019106863904816,0.97113271788666,0.9867967490287399,0.05652506371494371,-0.00134567532,0.0100540398,0.04,3,1,fixed_config,100,data/Z_true.pt,0.0062002968043088,0.3676497340202331,0.3676497340202331,0.0085010151418265,0.0163017287850379,1609,400,400,400,1.0,4.327232582213014e-05,12.074399948120115,378.7566596759845,5.936893939971924,0.2256025969982147,0.7839292883872986,14.649089813232422,12.30244814909917,12.30244814909917,0.0183380246162414,400,400,400
3_b2,0.0265985559419313,0.0219969577109441,0.0558128058910369,0.0185765119316056,0.9726484743083073,1.3186433268511677,-0.0231339292643208,1.01161003581556,1.0246531791291602,0.05823831269805633,-0.00138505187,0.00961446203,0.03,3,2,fixed_config,100,data/Z_true.pt,0.0051396302878856,0.3693040609359741,0.3693040609359741,0.0085010151418265,0.0163017287850379,1609,400,400,400,1.0,4.327232582213014e-05,12.074399948120115,378.7566596759845,5.936893939971924,0.2256025969982147,0.7839292883872986,14.649089813232422,12.30244814909917,12.30244814909917,0.0183380246162414,400,400,400
3_b3,0.0263712446160769,0.0208187554118922,0.0576541423797607,0.0178381564706796,0.9708859162517968,1.3403847665223063,-0.026209462010715,1.0127795062932998,1.0210649216457,0.05829927423541619,-0.00131382071,0.00964440592,0.025,3,3,fixed_config,100,data/Z_true.pt,0.0082984790205955,0.3706737160682678,0.3706737160682678,0.0085010151418265,0.0163017287850379,1609,400,400,400,1.0,4.327232582213014e-05,12.074399948120115,378.7566596759845,5.936893939971924,0.2256025969982147,0.7839292883872986,14.649089813232422,12.30244814909917,12.30244814909917,0.0183380246162414,400,400,400
3_b4,0.0457475137974999,0.0393788744063931,0.0903838574886322,-0.0255107726456481,0.684352028486426,1.0311557415793344,-0.0294873662973856,0.9908848727035,0.9929032447641,0.07696101367848272,-0.00030645309,0.0156219667,0.0175,3,4,support_safe_target_policy_draw,100,data/Z_true.pt,0.0077197812497615,0.3994137644767761,0.3994137644767761,0.0085010151418265,0.0163017287850379,1609,400,400,400,1.0,4.327232582213014e-05,12.074399948120115,378.7566596759845,5.936893939971924,0.2256025969982147,0.7839292883872986,14.649089813232422,12.30244814909917,12.30244814909917,0.0183380246162414,400,400,400
3_b5,0.0128981226773469,0.0104115203558467,0.0300026834011077,0.0066753031522966,0.9876786570017364,1.1575934158390655,-0.0133996803010878,0.9671057137031001,0.9728852311671,0.057784371303407085,-0.000867165159,0.0108430581,0.0175,3,5,support_safe_target_policy_draw,100,data/Z_true.pt,0.0035095703788101,0.3644481003284454,0.3644481003284454,0.0085010151418265,0.0163017287850379,1609,400,400,400,1.0,4.327232582213014e-05,12.074399948120115,378.7566596759845,5.936893939971924,0.2256025969982147,0.7839292883872986,14.649089813232422,12.30244814909917,12.30244814909917,0.0183380246162414,400,400,400
3_b6,0.0202948084205675,0.017024158090353,0.042926087975502,0.0111438371893018,0.9533426490439628,1.175881109354214,-0.0107923945072054,1.064446192106,1.064446192106,0.06255209748618766,0.000546908937,0.00982237048,0.0,3,6,support_safe_target_policy_draw,100,data/Z_true.pt,0.0029678607825189,0.3685730695724487,0.3685730695724487,0.0085010151418265,0.0163017287850379,1609,400,400,400,1.0,4.327232582213014e-05,12.074399948120115,378.7566596759845,5.936893939971924,0.2256025969982147,0.7839292883872986,14.649089813232422,12.30244814909917,12.30244814909917,0.0183380246162414,400,400,400
3_b7,0.0151065331981162,0.0129438015527557,0.0302624404430389,0.0061158218688797,0.9630027118415708,1.112628107906667,-0.0084768084431312,1.0150129386079,1.0201454893311,0.06474320619238821,-0.000592628028,0.0124007594,0.025,3,7,support_safe_target_policy_draw,100,data/Z_true.pt,0.005218799225986,0.3659632205963135,0.3659632205963135,0.0085010151418265,0.0163017287850379,1609,400,400,400,1.0,4.327232582213014e-05,12.074399948120115,378.7566596759845,5.936893939971924,0.2256025969982147,0.7839292883872986,14.649089813232422,12.30244814909917,12.30244814909917,0.0183380246162414,400,400,400
3_b8,0.018800966320538,0.0153270596137735,0.0443242788314819,0.0107344054884742,0.9745705349527376,1.2181937042175013,-0.01729383572549,0.9881314648892,0.9994157423123999,0.061439682105207755,-0.00168483541,0.0103756208,0.0325,3,8,support_safe_target_policy_draw,100,data/Z_true.pt,0.0070995585992932,0.3677590787410736,0.3677590787410736,0.0085010151418265,0.0163017287850379,1609,400,400,400,1.0,4.327232582213014e-05,12.074399948120115,378.7566596759845,5.936893939971924,0.2256025969982147,0.7839292883872986,14.649089813232422,12.30244814909917,12.30244814909917,0.0183380246162414,400,400,400
3_b9,0.0200694867502316,0.0166451695607975,0.0443748533725738,0.0105880541494116,0.964943160154976,1.2118283839894537,-0.016632231299752,0.9935389119536501,1.00728986870385,0.06033542820541052,-0.00107902964,0.0123722106,0.04,3,9,support_safe_target_policy_draw,100,data/Z_true.pt,0.0048062945716083,0.3664459586143493,0.3664459586143493,0.0085010151418265,0.0163017287850379,1609,400,400,400,1.0,4.327232582213014e-05,12.074399948120115,378.7566596759845,5.936893939971924,0.2256025969982147,0.7839292883872986,14.649089813232422,12.30244814909917,12.30244814909917,0.0183380246162414,400,400,400
40_b0,0.0461897787948014,0.0399372439962462,0.0867201313376426,-0.012545438617526,0.6167886329640199,1.3542547754861345,-0.0574828128315374,1.0442698940119999,1.0442698940119999,0.07239495327082629,0.000155500835,0.015232523,0.0,40,0,fixed_config,100,data/Z_true.pt,0.0099283121526241,0.4038907885551452,0.4038907885551452,0.0076171594419207,0.0152246262878179,1610,400,400,400,1.0,4.287381306866678e-05,12.507678985595703,379.50184661443546,5.938859462738037,0.2233860939741134,0.7900316715240479,14.804237365722656,12.164040478542848,12.164040478542848,0.0183644648641347,400,400,400
40_b1,0.0212031014551097,0.0168314489984186,0.0461344867944717,0.0157660774438409,0.9848611315556488,1.232398175547112,-0.0133985724163324,1.0361658785731,1.0419948846589,0.06054036233665692,-0.000654677162,0.0107292468,0.02,40,1,fixed_config,100,data/Z_true.pt,0.0045342436060309,0.3668861985206604,0.3668861985206604,0.0076171594419207,0.0152246262878179,1610,400,400,400,1.0,4.287381306866678e-05,12.507678985595703,379.50184661443546,5.938859462738037,0.2233860939741134,0.7900316715240479,14.804237365722656,12.164040478542848,12.164040478542848,0.0183644648641347,400,400,400
40_b2,0.0299008557350833,0.0255479875253513,0.05800262093544,0.02427928625606,0.9783153894535888,1.2977166452262396,-0.0146918503639068,1.0957976956458,1.1016263388660001,0.06527974346516618,-0.000912232557,0.012666706,0.0175,40,2,fixed_config,100,data/Z_true.pt,0.0044303056783974,0.369165688753128,0.369165688753128,0.0076171594419207,0.0152246262878179,1610,400,400,400,1.0,4.287381306866678e-05,12.507678985595703,379.50184661443546,5.938859462738037,0.2233860939741134,0.7900316715240479,14.804237365722656,12.164040478542848,12.164040478542848,0.0183644648641347,400,400,400
40_b3,0.0199624584657615,0.0161523750945343,0.0419709831476211,0.0139928341275663,0.976170747454448,1.2113372498680013,-0.0133553420208597,1.0494457322468,1.0520736316517998,0.0635977245593525,-0.000547275646,0.0130168628,0.0125,40,3,fixed_config,100,data/Z_true.pt,0.0043177977204322,0.3666957318782806,0.3666957318782806,0.0076171594419207,0.0152246262878179,1610,400,400,400,1.0,4.287381306866678e-05,12.507678985595703,379.50184661443546,5.938859462738037,0.2233860939741134,0.7900316715240479,14.804237365722656,12.164040478542848,12.164040478542848,0.0183644648641347,400,400,400
40_b4,0.0450387168007959,0.0389207853961852,0.0890317112207412,-0.0200395837498945,0.6711447201565387,1.1420263578927992,-0.0381672573197167,1.0637936032117,1.0694248982729,0.08554130601936771,-0.000371771224,0.0210393164,0.05,40,4,support_safe_target_policy_draw,100,data/Z_true.pt,0.0100321024656295,0.4042479395866394,0.4042479395866394,0.0076171594419207,0.0152246262878179,1610,400,400,400,1.0,4.287381306866678e-05,12.507678985595703,379.50184661443546,5.938859462738037,0.2233860939741134,0.7900316715240479,14.804237365722656,12.164040478542848,12.164040478542848,0.0183644648641347,400,400,400
40_b5,0.0144890954632113,0.011605755588971,0.031125783920288,0.0103300221217796,0.9930453859303996,1.169721895927715,-0.0112899436254272,0.9939542726078,1.0072819055031998,0.06252213552176944,-0.00161659019,0.0121200243,0.03,40,5,support_safe_target_policy_draw,100,data/Z_true.pt,0.0061138151213526,0.3640661835670471,0.3640661835670471,0.0076171594419207,0.0152246262878179,1610,400,400,400,1.0,4.287381306866678e-05,12.507678985595703,379.50184661443546,5.938859462738037,0.2233860939741134,0.7900316715240479,14.804237365722656,12.164040478542848,12.164040478542848,0.0183644648641347,400,400,400
40_b6,0.0211431179783382,0.0175250646099448,0.0451377183198928,0.0132352940551936,0.957053838443686,1.1779608422075498,-0.0089603259400634,1.084653505493,1.084653505493,0.0638949584405397,0.000189615181,0.0111149242,0.0,40,6,support_safe_target_policy_draw,100,data/Z_true.pt,0.0064439894631505,0.3689509332180023,0.3689509332180023,0.0076171594419207,0.0152246262878179,1610,400,400,400,1.0,4.287381306866678e-05,12.507678985595703,379.50184661443546,5.938859462738037,0.2233860939741134,0.7900316715240479,14.804237365722656,12.164040478542848,12.164040478542848,0.0183644648641347,400,400,400
40_b7,0.0205183031919478,0.0169622650393284,0.0481244921684265,0.0094032833143137,0.9353441938406748,1.1404856296487065,-0.0087986992610527,1.0725126412140003,1.0725126412140003,0.06610223447835634,0.000495734275,0.0117078293,0.0,40,7,support_safe_target_policy_draw,100,data/Z_true.pt,0.0088411532342433,0.3701968193054199,0.3701968193054199,0.0076171594419207,0.0152246262878179,1610,400,400,400,1.0,4.287381306866678e-05,12.507678985595703,379.50184661443546,5.938859462738037,0.2233860939741134,0.7900316715240479,14.804237365722656,12.164040478542848,12.164040478542848,0.0183644648641347,400,400,400
40_b8,0.0191458849703131,0.0155544442334212,0.0422478914260864,0.0139793890737928,0.9870292445270844,1.2155604815564702,-0.0137105994844492,1.0205527625370001,1.0371540599749998,0.06374282087359258,-0.00149257458,0.0112811578,0.03,40,8,support_safe_target_policy_draw,100,data/Z_true.pt,0.0067736571654677,0.3663765490055084,0.3663765490055084,0.0076171594419207,0.0152246262878179,1610,400,400,400,1.0,4.287381306866678e-05,12.507678985595703,379.50184661443546,5.938859462738037,0.2233860939741134,0.7900316715240479,14.804237365722656,12.164040478542848,12.164040478542848,0.0183644648641347,400,400,400
40_b9,0.0266655957568292,0.021505677322275,0.0587830394506454,0.017935473989346,0.9542673355018256,1.2483061387265089,-0.0139722611669194,1.0837110109634,1.0850730841974001,0.06483658853119073,-0.00043867249,0.0120631848,0.005,40,9,support_safe_target_policy_draw,100,data/Z_true.pt,0.0057449983432888,0.3698322176933288,0.3698322176933288,0.0076171594419207,0.0152246262878179,1610,400,400,400,1.0,4.287381306866678e-05,12.507678985595703,379.50184661443546,5.938859462738037,0.2233860939741134,0.7900316715240479,14.804237365722656,12.164040478542848,12.164040478542848,0.0183644648641347,400,400,400
41_b0,0.0443930526576727,0.0380208358616801,0.0878476649522781,-0.0219278135971399,0.6443816927881679,1.0408021512703716,-0.0271035844469675,1.01657220923821,1.0206941280517299,0.07388339326255727,-0.000329844654,0.0155825242,0.0425,41,0,fixed_config,100,data/Z_true.pt,0.0121589582413434,0.3964597284793854,0.3964597284793854,0.0216488147594271,0.7854189276695251,1610,400,400,400,1.0,3.3847330662695185e-05,19.89460182189941,382.12557419135936,5.945749282836914,0.1763552725315094,0.7866038680076599,14.95212173461914,9.277376560596457,9.277376560596457,0.0190091747790575,400,400,400
41_b1,0.0156596392482083,0.0129208083887351,0.0371926575899124,0.0040130420058267,0.9650598708401836,1.153206642951573,-0.0152135207131625,0.9514386034669999,0.956377749107,0.05613117914885182,-0.000593041535,0.0105065554,0.02,41,1,fixed_config,100,data/Z_true.pt,0.0042505767196416,0.3669131398200989,0.3669131398200989,0.0216488147594271,0.7854189276695251,1610,400,400,400,1.0,3.3847330662695185e-05,19.89460182189941,382.12557419135936,5.945749282836914,0.1763552725315094,0.7866038680076599,14.95212173461914,9.277376560596457,9.277376560596457,0.0190091747790575,400,400,400
41_b2,0.0199205799369013,0.0162325735599733,0.0452145040035247,0.0084260235377587,0.9540922170350304,1.2104788173941323,-0.0191256732847097,0.99902760739106,1.00658789383646,0.058668520168372776,-0.00118439377,0.0100327255,0.015,41,2,fixed_config,100,data/Z_true.pt,0.0047556599602103,0.3675773739814758,0.3675773739814758,0.0216488147594271,0.7854189276695251,1610,400,400,400,1.0,3.3847330662695185e-05,19.89460182189941,382.12557419135936,5.945749282836914,0.1763552725315094,0.7866038680076599,14.95212173461914,9.277376560596457,9.277376560596457,0.0190091747790575,400,400,400
41_b3,0.0194771108601714,0.0161524473992176,0.0447444170713424,0.0064620277262292,0.947101681763238,1.210779499907252,-0.0208139725791644,0.9870506191499,0.9905493023679,0.05663091270715728,-0.000828884775,0.00935781654,0.0075,41,3,fixed_config,100,data/Z_true.pt,0.00661476328969,0.3689036965370178,0.3689036965370178,0.0216488147594271,0.7854189276695251,1610,400,400,400,1.0,3.3847330662695185e-05,19.89460182189941,382.12557419135936,5.945749282836914,0.1763552725315094,0.7866038680076599,14.95212173461914,9.277376560596457,9.277376560596457,0.0190091747790575,400,400,400
41_b4,0.0500078626264909,0.0426153235923266,0.0959809571504592,-0.033416294925264,0.6635707803914169,0.8643610256650827,-0.0161038813242282,1.0102357137814,1.0318019613484002,0.08710075468554135,-0.000793062849,0.021941945,0.1025,41,4,support_safe_target_policy_draw,100,data/Z_true.pt,0.007860112003982,0.401952862739563,0.401952862739563,0.0216488147594271,0.7854189276695251,1610,400,400,400,1.0,3.3847330662695185e-05,19.89460182189941,382.12557419135936,5.945749282836914,0.1763552725315094,0.7866038680076599,14.95212173461914,9.277376560596457,9.277376560596457,0.0190091747790575,400,400,400
41_b5,0.0106495445646635,0.0087334424606524,0.0231718868017196,-0.0020611666678451,0.9787539006333692,1.0516953684185917,-0.0086463635181984,0.9583160880838,0.9713459578406001,0.06108187685989148,-0.00107843801,0.0128962118,0.035,41,5,support_safe_target_policy_draw,100,data/Z_true.pt,0.0035871327854692,0.3643310368061065,0.3643310368061065,0.0216488147594271,0.7854189276695251,1610,400,400,400,1.0,3.3847330662695185e-05,19.89460182189941,382.12557419135936,5.945749282836914,0.1763552725315094,0.7866038680076599,14.95212173461914,9.277376560596457,9.277376560596457,0.0190091747790575,400,400,400
41_b6,0.0185164971286025,0.015767719639698,0.0369404405355453,0.0017314363678451,0.930410061375801,1.1031349572557616,-0.0111317547200359,1.015804555395,1.015804555395,0.05957883754845035,0.000465949532,0.00941402465,0.0,41,6,support_safe_target_policy_draw,100,data/Z_true.pt,0.004017136991024,0.3690802454948425,0.3690802454948425,0.0216488147594271,0.7854189276695251,1610,400,400,400,1.0,3.3847330662695185e-05,19.89460182189941,382.12557419135936,5.945749282836914,0.1763552725315094,0.7866038680076599,14.95212173461914,9.277376560596457,9.277376560596457,0.0190091747790575,400,400,400
41_b7,0.0167595519270164,0.0143131341412663,0.0338792651891708,0.0039248912781476,0.944439955944349,1.0997961968078522,-0.0090051759459991,1.01396575625517,1.01431487742283,0.06639639981648501,-0.000165485311,0.0145698637,0.005,41,7,support_safe_target_policy_draw,100,data/Z_true.pt,0.0057006292045116,0.3671653866767883,0.3671653866767883,0.0216488147594271,0.7854189276695251,1610,400,400,400,1.0,3.3847330662695185e-05,19.89460182189941,382.12557419135936,5.945749282836914,0.1763552725315094,0.7866038680076599,14.95212173461914,9.277376560596457,9.277376560596457,0.0190091747790575,400,400,400
41_b8,0.0164304178288945,0.0133800010941922,0.0386792868375778,0.0083007108606398,0.9719714126683546,1.1632504728636606,-0.0126697550294085,0.9878282374217,1.0114120065357,0.06156874385787538,-0.00263555162,0.010741083,0.0375,41,8,support_safe_target_policy_draw,100,data/Z_true.pt,0.0060613011009991,0.3667581379413605,0.3667581379413605,0.0216488147594271,0.7854189276695251,1610,400,400,400,1.0,3.3847330662695185e-05,19.89460182189941,382.12557419135936,5.945749282836914,0.1763552725315094,0.7866038680076599,14.95212173461914,9.277376560596457,9.277376560596457,0.0190091747790575,400,400,400
41_b9,0.0208932991097395,0.0173117161286063,0.0450159460306167,0.0067517927032895,0.9398509885974342,1.181057802034753,-0.0165144238507182,0.99324918945308,0.99948557989692,0.06262205730908993,-0.000883952598,0.0137377195,0.025,41,9,support_safe_target_policy_draw,100,data/Z_true.pt,0.0055015506222844,0.3677219748497009,0.3677219748497009,0.0216488147594271,0.7854189276695251,1610,400,400,400,1.0,3.3847330662695185e-05,19.89460182189941,382.12557419135936,5.945749282836914,0.1763552725315094,0.7866038680076599,14.95212173461914,9.277376560596457,9.277376560596457,0.0190091747790575,400,400,400
42_b0,0.0494385952201614,0.0425696077794418,0.0940665528178215,-0.0199073192142532,0.5714276967037052,1.268177284138963,-0.0539257257594079,1.0424575169753,1.0430746103819,0.06908151485938682,-0.000188271515,0.0121501712,0.0125,42,0,fixed_config,100,data/Z_true.pt,0.0108189452439546,0.4089368283748626,0.4089368283748626,0.0102167718579269,0.028102658689022,1610,400,400,400,1.0,3.9595401499781246e-05,14.873772621154783,380.4401996421003,5.941329002380371,0.2063045352697372,0.795644998550415,14.99174976348877,10.827450223638523,10.827450223638523,0.0190538428723812,400,400,400
42_b1,0.0145085765380086,0.0115998779225628,0.0330478847026824,0.0097179408010561,0.993142319449861,1.1894110168350176,-0.0140520650204088,0.9672048992213,0.9770559151003,0.05437480762092955,-0.00168150105,0.0083232196,0.0175,42,1,fixed_config,100,data/Z_true.pt,0.0040570003911852,0.3648321330547333,0.3648321330547333,0.0102167718579269,0.028102658689022,1610,400,400,400,1.0,3.9595401499781246e-05,14.873772621154783,380.4401996421003,5.941329002380371,0.2063045352697372,0.795644998550415,14.99174976348877,10.827450223638523,10.827450223638523,0.0190538428723812,400,400,400
42_b2,0.0235725205755822,0.0202362511050887,0.047477588057518,0.0154638618486933,0.9662081731522733,1.25764954040352,-0.0182624870140214,1.0180156298842,1.0252685418114,0.057871211887329806,-0.00138460624,0.00889297854,0.0175,42,2,fixed_config,100,data/Z_true.pt,0.0046678474172949,0.3681159019470215,0.3681159019470215,0.0102167718579269,0.028102658689022,1610,400,400,400,1.0,3.9595401499781246e-05,14.873772621154783,380.4401996421003,5.941329002380371,0.2063045352697372,0.795644998550415,14.99174976348877,10.827450223638523,10.827450223638523,0.0190538428723812,400,400,400
42_b3,0.0142488836409622,0.0115607795782852,0.0306730717420578,0.007063369838288,0.9776179804821472,1.157961276302406,-0.0133776684152455,0.9912337975872,0.9931330609428,0.05768427304262597,-0.000612671603,0.00929327682,0.0075,42,3,fixed_config,100,data/Z_true.pt,0.0031566561665385,0.3651086091995239,0.3651086091995239,0.0102167718579269,0.028102658689022,1610,400,400,400,1.0,3.9595401499781246e-05,14.873772621154783,380.4401996421003,5.941329002380371,0.2063045352697372,0.795644998550415,14.99174976348877,10.827450223638523,10.827450223638523,0.0190538428723812,400,400,400
42_b4,0.0486982202819239,0.0419765726769401,0.0948349051177501,-0.0262181379612593,0.6492050066888011,1.1056391168252373,-0.039701490308136,0.97717563727311,0.9849289676709099,0.07464532229392962,-0.000696991337,0.0148185184,0.0425,42,4,support_safe_target_policy_draw,100,data/Z_true.pt,0.0072542647831141,0.4029459059238434,0.4029459059238434,0.0102167718579269,0.028102658689022,1610,400,400,400,1.0,3.9595401499781246e-05,14.873772621154783,380.4401996421003,5.941329002380371,0.2063045352697372,0.795644998550415,14.99174976348877,10.827450223638523,10.827450223638523,0.0190538428723812,400,400,400
42_b5,0.0131214316568148,0.011060254384065,0.0267623364925384,0.0049226516799535,0.9825641624379866,1.1569323953879185,-0.0150681279090215,0.944355601093,0.9547127153530001,0.054755057471257494,-0.00125068473,0.00899714511,0.0175,42,5,support_safe_target_policy_draw,100,data/Z_true.pt,0.0056782225146889,0.3649473786354065,0.3649473786354065,0.0102167718579269,0.028102658689022,1610,400,400,400,1.0,3.9595401499781246e-05,14.873772621154783,380.4401996421003,5.941329002380371,0.2063045352697372,0.795644998550415,14.99174976348877,10.827450223638523,10.827450223638523,0.0190538428723812,400,400,400
42_b6,0.0236551084449613,0.0198379019496496,0.0482877939939498,0.0139410060050431,0.9422326776503545,1.2028583437101985,-0.0113598784704732,1.099567333755,1.099567333755,0.06364335250276,0.000524396542,0.00941324234,0.0,42,6,support_safe_target_policy_draw,100,data/Z_true.pt,0.0055583459325134,0.3710975050926208,0.3710975050926208,0.0102167718579269,0.028102658689022,1610,400,400,400,1.0,3.9595401499781246e-05,14.873772621154783,380.4401996421003,5.941329002380371,0.2063045352697372,0.795644998550415,14.99174976348877,10.827450223638523,10.827450223638523,0.0190538428723812,400,400,400
42_b7,0.0245501828760487,0.0201526959484908,0.0535636693239212,0.0154371623403858,0.9419194304497852,1.2125868734317018,-0.0121065983676056,1.099003095099,1.099339540269,0.06591079982719762,-0.000168222585,0.0110533424,0.0025,42,7,support_safe_target_policy_draw,100,data/Z_true.pt,0.009833151474595,0.3715588450431824,0.3715588450431824,0.0102167718579269,0.028102658689022,1610,400,400,400,1.0,3.9595401499781246e-05,14.873772621154783,380.4401996421003,5.941329002380371,0.2063045352697372,0.795644998550415,14.99174976348877,10.827450223638523,10.827450223638523,0.0190538428723812,400,400,400
42_b8,0.010021090693829,0.0081811672495678,0.0218606293201446,0.0063474265811964,0.9956352095209308,1.131189454448728,-0.0105046163647906,0.9604111616419579,0.9699583015160419,0.05851369304015687,-0.00125878619,0.00982939079,0.025,42,8,support_safe_target_policy_draw,100,data/Z_true.pt,0.0056356862187385,0.3633496761322021,0.3633496761322021,0.0102167718579269,0.028102658689022,1610,400,400,400,1.0,3.9595401499781246e-05,14.873772621154783,380.4401996421003,5.941329002380371,0.2063045352697372,0.795644998550415,14.99174976348877,10.827450223638523,10.827450223638523,0.0190538428723812,400,400,400
42_b9,0.0282182232321258,0.0232034487789496,0.0599414259195327,0.0175797613570466,0.9445058874161818,1.2830039721057342,-0.0187867007708463,1.0522872687798,1.0567318018037999,0.060326939819125965,-0.00136407418,0.0087093059,0.01,42,9,support_safe_target_policy_draw,100,data/Z_true.pt,0.0083033926784992,0.3715226650238037,0.3715226650238037,0.0102167718579269,0.028102658689022,1610,400,400,400,1.0,3.9595401499781246e-05,14.873772621154783,380.4401996421003,5.941329002380371,0.2063045352697372,0.795644998550415,14.99174976348877,10.827450223638523,10.827450223638523,0.0190538428723812,400,400,400
43_b0,0.0484430567444661,0.0412636149278841,0.0940752252936363,-0.0291321829683147,0.618441365963162,0.9368013091856346,-0.021115401218334,0.963605858956994,0.9714011898501861,0.07739119196359251,-0.0005573323,0.0171930473,0.0725,43,0,fixed_config,100,data/Z_true.pt,0.0108812544494867,0.3989596962928772,0.3989596962928772,0.0087704128902701,0.0301444921642541,1609,400,400,400,1.0,4.348361516370858e-05,12.300920486450195,379.4510000974432,5.938725471496582,0.2267041653394699,0.7951120138168335,14.890305519104004,12.109438050882956,12.109438050882956,0.0187212787568569,400,400,400
43_b1,0.0220990679342387,0.0174851593695348,0.0493103116750717,0.0157921245793113,0.9834551652046836,1.259313135049421,-0.0167501996883207,1.009611956154,1.01330360988,0.06014386735882438,-0.0014433926,0.0126313418,0.005,43,1,fixed_config,100,data/Z_true.pt,0.0035944776609539,0.3679695725440979,0.3679695725440979,0.0087704128902701,0.0301444921642541,1609,400,400,400,1.0,4.348361516370858e-05,12.300920486450195,379.4510000974432,5.938725471496582,0.2267041653394699,0.7951120138168335,14.890305519104004,12.109438050882956,12.109438050882956,0.0187212787568569,400,400,400
43_b2,0.0254134302359014,0.0210081586730666,0.053045779466629,0.0182594275311566,0.9695593487644096,1.268484838449474,-0.0168852628560839,1.043515267093,1.046187826679,0.06438033743059847,-0.00113390852,0.0136685455,0.005,43,2,fixed_config,100,data/Z_true.pt,0.0023800509516149,0.3682424426078796,0.3682424426078796,0.0087704128902701,0.0301444921642541,1609,400,400,400,1.0,4.348361516370858e-05,12.300920486450195,379.4510000974432,5.938725471496582,0.2267041653394699,0.7951120138168335,14.890305519104004,12.109438050882956,12.109438050882956,0.0187212787568569,400,400,400
43_b3,0.0205684356313462,0.0163626464502885,0.0432295501232147,0.0142536329384893,0.9768875647236552,1.2330336118964842,-0.0159021690823543,1.029779326149,1.031846819429,0.06398447066820272,-0.00103374664,0.0136935711,0.0025,43,3,fixed_config,100,data/Z_true.pt,0.0032001361250877,0.3668098151683807,0.3668098151683807,0.0087704128902701,0.0301444921642541,1609,400,400,400,1.0,4.348361516370858e-05,12.300920486450195,379.4510000974432,5.938725471496582,0.2267041653394699,0.7951120138168335,14.890305519104004,12.109438050882956,12.109438050882956,0.0187212787568569,400,400,400
43_b4,0.0488372584022754,0.0425318594931741,0.0904766917228698,-0.0178834897329215,0.631841970862388,1.331978745336117,-0.0602559226873359,0.9932272066046,0.9934516518526,0.07262319166142985,-6.19405182e-05,0.0160015877,0.0075,43,4,support_safe_target_policy_draw,100,data/Z_true.pt,0.014628630131483,0.4091488718986511,0.4091488718986511,0.0087704128902701,0.0301444921642541,1609,400,400,400,1.0,4.348361516370858e-05,12.300920486450195,379.4510000974432,5.938725471496582,0.2267041653394699,0.7951120138168335,14.890305519104004,12.109438050882956,12.109438050882956,0.0187212787568569,400,400,400
43_b5,0.0169699272118086,0.0134834049316123,0.0391042381525039,0.0095502090314403,0.9797583238052164,1.1961824635373224,-0.0154404270835723,0.97615669135383,0.98376740123937,0.06333339434213787,-0.0017750524,0.0148701668,0.015,43,5,support_safe_target_policy_draw,100,data/Z_true.pt,0.0040499977767467,0.3661282360553741,0.3661282360553741,0.0087704128902701,0.0301444921642541,1609,400,400,400,1.0,4.348361516370858e-05,12.300920486450195,379.4510000974432,5.938725471496582,0.2267041653394699,0.7951120138168335,14.890305519104004,12.109438050882956,12.109438050882956,0.0187212787568569,400,400,400
43_b6,0.0243305833941565,0.0201089766295626,0.0522174537181854,0.0148435504874214,0.9467828098335898,1.230592337792164,-0.0139163713019108,1.0780065477340002,1.0780065477340002,0.06430458222676334,0.000693633687,0.011601897,0.0,43,6,support_safe_target_policy_draw,100,data/Z_true.pt,0.0059940754435956,0.3709551095962524,0.3709551095962524,0.0087704128902701,0.0301444921642541,1609,400,400,400,1.0,4.348361516370858e-05,12.300920486450195,379.4510000974432,5.938725471496582,0.2267041653394699,0.7951120138168335,14.890305519104004,12.109438050882956,12.109438050882956,0.0187212787568569,400,400,400
43_b7,0.027111116716861,0.0222328976006247,0.0598430037498474,0.0163374631828628,0.9278998439359942,1.2490332065562306,-0.015928456810228,1.0998862823639999,1.0998862823639999,0.06895654250185983,0.000159730029,0.0113407671,0.0,43,7,support_safe_target_policy_draw,100,data/Z_true.pt,0.0089015793055295,0.373723566532135,0.373723566532135,0.0087704128902701,0.0301444921642541,1609,400,400,400,1.0,4.348361516370858e-05,12.300920486450195,379.4510000974432,5.938725471496582,0.2267041653394699,0.7951120138168335,14.890305519104004,12.109438050882956,12.109438050882956,0.0187212787568569,400,400,400
43_b8,0.0178249060581138,0.0142406185518484,0.0413965582847595,0.0124521866312716,0.9872879278574545,1.2082531407525867,-0.0142991318062243,0.99443411171758,1.0062984139366198,0.06254650459513691,-0.00188602973,0.0116688376,0.0375,43,8,support_safe_target_policy_draw,100,data/Z_true.pt,0.0064270952716469,0.3660567998886108,0.3660567998886108,0.0087704128902701,0.0301444921642541,1609,400,400,400,1.0,4.348361516370858e-05,12.300920486450195,379.4510000974432,5.938725471496582,0.2267041653394699,0.7951120138168335,14.890305519104004,12.109438050882956,12.109438050882956,0.0187212787568569,400,400,400
43_b9,0.0320239500343339,0.0257579031400382,0.0699158012866973,0.0215672248927876,0.9444948377208636,1.3322465032249593,-0.0211269810816116,1.0855377320719,1.0858317669058999,0.0658019511806523,-0.000147017417,0.012849235,0.0025,43,9,support_safe_target_policy_draw,100,data/Z_true.pt,0.0054007242433726,0.3737473785877228,0.3737473785877228,0.0087704128902701,0.0301444921642541,1609,400,400,400,1.0,4.348361516370858e-05,12.300920486450195,379.4510000974432,5.938725471496582,0.2267041653394699,0.7951120138168335,14.890305519104004,12.109438050882956,12.109438050882956,0.0187212787568569,400,400,400
44_b0,0.0489686098603975,0.0417599678214173,0.0948894470930099,-0.0291876215010415,0.6198302786484967,0.9949989038098638,-0.0285532302478311,0.9191904761823,0.9199224419409,0.06653182648271938,-0.000123336911,0.0139972977,0.01,44,0,fixed_config,100,data/Z_true.pt,0.0106101157143712,0.3987750113010406,0.3987750113010406,0.0089230595594083,0.0206720400601625,1609,400,400,400,1.0,3.408377322067224e-05,19.457290649414062,381.7154537447693,5.944675445556641,0.1776975840330124,0.7838314771652222,14.876571655273438,9.523053464984804,9.523053464984804,0.0186597276479005,400,400,400
44_b1,0.0145581655667973,0.0118024084425996,0.0331243276596069,0.0072982191492337,0.980122871725438,1.160285375015868,-0.0128166842016176,0.9749318129464999,0.9768280779092999,0.058366105130366525,-0.000473102788,0.00986832287,0.01,44,1,fixed_config,100,data/Z_true.pt,0.0034629581496119,0.3653063178062439,0.3653063178062439,0.0089230595594083,0.0206720400601625,1609,400,400,400,1.0,3.408377322067224e-05,19.457290649414062,381.7154537447693,5.944675445556641,0.1776975840330124,0.7838314771652222,14.876571655273438,9.523053464984804,9.523053464984804,0.0186597276479005,400,400,400
44_b2,0.0177564713177107,0.0148753603058867,0.0374325960874557,0.0090668832673691,0.9686233089580956,1.188701734615194,-0.0156341913887861,0.9984006602497,1.0044764278211,0.06153213749058781,-0.000912952237,0.0111654997,0.0275,44,2,fixed_config,100,data/Z_true.pt,0.0048360540531575,0.3655919134616852,0.3655919134616852,0.0089230595594083,0.0206720400601625,1609,400,400,400,1.0,3.408377322067224e-05,19.457290649414062,381.7154537447693,5.944675445556641,0.1776975840330124,0.7838314771652222,14.876571655273438,9.523053464984804,9.523053464984804,0.0186597276479005,400,400,400
44_b3,0.0183238008731642,0.0149758489109808,0.0400938242673873,0.0085181350581115,0.9615107404576604,1.202668115076183,-0.0177082084484628,0.99643812124161,0.99737362021539,0.06020274243620337,-0.000283235335,0.0112115424,0.01,44,3,fixed_config,100,data/Z_true.pt,0.0052955634891986,0.3670557141304016,0.3670557141304016,0.0089230595594083,0.0206720400601625,1609,400,400,400,1.0,3.408377322067224e-05,19.457290649414062,381.7154537447693,5.944675445556641,0.1776975840330124,0.7838314771652222,14.876571655273438,9.523053464984804,9.523053464984804,0.0186597276479005,400,400,400
44_b4,0.0496042801393821,0.042889719986997,0.0966671407222747,-0.026753941126808,0.6285300438576515,1.0768040281850952,-0.0365568986372563,1.02136979211377,1.02725214074857,0.08087473813429935,-0.000423682621,0.0182496831,0.045,44,4,support_safe_target_policy_draw,100,data/Z_true.pt,0.0121460165828466,0.4079846143722534,0.4079846143722534,0.0089230595594083,0.0206720400601625,1609,400,400,400,1.0,3.408377322067224e-05,19.457290649414062,381.7154537447693,5.944675445556641,0.1776975840330124,0.7838314771652222,14.876571655273438,9.523053464984804,9.523053464984804,0.0186597276479005,400,400,400
44_b5,0.0137928822045696,0.0117871317942626,0.028115689754486,0.0040453228377737,0.9731018698544718,1.1253346964812512,-0.011920394667617,0.9752488623401,0.9774258790317,0.05962739202444086,-0.000891694333,0.010711086,0.0075,44,5,support_safe_target_policy_draw,100,data/Z_true.pt,0.0046346145682036,0.3651138842105865,0.3651138842105865,0.0089230595594083,0.0206720400601625,1609,400,400,400,1.0,3.408377322067224e-05,19.457290649414062,381.7154537447693,5.944675445556641,0.1776975840330124,0.7838314771652222,14.876571655273438,9.523053464984804,9.523053464984804,0.0186597276479005,400,400,400
44_b6,0.0133205200290849,0.0114076488651335,0.0250676199793815,-0.000205771876499,0.960696670591444,1.048113133406252,-0.0062065348118689,0.9885916011747001,0.9886183822867001,0.06236953264611711,-1.3390556e-05,0.010931557,0.0025,44,6,support_safe_target_policy_draw,100,data/Z_true.pt,0.0038559993263334,0.3660306930541992,0.3660306930541992,0.0089230595594083,0.0206720400601625,1609,400,400,400,1.0,3.408377322067224e-05,19.457290649414062,381.7154537447693,5.944675445556641,0.1776975840330124,0.7838314771652222,14.876571655273438,9.523053464984804,9.523053464984804,0.0186597276479005,400,400,400
44_b7,0.0145582541507981,0.0121642404305748,0.0301088243722915,0.000547499905806,0.9494194422876592,1.0238427382956925,-0.0025416780271428,1.0152143102409,1.0205153785457002,0.07346983545149821,-0.000665083062,0.0162465889,0.0225,44,7,support_safe_target_policy_draw,100,data/Z_true.pt,0.008315990678966,0.3665827512741089,0.3665827512741089,0.0089230595594083,0.0206720400601625,1609,400,400,400,1.0,3.408377322067224e-05,19.457290649414062,381.7154537447693,5.944675445556641,0.1776975840330124,0.7838314771652222,14.876571655273438,9.523053464984804,9.523053464984804,0.0186597276479005,400,400,400
44_b8,0.0188827583482004,0.0153402417758479,0.042363166809082,0.012685351986438,0.98121931671167,1.2099491025014772,-0.0142838225306273,0.9947750138168001,1.0001897046392,0.060795639464703205,-0.000777985202,0.0116842464,0.0275,44,8,support_safe_target_policy_draw,100,data/Z_true.pt,0.0053999414667487,0.3668217062950134,0.3668217062950134,0.0089230595594083,0.0206720400601625,1609,400,400,400,1.0,3.408377322067224e-05,19.457290649414062,381.7154537447693,5.944675445556641,0.1776975840330124,0.7838314771652222,14.876571655273438,9.523053464984804,9.523053464984804,0.0186597276479005,400,400,400
44_b9,0.0156445507240462,0.0133258044638205,0.0298296362161636,0.0011859325214754,0.9529739940187618,1.073075199314377,-0.0082043472282435,0.98784964539855,0.99920983050435,0.0669478462952932,-0.000654835487,0.0128020458,0.045,44,9,support_safe_target_policy_draw,100,data/Z_true.pt,0.0048704417422413,0.3648889660835266,0.3648889660835266,0.0089230595594083,0.0206720400601625,1609,400,400,400,1.0,3.408377322067224e-05,19.457290649414062,381.7154537447693,5.944675445556641,0.1776975840330124,0.7838314771652222,14.876571655273438,9.523053464984804,9.523053464984804,0.0186597276479005,400,400,400
45_b0,0.0476141432523969,0.0407907215927843,0.0926485210657119,-0.0255727419027243,0.632607760594523,1.1123436416285124,-0.0398235822971761,0.8893238683504,0.895286089301,0.06280774239455598,-0.000723273435,0.0133846225,0.03,45,0,fixed_config,100,data/Z_true.pt,0.0084271822124719,0.3973906934261322,0.3973906934261322,0.0081775739271595,0.0178858190774917,1610,400,400,400,1.0,3.084129067687513e-05,23.40649032592773,382.27355871707977,5.946136474609375,0.1606928557157516,0.7774361371994019,14.80512237548828,8.520789143177488,8.520789143177488,0.0188589170575141,400,400,400
45_b1,0.0171414002241158,0.0138793191334116,0.0381314605474472,0.0112715910727274,0.9855177166437676,1.2018809200359508,-0.014063316709733,0.9949308602278,1.0051452013362001,0.05982282238701352,-0.00134214596,0.00977989566,0.0225,45,1,fixed_config,100,data/Z_true.pt,0.0031862943433225,0.3659315407276153,0.3659315407276153,0.0081775739271595,0.0178858190774917,1610,400,400,400,1.0,3.084129067687513e-05,23.40649032592773,382.27355871707977,5.946136474609375,0.1606928557157516,0.7774361371994019,14.80512237548828,8.520789143177488,8.520789143177488,0.0188589170575141,400,400,400
45_b2,0.0244160360017738,0.0207664806290995,0.0507343411445617,0.0163197625719476,0.9628878696483024,1.254625723552309,-0.0170107683829952,1.039522522837,1.046950175195,0.06219257619033543,-0.00165309291,0.0108732553,0.0125,45,2,fixed_config,100,data/Z_true.pt,0.0025608935393393,0.3685325682163238,0.3685325682163238,0.0081775739271595,0.0178858190774917,1610,400,400,400,1.0,3.084129067687513e-05,23.40649032592773,382.27355871707977,5.946136474609375,0.1606928557157516,0.7774361371994019,14.80512237548828,8.520789143177488,8.520789143177488,0.0188589170575141,400,400,400
45_b3,0.0212911134853638,0.0173368858173489,0.0445314049720764,0.0151073573110625,0.979994636614644,1.252499334443602,-0.0175674138428017,1.023043767733,1.027991117869,0.061337227001515636,-0.0012199831,0.0109993368,0.01,45,3,fixed_config,100,data/Z_true.pt,0.0041826590895652,0.3671460151672363,0.3671460151672363,0.0081775739271595,0.0178858190774917,1610,400,400,400,1.0,3.084129067687513e-05,23.40649032592773,382.27355871707977,5.946136474609375,0.1606928557157516,0.7774361371994019,14.80512237548828,8.520789143177488,8.520789143177488,0.0188589170575141,400,400,400
45_b4,0.0486368554139394,0.0415245476557174,0.0930471271276474,-0.0306390243541682,0.6809107247726947,1.0003332230082909,-0.0306815555998459,0.9024292053798201,0.9068139796278201,0.06910755830730395,-0.000491271261,0.0156302117,0.045,45,4,support_safe_target_policy_draw,100,data/Z_true.pt,0.0081404009833931,0.3988628387451172,0.3988628387451172,0.0081775739271595,0.0178858190774917,1610,400,400,400,1.0,3.084129067687513e-05,23.40649032592773,382.27355871707977,5.946136474609375,0.1606928557157516,0.7774361371994019,14.80512237548828,8.520789143177488,8.520789143177488,0.0188589170575141,400,400,400
45_b5,0.0154621525405795,0.0127152126352302,0.0339525192975997,0.0067845097207464,0.9762744326349626,1.1718963113294527,-0.0151124431897772,0.9680886996231,0.9721807778189,0.05840483037838813,-0.00136064552,0.00982859451,0.01,45,5,support_safe_target_policy_draw,100,data/Z_true.pt,0.0039668353274464,0.3654790222644806,0.3654790222644806,0.0081775739271595,0.0178858190774917,1610,400,400,400,1.0,3.084129067687513e-05,23.40649032592773,382.27355871707977,5.946136474609375,0.1606928557157516,0.7774361371994019,14.80512237548828,8.520789143177488,8.520789143177488,0.0188589170575141,400,400,400
45_b6,0.0210833125138249,0.01763431427069,0.0442820489406585,0.0116750901471823,0.9507291385573516,1.1851686603456366,-0.0114195028491202,1.0611215190749999,1.0611215190749999,0.0631892299664646,0.000182180433,0.0115974005,0.0,45,6,support_safe_target_policy_draw,100,data/Z_true.pt,0.0044162166304886,0.3696219325065613,0.3696219325065613,0.0081775739271595,0.0178858190774917,1610,400,400,400,1.0,3.084129067687513e-05,23.40649032592773,382.27355871707977,5.946136474609375,0.1606928557157516,0.7774361371994019,14.80512237548828,8.520789143177488,8.520789143177488,0.0188589170575141,400,400,400
45_b7,0.0182963516159105,0.0154222536738961,0.0391566753387451,0.0079591590259224,0.9452325532794876,1.1155242391643907,-0.0070087077485002,1.06352086528812,1.06434327807012,0.06951099061409319,-0.000266664196,0.0117868455,0.005,45,7,support_safe_target_policy_draw,100,data/Z_true.pt,0.0065161734819412,0.3687172532081604,0.3687172532081604,0.0081775739271595,0.0178858190774917,1610,400,400,400,1.0,3.084129067687513e-05,23.40649032592773,382.27355871707977,5.946136474609375,0.1606928557157516,0.7774361371994019,14.80512237548828,8.520789143177488,8.520789143177488,0.0188589170575141,400,400,400
45_b8,0.0177535457300121,0.0141780185443349,0.038325011730194,0.0131842108978889,0.9922779497628648,1.212936398431539,-0.0141686990308168,0.99807440244429,1.04244791229631,0.06767139178310876,-0.00162227941,0.0127564203,0.0875,45,8,support_safe_target_policy_draw,100,data/Z_true.pt,0.0088590960949659,0.3658844232559204,0.3658844232559204,0.0081775739271595,0.0178858190774917,1610,400,400,400,1.0,3.084129067687513e-05,23.40649032592773,382.27355871707977,5.946136474609375,0.1606928557157516,0.7774361371994019,14.80512237548828,8.520789143177488,8.520789143177488,0.0188589170575141,400,400,400
45_b9,0.0232198834412071,0.0192595397593686,0.0480843931436538,0.01155339366931,0.9375125460338802,1.1836604616845448,-0.0120472688038899,1.0561121759792,1.0594152721463999,0.06652203186678488,-0.00120513735,0.0121753309,0.0075,45,9,support_safe_target_policy_draw,100,data/Z_true.pt,0.0028222415130585,0.3687819242477417,0.3687819242477417,0.0081775739271595,0.0178858190774917,1610,400,400,400,1.0,3.084129067687513e-05,23.40649032592773,382.27355871707977,5.946136474609375,0.1606928557157516,0.7774361371994019,14.80512237548828,8.520789143177488,8.520789143177488,0.0188589170575141,400,400,400
46_b0,0.0485623016391728,0.041382602971571,0.0940270125865936,-0.0307273188760154,0.6445513817406083,0.9605184098686812,-0.02571906178799,0.8873634011601799,0.88881144396742,0.06316430107826387,-0.000219040085,0.0120803649,0.0225,46,0,fixed_config,100,data/Z_true.pt,0.0052290572784841,0.3954003453254699,0.3954003453254699,0.0086823639779188,0.0166707579046487,1609,400,400,400,1.0,4.099817798142169e-05,13.747152328491213,379.57025587946873,5.939039707183838,0.2137462049722671,0.7925100922584534,14.869108200073242,11.40629895338167,11.40629895338167,0.0187393128871917,400,400,400
46_b1,0.015275638058448,0.0122904651955468,0.0375566035509109,0.0067353812727378,0.977170181588017,1.177749965981072,-0.0155712289589968,0.95771998518198,0.96132025543558,0.056045525387560725,-0.000539423199,0.00844446663,0.0225,46,1,fixed_config,100,data/Z_true.pt,0.0036186901852488,0.3662818074226379,0.3662818074226379,0.0086823639779188,0.0166707579046487,1609,400,400,400,1.0,4.099817798142169e-05,13.747152328491213,379.57025587946873,5.939039707183838,0.2137462049722671,0.7925100922584534,14.869108200073242,11.40629895338167,11.40629895338167,0.0187393128871917,400,400,400
46_b2,0.0211398576121413,0.017477605327731,0.0457482635974884,0.0109936729131732,0.9613959172227536,1.2447894472573415,-0.0210492885575992,0.986188173914,0.98918774344,0.05782133279312488,-0.00115071668,0.0101412935,0.005,46,2,fixed_config,100,data/Z_true.pt,0.0036429909523576,0.3677139282226562,0.3677139282226562,0.0086823639779188,0.0166707579046487,1609,400,400,400,1.0,4.099817798142169e-05,13.747152328491213,379.57025587946873,5.939039707183838,0.2137462049722671,0.7925100922584534,14.869108200073242,11.40629895338167,11.40629895338167,0.0187393128871917,400,400,400
46_b3,0.0138976702253643,0.0116508042975328,0.0306433141231536,0.002106429238338,0.9659926444075256,1.1323172768029584,-0.0150161376340307,0.9696309735963,0.9725351815061,0.060060797066671875,-0.00072881463,0.0110910852,0.015,46,3,fixed_config,100,data/Z_true.pt,0.0031963605433702,0.3658830821514129,0.3658830821514129,0.0086823639779188,0.0166707579046487,1609,400,400,400,1.0,4.099817798142169e-05,13.747152328491213,379.57025587946873,5.939039707183838,0.2137462049722671,0.7925100922584534,14.869108200073242,11.40629895338167,11.40629895338167,0.0187393128871917,400,400,400
46_b4,0.0447681318907234,0.038020597040886,0.0895683392882347,-0.0280017917056102,0.7169694167797644,0.9469932405683804,-0.0212362219463985,0.95649275175464,0.9803034959233601,0.08352696018483419,-0.000732885499,0.0189540312,0.1375,46,4,support_safe_target_policy_draw,100,data/Z_true.pt,0.0092529635876417,0.3943563401699066,0.3943563401699066,0.0086823639779188,0.0166707579046487,1609,400,400,400,1.0,4.099817798142169e-05,13.747152328491213,379.57025587946873,5.939039707183838,0.2137462049722671,0.7925100922584534,14.869108200073242,11.40629895338167,11.40629895338167,0.0187393128871917,400,400,400
46_b5,0.0130631980755444,0.010649661833886,0.0331163555383682,0.0039340601465664,0.9840605950570662,1.175379904016233,-0.0184066490286025,0.9123838433261,0.9212725812040999,0.054186420927668934,-0.000753629021,0.00882534962,0.0325,46,5,support_safe_target_policy_draw,100,data/Z_true.pt,0.0066067352890968,0.3658965528011322,0.3658965528011322,0.0086823639779188,0.0166707579046487,1609,400,400,400,1.0,4.099817798142169e-05,13.747152328491213,379.57025587946873,5.939039707183838,0.2137462049722671,0.7925100922584534,14.869108200073242,11.40629895338167,11.40629895338167,0.0187393128871917,400,400,400
46_b6,0.0162805260160895,0.0140653488517273,0.0317975133657455,0.0025455899524968,0.948223532100044,1.1024467968343337,-0.01023177243835,1.0037271764729998,1.0037271764729998,0.06077721539217664,0.00014353171,0.00995194912,0.0,46,6,support_safe_target_policy_draw,100,data/Z_true.pt,0.0022555438335984,0.3674325942993164,0.3674325942993164,0.0086823639779188,0.0166707579046487,1609,400,400,400,1.0,4.099817798142169e-05,13.747152328491213,379.57025587946873,5.939039707183838,0.2137462049722671,0.7925100922584534,14.869108200073242,11.40629895338167,11.40629895338167,0.0187393128871917,400,400,400
46_b7,0.0144133638585505,0.0124299180973321,0.0282742381095886,0.0037169001903384,0.9573625897131032,1.0690419831773506,-0.0052285056700712,1.0305737652937,1.0366235950623,0.0711725406596189,-0.000593355508,0.0131443599,0.02,46,7,support_safe_target_policy_draw,100,data/Z_true.pt,0.007336291950196,0.3661275506019592,0.3661275506019592,0.0086823639779188,0.0166707579046487,1609,400,400,400,1.0,4.099817798142169e-05,13.747152328491213,379.57025587946873,5.939039707183838,0.2137462049722671,0.7925100922584534,14.869108200073242,11.40629895338167,11.40629895338167,0.0187393128871917,400,400,400
46_b8,0.0151052301487589,0.012112024736125,0.0366202890872955,0.0089489024714566,0.9841208933917636,1.1736036978854267,-0.0133514949548529,0.9713196100792301,1.0023531214550299,0.06311450798484983,-0.00159023213,0.0117983082,0.065,46,8,support_safe_target_policy_draw,100,data/Z_true.pt,0.0065513392910361,0.3656744062900543,0.3656744062900543,0.0086823639779188,0.0166707579046487,1609,400,400,400,1.0,4.099817798142169e-05,13.747152328491213,379.57025587946873,5.939039707183838,0.2137462049722671,0.7925100922584534,14.869108200073242,11.40629895338167,11.40629895338167,0.0187393128871917,400,400,400
46_b9,0.0198488928531982,0.0167669311130885,0.0432935059070587,0.0074632403010036,0.9507090718708796,1.1849975472154968,-0.0163092397970915,0.9942712451616998,0.9967676879170999,0.06129634276441319,-0.000505241798,0.0107328929,0.015,46,9,support_safe_target_policy_draw,100,data/Z_true.pt,0.0050690891221165,0.3668505251407623,0.3668505251407623,0.0086823639779188,0.0166707579046487,1609,400,400,400,1.0,4.099817798142169e-05,13.747152328491213,379.57025587946873,5.939039707183838,0.2137462049722671,0.7925100922584534,14.869108200073242,11.40629895338167,11.40629895338167,0.0187393128871917,400,400,400
47_b0,0.0498740735924754,0.0426109831672511,0.0968021750450134,-0.030267315756937,0.6145301133823031,0.998853126527497,-0.0301218343520942,0.9279008572882801,0.9305189887479199,0.06750049043360683,-0.000404436607,0.0133631658,0.02,47,0,fixed_config,100,data/Z_true.pt,0.0091846697032451,0.3992902636528015,0.3992902636528015,0.0070093525451397,0.0216688588261604,1609,400,400,400,1.0,3.891906799502465e-05,15.102242469787598,380.7745000138957,5.942207336425781,0.2029066532850265,0.78852778673172,14.878517150878906,10.790795736724217,10.790795736724217,0.0188036784529685,400,400,400
47_b1,0.0190676019853941,0.015311088108574,0.0425202101469039,0.0137848783581284,0.9904233394906496,1.2340370169941035,-0.0155854367869177,0.9965772368654,0.9997993042414,0.05487006323330583,-0.000977496384,0.00776371546,0.0075,47,1,fixed_config,100,data/Z_true.pt,0.0050555472262203,0.3662099242210388,0.3662099242210388,0.0070093525451397,0.0216688588261604,1609,400,400,400,1.0,3.891906799502465e-05,15.102242469787598,380.7745000138957,5.942207336425781,0.2029066532850265,0.78852778673172,14.878517150878906,10.790795736724217,10.790795736724217,0.0188036784529685,400,400,400
47_b2,0.0238395602601345,0.0198827438335865,0.0491195172071456,0.0160633310559205,0.9677603404307088,1.2590404793699954,-0.0178450918472004,1.0312283189504,1.0383226894936,0.05908882332972075,-0.00114444736,0.00915026385,0.0175,47,2,fixed_config,100,data/Z_true.pt,0.0045553334057331,0.3677980601787567,0.3677980601787567,0.0070093525451397,0.0216688588261604,1609,400,400,400,1.0,3.891906799502465e-05,15.102242469787598,380.7745000138957,5.942207336425781,0.2029066532850265,0.78852778673172,14.878517150878906,10.790795736724217,10.790795736724217,0.0188036784529685,400,400,400
47_b3,0.0206926689716219,0.0169410235976101,0.042814552783966,0.0123003192961914,0.9666155692171756,1.241404897243234,-0.0189387720472616,1.0134780691604002,1.0134780691604002,0.056404142545211075,2.67467694e-05,0.00894390233,0.0,47,3,fixed_config,100,data/Z_true.pt,0.0059161745011806,0.3677098155021667,0.3677098155021667,0.0070093525451397,0.0216688588261604,1609,400,400,400,1.0,3.891906799502465e-05,15.102242469787598,380.7745000138957,5.942207336425781,0.2029066532850265,0.78852778673172,14.878517150878906,10.790795736724217,10.790795736724217,0.0188036784529685,400,400,400
47_b4,0.0493816340016607,0.0418765373263158,0.0972929745912551,-0.0334476147327222,0.6923143773739556,0.9377009196329504,-0.0254960104717271,0.899265564717643,0.908072280492123,0.07267350978111314,-0.000613388373,0.016909996,0.0675,47,4,support_safe_target_policy_draw,100,data/Z_true.pt,0.0113269034773111,0.3968516588211059,0.3968516588211059,0.0070093525451397,0.0216688588261604,1609,400,400,400,1.0,3.891906799502465e-05,15.102242469787598,380.7745000138957,5.942207336425781,0.2029066532850265,0.78852778673172,14.878517150878906,10.790795736724217,10.790795736724217,0.0188036784529685,400,400,400
47_b5,0.0162465801251317,0.0130125157767906,0.0352389514446258,0.0107982223061844,0.9898299314013046,1.2005337106273193,-0.0147466959332951,0.9865135322276999,0.9919139814983,0.057795438034770705,-0.000767542748,0.0107359979,0.02,47,5,support_safe_target_policy_draw,100,data/Z_true.pt,0.0067650312557816,0.364886611700058,0.364886611700058,0.0070093525451397,0.0216688588261604,1609,400,400,400,1.0,3.891906799502465e-05,15.102242469787598,380.7745000138957,5.942207336425781,0.2029066532850265,0.78852778673172,14.878517150878906,10.790795736724217,10.790795736724217,0.0188036784529685,400,400,400
47_b6,0.0201358030553775,0.0170981197117362,0.0429689735174179,0.0080660236568655,0.9438503005829486,1.1846313866115268,-0.0149615595215028,1.020226369824,1.020226369824,0.056712503945149415,0.00077901152,0.00780304242,0.0,47,6,support_safe_target_policy_draw,100,data/Z_true.pt,0.0053997780196368,0.3693986237049103,0.3693986237049103,0.0070093525451397,0.0216688588261604,1609,400,400,400,1.0,3.891906799502465e-05,15.102242469787598,380.7745000138957,5.942207336425781,0.2029066532850265,0.78852778673172,14.878517150878906,10.790795736724217,10.790795736724217,0.0188036784529685,400,400,400
47_b7,0.0169617887789712,0.014472873682389,0.035359650850296,0.0037630103889387,0.9440561027777012,1.1105584944783675,-0.0105614710194879,1.000176326258,1.000176326258,0.06072187026272957,0.000206142548,0.00944883097,0.0,47,7,support_safe_target_policy_draw,100,data/Z_true.pt,0.005839928984642,0.3677386939525604,0.3677386939525604,0.0070093525451397,0.0216688588261604,1609,400,400,400,1.0,3.891906799502465e-05,15.102242469787598,380.7745000138957,5.942207336425781,0.2029066532850265,0.78852778673172,14.878517150878906,10.790795736724217,10.790795736724217,0.0188036784529685,400,400,400
47_b8,0.017367052212523,0.0140846100822091,0.0377607345581054,0.0130266094021499,0.9931883395701718,1.2079973905395174,-0.0136918564437089,0.9989807667279,1.0089666609279,0.060034612348861614,-0.00098169758,0.012145252,0.0225,47,8,support_safe_target_policy_draw,100,data/Z_true.pt,0.006430173292756,0.3653405308723449,0.3653405308723449,0.0070093525451397,0.0216688588261604,1609,400,400,400,1.0,3.891906799502465e-05,15.102242469787598,380.7745000138957,5.942207336425781,0.2029066532850265,0.78852778673172,14.878517150878906,10.790795736724217,10.790795736724217,0.0188036784529685,400,400,400
47_b9,0.0215822775941652,0.017884217124083,0.0457943975925445,0.0120357619173591,0.9581573839233384,1.206459918285406,-0.0144946671200428,1.0258404605009002,1.0337462268681,0.06162162577578466,-0.00110065937,0.00949263666,0.015,47,9,support_safe_target_policy_draw,100,data/Z_true.pt,0.0055940663442015,0.3671459555625915,0.3671459555625915,0.0070093525451397,0.0216688588261604,1609,400,400,400,1.0,3.891906799502465e-05,15.102242469787598,380.7745000138957,5.942207336425781,0.2029066532850265,0.78852778673172,14.878517150878906,10.790795736724217,10.790795736724217,0.0188036784529685,400,400,400
48_b0,0.0434762502920354,0.0371061670535709,0.0865570157766342,-0.0251919006870593,0.6881562945196922,0.9807654917848364,-0.0227519948529004,0.9264976228545,0.9326982271739,0.06934044396516481,-0.000445054146,0.0158396307,0.045,48,0,fixed_config,100,data/Z_true.pt,0.0095437616109848,0.3907842934131622,0.3907842934131622,0.0092711973079195,0.0162907857447862,1610,400,400,400,1.0,4.4084474826178166e-05,11.902542114257812,379.4075778613556,5.938611030578613,0.2296940237283706,0.7924457788467407,14.830615997314451,12.425236857386205,12.425236857386205,0.0184860881417989,400,400,400
48_b1,0.0158978698072246,0.0129659759101923,0.0374455899000167,0.0064905000070575,0.9701901309498728,1.1623962557724468,-0.0138893068785021,0.977102102629569,0.984875139232231,0.057533466586397575,-0.00106462324,0.00941959117,0.02,48,1,fixed_config,100,data/Z_true.pt,0.0041597485542297,0.3667022585868835,0.3667022585868835,0.0092711973079195,0.0162907857447862,1610,400,400,400,1.0,4.4084474826178166e-05,11.902542114257812,379.4075778613556,5.938611030578613,0.2296940237283706,0.7924457788467407,14.830615997314451,12.425236857386205,12.425236857386205,0.0184860881417989,400,400,400
48_b2,0.0196652422307519,0.0156549795833416,0.0435670316219329,0.0106403217441402,0.9644666763429398,1.2097421136779314,-0.0168149404931854,1.0204426368169002,1.0339830831057002,0.062400279835707236,-0.00143865682,0.0112417592,0.03,48,2,fixed_config,100,data/Z_true.pt,0.0029044419061392,0.3667003214359283,0.3667003214359283,0.0092711973079195,0.0162907857447862,1610,400,400,400,1.0,4.4084474826178166e-05,11.902542114257812,379.4075778613556,5.938611030578613,0.2296940237283706,0.7924457788467407,14.830615997314451,12.425236857386205,12.425236857386205,0.0184860881417989,400,400,400
48_b3,0.0181868191673251,0.0148755684343632,0.0405086725950241,0.004600819783518,0.9480011040429596,1.184623749631038,-0.0192904858393484,0.9804393458457,0.9857983552162999,0.057476958614443546,-0.000953698996,0.0104867034,0.015,48,3,fixed_config,100,data/Z_true.pt,0.0041520157828927,0.3684768080711365,0.3684768080711365,0.0092711973079195,0.0162907857447862,1610,400,400,400,1.0,4.4084474826178166e-05,11.902542114257812,379.4075778613556,5.938611030578613,0.2296940237283706,0.7924457788467407,14.830615997314451,12.425236857386205,12.425236857386205,0.0184860881417989,400,400,400
48_b4,0.0446497139526984,0.0378453828697092,0.0899048149585723,-0.0269526546145789,0.7056071629673998,0.943988711287604,-0.0198035988120653,1.03910318666264,1.0668782196946398,0.08622191526253956,-0.00073872623,0.0178854465,0.1375,48,4,support_safe_target_policy_draw,100,data/Z_true.pt,0.009848453104496,0.3999593555927276,0.3999593555927276,0.0092711973079195,0.0162907857447862,1610,400,400,400,1.0,4.4084474826178166e-05,11.902542114257812,379.4075778613556,5.938611030578613,0.2296940237283706,0.7924457788467407,14.830615997314451,12.425236857386205,12.425236857386205,0.0184860881417989,400,400,400
48_b5,0.0107310610339489,0.0087889966601505,0.0268086194992065,0.0042260879045352,0.9838383206986024,1.0852938970543269,-0.0066390460410914,1.0108994935654,1.0212077685638001,0.06455675529239237,-0.000934570096,0.0119318543,0.025,48,5,support_safe_target_policy_draw,100,data/Z_true.pt,0.0046080565080046,0.3639987707138061,0.3639987707138061,0.0092711973079195,0.0162907857447862,1610,400,400,400,1.0,4.4084474826178166e-05,11.902542114257812,379.4075778613556,5.938611030578613,0.2296940237283706,0.7924457788467407,14.830615997314451,12.425236857386205,12.425236857386205,0.0184860881417989,400,400,400
48_b6,0.0138246528998936,0.0118627710361033,0.026580274105072,-0.0041037838626652,0.9582772175275642,0.9923634861853164,-0.0031513431087517,0.97898939294,0.9834917594720001,0.06243498066384174,-0.000692398055,0.0115322182,0.015,48,6,support_safe_target_policy_draw,100,data/Z_true.pt,0.0011221310123801,0.3664259314537048,0.3664259314537048,0.0092711973079195,0.0162907857447862,1610,400,400,400,1.0,4.4084474826178166e-05,11.902542114257812,379.4075778613556,5.938611030578613,0.2296940237283706,0.7924457788467407,14.830615997314451,12.425236857386205,12.425236857386205,0.0184860881417989,400,400,400
48_b7,0.0123872016427402,0.0106230551120825,0.0220897197723388,-0.0031827490893192,0.9650105749813778,1.0057382753450186,-0.0039262271810206,0.9599318250441999,0.9698141154227999,0.06537975801200387,-0.000915608834,0.011959184,0.0425,48,7,support_safe_target_policy_draw,100,data/Z_true.pt,0.0036294513847678,0.3651742339134216,0.3651742339134216,0.0092711973079195,0.0162907857447862,1610,400,400,400,1.0,4.4084474826178166e-05,11.902542114257812,379.4075778613556,5.938611030578613,0.2296940237283706,0.7924457788467407,14.830615997314451,12.425236857386205,12.425236857386205,0.0184860881417989,400,400,400
48_b8,0.015685800477812,0.013073233643081,0.0364162623882293,0.0052758235600776,0.9653625806027856,1.1427028086226907,-0.0130551762106578,0.9756659226309999,0.9957447195234,0.06137992166702636,-0.00259934133,0.0110656768,0.035,48,8,support_safe_target_policy_draw,100,data/Z_true.pt,0.0076900613494217,0.3672319054603576,0.3672319054603576,0.0092711973079195,0.0162907857447862,1610,400,400,400,1.0,4.4084474826178166e-05,11.902542114257812,379.4075778613556,5.938611030578613,0.2296940237283706,0.7924457788467407,14.830615997314451,12.425236857386205,12.425236857386205,0.0184860881417989,400,400,400
48_b9,0.0162890278620727,0.0135831147874705,0.0373214781284332,0.0082522250455804,0.9720074531952076,1.1503973918915034,-0.0110740798668919,1.02272456481968,1.03873165087068,0.06695977620646353,-0.00143329334,0.0122205727,0.0425,48,9,support_safe_target_policy_draw,100,data/Z_true.pt,0.0038045821711421,0.3646113276481628,0.3646113276481628,0.0092711973079195,0.0162907857447862,1610,400,400,400,1.0,4.4084474826178166e-05,11.902542114257812,379.4075778613556,5.938611030578613,0.2296940237283706,0.7924457788467407,14.830615997314451,12.425236857386205,12.425236857386205,0.0184860881417989,400,400,400
49_b0,0.0482221159521171,0.0406389018302434,0.0942514389753341,-0.0331083932114415,0.6809096425495084,0.910926794655356,-0.0218094179032868,0.8096913882821299,0.83346515373453,0.06356623625398317,-0.000852887402,0.012111539,0.1075,49,0,fixed_config,100,data/Z_true.pt,0.007571970578283,0.391828179359436,0.391828179359436,0.0086200958575519,0.0774857774376869,1610,400,400,400,1.0,3.784479268631458e-05,16.012659072875977,380.73782515924376,5.942111015319824,0.1971833109855651,0.7890452146530151,14.898088455200195,10.706169595250458,10.706169595250458,0.018417727202177,400,400,400
49_b1,0.0151039493712162,0.0120518859359435,0.0362346172332763,0.007239862952847,0.9778592408775206,1.1672756260714592,-0.0137522771662839,0.960240070146,0.965109232484,0.05675271634794893,-0.000839128741,0.0102802692,0.0125,49,1,fixed_config,100,data/Z_true.pt,0.0026419544592499,0.3658795356750488,0.3658795356750488,0.0086200958575519,0.0774857774376869,1610,400,400,400,1.0,3.784479268631458e-05,16.012659072875977,380.73782515924376,5.942111015319824,0.1971833109855651,0.7890452146530151,14.898088455200195,10.706169595250458,10.706169595250458,0.018417727202177,400,400,400
49_b2,0.0231283991155956,0.0185199416393879,0.0521561056375503,0.0128074438159819,0.9569897606308624,1.264059614587252,-0.0217579843550748,0.9945276663056001,1.0024056840516,0.05963121184189729,-0.00110039895,0.0102916975,0.0125,49,2,fixed_config,100,data/Z_true.pt,0.0037796469405293,0.368552565574646,0.368552565574646,0.0086200958575519,0.0774857774376869,1610,400,400,400,1.0,3.784479268631458e-05,16.012659072875977,380.73782515924376,5.942111015319824,0.1971833109855651,0.7890452146530151,14.898088455200195,10.706169595250458,10.706169595250458,0.018417727202177,400,400,400
49_b3,0.0197807099296723,0.0157605715532554,0.0448929667472839,0.0112315947405295,0.9681232167878864,1.2368847325682202,-0.0194225629964278,0.9904849972224201,0.9925748019596201,0.05780248810086863,-0.00036816264,0.00957072992,0.01,49,3,fixed_config,100,data/Z_true.pt,0.0038762390613555,0.3673743605613708,0.3673743605613708,0.0086200958575519,0.0774857774376869,1610,400,400,400,1.0,3.784479268631458e-05,16.012659072875977,380.73782515924376,5.942111015319824,0.1971833109855651,0.7890452146530151,14.898088455200195,10.706169595250458,10.706169595250458,0.018417727202177,400,400,400
49_b4,0.0397785214318662,0.0344727369444444,0.076368823647499,-0.0169311979785561,0.7314677808758117,1.097048927974817,-0.0293181331413698,1.03007690026459,1.04715043213139,0.08550253749553446,-0.00082702958,0.0206212942,0.085,49,4,support_safe_target_policy_draw,100,data/Z_true.pt,0.00861481949687,0.3959040641784668,0.3959040641784668,0.0086200958575519,0.0774857774376869,1610,400,400,400,1.0,3.784479268631458e-05,16.012659072875977,380.73782515924376,5.942111015319824,0.1971833109855651,0.7890452146530151,14.898088455200195,10.706169595250458,10.706169595250458,0.018417727202177,400,400,400
49_b5,0.0103672246388937,0.0085681884689256,0.0237191468477249,0.0042606065655127,0.988898073531832,1.1188978319577605,-0.0108851531509516,0.9564680135431001,0.9635113721809,0.06009996861289566,-0.0010708255,0.0102545274,0.015,49,5,support_safe_target_policy_draw,100,data/Z_true.pt,0.0044470038264989,0.3636661767959595,0.3636661767959595,0.0086200958575519,0.0774857774376869,1610,400,400,400,1.0,3.784479268631458e-05,16.012659072875977,380.73782515924376,5.942111015319824,0.1971833109855651,0.7890452146530151,14.898088455200195,10.706169595250458,10.706169595250458,0.018417727202177,400,400,400
49_b6,0.0209802615250729,0.0177496302255894,0.0457849204540252,0.0037718720419798,0.9213518601225,1.1617521873342154,-0.0164021732082936,0.9899295225375999,0.9900432253824,0.0597217506236251,-5.68514224e-05,0.0110418731,0.0025,49,6,support_safe_target_policy_draw,100,data/Z_true.pt,0.0035778626333922,0.3708598017692566,0.3708598017692566,0.0086200958575519,0.0774857774376869,1610,400,400,400,1.0,3.784479268631458e-05,16.012659072875977,380.73782515924376,5.942111015319824,0.1971833109855651,0.7890452146530151,14.898088455200195,10.706169595250458,10.706169595250458,0.018417727202177,400,400,400
49_b7,0.0182540609609097,0.0153058593976311,0.0396982580423355,0.0043550712219439,0.9332016339112644,1.0989111259454774,-0.0084603220355118,1.0100020496336997,1.0167052424671004,0.07349072423977031,-0.000730286585,0.0171467979,0.04,49,7,support_safe_target_policy_draw,100,data/Z_true.pt,0.0093721877783536,0.368265688419342,0.368265688419342,0.0086200958575519,0.0774857774376869,1610,400,400,400,1.0,3.784479268631458e-05,16.012659072875977,380.73782515924376,5.942111015319824,0.1971833109855651,0.7890452146530151,14.898088455200195,10.706169595250458,10.706169595250458,0.018417727202177,400,400,400
49_b8,0.0190612681999537,0.0153559930704068,0.0432727932929992,0.0132761466840747,0.9851201374611316,1.2215507724845125,-0.0151833293333729,0.9903516058775,0.9988219637956999,0.06146779030733283,-0.000730033964,0.0115617476,0.05,49,8,support_safe_target_policy_draw,100,data/Z_true.pt,0.0069276764988899,0.3668105006217956,0.3668105006217956,0.0086200958575519,0.0774857774376869,1610,400,400,400,1.0,3.784479268631458e-05,16.012659072875977,380.73782515924376,5.942111015319824,0.1971833109855651,0.7890452146530151,14.898088455200195,10.706169595250458,10.706169595250458,0.018417727202177,400,400,400
49_b9,0.0220954196442097,0.0185807612771168,0.0503697842359542,0.0082445489522069,0.9376508400379304,1.1984556396376105,-0.0172573175030508,1.0008137148337908,1.010640273015591,0.06731109207731184,-0.00112305186,0.0140335001,0.04,49,9,support_safe_target_policy_draw,100,data/Z_true.pt,0.0063181319274008,0.3686962127685547,0.3686962127685547,0.0086200958575519,0.0774857774376869,1610,400,400,400,1.0,3.784479268631458e-05,16.012659072875977,380.73782515924376,5.942111015319824,0.1971833109855651,0.7890452146530151,14.898088455200195,10.706169595250458,10.706169595250458,0.018417727202177,400,400,400
4_b0,0.0456009998470335,0.0382708422280848,0.092315599322319,-0.0272656031511724,0.6650587092626016,0.9657167088867148,-0.0229167525818852,0.945866054740941,0.9559304204321191,0.07754541501104975,-0.000542995404,0.0163418502,0.07,4,0,fixed_config,100,data/Z_true.pt,0.0071147037670016,0.3942418098449707,0.3942418098449707,0.0076862820614833,0.0223537720739841,1609,400,400,400,1.0,4.612177802698625e-05,11.143845558166504,378.9541126635172,5.93741512298584,0.2404583692550659,0.8027077317237854,14.98008918762207,12.72454764784568,12.72454764784568,0.0188972037285566,400,400,400
4_b1,0.0119276154603135,0.0093867999146459,0.027882382273674,0.0075464239093707,0.9923462396251148,1.1442325962637288,-0.0105539469672613,0.990569448589,0.991745958595,0.06043327930243667,-0.000588255003,0.0120069459,0.0025,4,1,fixed_config,100,data/Z_true.pt,0.0030748317949473,0.3638148307800293,0.3638148307800293,0.0076862820614833,0.0223537720739841,1609,400,400,400,1.0,4.612177802698625e-05,11.143845558166504,378.9541126635172,5.93741512298584,0.2404583692550659,0.8027077317237854,14.98008918762207,12.72454764784568,12.72454764784568,0.0188972037285566,400,400,400
4_b2,0.0169397782414416,0.0142773824767209,0.0336976796388626,0.0109568847832269,0.979175302464271,1.172004418780953,-0.0115585096733262,1.0342786383655,1.0350835446107,0.06688647836793854,-0.000291502336,0.0141918613,0.0075,4,2,fixed_config,100,data/Z_true.pt,0.0018772851908579,0.3645198345184326,0.3645198345184326,0.0076862820614833,0.0223537720739841,1609,400,400,400,1.0,4.612177802698625e-05,11.143845558166504,378.9541126635172,5.93741512298584,0.2404583692550659,0.8027077317237854,14.98008918762207,12.72454764784568,12.72454764784568,0.0188972037285566,400,400,400
4_b3,0.0190856349214814,0.0155680776177905,0.0408334583044052,0.0121694224118255,0.9756568685377874,1.2232203558176609,-0.0167164915225548,1.022304009097,1.022619457367,0.06266142511307782,-0.000157724135,0.012972815,0.0025,4,3,fixed_config,100,data/Z_true.pt,0.0038388425018638,0.3666563928127289,0.3666563928127289,0.0076862820614833,0.0223537720739841,1609,400,400,400,1.0,4.612177802698625e-05,11.143845558166504,378.9541126635172,5.93741512298584,0.2404583692550659,0.8027077317237854,14.98008918762207,12.72454764784568,12.72454764784568,0.0188972037285566,400,400,400
4_b4,0.0498619888255344,0.0433033112666453,0.0988132357597351,-0.0141594742794404,0.6135531946998426,1.4233098312015389,-0.0681890400077265,1.06745249165031,1.0692123552255102,0.07464091390867254,-0.000368257985,0.0165341944,0.01,4,4,support_safe_target_policy_draw,100,data/Z_true.pt,0.0115400785580277,0.4159995317459106,0.4159995317459106,0.0076862820614833,0.0223537720739841,1609,400,400,400,1.0,4.612177802698625e-05,11.143845558166504,378.9541126635172,5.93741512298584,0.2404583692550659,0.8027077317237854,14.98008918762207,12.72454764784568,12.72454764784568,0.0188972037285566,400,400,400
4_b5,0.0078145975551483,0.0061970264604315,0.0190324634313583,0.0027823576470836,0.9924248380033605,1.0823093206807408,-0.0077025870565236,0.9798279118138999,0.9807925664241001,0.06380233821590511,-0.000396001153,0.0131580904,0.005,4,5,support_safe_target_policy_draw,100,data/Z_true.pt,0.0024900240823626,0.3627112507820129,0.3627112507820129,0.0076862820614833,0.0223537720739841,1609,400,400,400,1.0,4.612177802698625e-05,11.143845558166504,378.9541126635172,5.93741512298584,0.2404583692550659,0.8027077317237854,14.98008918762207,12.72454764784568,12.72454764784568,0.0188972037285566,400,400,400
4_b6,0.0165425843569652,0.014206522856839,0.0337459594011306,0.0061953459633514,0.9528679556912116,1.0986225181013665,-0.0061050449968147,1.061489563064,1.061489563064,0.06959525341668611,0.000544730341,0.0137442518,0.0,4,6,support_safe_target_policy_draw,100,data/Z_true.pt,0.0044986787252128,0.3675506114959717,0.3675506114959717,0.0076862820614833,0.0223537720739841,1609,400,400,400,1.0,4.612177802698625e-05,11.143845558166504,378.9541126635172,5.93741512298584,0.2404583692550659,0.8027077317237854,14.98008918762207,12.72454764784568,12.72454764784568,0.0188972037285566,400,400,400
4_b7,0.0134590121041843,0.0117078690056223,0.0250191092491149,0.0070782895560842,0.9746228998933296,1.0965924101039384,-0.0054366799110489,1.0431707763232,1.0434064051252,0.07048183275012632,-0.000117814401,0.0147648435,0.0025,4,7,support_safe_target_policy_draw,100,data/Z_true.pt,0.0055845445021986,0.3654145002365112,0.3654145002365112,0.0076862820614833,0.0223537720739841,1609,400,400,400,1.0,4.612177802698625e-05,11.143845558166504,378.9541126635172,5.93741512298584,0.2404583692550659,0.8027077317237854,14.98008918762207,12.72454764784568,12.72454764784568,0.0188972037285566,400,400,400
4_b8,0.0115575006131744,0.0094905132148414,0.0275626480579376,0.0052792977308854,0.9862702037297156,1.1297631368911143,-0.0113895264888974,0.9643224201877,0.9856649939794999,0.06359358771971642,-0.00162024749,0.0145116057,0.0525,4,8,support_safe_target_policy_draw,100,data/Z_true.pt,0.0062175896018743,0.3644710481166839,0.3644710481166839,0.0076862820614833,0.0223537720739841,1609,400,400,400,1.0,4.612177802698625e-05,11.143845558166504,378.9541126635172,5.93741512298584,0.2404583692550659,0.8027077317237854,14.98008918762207,12.72454764784568,12.72454764784568,0.0188972037285566,400,400,400
4_b9,0.0132425220729205,0.0114929164591012,0.0248199105262756,0.0065017086762236,0.9789298249931436,1.107652224391356,-0.0073317739854579,1.02599497790354,1.0269639491938198,0.07095202345714353,-0.000423256541,0.0149103776,0.0075,4,9,support_safe_target_policy_draw,100,data/Z_true.pt,0.0033001981209963,0.3631711602210998,0.3631711602210998,0.0076862820614833,0.0223537720739841,1609,400,400,400,1.0,4.612177802698625e-05,11.143845558166504,378.9541126635172,5.93741512298584,0.2404583692550659,0.8027077317237854,14.98008918762207,12.72454764784568,12.72454764784568,0.0188972037285566,400,400,400
5_b0,0.0469173877876997,0.0396494260727195,0.093302309513092,-0.02841409177694,0.647261095919215,0.9497686668246194,-0.0220422250517189,0.9910817268889099,0.99799192822749,0.07880850977609938,-0.00074536266,0.0183929987,0.0475,5,0,fixed_config,100,data/Z_true.pt,0.0062906444072723,0.3975617885589599,0.3975617885589599,0.0087583487497294,0.0156561955809593,1610,400,400,400,1.0,4.80611880249171e-05,10.094499588012695,378.0826994053477,5.935112953186035,0.2504139542579651,0.7956112623214722,14.77497100830078,13.50494597166472,13.50494597166472,0.0185423884540796,400,400,400
5_b1,0.0151286283111734,0.0123204465594608,0.0365810096263885,0.0065240719157736,0.9784225025822192,1.1831993725485035,-0.0164664078605936,0.949030473701156,0.949704127725244,0.053039242098971415,-0.000152901514,0.00822804775,0.01,5,1,fixed_config,100,data/Z_true.pt,0.0043738847598433,0.3661115765571594,0.3661115765571594,0.0087583487497294,0.0156561955809593,1610,400,400,400,1.0,4.80611880249171e-05,10.094499588012695,378.0826994053477,5.935112953186035,0.2504139542579651,0.7956112623214722,14.77497100830078,13.50494597166472,13.50494597166472,0.0185423884540796,400,400,400
5_b2,0.0194720640921308,0.0165658357797656,0.0410689264535903,0.0106687645462807,0.9666413681291304,1.2124434715182777,-0.0171401056842277,1.0028822560312998,1.0051128457747,0.05847873423964724,-0.000842886511,0.0110615045,0.01,5,2,fixed_config,100,data/Z_true.pt,0.0033888961188495,0.3664181232452392,0.3664181232452392,0.0087583487497294,0.0156561955809593,1610,400,400,400,1.0,4.80611880249171e-05,10.094499588012695,378.0826994053477,5.935112953186035,0.2504139542579651,0.7956112623214722,14.77497100830078,13.50494597166472,13.50494597166472,0.0185423884540796,400,400,400
5_b3,0.0187825365396564,0.0153225010450114,0.0404088646173477,0.0091325543585116,0.9642955708801224,1.2230913458656991,-0.0197366649946088,0.9896390373746999,0.9899778562527,0.0564228427048566,-0.000169409439,0.00987565331,0.0025,5,3,fixed_config,100,data/Z_true.pt,0.0051575028337538,0.3672642111778259,0.3672642111778259,0.0087583487497294,0.0156561955809593,1610,400,400,400,1.0,4.80611880249171e-05,10.094499588012695,378.0826994053477,5.935112953186035,0.2504139542579651,0.7956112623214722,14.77497100830078,13.50494597166472,13.50494597166472,0.0185423884540796,400,400,400
5_b4,0.0511627980488462,0.0433085139332979,0.1012706905603408,-0.0338251180113002,0.664911837096768,0.9748804527623558,-0.0306189599480944,0.8833509509874466,0.8901852251458666,0.07100672786876167,-0.000543480506,0.0147171114,0.0475,5,4,support_safe_target_policy_draw,100,data/Z_true.pt,0.0095270071178674,0.3989434838294983,0.3989434838294983,0.0087583487497294,0.0156561955809593,1610,400,400,400,1.0,4.80611880249171e-05,10.094499588012695,378.0826994053477,5.935112953186035,0.2504139542579651,0.7956112623214722,14.77497100830078,13.50494597166472,13.50494597166472,0.0185423884540796,400,400,400
5_b5,0.0102503405534772,0.0087261855544056,0.0212095975875854,0.0027761986723635,0.9858777366387832,1.1059797784880998,-0.0107239992148033,0.9581087480974,0.9604173673058001,0.05741956089208485,-0.000755548012,0.0113999248,0.01,5,5,support_safe_target_policy_draw,100,data/Z_true.pt,0.0039163762703537,0.3635149598121643,0.3635149598121643,0.0087583487497294,0.0156561955809593,1610,400,400,400,1.0,4.80611880249171e-05,10.094499588012695,378.0826994053477,5.935112953186035,0.2504139542579651,0.7956112623214722,14.77497100830078,13.50494597166472,13.50494597166472,0.0185423884540796,400,400,400
5_b6,0.016165393781441,0.0139628333679866,0.0327195823192596,-0.0019844651676248,0.9394206732985368,1.010207752490491,-0.0032575957758759,1.03503230659,1.03503230659,0.06736839962001716,0.000301395077,0.0159625001,0.0,5,6,support_safe_target_policy_draw,100,data/Z_true.pt,0.0023631621152162,0.3681513965129852,0.3681513965129852,0.0087583487497294,0.0156561955809593,1610,400,400,400,1.0,4.80611880249171e-05,10.094499588012695,378.0826994053477,5.935112953186035,0.2504139542579651,0.7956112623214722,14.77497100830078,13.50494597166472,13.50494597166472,0.0185423884540796,400,400,400
5_b7,0.0178031392037119,0.0150415142555721,0.0323158502578735,0.0007800866966135,0.929947333420508,1.077674653700624,-0.0092838087832427,1.0101275385180999,1.0120114175886998,0.06666195891871578,-0.000596032944,0.0127392169,0.01,5,7,support_safe_target_policy_draw,100,data/Z_true.pt,0.0052252314053475,0.3683958351612091,0.3683958351612091,0.0087583487497294,0.0156561955809593,1610,400,400,400,1.0,4.80611880249171e-05,10.094499588012695,378.0826994053477,5.935112953186035,0.2504139542579651,0.7956112623214722,14.77497100830078,13.50494597166472,13.50494597166472,0.0185423884540796,400,400,400
5_b8,0.0132797896663363,0.010757243738044,0.0321728140115737,0.0061693318258039,0.983445771480973,1.156740054680709,-0.0139648332557955,0.956329276255927,0.993985937705927,0.06012487335856465,-0.00152165908,0.0112452265,0.065,5,8,support_safe_target_policy_draw,100,data/Z_true.pt,0.0066244699992239,0.3655136227607727,0.3655136227607727,0.0087583487497294,0.0156561955809593,1610,400,400,400,1.0,4.80611880249171e-05,10.094499588012695,378.0826994053477,5.935112953186035,0.2504139542579651,0.7956112623214722,14.77497100830078,13.50494597166472,13.50494597166472,0.0185423884540796,400,400,400
5_b9,0.019000467397391,0.0162619691644795,0.0389575511217117,0.0053202905296348,0.9459487402085248,1.1520614707692267,-0.0142198511747181,1.0033976311003001,1.0050928738117,0.06138738197045238,-0.000500272727,0.0102891484,0.0075,5,9,support_safe_target_policy_draw,100,data/Z_true.pt,0.0032354381401091,0.3668678998947143,0.3668678998947143,0.0087583487497294,0.0156561955809593,1610,400,400,400,1.0,4.80611880249171e-05,10.094499588012695,378.0826994053477,5.935112953186035,0.2504139542579651,0.7956112623214722,14.77497100830078,13.50494597166472,13.50494597166472,0.0185423884540796,400,400,400
6_b0,0.045958813925417,0.038946266490966,0.0920298099517822,-0.0249596571363508,0.6446863879433241,1.0413779192612642,-0.0302084644092774,0.9509623404261389,0.954322927250861,0.07113660105237102,-0.000398514443,0.0166923869,0.03,6,0,fixed_config,100,data/Z_true.pt,0.0090890116989612,0.3953803777694702,0.3953803777694702,0.0096144713399601,0.0182488244026899,1610,400,400,400,1.0,4.3985023463477546e-05,12.063721656799316,378.8724453349475,5.937199592590332,0.2291758507490158,0.795993447303772,14.871461868286133,12.17621941962832,12.17621941962832,0.0188215933740139,400,400,400
6_b1,0.0099517181689084,0.0086382696399232,0.018649473786354,-0.0050897473929217,0.9847938751430284,1.0338904158754136,-0.0093428019201149,0.8979843365489,0.8989652054831,0.053368536107119745,-0.000172364525,0.00856172387,0.01,6,1,fixed_config,100,data/Z_true.pt,0.003307880833745,0.3638923764228821,0.3638923764228821,0.0096144713399601,0.0182488244026899,1610,400,400,400,1.0,4.3985023463477546e-05,12.063721656799316,378.8724453349475,5.937199592590332,0.2291758507490158,0.795993447303772,14.871461868286133,12.17621941962832,12.17621941962832,0.0188215933740139,400,400,400
6_b2,0.0110783793802984,0.009395971748745,0.0219603404402732,0.0026154988037887,0.9813722020288632,1.1120569250070604,-0.0120527631281061,0.9476460013696999,0.9560043951777,0.05671927873236112,-0.00169458776,0.00974105299,0.0225,6,2,fixed_config,100,data/Z_true.pt,0.0038831513375043,0.3636201620101928,0.3636201620101928,0.0096144713399601,0.0182488244026899,1610,400,400,400,1.0,4.3985023463477546e-05,12.063721656799316,378.8724453349475,5.937199592590332,0.2291758507490158,0.795993447303772,14.871461868286133,12.17621941962832,12.17621941962832,0.0188215933740139,400,400,400
6_b3,0.0098913180368954,0.0085098139522597,0.0198424383997917,-0.0026733825914561,0.9810129885413132,1.066358934183795,-0.0112605853785357,0.929598801213,0.934309228933,0.05576079052424298,-0.00127598818,0.00971913151,0.005,6,3,fixed_config,100,data/Z_true.pt,0.0035012210719287,0.3640969693660736,0.3640969693660736,0.0096144713399601,0.0182488244026899,1610,400,400,400,1.0,4.3985023463477546e-05,12.063721656799316,378.8724453349475,5.937199592590332,0.2291758507490158,0.795993447303772,14.871461868286133,12.17621941962832,12.17621941962832,0.0188215933740139,400,400,400
6_b4,0.0492984433727496,0.042237447204825,0.0943271517753601,-0.0314200460424763,0.6605180084820349,0.9204958266958048,-0.0212724528599146,0.98073100897876,0.9868310042611801,0.07770097178763635,-0.000484070973,0.0185491871,0.0575,6,4,support_safe_target_policy_draw,100,data/Z_true.pt,0.0083986679092049,0.4023430943489074,0.4023430943489074,0.0096144713399601,0.0182488244026899,1610,400,400,400,1.0,4.3985023463477546e-05,12.063721656799316,378.8724453349475,5.937199592590332,0.2291758507490158,0.795993447303772,14.871461868286133,12.17621941962832,12.17621941962832,0.0188215933740139,400,400,400
6_b5,0.010205757380398,0.0085698474769014,0.0214632302522659,0.0017560242943,0.9843556451674796,1.0984646340602875,-0.0107868594865961,0.9502856166854301,0.95303478662803,0.05724054731545271,-0.000702266814,0.0101796519,0.01,6,5,support_safe_target_policy_draw,100,data/Z_true.pt,0.0040717171505093,0.3638427853584289,0.3638427853584289,0.0096144713399601,0.0182488244026899,1610,400,400,400,1.0,4.3985023463477546e-05,12.063721656799316,378.8724453349475,5.937199592590332,0.2291758507490158,0.795993447303772,14.871461868286133,12.17621941962832,12.17621941962832,0.0188215933740139,400,400,400
6_b6,0.0127209336339854,0.0105635758303105,0.0290545225143432,0.0034345867671072,0.9669369925196432,1.0480603556908454,-0.0025595936296499,1.03724639257,1.03724639257,0.0644563775756827,0.000497830799,0.0118191969,0.0,6,6,support_safe_target_policy_draw,100,data/Z_true.pt,0.0026151263155043,0.3658156394958496,0.3658156394958496,0.0096144713399601,0.0182488244026899,1610,400,400,400,1.0,4.3985023463477546e-05,12.063721656799316,378.8724453349475,5.937199592590332,0.2291758507490158,0.795993447303772,14.871461868286133,12.17621941962832,12.17621941962832,0.0188215933740139,400,400,400
6_b7,0.0147477103196457,0.0125137088797055,0.0283109247684478,-0.0031050932756625,0.9476004093508168,0.9519671218830752,0.0031182735748488,1.0437346744297,1.0438308469897,0.07267141891447476,-4.808628e-05,0.0136681972,0.0025,6,7,support_safe_target_policy_draw,100,data/Z_true.pt,0.0044447486288845,0.3674651086330414,0.3674651086330414,0.0096144713399601,0.0182488244026899,1610,400,400,400,1.0,4.3985023463477546e-05,12.063721656799316,378.8724453349475,5.937199592590332,0.2291758507490158,0.795993447303772,14.871461868286133,12.17621941962832,12.17621941962832,0.0188215933740139,400,400,400
6_b8,0.0121998201991566,0.0098039396962849,0.0297251045703887,0.00527849231672,0.987052850444861,1.1578561150261997,-0.0149990371606806,0.94244161105834,0.95240744526366,0.06000719747977504,-0.000839934393,0.00983648375,0.0475,6,8,support_safe_target_policy_draw,100,data/Z_true.pt,0.0068150553852319,0.3648805916309356,0.3648805916309356,0.0096144713399601,0.0182488244026899,1610,400,400,400,1.0,4.3985023463477546e-05,12.063721656799316,378.8724453349475,5.937199592590332,0.2291758507490158,0.795993447303772,14.871461868286133,12.17621941962832,12.17621941962832,0.0188215933740139,400,400,400
6_b9,0.0125910173674641,0.0105490618007024,0.0283941775560379,-0.0003802672581514,0.967271567831977,1.0334500578726191,-0.0046786530855628,0.9932024573784,0.9946378988096001,0.06427617374466958,-0.00035769213,0.0119175836,0.01,6,9,support_safe_target_policy_draw,100,data/Z_true.pt,0.0019938424229621,0.3636840581893921,0.3636840581893921,0.0096144713399601,0.0182488244026899,1610,400,400,400,1.0,4.3985023463477546e-05,12.063721656799316,378.8724453349475,5.937199592590332,0.2291758507490158,0.795993447303772,14.871461868286133,12.17621941962832,12.17621941962832,0.0188215933740139,400,400,400
7_b0,0.0509881919705236,0.0435033975024998,0.0997125655412674,-0.0281770555530965,0.5776337782165657,1.0803048080397226,-0.0383637558032576,0.95370340029194,0.9553337624167,0.07083148642674197,-0.000413799775,0.0150315035,0.0125,7,0,fixed_config,100,data/Z_true.pt,0.0098166167736053,0.4036705493927002,0.4036705493927002,0.0209877135571654,0.7946409583091736,1609,400,400,400,1.0,3.4437707519430205e-05,19.19799423217773,381.4048786563904,5.943861484527588,0.1795428395271301,0.7866761684417725,14.911516189575195,9.56323798701128,9.56323798701128,0.0187742728739976,400,400,400
7_b1,0.0171118825513529,0.0136459776823176,0.0416009575128555,0.0089594546362059,0.980540421187414,1.2219498830194169,-0.0188939939097164,0.939984403573,0.9433965736708,0.05320432464417758,-0.00108023104,0.00803524535,0.01,7,1,fixed_config,100,data/Z_true.pt,0.0042006140574812,0.3673657476902008,0.3673657476902008,0.0209877135571654,0.7946409583091736,1609,400,400,400,1.0,3.4437707519430205e-05,19.19799423217773,381.4048786563904,5.943861484527588,0.1795428395271301,0.7866761684417725,14.911516189575195,9.56323798701128,9.56323798701128,0.0187742728739976,400,400,400
7_b2,0.0199166278520916,0.0169241550646256,0.0413486659526824,0.0114901543606538,0.9697442807008942,1.2270043792403058,-0.0182247400483639,0.9900193778763,0.9948471209253,0.0584930668828441,-0.000480776653,0.00941382814,0.0225,7,2,fixed_config,100,data/Z_true.pt,0.0026693542022258,0.3666809797286987,0.3666809797286987,0.0209877135571654,0.7946409583091736,1609,400,400,400,1.0,3.4437707519430205e-05,19.19799423217773,381.4048786563904,5.943861484527588,0.1795428395271301,0.7866761684417725,14.911516189575195,9.56323798701128,9.56323798701128,0.0187742728739976,400,400,400
7_b3,0.016268666817372,0.0133969527290901,0.0362332612276077,0.0045701907115289,0.9649735728299124,1.198918013088663,-0.0211708694396817,0.9349723755342599,0.93646671450234,0.05369650701334901,-0.000368882669,0.00827266369,0.015,7,3,fixed_config,100,data/Z_true.pt,0.0029953778721392,0.367256611585617,0.367256611585617,0.0209877135571654,0.7946409583091736,1609,400,400,400,1.0,3.4437707519430205e-05,19.19799423217773,381.4048786563904,5.943861484527588,0.1795428395271301,0.7866761684417725,14.911516189575195,9.56323798701128,9.56323798701128,0.0187742728739976,400,400,400
7_b4,0.0586016579365418,0.0496101946053386,0.1087784618139267,-0.0474909286801994,0.6955803039623827,0.7292948403500714,-0.0129392099668004,0.7639514781125487,0.8050311314813485,0.06876897818283886,-0.000831742072,0.0168745294,0.19,7,4,support_safe_target_policy_draw,100,data/Z_true.pt,0.0076218429021537,0.3986043334007263,0.3986043334007263,0.0209877135571654,0.7946409583091736,1609,400,400,400,1.0,3.4437707519430205e-05,19.19799423217773,381.4048786563904,5.943861484527588,0.1795428395271301,0.7866761684417725,14.911516189575195,9.56323798701128,9.56323798701128,0.0187742728739976,400,400,400
7_b5,0.018148471070398,0.0144808386452496,0.0403457432985305,0.0115874707326293,0.9896170747165218,1.2447779577950764,-0.0195934858214662,0.958341756417491,0.971104276307309,0.057475325738255575,-0.00114537601,0.00908948574,0.0325,7,5,support_safe_target_policy_draw,100,data/Z_true.pt,0.0074469270184636,0.3665530681610107,0.3665530681610107,0.0209877135571654,0.7946409583091736,1609,400,400,400,1.0,3.4437707519430205e-05,19.19799423217773,381.4048786563904,5.943861484527588,0.1795428395271301,0.7866761684417725,14.911516189575195,9.56323798701128,9.56323798701128,0.0187742728739976,400,400,400
7_b6,0.0171289944713291,0.0148672456631902,0.0335896760225296,0.0025788325851317,0.94595284240705,1.1300158644142475,-0.0136369971676175,0.9788689210638001,0.9788689210638001,0.057905004622390385,9.67942178e-05,0.00878226478,0.0,7,6,support_safe_target_policy_draw,100,data/Z_true.pt,0.0028567982371896,0.3680635988712311,0.3680635988712311,0.0209877135571654,0.7946409583091736,1609,400,400,400,1.0,3.4437707519430205e-05,19.19799423217773,381.4048786563904,5.943861484527588,0.1795428395271301,0.7866761684417725,14.911516189575195,9.56323798701128,9.56323798701128,0.0187742728739976,400,400,400
7_b7,0.0170703257842785,0.0143767000129446,0.033437043428421,0.0001622645417228,0.9375975048216516,1.0926493911330664,-0.0118418287398416,0.9655503231876901,0.9721235101476899,0.06357702522958628,-0.0012147259,0.0119117722,0.015,7,7,support_safe_target_policy_draw,100,data/Z_true.pt,0.005909769795835,0.367760956287384,0.367760956287384,0.0209877135571654,0.7946409583091736,1609,400,400,400,1.0,3.4437707519430205e-05,19.19799423217773,381.4048786563904,5.943861484527588,0.1795428395271301,0.7866761684417725,14.911516189575195,9.56323798701128,9.56323798701128,0.0187742728739976,400,400,400
7_b8,0.0237947740318873,0.0192598107864614,0.0527055263519287,0.0157717373233754,0.9733033552136248,1.2806386474927116,-0.0202779174276415,0.9879510003080001,0.9918206598079999,0.05778404227770966,-0.000855092425,0.0103028659,0.0075,7,8,support_safe_target_policy_draw,100,data/Z_true.pt,0.0065431082621216,0.3701475262641907,0.3701475262641907,0.0209877135571654,0.7946409583091736,1609,400,400,400,1.0,3.4437707519430205e-05,19.19799423217773,381.4048786563904,5.943861484527588,0.1795428395271301,0.7866761684417725,14.911516189575195,9.56323798701128,9.56323798701128,0.0187742728739976,400,400,400
7_b9,0.0207319562368972,0.0173132591351168,0.0452814102172851,0.008708914105664,0.9502238029560788,1.19807201070503,-0.0167436554194339,0.9989364181035,1.0083391487183,0.06131422551778896,-0.00124163972,0.0104283504,0.0275,7,9,support_safe_target_policy_draw,100,data/Z_true.pt,0.004085645545274,0.3677935302257538,0.3677935302257538,0.0209877135571654,0.7946409583091736,1609,400,400,400,1.0,3.4437707519430205e-05,19.19799423217773,381.4048786563904,5.943861484527588,0.1795428395271301,0.7866761684417725,14.911516189575195,9.56323798701128,9.56323798701128,0.0187742728739976,400,400,400
8_b0,0.0480224407803443,0.0406070409988751,0.094279758632183,-0.0298407432617386,0.6507275658995382,0.9901350549760414,-0.0285893706428828,0.8858650023715,0.8858650023715,0.06025069633935904,1.45108206e-05,0.010600836,0.0,8,0,fixed_config,100,data/Z_true.pt,0.0043344004079699,0.3960968554019928,0.3960968554019928,0.007446539195767,0.014526660554111,1610,400,400,400,1.0,4.568186264819474e-05,11.287872314453123,378.8402891377202,5.937114715576172,0.2380169183015823,0.7996756434440613,14.923190116882324,12.83233952541044,12.83233952541044,0.0185482092201709,400,400,400
8_b1,0.0126070420034466,0.0101017893024254,0.0300058424472808,0.0065309631160926,0.9865002137171348,1.1464752752791707,-0.0118508512274692,0.9688515400313,0.9776100041653001,0.05576800756597878,-0.00189139135,0.00805189554,0.0125,8,1,fixed_config,100,data/Z_true.pt,0.0031387053895741,0.3645285367965698,0.3645285367965698,0.007446539195767,0.014526660554111,1610,400,400,400,1.0,4.568186264819474e-05,11.287872314453123,378.8402891377202,5.937114715576172,0.2380169183015823,0.7996756434440613,14.923190116882324,12.83233952541044,12.83233952541044,0.0185482092201709,400,400,400
8_b2,0.0173494506855539,0.0147762996540404,0.0368065983057022,0.00951511192834,0.9719837640018836,1.1818235171609173,-0.014285603421708,0.9919905111841,1.0011887679519,0.057583307072653696,-0.00193034252,0.0087561477,0.0175,8,2,fixed_config,100,data/Z_true.pt,0.0031902201008051,0.3653798997402191,0.3653798997402191,0.007446539195767,0.014526660554111,1610,400,400,400,1.0,4.568186264819474e-05,11.287872314453123,378.8402891377202,5.937114715576172,0.2380169183015823,0.7996756434440613,14.923190116882324,12.83233952541044,12.83233952541044,0.0185482092201709,400,400,400
8_b3,0.0133738442727225,0.0109193204069742,0.0290186256170272,0.0060258686396991,0.9785716540010724,1.148773116211146,-0.0132261723082828,0.9821230118719999,0.9891112413259999,0.057995711991318845,-0.00183182547,0.00912685134,0.01,8,3,fixed_config,100,data/Z_true.pt,0.0049476083368062,0.3648055493831634,0.3648055493831634,0.007446539195767,0.014526660554111,1610,400,400,400,1.0,4.568186264819474e-05,11.287872314453123,378.8402891377202,5.937114715576172,0.2380169183015823,0.7996756434440613,14.923190116882324,12.83233952541044,12.83233952541044,0.0185482092201709,400,400,400
8_b4,0.0492501261408995,0.0417426107029314,0.0972679629921913,-0.0322588280352647,0.6846217623058666,0.9735100554242404,-0.028877757962944,0.88985613916165,0.89480144998175,0.06517488041771416,-0.000528137141,0.0127419159,0.0325,8,4,support_safe_target_policy_draw,100,data/Z_true.pt,0.0095144072547554,0.3976132869720459,0.3976132869720459,0.007446539195767,0.014526660554111,1610,400,400,400,1.0,4.568186264819474e-05,11.287872314453123,378.8402891377202,5.937114715576172,0.2380169183015823,0.7996756434440613,14.923190116882324,12.83233952541044,12.83233952541044,0.0185482092201709,400,400,400
8_b5,0.0153074166870568,0.0129543463792651,0.0321011543273925,0.0080986418575048,0.9781061178693417,1.153865096906846,-0.011501410962041,0.9984816266043001,1.0010172030631,0.057332774531160514,-0.00106838578,0.00861061364,0.0075,8,5,support_safe_target_policy_draw,100,data/Z_true.pt,0.0037529284600168,0.3649882078170776,0.3649882078170776,0.007446539195767,0.014526660554111,1610,400,400,400,1.0,4.568186264819474e-05,11.287872314453123,378.8402891377202,5.937114715576172,0.2380169183015823,0.7996756434440613,14.923190116882324,12.83233952541044,12.83233952541044,0.0185482092201709,400,400,400
8_b6,0.015224169296636,0.0130254506319761,0.0324712097644805,-0.0029230969585478,0.9470665420067574,1.0029421632451714,-0.0032900492416668,0.9961337375813001,0.9974531748693,0.061515426426731176,-0.000620029634,0.0110686421,0.005,8,6,support_safe_target_policy_draw,100,data/Z_true.pt,0.0010643622372299,0.367210328578949,0.367210328578949,0.007446539195767,0.014526660554111,1610,400,400,400,1.0,4.568186264819474e-05,11.287872314453123,378.8402891377202,5.937114715576172,0.2380169183015823,0.7996756434440613,14.923190116882324,12.83233952541044,12.83233952541044,0.0185482092201709,400,400,400
8_b7,0.0176023279498271,0.0150199929776135,0.0357690528035163,0.0010944125044625,0.9300135339905092,1.0631424255915345,-0.0070866187743766,1.0181726063489,1.0216636711151,0.06355297606922881,-0.000834896462,0.0116422633,0.015,8,7,support_safe_target_policy_draw,100,data/Z_true.pt,0.0056396462023258,0.3687743842601776,0.3687743842601776,0.007446539195767,0.014526660554111,1610,400,400,400,1.0,4.568186264819474e-05,11.287872314453123,378.8402891377202,5.937114715576172,0.2380169183015823,0.7996756434440613,14.923190116882324,12.83233952541044,12.83233952541044,0.0185482092201709,400,400,400
8_b8,0.0127729072272066,0.0102331720432266,0.0299058407545089,0.0070482283458113,0.9839340968342266,1.1236037715020744,-0.0088293898239708,0.9984260920963,1.0163793135506998,0.0631444266378039,-0.00146260951,0.0118289944,0.04,8,8,support_safe_target_policy_draw,100,data/Z_true.pt,0.0047710221260786,0.3647864758968353,0.3647864758968353,0.007446539195767,0.014526660554111,1610,400,400,400,1.0,4.568186264819474e-05,11.287872314453123,378.8402891377202,5.937114715576172,0.2380169183015823,0.7996756434440613,14.923190116882324,12.83233952541044,12.83233952541044,0.0185482092201709,400,400,400
8_b9,0.0215471519189767,0.0179695823061047,0.0477344989776611,0.0083063276932807,0.9380951379215676,1.17619476002726,-0.0143349802006967,1.0200289960333,1.0254237840283,0.059556396991809056,-0.00156745757,0.00973462034,0.0125,8,9,support_safe_target_policy_draw,100,data/Z_true.pt,0.0034988531842827,0.3687383532524109,0.3687383532524109,0.007446539195767,0.014526660554111,1610,400,400,400,1.0,4.568186264819474e-05,11.287872314453123,378.8402891377202,5.937114715576172,0.2380169183015823,0.7996756434440613,14.923190116882324,12.83233952541044,12.83233952541044,0.0185482092201709,400,400,400
9_b0,0.0483952877566579,0.0420372132849297,0.0894094035029411,-0.0108533634975901,0.58559485959651,1.444058275425528,-0.0671823512105773,1.0447894451779,1.0447894451779,0.06792203173616213,7.65791629e-05,0.0135888001,0.0,9,0,fixed_config,100,data/Z_true.pt,0.0119984447956085,0.4079692959785461,0.4079692959785461,0.0074109631662558,0.0132469506934285,1609,400,400,400,1.0,4.190143598670204e-05,13.0009765625,379.4795891155589,5.938800811767578,0.2184553891420364,0.7876816987991333,14.769878387451172,11.797186596217571,11.797186596217571,0.0185175836086273,400,400,400
9_b1,0.0154279710824374,0.0122573273984016,0.0351755321025848,0.0103988844965351,0.9896250146758266,1.1844307097740812,-0.012746121101557,0.9872509360628999,0.9895961971110998,0.05699786020415003,-0.000841272064,0.0101127131,0.0075,9,1,fixed_config,100,data/Z_true.pt,0.0043036490678787,0.3650597929954529,0.3650597929954529,0.0074109631662558,0.0132469506934285,1609,400,400,400,1.0,4.190143598670204e-05,13.0009765625,379.4795891155589,5.938800811767578,0.2184553891420364,0.7876816987991333,14.769878387451172,11.797186596217571,11.797186596217571,0.0185175836086273,400,400,400
9_b2,0.0228516075733622,0.019112566509284,0.0467733740806579,0.0158836920419707,0.9723056782258814,1.243868758238547,-0.016038751150394,1.0335655182925998,1.0367195105274,0.0603554609371988,-0.000810099882,0.0113979708,0.0125,9,2,fixed_config,100,data/Z_true.pt,0.0031354033853858,0.3669802844524383,0.3669802844524383,0.0074109631662558,0.0132469506934285,1609,400,400,400,1.0,4.190143598670204e-05,13.0009765625,379.4795891155589,5.938800811767578,0.2184553891420364,0.7876816987991333,14.769878387451172,11.797186596217571,11.797186596217571,0.0185175836086273,400,400,400
9_b3,0.0173453381162434,0.0138851349640754,0.0378732979297637,0.0108921811470645,0.9808497255506304,1.2129442294841195,-0.0166639468017941,0.9972905917245001,1.0014515607773,0.05860627913340612,-0.000727158913,0.0118219154,0.0125,9,3,fixed_config,100,data/Z_true.pt,0.0045155342668294,0.3659231662750244,0.3659231662750244,0.0074109631662558,0.0132469506934285,1609,400,400,400,1.0,4.190143598670204e-05,13.0009765625,379.4795891155589,5.938800811767578,0.2184553891420364,0.7876816987991333,14.769878387451172,11.797186596217571,11.797186596217571,0.0185175836086273,400,400,400
9_b4,0.0509812305640836,0.0439809523822623,0.0998545214533805,-0.0265412291439133,0.6154495473719184,1.1521541381252072,-0.0459615718827822,0.9589285241073602,0.96068757393864,0.06855075627048252,-0.000404340273,0.0141334422,0.0125,9,4,support_safe_target_policy_draw,100,data/Z_true.pt,0.0040460536256432,0.408404529094696,0.408404529094696,0.0074109631662558,0.0132469506934285,1609,400,400,400,1.0,4.190143598670204e-05,13.0009765625,379.4795891155589,5.938800811767578,0.2184553891420364,0.7876816987991333,14.769878387451172,11.797186596217571,11.797186596217571,0.0185175836086273,400,400,400
9_b5,0.0121362221894453,0.0100957739166915,0.027901753783226,0.0048122211359441,0.9805389201118772,1.1056782246304555,-0.0086495634160571,0.9835475116613,0.9856820024192999,0.0604932370230268,-0.00067746616,0.0109383287,0.005,9,5,support_safe_target_policy_draw,100,data/Z_true.pt,0.0034288121387362,0.3641425371170044,0.3641425371170044,0.0074109631662558,0.0132469506934285,1609,400,400,400,1.0,4.190143598670204e-05,13.0009765625,379.4795891155589,5.938800811767578,0.2184553891420364,0.7876816987991333,14.769878387451172,11.797186596217571,11.797186596217571,0.0185175836086273,400,400,400
9_b6,0.0201785944603475,0.0171075881726574,0.0423739999532699,0.0112267179519403,0.957722486269707,1.1921688464222489,-0.0127409517736314,1.048232433408,1.048730171308,0.06117009343393987,-0.00024886895,0.0112146428,0.0025,9,6,support_safe_target_policy_draw,100,data/Z_true.pt,0.006586174480617,0.3684627413749695,0.3684627413749695,0.0074109631662558,0.0132469506934285,1609,400,400,400,1.0,4.190143598670204e-05,13.0009765625,379.4795891155589,5.938800811767578,0.2184553891420364,0.7876816987991333,14.769878387451172,11.797186596217571,11.797186596217571,0.0185175836086273,400,400,400
9_b7,0.0171703282728875,0.0146841554250568,0.0338355004787445,0.0072803440596908,0.9534252996266318,1.1263659339461374,-0.009092223964235,1.0309608114053,1.0353586027511001,0.06424926104400272,-0.000769863371,0.0116919484,0.0125,9,7,support_safe_target_policy_draw,100,data/Z_true.pt,0.0072480859234929,0.3671807646751404,0.3671807646751404,0.0074109631662558,0.0132469506934285,1609,400,400,400,1.0,4.190143598670204e-05,13.0009765625,379.4795891155589,5.938800811767578,0.2184553891420364,0.7876816987991333,14.769878387451172,11.797186596217571,11.797186596217571,0.0185175836086273,400,400,400
9_b8,0.0181457604647968,0.0152815249562263,0.0376427620649337,0.0113927698298357,0.9787611681855416,1.2008070390020031,-0.0144020538420685,0.9988324401807,1.0080902459565,0.06195842662642932,-0.00162758632,0.0115267746,0.025,9,8,support_safe_target_policy_draw,100,data/Z_true.pt,0.0083290692418813,0.3668057024478912,0.3668057024478912,0.0074109631662558,0.0132469506934285,1609,400,400,400,1.0,4.190143598670204e-05,13.0009765625,379.4795891155589,5.938800811767578,0.2184553891420364,0.7876816987991333,14.769878387451172,11.797186596217571,11.797186596217571,0.0185175836086273,400,400,400
9_b9,0.0224797527576324,0.0186758260964415,0.0473847836256027,0.012871534556616,0.9545549763095424,1.2061900202533424,-0.0136242121528723,1.04860471183372,1.05073697160888,0.062449015777575174,-0.000599244842,0.011635093,0.01,9,9,support_safe_target_policy_draw,100,data/Z_true.pt,0.004424525424838,0.3676702082157135,0.3676702082157135,0.0074109631662558,0.0132469506934285,1609,400,400,400,1.0,4.190143598670204e-05,13.0009765625,379.4795891155589,5.938800811767578,0.2184553891420364,0.7876816987991333,14.769878387451172,11.797186596217571,11.797186596217571,0.0185175836086273,400,400,400
