1.17091299e-03,1.27397187e-03,1.38414500e-03,1.50168641e-03,1.62683078e-03,1.75978732e-03,1.90073682e-03,2.04982539e-03,2.20716745e-03,2.37282459e-03,2.54682638e-03,2.72913720e-03,2.91967881e-03,3.11830593e-03,3.32481950e-03,3.53895128e-03,3.76036856e-03,3.98867112e-03,4.22339607e-03,4.46401071e-03,4.70991805e-03,4.96046059e-03,5.21492027e-03,5.47252689e-03,5.73246414e-03,5.99386822e-03,6.25585113e-03,6.51748432e-03,6.77783601e-03,7.03595532e-03,7.29089137e-03,7.54170725e-03,7.78747816e-03,8.02730490e-03,8.26031715e-03,8.48569069e-03,8.70263763e-03,8.91042314e-03,9.10836272e-03,9.29583609e-03,9.47226584e-03,9.63714439e-03,9.79001727e-03,9.93048679e-03,1.00582149e-02,1.01729156e-02,1.02743469e-02,1.03623308e-02,1.04367267e-02,1.04974415e-02,1.05444128e-02,1.05776405e-02,1.05971433e-02,1.06029902e-02,1.05952723e-02,1.05741275e-02,1.05397264e-02,1.04922624e-02,1.04319835e-02,1.03591494e-02,1.02740666e-02,1.01770656e-02,1.00685190e-02,9.94882360e-03,9.81840957e-03,9.67773143e-03,9.52727813e-03,9.36755817e-03,9.19910800e-03,9.02247429e-03,8.83823633e-03,8.64697993e-03,8.44929181e-03,8.24579038e-03,8.03708099e-03,7.82377459e-03,7.60648912e-03,7.38583226e-03,7.16241030e-03,6.93682488e-03,6.70966180e-03,6.48149895e-03,6.25290209e-03,6.02442631e-03,5.79660200e-03,5.56994975e-03,5.34497341e-03,5.12215076e-03,4.90194140e-03,4.68478352e-03,4.47109155e-03,4.26125061e-03,4.05562809e-03,3.85455694e-03,3.65834264e-03,3.46726435e-03,3.28156748e-03,3.10146739e-03,2.92715197e-03,2.75877374e-03,2.59645516e-03,2.44029239e-03,2.29034410e-03,2.14664685e-03,2.00920436e-03,1.87799975e-03,1.75298494e-03,1.63409021e-03,1.52122788e-03,1.41428655e-03,1.31313945e-03,1.21764140e-03,1.12763629e-03,1.04295358e-03,9.63415892e-04,8.88834707e-04,8.19016714e-04,7.53763947e-04,6.92875474e-04,6.36148965e-04
1.26540964e-03,1.37735403e-03,1.49708393e-03,1.62488746e-03,1.76102715e-03,1.90573768e-03,2.05922709e-03,2.22166302e-03,2.39317748e-03,2.57385103e-03,2.76371953e-03,2.96275760e-03,3.17088445e-03,3.38795455e-03,3.61375464e-03,3.84799810e-03,4.09032963e-03,4.34031896e-03,4.59746225e-03,4.86117927e-03,5.13082277e-03,5.40566491e-03,5.68493130e-03,5.96777303e-03,6.25328720e-03,6.54052943e-03,6.82851765e-03,7.11623626e-03,7.40264310e-03,7.68669788e-03,7.96734635e-03,8.24354962e-03,8.51428322e-03,8.77854880e-03,9.03538708e-03,9.28387325e-03,9.52314120e-03,9.75237414e-03,9.97081026e-03,1.01777501e-02,1.03725614e-02,1.05546769e-02,1.07235927e-02,1.08788554e-02,1.10200942e-02,1.11469887e-02,1.12592671e-02,1.13567235e-02,1.14392051e-02,1.15065947e-02,1.15588419e-02,1.15959225e-02,1.16178608e-02,1.16247293e-02,1.16166295e-02,1.15937116e-02,1.15561625e-02,1.15041938e-02,1.14380801e-02,1.13581074e-02,1.12646250e-02,1.11579867e-02,1.10386172e-02,1.09069524e-02,1.07634738e-02,1.06086861e-02,1.04431342e-02,1.02673816e-02,1.00820232e-02,9.88768227e-03,9.68498457e-03,9.47458576e-03,9.25713964e-03,9.03332513e-03,8.80381744e-03,8.56928993e-03,8.33042432e-03,8.08789209e-03,7.84236006e-03,7.59448716e-03,7.34491926e-03,7.09429756e-03,6.84323348e-03,6.59233751e-03,6.34219497e-03,6.09337725e-03,5.84642868e-03,5.60187967e-03,5.36023173e-03,5.12196496e-03,4.88753244e-03,4.65736166e-03,4.43184935e-03,4.21136059e-03,3.99623252e-03,3.78676946e-03,3.58323893e-03,3.38588306e-03,3.19489697e-03,3.01045598e-03,2.83268932e-03,2.66169943e-03,2.49755126e-03,2.34028324e-03,2.18989863e-03,2.04637274e-03,1.90965354e-03,1.77966431e-03,1.65630260e-03,1.53944572e-03,1.42895035e-03,1.32465828e-03,1.22639292e-03,1.13396836e-03,1.04718353e-03,9.65833198e-04,8.89703166e-04,8.18573346e-04,7.52222142e-04,6.90426212e-04
1.36586465e-03,1.48729910e-03,1.61724444e-03,1.75602059e-03,1.90392358e-03,2.06121593e-03,2.22813524e-03,2.40487396e-03,2.59158388e-03,2.78836489e-03,2.99526402e-03,3.21226474e-03,3.43928928e-03,3.67618818e-03,3.92273534e-03,4.17862600e-03,4.44348482e-03,4.71684150e-03,4.99815587e-03,5.28679322e-03,5.58205508e-03,5.88314375e-03,6.18921500e-03,6.49933331e-03,6.81251800e-03,7.12772366e-03,7.44387135e-03,7.75984349e-03,8.07449315e-03,8.38666875e-03,8.69521126e-03,8.99896305e-03,9.29680001e-03,9.58761107e-03,9.87034012e-03,1.01439543e-02,1.04074972e-02,1.06600588e-02,1.09007983e-02,1.11289322e-02,1.13437679e-02,1.15446616e-02,1.17310565e-02,1.19024478e-02,1.20584248e-02,1.21986205e-02,1.23227341e-02,1.24305394e-02,1.25218490e-02,1.25965439e-02,1.26545541e-02,1.26958564e-02,1.27204712e-02,1.27284769e-02,1.27199814e-02,1.26951495e-02,1.26541881e-02,1.25973318e-02,1.25248786e-02,1.24371517e-02,1.23345330e-02,1.22174211e-02,1.20862825e-02,1.19416043e-02,1.17839230e-02,1.16138048e-02,1.14318458e-02,1.12386802e-02,1.10349674e-02,1.08213928e-02,1.05986623e-02,1.03674941e-02,1.01286191e-02,9.88278352e-03,9.63073783e-03,9.37321782e-03,9.11098253e-03,8.84476490e-03,8.57530069e-03,8.30331724e-03,8.02951492e-03,7.75460340e-03,7.47924903e-03,7.20412238e-03,6.92986045e-03,6.65709283e-03,6.38641044e-03,6.11839583e-03,5.85359661e-03,5.59253758e-03,5.33571607e-03,5.08359773e-03,4.83661750e-03,4.59517585e-03,4.35964018e-03,4.13034437e-03,3.90758039e-03,3.69161158e-03,3.48265353e-03,3.28089413e-03,3.08647542e-03,2.89950799e-03,2.72006099e-03,2.54817400e-03,2.38385005e-03,2.22705817e-03,2.07774038e-03,1.93580927e-03,1.80115062e-03,1.67362706e-03,1.55307946e-03,1.43933203e-03,1.33218931e-03,1.23144384e-03,1.13687490e-03,1.04825501e-03,9.65347048e-04,8.87908740e-04,8.15695385e-04,7.48461403e-04
1.47248385e-03,1.60403585e-03,1.74488185e-03,1.89537043e-03,2.05583498e-03,2.22657365e-03,2.40784953e-03,2.59988639e-03,2.80285953e-03,3.01688607e-03,3.24203470e-03,3.47829121e-03,3.72558786e-03,3.98376165e-03,4.25258651e-03,4.53173602e-03,4.82080784e-03,5.11929812e-03,5.42662386e-03,5.74209634e-03,6.06495840e-03,6.39433973e-03,6.72931783e-03,7.06887431e-03,7.41192838e-03,7.75734149e-03,8.10392387e-03,8.45044758e-03,8.79564974e-03,9.13826376e-03,9.47700720e-03,9.81060695e-03,1.01378169e-02,1.04574114e-02,1.07682208e-02,1.10691022e-02,1.13589996e-02,1.16368951e-02,1.19018639e-02,1.21530341e-02,1.23896329e-02,1.26109486e-02,1.28163593e-02,1.30053032e-02,1.31773176e-02,1.33320009e-02,1.34690059e-02,1.35880811e-02,1.36890188e-02,1.37716793e-02,1.38359815e-02,1.38818938e-02,1.39094377e-02,1.39186978e-02,1.39097869e-02,1.38828903e-02,1.38382325e-02,1.37760714e-02,1.36967395e-02,1.36005897e-02,1.34880496e-02,1.33595644e-02,1.32156443e-02,1.30568426e-02,1.28837442e-02,1.26969824e-02,1.24972267e-02,1.22851748e-02,1.20615568e-02,1.18271392e-02,1.15827033e-02,1.13290446e-02,1.10669676e-02,1.07973022e-02,1.05208699e-02,1.02384901e-02,9.95099079e-03,9.65918042e-03,9.36386641e-03,9.06584319e-03,8.76588188e-03,8.46475456e-03,8.16319138e-03,7.86192622e-03,7.56165292e-03,7.26305833e-03,6.96679065e-03,6.67348225e-03,6.38373243e-03,6.09811302e-03,5.81716932e-03,5.54140750e-03,5.27130533e-03,5.00729680e-03,4.74978751e-03,4.49913740e-03,4.25566826e-03,4.01966693e-03,3.79136647e-03,3.57097364e-03,3.35864164e-03,3.15448758e-03,2.95858900e-03,2.77098455e-03,2.59167585e-03,2.42062658e-03,2.25777226e-03,2.10301229e-03,1.95622048e-03,1.81724411e-03,1.68590690e-03,1.56201015e-03,1.44534232e-03,1.33567222e-03,1.23275595e-03,1.13634171e-03,1.04616780e-03,9.61970130e-04,8.83477216e-04,8.10418744e-04
1.58546236e-03,1.72778964e-03,1.88023958e-03,2.04320904e-03,2.21706741e-03,2.40214495e-03,2.59874435e-03,2.80711683e-03,3.02746380e-03,3.25992773e-03,3.50458757e-03,3.76144890e-03,4.03044326e-03,4.31141164e-03,4.60411329e-03,4.90820315e-03,5.22325467e-03,5.54872723e-03,5.88399265e-03,6.22830587e-03,6.58084545e-03,6.94066659e-03,7.30676251e-03,7.67802447e-03,8.05326924e-03,8.43125023e-03,8.81066360e-03,9.19016171e-03,9.56835598e-03,9.94385034e-03,1.03152385e-02,1.06811114e-02,1.10400999e-02,1.13908462e-02,1.17320586e-02,1.20624751e-02,1.23809241e-02,1.26862833e-02,1.29775275e-02,1.32536842e-02,1.35139003e-02,1.37573844e-02,1.39834424e-02,1.41914496e-02,1.43808918e-02,1.45513145e-02,1.47023350e-02,1.48336682e-02,1.49450768e-02,1.50364023e-02,1.51075535e-02,1.51584856e-02,1.51892267e-02,1.51998578e-02,1.51905073e-02,1.51613755e-02,1.51127111e-02,1.50447944e-02,1.49579961e-02,1.48527129e-02,1.47294085e-02,1.45885842e-02,1.44308070e-02,1.42566860e-02,1.40668806e-02,1.38620818e-02,1.36430422e-02,1.34105347e-02,1.31653724e-02,1.29084056e-02,1.26404902e-02,1.23625146e-02,1.20753655e-02,1.17799565e-02,1.14771938e-02,1.11679807e-02,1.08532235e-02,1.05338143e-02,1.02106305e-02,9.88454372e-03,9.55639686e-03,9.22703557e-03,8.89725424e-03,8.56785011e-03,8.23958125e-03,7.91319739e-03,7.58940168e-03,7.26888422e-03,6.95230067e-03,6.64027268e-03,6.33338979e-03,6.03221264e-03,5.73725533e-03,5.44899283e-03,5.16786845e-03,4.89427429e-03,4.62856097e-03,4.37104050e-03,4.12196666e-03,3.88156413e-03,3.64999822e-03,3.42739653e-03,3.21383984e-03,3.00936820e-03,2.81398348e-03,2.62764120e-03,2.45026872e-03,2.28175428e-03,2.12195609e-03,1.97070395e-03,1.82780367e-03,1.69303815e-03,1.56616722e-03,1.44694000e-03,1.33508665e-03,1.23033090e-03,1.13238534e-03,1.04095566e-03,9.55746858e-04,8.76461912e-04
1.70498842e-03,1.85876118e-03,2.02355254e-03,2.19979673e-03,2.38790689e-03,2.58825254e-03,2.80117453e-03,3.02695576e-03,3.26582883e-03,3.51795857e-03,3.78345069e-03,4.06231731e-03,4.35449742e-03,4.65983571e-03,4.97807562e-03,5.30886091e-03,5.65173430e-03,6.00611838e-03,6.37133420e-03,6.74658502e-03,7.13097304e-03,7.52348173e-03,7.92301353e-03,8.32835492e-03,8.73822439e-03,9.15125106e-03,9.56601184e-03,9.98102687e-03,1.03947781e-02,1.08057279e-02,1.12123275e-02,1.16130365e-02,1.20063340e-02,1.23907281e-02,1.27647966e-02,1.31271491e-02,1.34764761e-02,1.38115585e-02,1.41312294e-02,1.44344494e-02,1.47202434e-02,1.49877425e-02,1.52361728e-02,1.54648516e-02,1.56731904e-02,1.58606768e-02,1.60269048e-02,1.61715355e-02,1.62943080e-02,1.63950380e-02,1.64736174e-02,1.65300034e-02,1.65642127e-02,1.65763292e-02,1.65665112e-02,1.65349562e-02,1.64819397e-02,1.64077915e-02,1.63128953e-02,1.61977094e-02,1.60627384e-02,1.59085467e-02,1.57357585e-02,1.55450488e-02,1.53371487e-02,1.51128396e-02,1.48729421e-02,1.46183223e-02,1.43498806e-02,1.40685523e-02,1.37752881e-02,1.34710660e-02,1.31568769e-02,1.28337098e-02,1.25025716e-02,1.21644521e-02,1.18203470e-02,1.14712287e-02,1.11180637e-02,1.07617937e-02,1.04033509e-02,1.00436369e-02,9.68353637e-03,9.32390243e-03,8.96557234e-03,8.60934425e-03,8.25599954e-03,7.90627673e-03,7.56089389e-03,7.22052623e-03,6.88581960e-03,6.55737473e-03,6.23575365e-03,5.92148071e-03,5.61503181e-03,5.31683816e-03,5.02727553e-03,4.74668713e-03,4.47535003e-03,4.21350356e-03,3.96132749e-03,3.71896289e-03,3.48649221e-03,3.26395826e-03,3.05135851e-03,2.84864428e-03,2.65573245e-03,2.47249636e-03,2.29878258e-03,2.13440089e-03,1.97913474e-03,1.83274341e-03,1.69496750e-03,1.56552601e-03,1.44412345e-03,1.33045553e-03,1.22420688e-03,1.12505630e-03,1.03267806e-03,9.46746091e-04
1.83123397e-03,1.99714862e-03,2.17503705e-03,2.36537657e-03,2.56862352e-03,2.78519816e-03,3.01547302e-03,3.25977430e-03,3.51836463e-03,3.79143888e-03,4.07912256e-03,4.38144663e-03,4.69835754e-03,5.02969883e-03,5.37520880e-03,5.73451025e-03,6.10711752e-03,6.49241870e-03,6.88968226e-03,7.29804765e-03,7.71655329e-03,8.14409088e-03,8.57947208e-03,9.02137905e-03,9.46841110e-03,9.91907530e-03,1.03718173e-02,1.08250203e-02,1.12770135e-02,1.17261177e-02,1.21706352e-02,1.26088597e-02,1.30391335e-02,1.34598156e-02,1.38693219e-02,1.42661259e-02,1.46487942e-02,1.50159569e-02,1.53663531e-02,1.56988055e-02,1.60122514e-02,1.63057186e-02,1.65783558e-02,1.68293864e-02,1.70581695e-02,1.72641370e-02,1.74468197e-02,1.76058412e-02,1.77409165e-02,1.78518239e-02,1.79384518e-02,1.80007350e-02,1.80386938e-02,1.80524215e-02,1.80420764e-02,1.80078894e-02,1.79501586e-02,1.78692453e-02,1.77655816e-02,1.76396687e-02,1.74920633e-02,1.73234064e-02,1.71343759e-02,1.69257298e-02,1.66982785e-02,1.64528843e-02,1.61904655e-02,1.59119796e-02,1.56184174e-02,1.53108155e-02,1.49902310e-02,1.46577433e-02,1.43144336e-02,1.39613999e-02,1.35997469e-02,1.32305529e-02,1.28549105e-02,1.24738868e-02,1.20885260e-02,1.16998665e-02,1.13089131e-02,1.09166568e-02,1.05240410e-02,1.01320110e-02,9.74145439e-03,9.35326237e-03,8.96825828e-03,8.58726073e-03,8.21103808e-03,7.84032792e-03,7.47582642e-03,7.11819250e-03,6.76804129e-03,6.42592926e-03,6.09238166e-03,5.76786278e-03,5.45278750e-03,5.14752558e-03,4.85237408e-03,4.56759613e-03,4.29338589e-03,4.02989052e-03,3.77720082e-03,3.53536126e-03,3.30436719e-03,3.08416062e-03,2.87464820e-03,2.67569209e-03,2.48711673e-03,2.30871490e-03,2.14024959e-03,1.98145118e-03,1.83203758e-03,1.69169891e-03,1.56011211e-03,1.43694063e-03,1.32183917e-03,1.21445791e-03,1.11443875e-03,1.02142582e-03
1.96435559e-03,2.14312924e-03,2.33488879e-03,2.54016649e-03,2.75946804e-03,2.99325399e-03,3.24195065e-03,3.50591540e-03,3.78545327e-03,4.08078823e-03,4.39207349e-03,4.71935235e-03,5.06258663e-03,5.42162172e-03,5.79618756e-03,6.18589018e-03,6.59021689e-03,7.00851204e-03,7.43999798e-03,7.88374897e-03,8.33872333e-03,8.80372897e-03,9.27747320e-03,9.75852832e-03,1.02453725e-02,1.07363807e-02,1.12298513e-02,1.17240269e-02,1.22170728e-02,1.27071571e-02,1.31924087e-02,1.36709763e-02,1.41410166e-02,1.46007296e-02,1.50483865e-02,1.54823018e-02,1.59008764e-02,1.63026303e-02,1.66861415e-02,1.70501303e-02,1.73934065e-02,1.77148990e-02,1.80136524e-02,1.82888247e-02,1.85396820e-02,1.87656004e-02,1.89660527e-02,1.91406198e-02,1.92889757e-02,1.94108784e-02,1.95061807e-02,1.95748210e-02,1.96168181e-02,1.96322575e-02,1.96213312e-02,1.95842739e-02,1.95214283e-02,1.94331817e-02,1.93200205e-02,1.91824995e-02,1.90212354e-02,1.88369341e-02,1.86303519e-02,1.84023418e-02,1.81537885e-02,1.78856514e-02,1.75989456e-02,1.72947384e-02,1.69741288e-02,1.66382547e-02,1.62882823e-02,1.59254000e-02,1.55507969e-02,1.51656894e-02,1.47712743e-02,1.43687446e-02,1.39592849e-02,1.35440622e-02,1.31242182e-02,1.27008706e-02,1.22751184e-02,1.18480278e-02,1.14206383e-02,1.09939519e-02,1.05689541e-02,1.01465788e-02,9.72774625e-03,9.31331888e-03,8.90414696e-03,8.50101933e-03,8.10469780e-03,7.71589205e-03,7.33526004e-03,6.96342438e-03,6.60094293e-03,6.24832464e-03,5.90601470e-03,5.57441404e-03,5.25385002e-03,4.94460063e-03,4.64687683e-03,4.36084066e-03,4.08658525e-03,3.82415554e-03,3.57354293e-03,3.33468593e-03,3.10747745e-03,2.89176265e-03,2.68734945e-03,2.49400968e-03,2.31147883e-03,2.13946705e-03,1.97765883e-03,1.82571670e-03,1.68328499e-03,1.54999760e-03,1.42547651e-03,1.30933733e-03,1.20119017e-03,1.10064598e-03
2.10449658e-03,2.29686056e-03,2.50328961e-03,2.72437022e-03,2.96066096e-03,3.21267406e-03,3.48088169e-03,3.76568898e-03,4.06743726e-03,4.38638637e-03,4.72271815e-03,5.07649779e-03,5.44769783e-03,5.83617110e-03,6.24163775e-03,6.66368753e-03,7.10177841e-03,7.55521981e-03,8.02317262e-03,8.50465056e-03,8.99852812e-03,9.50352475e-03,1.00182407e-02,1.05411271e-02,1.10705337e-02,1.16046919e-02,1.21417521e-02,1.26797957e-02,1.32168252e-02,1.37508297e-02,1.42797660e-02,1.48016093e-02,1.53143350e-02,1.58159658e-02,1.63046047e-02,1.67784020e-02,1.72355920e-02,1.76745430e-02,1.80936866e-02,1.84916165e-02,1.88670047e-02,1.92186702e-02,1.95455588e-02,1.98467374e-02,2.01213825e-02,2.03687940e-02,2.05883905e-02,2.07797065e-02,2.09423658e-02,2.10760981e-02,2.11807378e-02,2.12562103e-02,2.13025250e-02,2.13197824e-02,2.13081837e-02,2.12679971e-02,2.11995877e-02,2.11034007e-02,2.09799558e-02,2.08298787e-02,2.06538588e-02,2.04526670e-02,2.02271547e-02,1.99782550e-02,1.97069589e-02,1.94143299e-02,1.91014875e-02,1.87696125e-02,1.84199195e-02,1.80536713e-02,1.76721439e-02,1.72766466e-02,1.68684945e-02,1.64490100e-02,1.60195064e-02,1.55812893e-02,1.51356440e-02,1.46838445e-02,1.42271388e-02,1.37667255e-02,1.33038079e-02,1.28395287e-02,1.23750223e-02,1.19113596e-02,1.14496090e-02,1.09907845e-02,1.05358753e-02,1.00858137e-02,9.64151789e-03,9.20383818e-03,8.77360441e-03,8.35157745e-03,7.93847628e-03,7.53497006e-03,7.14166602e-03,6.75911596e-03,6.38779718e-03,6.02814835e-03,5.68052102e-03,5.34521602e-03,5.02246013e-03,4.71242750e-03,4.41521686e-03,4.13087336e-03,3.85938585e-03,3.60068399e-03,3.35464720e-03,3.12110642e-03,2.89984862e-03,2.69062258e-03,2.49313819e-03,2.30707647e-03,2.13209400e-03,1.96781964e-03,1.81386480e-03,1.66983006e-03,1.53530191e-03,1.40986172e-03,1.29308354e-03,1.18454313e-03
2.25177919e-03,2.45848252e-03,2.68039596e-03,2.91816378e-03,3.17240041e-03,3.44367931e-03,3.73251480e-03,4.03936813e-03,4.36462136e-03,4.70857555e-03,5.07143512e-03,5.45330020e-03,5.85415727e-03,6.27385126e-03,6.71211630e-03,7.16851745e-03,7.64248241e-03,8.13327823e-03,8.64001364e-03,9.16163437e-03,9.69692972e-03,1.02445250e-02,1.08028995e-02,1.13703879e-02,1.19452020e-02,1.25254225e-02,1.31090395e-02,1.36939483e-02,1.42780012e-02,1.48589825e-02,1.54346721e-02,1.60028413e-02,1.65612828e-02,1.71078462e-02,1.76404156e-02,1.81569848e-02,1.86556038e-02,1.91344712e-02,1.95918847e-02,2.00262591e-02,2.04361472e-02,2.08202489e-02,2.11773776e-02,2.15065014e-02,2.18067132e-02,2.20772345e-02,2.23174132e-02,2.25267224e-02,2.27047373e-02,2.28511728e-02,2.29658186e-02,2.30485909e-02,2.30995137e-02,2.31186748e-02,2.31062993e-02,2.30626818e-02,2.29882319e-02,2.28834320e-02,2.27488652e-02,2.25852225e-02,2.23932751e-02,2.21738741e-02,2.19279565e-02,2.16565691e-02,2.13608015e-02,2.10418329e-02,2.07009092e-02,2.03393269e-02,1.99584309e-02,1.95596069e-02,1.91442650e-02,1.87138449e-02,1.82697829e-02,1.78135317e-02,1.73465218e-02,1.68701820e-02,1.63859110e-02,1.58950891e-02,1.53990649e-02,1.48991412e-02,1.43966172e-02,1.38927270e-02,1.33886868e-02,1.28856683e-02,1.23848068e-02,1.18871992e-02,1.13939047e-02,1.09059457e-02,1.04242945e-02,9.94988345e-03,9.48358700e-03,9.02624615e-03,8.57863016e-03,8.14146083e-03,7.71539984e-03,7.30103441e-03,6.89889723e-03,6.50944375e-03,6.13306277e-03,5.77007467e-03,5.42073091e-03,5.08520799e-03,4.76361578e-03,4.45600366e-03,4.16234974e-03,3.88257694e-03,3.61655140e-03,3.36408801e-03,3.12495185e-03,2.89886515e-03,2.68551474e-03,2.48454697e-03,2.29558605e-03,2.11823033e-03,1.95205607e-03,1.79662474e-03,1.65148685e-03,1.51618535e-03,1.39025832e-03,1.27324567e-03
2.40630237e-03,2.62810779e-03,2.86633312e-03,3.12168943e-03,3.39485379e-03,3.68644949e-03,3.99706047e-03,4.32718918e-03,4.67727007e-03,5.04764402e-03,5.43855503e-03,5.85012324e-03,6.28235657e-03,6.73511066e-03,7.20811309e-03,7.70091126e-03,8.21291003e-03,8.74333177e-03,9.29123256e-03,9.85547528e-03,1.04347775e-02,1.10276435e-02,1.16324555e-02,1.22474059e-02,1.28705585e-02,1.34998364e-02,1.41330604e-02,1.47679551e-02,1.54021578e-02,1.60332788e-02,1.66588947e-02,1.72765553e-02,1.78838708e-02,1.84784643e-02,1.90580469e-02,1.96203776e-02,2.01633610e-02,2.06849892e-02,2.11833920e-02,2.16568224e-02,2.21037026e-02,2.25225650e-02,2.29121242e-02,2.32712235e-02,2.35988554e-02,2.38941498e-02,2.41563898e-02,2.43849810e-02,2.45794524e-02,2.47394741e-02,2.48648133e-02,2.49553733e-02,2.50111651e-02,2.50322949e-02,2.50190105e-02,2.49716304e-02,2.48906072e-02,2.47764736e-02,2.46298909e-02,2.44516023e-02,2.42424794e-02,2.40034591e-02,2.37355921e-02,2.34400239e-02,2.31179688e-02,2.27707308e-02,2.23996807e-02,2.20062602e-02,2.15919446e-02,2.11582575e-02,2.07067579e-02,2.02390179e-02,1.97566058e-02,1.92611180e-02,1.87541116e-02,1.82371363e-02,1.77117232e-02,1.71793532e-02,1.66414883e-02,1.60995536e-02,1.55549217e-02,1.50089459e-02,1.44629125e-02,1.39180943e-02,1.33757070e-02,1.28369406e-02,1.23029165e-02,1.17747439e-02,1.12534612e-02,1.07400790e-02,1.02355387e-02,9.74074379e-03,9.25653148e-03,8.78367014e-03,8.32287595e-03,7.87478499e-03,7.43996678e-03,7.01892423e-03,6.61206432e-03,6.21973909e-03,5.84221352e-03,5.47967851e-03,5.13225095e-03,4.79997788e-03,4.48284019e-03,4.18074336e-03,3.89354397e-03,3.62103665e-03,3.36296344e-03,3.11902119e-03,2.88886600e-03,2.67211488e-03,2.46835710e-03,2.27715378e-03,2.09804252e-03,1.93054834e-03,1.77418452e-03,1.62844942e-03,1.49284431e-03,1.36686827e-03
2.56814691e-03,2.80582788e-03,3.06120818e-03,3.33506777e-03,3.62815009e-03,3.94114247e-03,4.27468447e-03,4.62934049e-03,5.00559527e-03,5.40383253e-03,5.82433818e-03,6.26726169e-03,6.73263054e-03,7.22031435e-03,7.73003139e-03,8.26132484e-03,8.81356373e-03,9.38593131e-03,9.97742359e-03,1.05868317e-02,1.12127811e-02,1.18536707e-02,1.25077572e-02,1.31731005e-02,1.38476035e-02,1.45290243e-02,1.52150048e-02,1.59030724e-02,1.65906679e-02,1.72751844e-02,1.79539919e-02,1.86244175e-02,1.92838535e-02,1.99297015e-02,2.05594543e-02,2.11706664e-02,2.17610393e-02,2.23283656e-02,2.28705853e-02,2.33857911e-02,2.38722190e-02,2.43282747e-02,2.47525293e-02,2.51436979e-02,2.55006589e-02,2.58224607e-02,2.61082891e-02,2.63574924e-02,2.65695360e-02,2.67440453e-02,2.68807635e-02,2.69795861e-02,2.70405076e-02,2.70636510e-02,2.70492826e-02,2.69977599e-02,2.69095805e-02,2.67853420e-02,2.66257618e-02,2.64316946e-02,2.62040701e-02,2.59439517e-02,2.56524943e-02,2.53309645e-02,2.49807220e-02,2.46031880e-02,2.41998918e-02,2.37724092e-02,2.33223680e-02,2.28514504e-02,2.23613586e-02,2.18538120e-02,2.13305447e-02,2.07932740e-02,2.02437080e-02,1.96835306e-02,1.91143882e-02,1.85378939e-02,1.79556198e-02,1.73691027e-02,1.67798232e-02,1.61892232e-02,1.55986995e-02,1.50096081e-02,1.44232428e-02,1.38408896e-02,1.32637536e-02,1.26930196e-02,1.21298013e-02,1.15751829e-02,1.10301841e-02,1.04957698e-02,9.97284334e-03,9.46222711e-03,8.96469690e-03,8.48093815e-03,8.01156182e-03,7.55710900e-03,7.11801881e-03,6.69467263e-03,6.28734892e-03,5.89625491e-03,5.52151259e-03,5.16316993e-03,4.82120365e-03,4.49550897e-03,4.18592850e-03,3.89223499e-03,3.61414743e-03,3.35133448e-03,3.10342177e-03,2.86999275e-03,2.65059946e-03,2.44476553e-03,2.25198828e-03,2.07175338e-03,1.90353079e-03,1.74677803e-03,1.60095282e-03,1.46551314e-03
2.73736659e-03,2.99170148e-03,3.26509262e-03,3.55838286e-03,3.87238478e-03,4.20786208e-03,4.56551183e-03,4.94596409e-03,5.34975622e-03,5.77732362e-03,6.22899178e-03,6.70494651e-03,7.20523577e-03,7.72974594e-03,8.27819388e-03,8.85011069e-03,9.44483653e-03,1.00615127e-02,1.06990701e-02,1.13562364e-02,1.20315272e-02,1.27232531e-02,1.34295160e-02,1.41482428e-02,1.48771778e-02,1.56138977e-02,1.63558610e-02,1.71003696e-02,1.78446788e-02,1.85859408e-02,1.93212945e-02,2.00478416e-02,2.07627397e-02,2.14631539e-02,2.21463405e-02,2.28096489e-02,2.34505311e-02,2.40665749e-02,2.46555414e-02,2.52153017e-02,2.57439446e-02,2.62396913e-02,2.67009716e-02,2.71263663e-02,2.75146272e-02,2.78647058e-02,2.81756930e-02,2.84468532e-02,2.86776051e-02,2.88675167e-02,2.90163085e-02,2.91238446e-02,2.91901380e-02,2.92153060e-02,2.91996431e-02,2.91435588e-02,2.90475860e-02,2.89123971e-02,2.87387967e-02,2.85277069e-02,2.82801874e-02,2.79974118e-02,2.76806410e-02,2.73312982e-02,2.69508641e-02,2.65409295e-02,2.61031669e-02,2.56393161e-02,2.51511708e-02,2.46405695e-02,2.41093803e-02,2.35594884e-02,2.29927748e-02,2.24111192e-02,2.18163710e-02,2.12103520e-02,2.05948520e-02,1.99716073e-02,1.93423107e-02,1.87086128e-02,1.80721022e-02,1.74343213e-02,1.67967677e-02,1.61608867e-02,1.55280773e-02,1.48996878e-02,1.42770372e-02,1.36613697e-02,1.30538912e-02,1.24557531e-02,1.18680624e-02,1.12918345e-02,1.07280547e-02,1.01776104e-02,9.64131951e-03,9.11993440e-03,8.61410424e-03,8.12440366e-03,7.65132019e-03,7.19524780e-03,6.75649010e-03,6.33527339e-03,5.93171921e-03,5.54588344e-03,5.17772418e-03,4.82714502e-03,4.49395739e-03,4.17791866e-03,3.87872336e-03,3.59601201e-03,3.32937390e-03,3.07835732e-03,2.84247729e-03,2.62121879e-03,2.41403491e-03,2.22036801e-03,2.03964324e-03,1.87127688e-03,1.71468093e-03,1.56926841e-03
2.91398447e-03,3.18576605e-03,3.47802276e-03,3.79167730e-03,4.12761746e-03,4.48667491e-03,4.86961985e-03,5.27714612e-03,5.70985442e-03,6.16823044e-03,6.65264623e-03,7.16332719e-03,7.70034874e-03,8.26360565e-03,8.85282457e-03,9.46752261e-03,1.01070134e-02,1.07703870e-02,1.14565287e-02,1.21640749e-02,1.28914583e-02,1.36368545e-02,1.43982489e-02,1.51734119e-02,1.59599129e-02,1.67551525e-02,1.75563674e-02,1.83606669e-02,1.91650726e-02,1.99665036e-02,2.07618382e-02,2.15479601e-02,2.23217346e-02,2.30801180e-02,2.38200948e-02,2.45387685e-02,2.52333656e-02,2.59012505e-02,2.65399441e-02,2.71471385e-02,2.77207121e-02,2.82587260e-02,2.87594162e-02,2.92212460e-02,2.96428297e-02,3.00229900e-02,3.03607266e-02,3.06552202e-02,3.09058242e-02,3.11120544e-02,3.12735960e-02,3.13902982e-02,3.14621627e-02,3.14893313e-02,3.14721242e-02,3.14109921e-02,3.13065350e-02,3.11594959e-02,3.09707597e-02,3.07413582e-02,3.04724611e-02,3.01653743e-02,2.98214927e-02,2.94423867e-02,2.90296916e-02,2.85851639e-02,2.81106420e-02,2.76080426e-02,2.70793326e-02,2.65265293e-02,2.59516668e-02,2.53568124e-02,2.47440133e-02,2.41153073e-02,2.34727059e-02,2.28181761e-02,2.21536495e-02,2.14809962e-02,2.08020378e-02,2.01185253e-02,1.94321796e-02,1.87446419e-02,1.80575047e-02,1.73723195e-02,1.66905709e-02,1.60137024e-02,1.53431082e-02,1.46801313e-02,1.40260542e-02,1.33821173e-02,1.27494801e-02,1.21292565e-02,1.15224849e-02,1.09301200e-02,1.03530483e-02,9.79206245e-03,9.24787205e-03,8.72108806e-03,8.21223017e-03,7.72172119e-03,7.24989315e-03,6.79697422e-03,6.36310363e-03,5.94833307e-03,5.55262156e-03,5.17585129e-03,4.81782295e-03,4.47827345e-03,4.15686704e-03,3.85321374e-03,3.56687279e-03,3.29735130e-03,3.04412306e-03,2.80663301e-03,2.58429162e-03,2.37649353e-03,2.18261732e-03,2.00203364e-03,1.83410814e-03,1.67820673e-03
3.09800007e-03,3.38801672e-03,3.70000256e-03,4.03495971e-03,4.39385604e-03,4.77759819e-03,5.18703321e-03,5.62292431e-03,6.08593458e-03,6.57660747e-03,7.09537137e-03,7.64248241e-03,8.21805466e-03,8.82199872e-03,9.45404265e-03,1.01136956e-02,1.08002471e-02,1.15127433e-02,1.22500062e-02,1.30105931e-02,1.37928342e-02,1.45947952e-02,1.54143134e-02,1.62489973e-02,1.70962494e-02,1.79532617e-02,1.88170765e-02,1.96845662e-02,2.05525123e-02,2.14175824e-02,2.22764052e-02,2.31255833e-02,2.39617508e-02,2.47815493e-02,2.55817343e-02,2.63591371e-02,2.71107219e-02,2.78336164e-02,2.85251085e-02,2.91826632e-02,2.98039522e-02,3.03868409e-02,3.09294015e-02,3.14299166e-02,3.18868682e-02,3.22989486e-02,3.26650441e-02,3.29842530e-02,3.32558528e-02,3.34793031e-02,3.36542539e-02,3.37805375e-02,3.38581577e-02,3.38872522e-02,3.38682011e-02,3.38014811e-02,3.36877778e-02,3.35279107e-02,3.33228596e-02,3.30737717e-02,3.27819474e-02,3.24488208e-02,3.20759490e-02,3.16650458e-02,3.12179383e-02,3.07365451e-02,3.02228928e-02,2.96790935e-02,2.91072913e-02,2.85096969e-02,2.78885365e-02,2.72460543e-02,2.65844837e-02,2.59060320e-02,2.52128690e-02,2.45071296e-02,2.37908848e-02,2.30661426e-02,2.23348476e-02,2.15989016e-02,2.08601020e-02,2.01202221e-02,1.93809569e-02,1.86439436e-02,1.79107711e-02,1.71829723e-02,1.64620318e-02,1.57493781e-02,1.50463758e-02,1.43543454e-02,1.36745395e-02,1.30081270e-02,1.23562291e-02,1.17198788e-02,1.10999979e-02,1.04974611e-02,9.91300587e-03,9.34729632e-03,8.80089495e-03,8.27424414e-03,7.76769686e-03,7.28150737e-03,6.81581208e-03,6.37066923e-03,5.94602618e-03,5.54176327e-03,5.15765697e-03,4.79341997e-03,4.44869418e-03,4.12305584e-03,3.81602463e-03,3.52707203e-03,3.25563108e-03,3.00109899e-03,2.76284036e-03,2.54020491e-03,2.33252160e-03,2.13911314e-03,1.95929268e-03,1.79237861e-03
3.28937499e-03,3.59842181e-03,3.93099850e-03,4.28819703e-03,4.67106840e-03,5.08060073e-03,5.51772024e-03,5.98326512e-03,6.47796597e-03,7.00243097e-03,7.55714066e-03,8.14239588e-03,8.75834469e-03,9.40491911e-03,1.00818565e-02,1.07886484e-02,1.15245692e-02,1.22886198e-02,1.30795622e-02,1.38958627e-02,1.47357602e-02,1.55971721e-02,1.64778326e-02,1.73751581e-02,1.82863660e-02,1.92084517e-02,2.01382283e-02,2.10723467e-02,2.20073108e-02,2.29395423e-02,2.38654092e-02,2.47812085e-02,2.56832987e-02,2.65680421e-02,2.74319053e-02,2.82714404e-02,2.90833469e-02,2.98644789e-02,3.06118801e-02,3.13227735e-02,3.19946036e-02,3.26250270e-02,3.32119316e-02,3.37534137e-02,3.42477970e-02,3.46936472e-02,3.50897312e-02,3.54350433e-02,3.57287712e-02,3.59703414e-02,3.61593328e-02,3.62955704e-02,3.63790654e-02,3.64099778e-02,3.63887176e-02,3.63158174e-02,3.61920409e-02,3.60182934e-02,3.57956775e-02,3.55254486e-02,3.52090523e-02,3.48480791e-02,3.44442464e-02,3.39994580e-02,3.35157029e-02,3.29951011e-02,3.24398987e-02,3.18523794e-02,3.12348958e-02,3.05898804e-02,2.99197510e-02,2.92269439e-02,2.85138767e-02,2.77829506e-02,2.70365067e-02,2.62768362e-02,2.55061686e-02,2.47266516e-02,2.39403732e-02,2.31493507e-02,2.23555025e-02,2.15607136e-02,2.07667779e-02,1.99754350e-02,1.91883780e-02,1.84072237e-02,1.76335480e-02,1.68688726e-02,1.61146466e-02,1.53722670e-02,1.46430722e-02,1.39283231e-02,1.32291988e-02,1.25467926e-02,1.18821161e-02,1.12360707e-02,1.06094703e-02,1.00030228e-02,9.41730663e-03,8.85282364e-03,8.30993429e-03,7.78890261e-03,7.28988415e-03,6.81293104e-03,6.35799952e-03,5.92493545e-03,5.51351625e-03,5.12342388e-03,4.75426950e-03,4.40559629e-03,4.07688972e-03,3.76757956e-03,3.47705488e-03,3.20466631e-03,2.94973166e-03,2.71154894e-03,2.48939847e-03,2.28255126e-03,2.09026854e-03,1.91181956e-03
3.48804379e-03,3.81690334e-03,4.17093141e-03,4.55130590e-03,4.95916978e-03,5.39559312e-03,5.86159155e-03,6.35807449e-03,6.88585313e-03,7.44559802e-03,8.03785305e-03,8.66296422e-03,9.32111032e-03,1.00122616e-02,1.07361488e-02,1.14922700e-02,1.22798691e-02,1.30979065e-02,1.39450813e-02,1.48197785e-02,1.57201197e-02,1.66439172e-02,1.75887384e-02,1.85518302e-02,1.95302255e-02,2.05206964e-02,2.15198286e-02,2.25240309e-02,2.35295277e-02,2.45324802e-02,2.55289413e-02,2.65149586e-02,2.74865422e-02,2.84397788e-02,2.93708220e-02,3.02759353e-02,3.11515275e-02,3.19941677e-02,3.28006223e-02,3.35678644e-02,3.42930928e-02,3.49737518e-02,3.56074795e-02,3.61922234e-02,3.67261283e-02,3.72075997e-02,3.76352817e-02,3.80080566e-02,3.83250304e-02,3.85855660e-02,3.87892090e-02,3.89357507e-02,3.90252024e-02,3.90577540e-02,3.90338562e-02,3.89541090e-02,3.88193615e-02,3.86306122e-02,3.83890867e-02,3.80961969e-02,3.77535224e-02,3.73628214e-02,3.69259901e-02,3.64451297e-02,3.59224416e-02,3.53602394e-02,3.47609781e-02,3.41271721e-02,3.34613957e-02,3.27662863e-02,3.20444740e-02,3.12986076e-02,3.05313189e-02,2.97451764e-02,2.89427172e-02,2.81264037e-02,2.72986144e-02,2.64616702e-02,2.56177653e-02,2.47690473e-02,2.39175819e-02,2.30653416e-02,2.22142357e-02,2.13661045e-02,2.05227304e-02,1.96858309e-02,1.88570824e-02,1.80380717e-02,1.72303598e-02,1.64354276e-02,1.56546813e-02,1.48894647e-02,1.41410371e-02,1.34105608e-02,1.26991160e-02,1.20076686e-02,1.13370707e-02,1.06880851e-02,1.00613348e-02,9.45734140e-03,8.87649320e-03,8.31908267e-03,7.78525835e-03,7.27508124e-03,6.78849779e-03,6.32535061e-03,5.88539056e-03,5.46827400e-03,5.07358648e-03,4.70084045e-03,4.34947480e-03,4.01888276e-03,3.70840821e-03,3.41735058e-03,3.14497761e-03,2.89053912e-03,2.65326235e-03,2.43236334e-03,2.22705049e-03,2.03653774e-03
3.69390287e-03,4.04335558e-03,4.41968581e-03,4.82416386e-03,5.25802467e-03,5.72243379e-03,6.21848833e-03,6.74718944e-03,7.30942236e-03,7.90592842e-03,8.53731297e-03,9.20397602e-03,9.90614295e-03,1.06437961e-02,1.14166932e-02,1.22243175e-02,1.30658988e-02,1.39403436e-02,1.48462979e-02,1.57820527e-02,1.67456400e-02,1.77347194e-02,1.87467113e-02,1.97786950e-02,2.08274908e-02,2.18896624e-02,2.29615513e-02,2.40392871e-02,2.51188502e-02,2.61960737e-02,2.72667389e-02,2.83265468e-02,2.93712243e-02,3.03965174e-02,3.13982777e-02,3.23724411e-02,3.33150923e-02,3.42225209e-02,3.50911990e-02,3.59178111e-02,3.66993062e-02,3.74328680e-02,3.81159373e-02,3.87462452e-02,3.93217392e-02,3.98406759e-02,4.03015427e-02,4.07031290e-02,4.10444364e-02,4.13247570e-02,4.15435918e-02,4.17007282e-02,4.17961515e-02,4.18301076e-02,4.18030806e-02,4.17157561e-02,4.15690541e-02,4.13641110e-02,4.11022715e-02,4.07851078e-02,4.04143669e-02,3.99919786e-02,3.95200476e-02,3.90008874e-02,3.84369083e-02,3.78306508e-02,3.71848010e-02,3.65021005e-02,3.57853733e-02,3.50374654e-02,3.42612527e-02,3.34596001e-02,3.26353461e-02,3.17912586e-02,3.09300665e-02,3.00544146e-02,2.91668419e-02,2.82698106e-02,2.73656752e-02,2.64567118e-02,2.55450904e-02,2.46329047e-02,2.37221792e-02,2.28148475e-02,2.19127927e-02,2.10178234e-02,2.01317072e-02,1.92561317e-02,1.83927324e-02,1.75430756e-02,1.67086683e-02,1.58909205e-02,1.50911817e-02,1.43106729e-02,1.35505451e-02,1.28118219e-02,1.20954234e-02,1.14021543e-02,1.07326666e-02,1.00875320e-02,9.46715567e-03,8.87184124e-03,8.30175821e-03,7.75696244e-03,7.23739993e-03,6.74289186e-03,6.27317885e-03,5.82789211e-03,5.40658459e-03,5.00873057e-03,4.63373587e-03,4.28094529e-03,3.94965662e-03,3.63912224e-03,3.34855798e-03,3.07715940e-03,2.82409694e-03,2.58853380e-03,2.36962386e-03,2.16652406e-03
3.90680507e-03,4.27762279e-03,4.67709359e-03,5.10658883e-03,5.56744216e-03,6.06091321e-03,6.58819545e-03,7.15037389e-03,7.74841988e-03,8.38315021e-03,9.05523542e-03,9.76512954e-03,1.05131064e-02,1.12991752e-02,1.21231107e-02,1.29843969e-02,1.38822300e-02,1.48154888e-02,1.57827381e-02,1.67822093e-02,1.78117938e-02,1.88690573e-02,1.99512169e-02,2.10551918e-02,2.21775994e-02,2.33147629e-02,2.44627800e-02,2.56175008e-02,2.67746150e-02,2.79296674e-02,2.90780999e-02,3.02152950e-02,3.13366465e-02,3.24375704e-02,3.35135572e-02,3.45602185e-02,3.55733223e-02,3.65488119e-02,3.74828652e-02,3.83718722e-02,3.92124951e-02,4.00016531e-02,4.07365561e-02,4.14146855e-02,4.20338288e-02,4.25920263e-02,4.30876575e-02,4.35193554e-02,4.38860357e-02,4.41869050e-02,4.44214307e-02,4.45893742e-02,4.46907431e-02,4.47257869e-02,4.46950682e-02,4.45993394e-02,4.44396511e-02,4.42172401e-02,4.39336114e-02,4.35904860e-02,4.31898162e-02,4.27337326e-02,4.22245450e-02,4.16647941e-02,4.10571173e-02,4.04043123e-02,3.97092998e-02,3.89750861e-02,3.82047221e-02,3.74013148e-02,3.65679860e-02,3.57078165e-02,3.48238684e-02,3.39191295e-02,3.29965204e-02,3.20588648e-02,3.11088804e-02,3.01491786e-02,2.91822627e-02,2.82105450e-02,2.72362996e-02,2.62617543e-02,2.52890270e-02,2.43201591e-02,2.33571287e-02,2.24018358e-02,2.14561410e-02,2.05218308e-02,1.96006224e-02,1.86941680e-02,1.78040639e-02,1.69317946e-02,1.60787888e-02,1.52463568e-02,1.44356927e-02,1.36479093e-02,1.28839640e-02,1.21447025e-02,1.14308521e-02,1.07429810e-02,1.00815417e-02,9.44685657e-03,8.83909408e-03,8.25832412e-03,7.70446938e-03,7.17736548e-03,6.67670928e-03,6.20212127e-03,5.75312180e-03,5.32914791e-03,4.92956443e-03,4.55367146e-03,4.20071976e-03,3.86991049e-03,3.56040592e-03,3.27134808e-03,3.00184917e-03,2.75101746e-03,2.51794863e-03,2.30174186e-03
4.12657205e-03,4.51950636e-03,4.94294148e-03,5.39835216e-03,5.88717265e-03,6.41076453e-03,6.97041908e-03,7.56731769e-03,8.20251182e-03,8.87690019e-03,9.59123019e-03,1.03460113e-02,1.11415600e-02,1.19779259e-02,1.28548974e-02,1.37719605e-02,1.47282910e-02,1.57227255e-02,1.67537667e-02,1.78195555e-02,1.89178791e-02,2.00461522e-02,2.12014392e-02,2.23804750e-02,2.35796552e-02,2.47950684e-02,2.60225441e-02,2.72576585e-02,2.84958035e-02,2.97321919e-02,3.09619326e-02,3.21800858e-02,3.33816707e-02,3.45617533e-02,3.57154645e-02,3.68380658e-02,3.79249677e-02,3.89717817e-02,3.99743468e-02,4.09287401e-02,4.18313220e-02,4.26787212e-02,4.34679016e-02,4.41961139e-02,4.48608957e-02,4.54601310e-02,4.59920280e-02,4.64550853e-02,4.68481146e-02,4.71702404e-02,4.74208929e-02,4.75998037e-02,4.77069914e-02,4.77427468e-02,4.77076918e-02,4.76026908e-02,4.74288724e-02,4.71876524e-02,4.68806699e-02,4.65098582e-02,4.60773446e-02,4.55854870e-02,4.50368263e-02,4.44341451e-02,4.37803417e-02,4.30784635e-02,4.23317067e-02,4.15433347e-02,4.07166593e-02,3.98550741e-02,3.89619060e-02,3.80405150e-02,3.70941907e-02,3.61261293e-02,3.51394638e-02,3.41372080e-02,3.31222527e-02,3.20973620e-02,3.10651902e-02,3.00282817e-02,2.89890356e-02,2.79497914e-02,2.69127712e-02,2.58801226e-02,2.48539075e-02,2.38361396e-02,2.28287596e-02,2.18336377e-02,2.08525937e-02,1.98873580e-02,1.89396124e-02,1.80109255e-02,1.71028022e-02,1.62166264e-02,1.53536638e-02,1.45150917e-02,1.37019232e-02,1.29150562e-02,1.21552553e-02,1.14231259e-02,1.07191494e-02,1.00436667e-02,9.39685572e-03,8.77878815e-03,8.18938762e-03,7.62847019e-03,7.09572202e-03,6.59073098e-03,6.11299276e-03,5.66190667e-03,5.23679610e-03,4.83691366e-03,4.46146354e-03,4.10959590e-03,3.78041668e-03,3.47301108e-03,3.18643637e-03,2.91973818e-03,2.67195469e-03,2.44212570e-03
4.35297890e-03,4.76876320e-03,5.21696452e-03,5.69916377e-03,6.21690415e-03,6.77165017e-03,7.36479741e-03,7.99762178e-03,8.67127068e-03,9.38672479e-03,1.01448018e-02,1.09460829e-02,1.17909331e-02,1.26794362e-02,1.36113996e-02,1.45863136e-02,1.56033365e-02,1.66612603e-02,1.77585240e-02,1.88931916e-02,2.00629234e-02,2.12649908e-02,2.24963184e-02,2.37534195e-02,2.50324812e-02,2.63293311e-02,2.76395492e-02,2.89584212e-02,3.02809905e-02,3.16021666e-02,3.29167284e-02,3.42193358e-02,3.55046540e-02,3.67673784e-02,3.80022563e-02,3.92041877e-02,4.03681919e-02,4.14895378e-02,4.25636917e-02,4.35864180e-02,4.45537381e-02,4.54619899e-02,4.63078581e-02,4.70882952e-02,4.78006862e-02,4.84426804e-02,4.90122885e-02,4.95078824e-02,4.99281660e-02,5.02721891e-02,5.05393259e-02,5.07292859e-02,5.08420840e-02,5.08781001e-02,5.08379899e-02,5.07227369e-02,5.05336002e-02,5.02721518e-02,4.99402136e-02,4.95399013e-02,4.90735620e-02,4.85438034e-02,4.79534343e-02,4.73054461e-02,4.66030575e-02,4.58495915e-02,4.50484976e-02,4.42033336e-02,4.33176979e-02,4.23952416e-02,4.14395817e-02,4.04543169e-02,3.94429713e-02,3.84089947e-02,3.73557098e-02,3.62863205e-02,3.52039002e-02,3.41113843e-02,3.30115855e-02,3.19071412e-02,3.08006182e-02,2.96944529e-02,2.85909623e-02,2.74923891e-02,2.64009070e-02,2.53186151e-02,2.42475551e-02,2.31896676e-02,2.21468657e-02,2.11209841e-02,2.01137587e-02,1.91268660e-02,1.81618705e-02,1.72202401e-02,1.63033195e-02,1.54123297e-02,1.45483445e-02,1.37123307e-02,1.29050761e-02,1.21272430e-02,1.13793192e-02,1.06616765e-02,9.97450389e-03,9.31787118e-03,8.69170949e-03,8.09581392e-03,7.52985850e-03,6.99340412e-03,6.48591388e-03,6.00675121e-03,5.55519853e-03,5.13046607e-03,4.73170448e-03,4.35801176e-03,4.00843844e-03,3.68201290e-03,3.37773236e-03,3.09458328e-03,2.83154077e-03,2.58758618e-03
4.58575413e-03,5.02510043e-03,5.49884373e-03,6.00867812e-03,6.55625667e-03,7.14315986e-03,7.77088245e-03,8.44080746e-03,9.15417541e-03,9.91205592e-03,1.07153459e-02,1.15646953e-02,1.24605177e-02,1.34029435e-02,1.43918004e-02,1.54265827e-02,1.65064279e-02,1.76300947e-02,1.87959559e-02,2.00019777e-02,2.12457217e-02,2.25243196e-02,2.38344949e-02,2.51725875e-02,2.65345499e-02,2.79159676e-02,2.93121319e-02,3.07180192e-02,3.21283564e-02,3.35377194e-02,3.49404886e-02,3.63309719e-02,3.77034545e-02,3.90522256e-02,4.03716564e-02,4.16562110e-02,4.29005735e-02,4.40995730e-02,4.52483371e-02,4.63422462e-02,4.73770164e-02,4.83486392e-02,4.92535084e-02,5.00883274e-02,5.08501865e-02,5.15365340e-02,5.21452278e-02,5.26744761e-02,5.31228445e-02,5.34893088e-02,5.37731871e-02,5.39741851e-02,5.40923402e-02,5.41280620e-02,5.40821105e-02,5.39555699e-02,5.37498444e-02,5.34666814e-02,5.31081073e-02,5.26764318e-02,5.21742664e-02,5.16044572e-02,5.09700812e-02,5.02744392e-02,4.95210029e-02,4.87134010e-02,4.78554107e-02,4.69508544e-02,4.60036397e-02,4.50177006e-02,4.39969338e-02,4.29451987e-02,4.18662839e-02,4.07638550e-02,3.96414585e-02,3.85025032e-02,3.73502523e-02,3.61877903e-02,3.50180678e-02,3.38439010e-02,3.26679312e-02,3.14927176e-02,3.03207003e-02,2.91542038e-02,2.79955082e-02,2.68467870e-02,2.57101618e-02,2.45876946e-02,2.34813578e-02,2.23930720e-02,2.13246737e-02,2.02779043e-02,1.92544106e-02,1.82557348e-02,1.72832869e-02,1.63383577e-02,1.54220853e-02,1.45354690e-02,1.36793591e-02,1.28544429e-02,1.20612420e-02,1.13001531e-02,1.05713699e-02,9.87497997e-03,9.21089202e-03,8.57890770e-03,7.97867496e-03,7.40973325e-03,6.87151449e-03,6.36334997e-03,5.88447601e-03,5.43405861e-03,5.01119625e-03,4.61493619e-03,4.24427306e-03,3.89817404e-03,3.57557693e-03,3.27540585e-03,2.99657462e-03,2.73800106e-03
4.82458714e-03,5.28817577e-03,5.78820566e-03,6.32648729e-03,6.90479297e-03,7.52481399e-03,8.18815734e-03,8.89631081e-03,9.65061784e-03,1.04522370e-02,1.13021508e-02,1.22010745e-02,1.31494878e-02,1.41475601e-02,1.51951406e-02,1.62917357e-02,1.74364634e-02,1.86280385e-02,1.98647864e-02,2.11445708e-02,2.24648397e-02,2.38225795e-02,2.52143424e-02,2.66362615e-02,2.80840546e-02,2.95530558e-02,3.10382657e-02,3.25343348e-02,3.40356715e-02,3.55364829e-02,3.70307714e-02,3.85124609e-02,3.99754383e-02,4.14135605e-02,4.28208001e-02,4.41912077e-02,4.55190316e-02,4.67987359e-02,4.80250195e-02,4.91929054e-02,5.02977259e-02,5.13351560e-02,5.23012467e-02,5.31924404e-02,5.40055521e-02,5.47378026e-02,5.53868562e-02,5.59507534e-02,5.64279407e-02,5.68173043e-02,5.71181141e-02,5.73300533e-02,5.74531965e-02,5.74880131e-02,5.74353337e-02,5.72963990e-02,5.70727661e-02,5.67663535e-02,5.63794002e-02,5.59144728e-02,5.53744398e-02,5.47624044e-02,5.40817417e-02,5.33360578e-02,5.25291339e-02,5.16649075e-02,5.07474691e-02,4.97809723e-02,4.87696119e-02,4.77176309e-02,4.66292277e-02,4.55085225e-02,4.43595573e-02,4.31862585e-02,4.19923849e-02,4.07815576e-02,3.95572074e-02,3.83225903e-02,3.70808132e-02,3.58348303e-02,3.45873907e-02,3.33411656e-02,3.20987031e-02,3.08624301e-02,2.96346974e-02,2.84177829e-02,2.72138920e-02,2.60251593e-02,2.48536542e-02,2.37013716e-02,2.25702319e-02,2.14620531e-02,2.03785747e-02,1.93213858e-02,1.82919838e-02,1.72917172e-02,1.63217820e-02,1.53832277e-02,1.44769568e-02,1.36036845e-02,1.27639705e-02,1.19582275e-02,1.11866677e-02,1.04493834e-02,9.74628143e-03,9.07715317e-03,8.44162982e-03,7.83923268e-03,7.26935733e-03,6.73130387e-03,6.22426625e-03,5.74736111e-03,5.29964175e-03,4.88010142e-03,4.48767422e-03,4.12127096e-03,3.77976638e-03,3.46202310e-03,3.16689000e-03,2.89322110e-03
5.06911566e-03,5.55759249e-03,6.08461816e-03,6.65212329e-03,7.26199802e-03,7.91605469e-03,8.61601252e-03,9.36347339e-03,1.01598809e-02,1.10064913e-02,1.19043738e-02,1.28543191e-02,1.38568692e-02,1.49122309e-02,1.60202943e-02,1.71805564e-02,1.83921363e-02,1.96537059e-02,2.09635235e-02,2.23193690e-02,2.37185750e-02,2.51579583e-02,2.66339313e-02,2.81423889e-02,2.96788309e-02,3.12383082e-02,3.28155234e-02,3.44048329e-02,3.60002629e-02,3.75956558e-02,3.91846560e-02,4.07607518e-02,4.23174091e-02,4.38480712e-02,4.53462452e-02,4.68056053e-02,4.82198969e-02,4.95832115e-02,5.08898087e-02,5.21343276e-02,5.33116981e-02,5.44172525e-02,5.54466844e-02,5.63961379e-02,5.72621636e-02,5.80417514e-02,5.87323196e-02,5.93317561e-02,5.98383956e-02,6.02510124e-02,6.05688281e-02,6.07915297e-02,6.09192140e-02,6.09524138e-02,6.08920790e-02,6.07395656e-02,6.04966283e-02,6.01653755e-02,5.97482994e-02,5.92482053e-02,5.86682297e-02,5.80117889e-02,5.72825782e-02,5.64844832e-02,5.56216538e-02,5.46983629e-02,5.37189990e-02,5.26880585e-02,5.16100824e-02,5.04896045e-02,4.93311137e-02,4.81390432e-02,4.69176881e-02,4.56712022e-02,4.44036126e-02,4.31187227e-02,4.18201424e-02,4.05113176e-02,3.91955078e-02,3.78757529e-02,3.65549810e-02,3.52359489e-02,3.39212902e-02,3.26135345e-02,3.13151218e-02,3.00284121e-02,2.87557021e-02,2.74991915e-02,2.62610465e-02,2.50433348e-02,2.38480456e-02,2.26770975e-02,2.15322673e-02,2.04152577e-02,1.93276070e-02,1.82707384e-02,1.72458906e-02,1.62541922e-02,1.52965588e-02,1.43737718e-02,1.34864040e-02,1.26348985e-02,1.18194781e-02,1.10402424e-02,1.02971094e-02,9.58984904e-03,8.91809072e-03,8.28132126e-03,7.67891435e-03,7.11013237e-03,6.57413015e-03,6.06997963e-03,5.59668522e-03,5.15318103e-03,4.73834854e-03,4.35103662e-03,3.99005925e-03,3.65421339e-03,3.34228505e-03,3.05306329e-03
5.31892525e-03,5.83289983e-03,6.38758810e-03,6.98504364e-03,7.62728322e-03,8.31623934e-03,9.05375276e-03,9.84153710e-03,1.06811421e-02,1.15739321e-02,1.25210574e-02,1.35233877e-02,1.45815331e-02,1.56957470e-02,1.68659445e-02,1.80916432e-02,1.93719342e-02,2.07054708e-02,2.20904294e-02,2.35245228e-02,2.50049345e-02,2.65283734e-02,2.80910227e-02,2.96886023e-02,3.13163511e-02,3.29690576e-02,3.46411206e-02,3.63265388e-02,3.80190276e-02,3.97120081e-02,4.13987339e-02,4.30722646e-02,4.47256416e-02,4.63518575e-02,4.79439832e-02,4.94951904e-02,5.09988442e-02,5.24485074e-02,5.38380891e-02,5.51617183e-02,5.64139970e-02,5.75898290e-02,5.86845875e-02,5.96940778e-02,6.06145635e-02,6.14427552e-02,6.21758848e-02,6.28116578e-02,6.33482486e-02,6.37843683e-02,6.41191900e-02,6.43523633e-02,6.44840524e-02,6.45148605e-02,6.44458607e-02,6.42785355e-02,6.40148669e-02,6.36571497e-02,6.32081628e-02,6.26709685e-02,6.20490015e-02,6.13459945e-02,6.05659708e-02,5.97131811e-02,5.87920956e-02,5.78073226e-02,5.67636453e-02,5.56658842e-02,5.45189083e-02,5.33275716e-02,5.20966873e-02,5.08309677e-02,4.95349988e-02,4.82131951e-02,4.68697697e-02,4.55087796e-02,4.41340171e-02,4.27490920e-02,4.13573869e-02,3.99621241e-02,3.85663137e-02,3.71728204e-02,3.57843861e-02,3.44036296e-02,3.30330692e-02,3.16751450e-02,3.03322375e-02,2.90066283e-02,2.77005397e-02,2.64161266e-02,2.51554698e-02,2.39205305e-02,2.27131862e-02,2.15351917e-02,2.03881506e-02,1.92735475e-02,1.81926992e-02,1.71467587e-02,1.61367077e-02,1.51633425e-02,1.42272916e-02,1.33290123e-02,1.24687497e-02,1.16466079e-02,1.08625004e-02,1.01162074e-02,9.40732472e-03,8.73533450e-03,8.09957646e-03,7.49928178e-03,6.93356711e-03,6.40145596e-03,5.90190431e-03,5.43379411e-03,4.99594724e-03,4.58715484e-03,4.20616567e-03,3.85171617e-03,3.52252414e-03,3.21731134e-03
5.57355816e-03,6.11359440e-03,6.69656182e-03,7.32464856e-03,7.99999293e-03,8.72465316e-03,9.50059947e-03,1.03296544e-02,1.12134879e-02,1.21535594e-02,1.31511185e-02,1.42071126e-02,1.53222205e-02,1.64967421e-02,1.77306384e-02,1.90234110e-02,2.03741677e-02,2.17815135e-02,2.32435782e-02,2.47579440e-02,2.63217278e-02,2.79314332e-02,2.95830965e-02,3.12722139e-02,3.29937786e-02,3.47422995e-02,3.65118571e-02,3.82961109e-02,4.00884226e-02,4.18818109e-02,4.36690897e-02,4.54429239e-02,4.71958742e-02,4.89204898e-02,5.06093763e-02,5.22551984e-02,5.38508631e-02,5.53895012e-02,5.68645149e-02,5.82696199e-02,5.95989674e-02,6.08471073e-02,6.20090142e-02,6.30801320e-02,6.40564561e-02,6.49344251e-02,6.57110214e-02,6.63837641e-02,6.69507310e-02,6.74104840e-02,6.77621812e-02,6.80054799e-02,6.81405514e-02,6.81681260e-02,6.80893585e-02,6.79059699e-02,6.76200837e-02,6.72342926e-02,6.67515919e-02,6.61753714e-02,6.55093864e-02,6.47576898e-02,6.39246628e-02,6.30149171e-02,6.20332919e-02,6.09847680e-02,5.98744676e-02,5.87075800e-02,5.74893504e-02,5.62249348e-02,5.49194925e-02,5.35780117e-02,5.22053652e-02,5.08062206e-02,4.93850559e-02,4.79460992e-02,4.64933477e-02,4.50305827e-02,4.35613617e-02,4.20889817e-02,4.06166129e-02,3.91472206e-02,3.76836099e-02,3.62285264e-02,3.47845405e-02,3.33541706e-02,3.19398716e-02,3.05440091e-02,2.91688759e-02,2.78166886e-02,2.64896061e-02,2.51896568e-02,2.39187833e-02,2.26788018e-02,2.14713998e-02,2.02980991e-02,1.91602930e-02,1.80591643e-02,1.69957541e-02,1.59708969e-02,1.49852559e-02,1.40392995e-02,1.31333079e-02,1.22673931e-02,1.14414711e-02,1.06553091e-02,9.90850385e-03,9.20051616e-03,8.53065681e-03,7.89812300e-03,7.30199739e-03,6.74126158e-03,6.21481985e-03,5.72150061e-03,5.26007311e-03,4.82926285e-03,4.42775851e-03,4.05423157e-03,3.70733393e-03,3.38571984e-03
5.83249796e-03,6.39911136e-03,7.01092742e-03,7.67026236e-03,8.37938953e-03,9.14049614e-03,9.95567627e-03,1.08268764e-02,1.17558790e-02,1.27442526e-02,1.37933427e-02,1.49041768e-02,1.60775110e-02,1.73136909e-02,1.86127145e-02,1.99740920e-02,2.13969275e-02,2.28797905e-02,2.44207457e-02,2.60172840e-02,2.76663993e-02,2.93644555e-02,3.11073009e-02,3.28901969e-02,3.47078890e-02,3.65546048e-02,3.84241194e-02,4.03097495e-02,4.22044322e-02,4.41008285e-02,4.59913239e-02,4.78680991e-02,4.97232974e-02,5.15489504e-02,5.33371717e-02,5.50801717e-02,5.67703545e-02,5.84003218e-02,5.99630401e-02,6.14517704e-02,6.28602132e-02,6.41824827e-02,6.54131621e-02,6.65473789e-02,6.75807670e-02,6.85094893e-02,6.93303123e-02,7.00405762e-02,7.06381574e-02,7.11215883e-02,7.14899451e-02,7.17428997e-02,7.18806759e-02,7.19040930e-02,7.18144700e-02,7.16136843e-02,7.13041201e-02,7.08885938e-02,7.03704208e-02,6.97532818e-02,6.90412670e-02,6.82388321e-02,6.73506781e-02,6.63818195e-02,6.53374717e-02,6.42229915e-02,6.30439147e-02,6.18057735e-02,6.05141670e-02,5.91746233e-02,5.77925853e-02,5.63733950e-02,5.49221784e-02,5.34438826e-02,5.19432053e-02,5.04246019e-02,4.88922633e-02,4.73501422e-02,4.58019115e-02,4.42510471e-02,4.27007899e-02,4.11542170e-02,3.96142639e-02,3.80837023e-02,3.65652069e-02,3.50613706e-02,3.35747078e-02,3.21076475e-02,3.06625552e-02,2.92417146e-02,2.78473385e-02,2.64815297e-02,2.51463056e-02,2.38435287e-02,2.25749519e-02,2.13421620e-02,2.01465823e-02,1.89894829e-02,1.78719144e-02,1.67947821e-02,1.57587603e-02,1.47643564e-02,1.38118621e-02,1.29014030e-02,1.20329196e-02,1.12061510e-02,1.04207061e-02,9.67601966e-03,8.97137448e-03,8.30594543e-03,7.67877558e-03,7.08880555e-03,6.53489074e-03,6.01580972e-03,5.53027308e-03,5.07694855e-03,4.65446198e-03,4.26141871e-03,3.89640289e-03,3.55800451e-03
6.09518029e-03,6.68883044e-03,7.32999947e-03,8.02114047e-03,8.76465905e-03,9.56287701e-03,1.04180146e-02,1.13321487e-02,1.23071745e-02,1.33447712e-02,1.44463805e-02,1.56131266e-02,1.68458223e-02,1.81448832e-02,1.95103250e-02,2.09417045e-02,2.24380884e-02,2.39980165e-02,2.56194882e-02,2.72999331e-02,2.90361866e-02,3.08244675e-02,3.26604582e-02,3.45391780e-02,3.64551209e-02,3.84022221e-02,4.03739251e-02,4.23632227e-02,4.43626232e-02,4.63644154e-02,4.83605266e-02,5.03426902e-02,5.23025356e-02,5.42316362e-02,5.61215691e-02,5.79640828e-02,5.97510003e-02,6.14744984e-02,6.31269813e-02,6.47012889e-02,6.61906004e-02,6.75886273e-02,6.88895583e-02,7.00881183e-02,7.11796209e-02,7.21599609e-02,7.30256140e-02,7.37737566e-02,7.44021237e-02,7.49091431e-02,7.52938464e-02,7.55558908e-02,7.56956264e-02,7.57139251e-02,7.56122991e-02,7.53928050e-02,7.50580654e-02,7.46111944e-02,7.40557984e-02,7.33959004e-02,7.26359487e-02,7.17807710e-02,7.08354786e-02,6.98054656e-02,6.86963499e-02,6.75138831e-02,6.62639961e-02,6.49526045e-02,6.35856763e-02,6.21691011e-02,6.07086569e-02,5.92099689e-02,5.76784983e-02,5.61194085e-02,5.45376725e-02,5.29379472e-02,5.13246097e-02,4.97017764e-02,4.80732918e-02,4.64427359e-02,4.48134877e-02,4.31887098e-02,4.15714085e-02,3.99644524e-02,3.83705683e-02,3.67924348e-02,3.52326334e-02,3.36936265e-02,3.21778655e-02,3.06876935e-02,2.92253587e-02,2.77930573e-02,2.63928324e-02,2.50266287e-02,2.36962382e-02,2.24033296e-02,2.11493485e-02,1.99356228e-02,1.87632646e-02,1.76332016e-02,1.65461451e-02,1.55026400e-02,1.45029956e-02,1.35473469e-02,1.26356399e-02,1.17676351e-02,1.09429155e-02,1.01609016e-02,9.42087080e-03,8.72196164e-03,8.06317851e-03,7.44342525e-03,6.86151348e-03,6.31616870e-03,5.80604514e-03,5.32975327e-03,4.88585653e-03,4.47289459e-03,4.08938527e-03,3.73385055e-03
6.36098301e-03,6.98206807e-03,7.65303150e-03,8.37646052e-03,9.15490557e-03,9.99081600e-03,1.08865509e-02,1.18443063e-02,1.28661096e-02,1.39537416e-02,1.51087521e-02,1.63323488e-02,1.76254231e-02,1.89884473e-02,2.04214845e-02,2.19240766e-02,2.34953091e-02,2.51336861e-02,2.68371459e-02,2.86030062e-02,3.04280128e-02,3.23082097e-02,3.42390835e-02,3.62154394e-02,3.82315218e-02,4.02809493e-02,4.23568673e-02,4.44518700e-02,4.65581231e-02,4.86674272e-02,5.07713147e-02,5.28610013e-02,5.49276695e-02,5.69623634e-02,5.89561500e-02,6.09002076e-02,6.27859160e-02,6.46048486e-02,6.63489476e-02,6.80105090e-02,6.95822686e-02,7.10574761e-02,7.24299029e-02,7.36938640e-02,7.48443753e-02,7.58769736e-02,7.67879486e-02,7.75742084e-02,7.82333910e-02,7.87637979e-02,7.91644305e-02,7.94349983e-02,7.95758516e-02,7.95880407e-02,7.94732571e-02,7.92337209e-02,7.88723528e-02,7.83925429e-02,7.77982399e-02,7.70938098e-02,7.62841105e-02,7.53743201e-02,7.43699893e-02,7.32769072e-02,7.21011013e-02,7.08487779e-02,6.95262253e-02,6.81397840e-02,6.66957721e-02,6.52004629e-02,6.36599809e-02,6.20802455e-02,6.04670197e-02,5.88257276e-02,5.71615733e-02,5.54794483e-02,5.37839308e-02,5.20792753e-02,5.03694862e-02,4.86582741e-02,4.69491184e-02,4.52452786e-02,4.35498618e-02,4.18657809e-02,4.01958711e-02,3.85428332e-02,3.69093120e-02,3.52978483e-02,3.37109193e-02,3.21509205e-02,3.06201819e-02,2.91209240e-02,2.76552606e-02,2.62251850e-02,2.48325467e-02,2.34790426e-02,2.21661963e-02,2.08953824e-02,1.96677335e-02,1.84842385e-02,1.73456334e-02,1.62525028e-02,1.52051682e-02,1.42037952e-02,1.32483393e-02,1.23385470e-02,1.14740171e-02,1.06541552e-02,9.87821259e-03,9.14530549e-03,8.45441222e-03,7.80439563e-03,7.19402032e-03,6.62196614e-03,6.08682912e-03,5.58716664e-03,5.12147741e-03,4.68823407e-03,4.28589340e-03,3.91290477e-03
6.62923278e-03,7.27808708e-03,7.97921047e-03,8.73533916e-03,9.54915583e-03,1.04232542e-02,1.13601219e-02,1.23620927e-02,1.34313107e-02,1.45696737e-02,1.57788377e-02,1.70600992e-02,1.84144266e-02,1.98423434e-02,2.13439502e-02,2.29188334e-02,2.45660469e-02,2.62840670e-02,2.80707702e-02,2.99233850e-02,3.18385288e-02,3.38120982e-02,3.58393751e-02,3.79149579e-02,4.00328115e-02,4.21862788e-02,4.43681441e-02,4.65706512e-02,4.87855598e-02,5.10042608e-02,5.32177836e-02,5.54169007e-02,5.75922839e-02,5.97344339e-02,6.18339181e-02,6.38813451e-02,6.58675581e-02,6.77836016e-02,6.96208626e-02,7.13711530e-02,7.30267018e-02,7.45802894e-02,7.60252327e-02,7.73554966e-02,7.85656795e-02,7.96510503e-02,8.06076303e-02,8.14321265e-02,8.21220204e-02,8.26755166e-02,8.30916092e-02,8.33700076e-02,8.35111588e-02,8.35162327e-02,8.33870843e-02,8.31262320e-02,8.27368125e-02,8.22225511e-02,8.15877393e-02,8.08371231e-02,7.99759477e-02,7.90098086e-02,7.79446810e-02,7.67867863e-02,7.55425766e-02,7.42186755e-02,7.28218108e-02,7.13587031e-02,6.98360801e-02,6.82605579e-02,6.66386113e-02,6.49764910e-02,6.32802099e-02,6.15555234e-02,5.98078445e-02,5.80422729e-02,5.62635772e-02,5.44762164e-02,5.26842847e-02,5.08916564e-02,4.91019040e-02,4.73183952e-02,4.55443002e-02,4.37826142e-02,4.20362167e-02,4.03078794e-02,3.86002958e-02,3.69160473e-02,3.52576561e-02,3.36275771e-02,3.20281684e-02,3.04617099e-02,2.89303605e-02,2.74361540e-02,2.59809904e-02,2.45666243e-02,2.31946222e-02,2.18663905e-02,2.05831267e-02,1.93458404e-02,1.81553271e-02,1.70121770e-02,1.59167554e-02,1.48692438e-02,1.38695957e-02,1.29175978e-02,1.20128160e-02,1.11546582e-02,1.03423707e-02,9.57504101e-03,8.85161757e-03,8.17092322e-03,7.53168715e-03,6.93253800e-03,6.37202058e-03,5.84863313e-03,5.36081381e-03,4.90697660e-03,4.48550424e-03,4.09478461e-03
6.89920550e-03,7.57608796e-03,8.30766559e-03,9.09681339e-03,9.94636118e-03,1.08590396e-02,1.18374787e-02,1.28841409e-02,1.40012959e-02,1.51909571e-02,1.64548885e-02,1.77944787e-02,1.92107726e-02,2.07043588e-02,2.22753696e-02,2.39234176e-02,2.56475434e-02,2.74461936e-02,2.93171760e-02,3.12576592e-02,3.32640968e-02,3.53322476e-02,3.74572277e-02,3.96333486e-02,4.18543555e-02,4.41132709e-02,4.64025401e-02,4.87140678e-02,5.10391593e-02,5.33688106e-02,5.56935742e-02,5.80037273e-02,6.02894053e-02,6.25406057e-02,6.47473112e-02,6.68996349e-02,6.89878017e-02,7.10023567e-02,7.29341060e-02,7.47743323e-02,7.65147582e-02,7.81476721e-02,7.96659589e-02,8.10631737e-02,8.23335350e-02,8.34720209e-02,8.44743550e-02,8.53370577e-02,8.60574469e-02,8.66336599e-02,8.70646760e-02,8.73501524e-02,8.74907300e-02,8.74876827e-02,8.73430520e-02,8.70596021e-02,8.66407901e-02,8.60906541e-02,8.54138359e-02,8.46155062e-02,8.37012604e-02,8.26772079e-02,8.15496966e-02,8.03254098e-02,7.90112689e-02,7.76143000e-02,7.61416703e-02,7.46005252e-02,7.29979500e-02,7.13409483e-02,6.96363449e-02,6.78907186e-02,6.61103651e-02,6.43012971e-02,6.24692068e-02,6.06193729e-02,5.87567650e-02,5.68859875e-02,5.50113358e-02,5.31367660e-02,5.12659550e-02,4.94023748e-02,4.75492626e-02,4.57096882e-02,4.38865833e-02,4.20827717e-02,4.03009839e-02,3.85438427e-02,3.68139185e-02,3.51136848e-02,3.34455632e-02,3.18118483e-02,3.02147493e-02,2.86563504e-02,2.71385890e-02,2.56632585e-02,2.42319722e-02,2.28461847e-02,2.15071272e-02,2.02158596e-02,1.89732034e-02,1.77797899e-02,1.66360084e-02,1.55420564e-02,1.44979218e-02,1.35033811e-02,1.25580207e-02,1.16612343e-02,1.08122583e-02,1.00101596e-02,9.25386138e-03,8.54215492e-03,7.87372608e-03,7.24716252e-03,6.66095549e-03,6.11354643e-03,5.60331624e-03,5.12861507e-03,4.68776049e-03,4.27906960e-03
7.17011979e-03,7.87521061e-03,8.63744505e-03,9.45984572e-03,1.03453808e-02,1.12969344e-02,1.23172626e-02,1.34089692e-02,1.45744514e-02,1.58158410e-02,1.71350092e-02,1.85334347e-02,2.00122446e-02,2.15720888e-02,2.32131388e-02,2.49350313e-02,2.67368052e-02,2.86168549e-02,3.05729602e-02,3.26021537e-02,3.47008221e-02,3.68645154e-02,3.90881598e-02,4.13658880e-02,4.36911322e-02,4.60566320e-02,4.84545082e-02,5.08762226e-02,5.33127636e-02,5.57546057e-02,5.81918694e-02,6.06143177e-02,6.30115792e-02,6.53730705e-02,6.76882938e-02,6.99466914e-02,7.21380115e-02,7.42521435e-02,7.62793943e-02,7.82104880e-02,8.00366327e-02,8.17496032e-02,8.33418518e-02,8.48064646e-02,8.61373171e-02,8.73290524e-02,8.83771554e-02,8.92779157e-02,9.00284946e-02,9.06269774e-02,9.10722688e-02,9.13641229e-02,9.15032476e-02,9.14910808e-02,9.13298652e-02,9.10226479e-02,9.05731767e-02,8.99858326e-02,8.92656520e-02,8.84182006e-02,8.74495208e-02,8.63661170e-02,8.51748437e-02,8.38828310e-02,8.24974105e-02,8.10261145e-02,7.94765204e-02,7.78561607e-02,7.61725605e-02,7.44330660e-02,7.26448670e-02,7.08148554e-02,6.89496323e-02,6.70554787e-02,6.51382953e-02,6.32036179e-02,6.12565763e-02,5.93019836e-02,5.73442169e-02,5.53873889e-02,5.34352772e-02,5.14914580e-02,4.95592132e-02,4.76416834e-02,4.57418635e-02,4.38626148e-02,4.20066938e-02,4.01767604e-02,3.83754298e-02,3.66051868e-02,3.48684862e-02,3.31676677e-02,3.15049700e-02,2.98824999e-02,2.83022411e-02,2.67660283e-02,2.52755098e-02,2.38321889e-02,2.24373266e-02,2.10920274e-02,1.97971538e-02,1.85533613e-02,1.73610784e-02,1.62205342e-02,1.51317129e-02,1.40944337e-02,1.31082628e-02,1.21726068e-02,1.12866927e-02,1.04495725e-02,9.66014154e-03,8.91716406e-03,8.21929052e-03,7.56506016e-03,6.95291813e-03,6.38125371e-03,5.84838679e-03,5.35260467e-03,4.89216158e-03,4.46530897e-03
7.44114676e-03,8.17454420e-03,8.96755233e-03,9.82333533e-03,1.07450169e-02,1.17356125e-02,1.27980318e-02,1.39350099e-02,1.51490699e-02,1.64424647e-02,1.78171787e-02,1.92747749e-02,2.08164752e-02,2.24429835e-02,2.41545271e-02,2.59507224e-02,2.78306361e-02,2.97926441e-02,3.18344384e-02,3.39529738e-02,3.61444987e-02,3.84044349e-02,4.07274812e-02,4.31075618e-02,4.55378368e-02,4.80107516e-02,5.05180433e-02,5.30508608e-02,5.55997267e-02,5.81547022e-02,6.07054085e-02,6.32411167e-02,6.57508895e-02,6.82236329e-02,7.06482455e-02,7.30136633e-02,7.53089562e-02,7.75234848e-02,7.96469972e-02,8.16696361e-02,8.35820436e-02,8.53755698e-02,8.70421156e-02,8.85743797e-02,8.99658576e-02,9.12108719e-02,9.23046023e-02,9.32431519e-02,9.40235406e-02,9.46437493e-02,9.51026902e-02,9.54001844e-02,9.55369845e-02,9.55147296e-02,9.53359157e-02,9.50038508e-02,9.45225507e-02,9.38968286e-02,9.31320712e-02,9.22342688e-02,9.12099481e-02,9.00660157e-02,8.88098180e-02,8.74489099e-02,8.59911591e-02,8.44445005e-02,8.28169435e-02,8.11164975e-02,7.93510079e-02,7.75282755e-02,7.56557807e-02,7.37407580e-02,7.17901140e-02,6.98103830e-02,6.78077191e-02,6.57878444e-02,6.37561083e-02,6.17174655e-02,5.96764460e-02,5.76372892e-02,5.56038730e-02,5.35798371e-02,5.15685640e-02,4.95732501e-02,4.75969166e-02,4.56424579e-02,4.37126830e-02,4.18102741e-02,3.99378538e-02,3.80979441e-02,3.62930298e-02,3.45254429e-02,3.27974670e-02,3.11112367e-02,2.94687655e-02,2.78719235e-02,2.63223965e-02,2.48217210e-02,2.33712085e-02,2.19719913e-02,2.06249598e-02,1.93308331e-02,1.80900414e-02,1.69028658e-02,1.57693084e-02,1.46891847e-02,1.36620896e-02,1.26874400e-02,1.17644398e-02,1.08921323e-02,1.00693991e-02,9.29497834e-03,8.56747851e-03,7.88540486e-03,7.24715274e-03,6.65105926e-03,6.09538704e-03,5.57836425e-03,5.09818038e-03,4.65301750e-03
7.71140913e-03,8.47312156e-03,9.29691922e-03,1.01861162e-02,1.11439805e-02,1.21736750e-02,1.32782543e-02,1.44605860e-02,1.57233272e-02,1.70688499e-02,1.84992459e-02,2.00161822e-02,2.16209497e-02,2.33143177e-02,2.50965711e-02,2.69673299e-02,2.89256703e-02,3.09699252e-02,3.30977216e-02,3.53059433e-02,3.75907123e-02,3.99472676e-02,4.23701517e-02,4.48530279e-02,4.73888032e-02,4.99695987e-02,5.25868610e-02,5.52313142e-02,5.78930862e-02,6.05617575e-02,6.32265061e-02,6.58760518e-02,6.84989616e-02,7.10835755e-02,7.36181960e-02,7.60911480e-02,7.84909725e-02,8.08064267e-02,8.30266327e-02,8.51411745e-02,8.71402100e-02,8.90145078e-02,9.07554999e-02,9.23554897e-02,9.38075408e-02,9.51056778e-02,9.62447822e-02,9.72207636e-02,9.80304778e-02,9.86718759e-02,9.91438106e-02,9.94461775e-02,9.95798334e-02,9.95466411e-02,9.93492827e-02,9.89913642e-02,9.84772518e-02,9.78121236e-02,9.70017686e-02,9.60526094e-02,9.49716121e-02,9.37661752e-02,9.24441144e-02,9.10134539e-02,8.94825235e-02,8.78597423e-02,8.61535147e-02,8.43722969e-02,8.25243890e-02,8.06178749e-02,7.86606595e-02,7.66602606e-02,7.46238977e-02,7.25583583e-02,7.04700351e-02,6.83648735e-02,6.62484095e-02,6.41257390e-02,6.20015711e-02,5.98802231e-02,5.77657036e-02,5.56617230e-02,5.35717458e-02,5.14989980e-02,4.94465642e-02,4.74173501e-02,4.54142019e-02,4.34398204e-02,4.14968394e-02,3.95877995e-02,3.77151854e-02,3.58813554e-02,3.40886191e-02,3.23391259e-02,3.06349061e-02,2.89778654e-02,2.73697209e-02,2.58120447e-02,2.43061818e-02,2.28533056e-02,2.14543454e-02,2.01100465e-02,1.88208967e-02,1.75871719e-02,1.64089371e-02,1.52859958e-02,1.42179886e-02,1.32043110e-02,1.22441789e-02,1.13366218e-02,1.04805129e-02,9.67455748e-03,8.91734008e-03,8.20731930e-03,7.54285371e-03,6.92222500e-03,6.34364318e-03,5.80527633e-03,5.30525018e-03,4.84168390e-03
7.97998440e-03,8.76992382e-03,9.62442439e-03,1.05469497e-02,1.15409130e-02,1.26096392e-02,1.37563013e-02,1.49839232e-02,1.62952859e-02,1.76928919e-02,1.91789232e-02,2.07551643e-02,2.24229898e-02,2.41832044e-02,2.60361601e-02,2.79815067e-02,3.00182905e-02,3.21448222e-02,3.43586877e-02,3.66566554e-02,3.90347317e-02,4.14880104e-02,4.40108329e-02,4.65966277e-02,4.92380597e-02,5.19269370e-02,5.46543188e-02,5.74105978e-02,6.01854660e-02,6.29680827e-02,6.57470822e-02,6.85107633e-02,7.12470636e-02,7.39437714e-02,7.65886381e-02,7.91694075e-02,8.16739723e-02,8.40905309e-02,8.64075869e-02,8.86141881e-02,9.06998962e-02,9.26549584e-02,9.44703594e-02,9.61379334e-02,9.76503491e-02,9.90013033e-02,1.00185424e-01,1.01198375e-01,1.02036946e-01,1.02698945e-01,1.03183202e-01,1.03489734e-01,1.03619523e-01,1.03574574e-01,1.03357852e-01,1.02973245e-01,1.02425486e-01,1.01720072e-01,1.00863293e-01,9.98619646e-02,9.87235457e-02,9.74558666e-02,9.60672423e-02,9.45662037e-02,9.29615274e-02,9.12620798e-02,8.94767642e-02,8.76144320e-02,8.56837556e-02,8.36932510e-02,8.16511288e-02,7.95652568e-02,7.74431154e-02,7.52917901e-02,7.31178969e-02,7.09275827e-02,6.87265918e-02,6.65201619e-02,6.43131360e-02,6.21099770e-02,5.99147864e-02,5.77313378e-02,5.55631667e-02,5.34135625e-02,5.12856282e-02,4.91823182e-02,4.71064746e-02,4.50608060e-02,4.30479757e-02,4.10705358e-02,3.91309410e-02,3.72315943e-02,3.53747755e-02,3.35626751e-02,3.17973495e-02,3.00807115e-02,2.84145027e-02,2.68003326e-02,2.52395757e-02,2.37334557e-02,2.22829320e-02,2.08887868e-02,1.95515361e-02,1.82715058e-02,1.70487668e-02,1.58831738e-02,1.47743560e-02,1.37217389e-02,1.27245318e-02,1.17817689e-02,1.08923037e-02,1.00548156e-02,9.26785823e-03,8.52987543e-03,7.83916749e-03,7.19397096e-03,6.59244088e-03,6.03268575e-03,5.51277539e-03,5.03076427e-03
8.24590214e-03,9.06387996e-03,9.94888972e-03,1.09045450e-02,1.19344098e-02,1.30419433e-02,1.42304823e-02,1.55031728e-02,1.68629326e-02,1.83123816e-02,1.98538285e-02,2.14891434e-02,2.32197754e-02,2.50466224e-02,2.69700382e-02,2.89897304e-02,3.11047267e-02,3.33133079e-02,3.56130004e-02,3.80004905e-02,4.04716507e-02,4.30214256e-02,4.56439741e-02,4.83324900e-02,5.10793589e-02,5.38760871e-02,5.67134395e-02,5.95813952e-02,6.24692030e-02,6.53656125e-02,6.82587698e-02,7.11364225e-02,7.39860088e-02,7.67947584e-02,7.95497894e-02,8.22382718e-02,8.48474801e-02,8.73650163e-02,8.97788331e-02,9.20773223e-02,9.42495018e-02,9.62851271e-02,9.81746763e-02,9.99095067e-02,1.01481967e-01,1.02885336e-01,1.04114003e-01,1.05163448e-01,1.06030278e-01,1.06712259e-01,1.07208237e-01,1.07518300e-01,1.07643522e-01,1.07586145e-01,1.07349373e-01,1.06937408e-01,1.06355295e-01,1.05609015e-01,1.04705177e-01,1.03651106e-01,1.02454722e-01,1.01124339e-01,9.96687487e-02,9.80969518e-02,9.64182392e-02,9.46419090e-02,9.27773267e-02,9.08337459e-02,8.88202861e-02,8.67458060e-02,8.46188739e-02,8.24476853e-02,8.02399963e-02,7.80031383e-02,7.57439956e-02,7.34689236e-02,7.11838305e-02,6.88941255e-02,6.66048005e-02,6.43204227e-02,6.20451830e-02,5.97829707e-02,5.75373359e-02,5.53116426e-02,5.31090088e-02,5.09324335e-02,4.87847552e-02,4.66687046e-02,4.45869118e-02,4.25419547e-02,4.05362733e-02,3.85722779e-02,3.66522484e-02,3.47783826e-02,3.29527371e-02,3.11772563e-02,2.94536911e-02,2.77837031e-02,2.61686780e-02,2.46098787e-02,2.31082886e-02,2.16647591e-02,2.02798191e-02,1.89538300e-02,1.76869109e-02,1.64789315e-02,1.53295472e-02,1.42381862e-02,1.32040735e-02,1.22262444e-02,1.13035282e-02,1.04346052e-02,9.61799920e-03,8.85210931e-03,8.13520327e-03,7.46547431e-03,6.84102578e-03,6.25991076e-03,5.72013436e-03,5.21968724e-03
8.50816257e-03,9.35388822e-03,1.02690971e-02,1.12575563e-02,1.23229772e-02,1.34689687e-02,1.46990074e-02,1.60163827e-02,1.74241420e-02,1.89250223e-02,2.05214564e-02,2.22153943e-02,2.40083840e-02,2.59013809e-02,2.78947782e-02,2.99883205e-02,3.21810171e-02,3.44711281e-02,3.68561149e-02,3.93325910e-02,4.18962948e-02,4.45420146e-02,4.72637415e-02,5.00544198e-02,5.29061668e-02,5.58102354e-02,5.87569885e-02,6.17360733e-02,6.47363141e-02,6.77460134e-02,7.07528368e-02,7.37440065e-02,7.67064095e-02,7.96267316e-02,8.24914873e-02,8.52872580e-02,8.80006999e-02,9.06188339e-02,9.31289569e-02,9.55189317e-02,9.77771804e-02,9.98929441e-02,1.01856165e-01,1.03657812e-01,1.05289765e-01,1.06745057e-01,1.08017750e-01,1.09103128e-01,1.09997690e-01,1.10699102e-01,1.11206234e-01,1.11519217e-01,1.11639328e-01,1.11568980e-01,1.11311622e-01,1.10871777e-01,1.10254891e-01,1.09467283e-01,1.08516015e-01,1.07408889e-01,1.06154263e-01,1.04760975e-01,1.03238247e-01,1.01595633e-01,9.98428538e-02,9.79896858e-02,9.60459411e-02,9.40213278e-02,9.19253230e-02,8.97671431e-02,8.75557661e-02,8.52996409e-02,8.30068588e-02,8.06850046e-02,7.83411860e-02,7.59819672e-02,7.36134350e-02,7.12411776e-02,6.88703135e-02,6.65055141e-02,6.41510710e-02,6.18109591e-02,5.94887920e-02,5.71879633e-02,5.49116358e-02,5.26628159e-02,5.04443459e-02,4.82589565e-02,4.61092778e-02,4.39978726e-02,4.19271626e-02,3.98995653e-02,3.79173420e-02,3.59827019e-02,3.40976976e-02,3.22642922e-02,3.04842498e-02,2.87592448e-02,2.70907097e-02,2.54799295e-02,2.39279438e-02,2.24356148e-02,2.10035313e-02,1.96320843e-02,1.83214191e-02,1.70714464e-02,1.58818439e-02,1.47520527e-02,1.36813158e-02,1.26686599e-02,1.17129199e-02,1.08127436e-02,9.96665377e-03,9.17300582e-03,8.43003485e-03,7.73588894e-03,7.08862301e-03,6.48623472e-03,5.92667144e-03,5.40786097e-03
8.76572914e-03,9.63879656e-03,1.05837807e-02,1.16045894e-02,1.27050895e-02,1.38890306e-02,1.51600409e-02,1.65215414e-02,1.79767124e-02,1.95284132e-02,2.11791880e-02,2.29310971e-02,2.47857515e-02,2.67441776e-02,2.88068373e-02,3.09734512e-02,3.32430601e-02,3.56138870e-02,3.80833447e-02,4.06479426e-02,4.33033220e-02,4.60441187e-02,4.88640927e-02,5.17560244e-02,5.47117554e-02,5.77222221e-02,6.07774854e-02,6.38667792e-02,6.69785738e-02,7.01006800e-02,7.32202753e-02,7.63241053e-02,7.93985352e-02,8.24296176e-02,8.54033455e-02,8.83056372e-02,9.11226198e-02,9.38406214e-02,9.64463800e-02,9.89271626e-02,1.01270854e-01,1.03466064e-01,1.05502382e-01,1.07370220e-01,1.09061100e-01,1.10567696e-01,1.11883827e-01,1.13004610e-01,1.13926299e-01,1.14646606e-01,1.15164392e-01,1.15479842e-01,1.15594387e-01,1.15510650e-01,1.15232363e-01,1.14764363e-01,1.14112407e-01,1.13283306e-01,1.12284489e-01,1.11124247e-01,1.09811373e-01,1.08355224e-01,1.06765516e-01,1.05052292e-01,1.03225701e-01,1.01296030e-01,9.92735401e-02,9.71683189e-02,9.49902609e-02,9.27489847e-02,9.04537514e-02,8.81133899e-02,8.57362226e-02,8.33301246e-02,8.09024349e-02,7.84599185e-02,7.60088265e-02,7.35549480e-02,7.11034983e-02,6.86592832e-02,6.62267134e-02,6.38097823e-02,6.14122003e-02,5.90373836e-02,5.66885322e-02,5.43686561e-02,5.20805977e-02,4.98270877e-02,4.76107523e-02,4.54341099e-02,4.32996117e-02,4.12096009e-02,3.91663760e-02,3.71720977e-02,3.52288447e-02,3.33385691e-02,3.15030590e-02,2.97240093e-02,2.80028675e-02,2.63409577e-02,2.47393567e-02,2.31989641e-02,2.17204094e-02,2.03041248e-02,1.89502873e-02,1.76588409e-02,1.64294876e-02,1.52617050e-02,1.41547257e-02,1.31075950e-02,1.21191423e-02,1.11880116e-02,1.03126913e-02,9.49152559e-03,8.72270018e-03,8.00433010e-03,7.33442092e-03,6.71091815e-03,6.13171095e-03,5.59466705e-03
9.01754759e-03,9.91743989e-03,1.08916499e-02,1.19442241e-02,1.30791804e-02,1.43004162e-02,1.56116961e-02,1.70165859e-02,1.85183957e-02,2.01201085e-02,2.18243767e-02,2.36333553e-02,2.55487431e-02,2.75716372e-02,2.97025256e-02,3.19411717e-02,3.42866182e-02,3.67370471e-02,3.92898247e-02,4.19413596e-02,4.46872115e-02,4.75218333e-02,5.04388250e-02,5.34307398e-02,5.64891733e-02,5.96047491e-02,6.27672300e-02,6.59654662e-02,6.91875145e-02,7.24207535e-02,7.56519213e-02,7.88672119e-02,8.20524544e-02,8.51931721e-02,8.82747397e-02,9.12825167e-02,9.42019746e-02,9.70188454e-02,9.97193158e-02,1.02290012e-01,1.04718246e-01,1.06992155e-01,1.09100729e-01,1.11034006e-01,1.12783119e-01,1.14340380e-01,1.15699351e-01,1.16854899e-01,1.17803268e-01,1.18541978e-01,1.19069986e-01,1.19387560e-01,1.19496249e-01,1.19398907e-01,1.19099505e-01,1.18603259e-01,1.17916256e-01,1.17045678e-01,1.15999453e-01,1.14786290e-01,1.13415465e-01,1.11896820e-01,1.10240549e-01,1.08457178e-01,1.06557362e-01,1.04551800e-01,1.02451220e-01,1.00266114e-01,9.80067924e-02,9.56832319e-02,9.33050215e-02,9.08813179e-02,8.84207338e-02,8.59314129e-02,8.34208727e-02,8.08961242e-02,7.83636048e-02,7.58292452e-02,7.32983947e-02,7.07759783e-02,6.82664886e-02,6.57740161e-02,6.33023009e-02,6.08548261e-02,5.84347844e-02,5.60452119e-02,5.36889471e-02,5.13687097e-02,4.90870886e-02,4.68465984e-02,4.46496531e-02,4.24985886e-02,4.03956659e-02,3.83430421e-02,3.63427922e-02,3.43968496e-02,3.25070284e-02,3.06750238e-02,2.89023202e-02,2.71902662e-02,2.55399756e-02,2.39523835e-02,2.24281624e-02,2.09677909e-02,1.95714738e-02,1.82392020e-02,1.69706941e-02,1.57654528e-02,1.46227349e-02,1.35415997e-02,1.25208572e-02,1.15591558e-02,1.06549645e-02,9.80659667e-03,9.01221950e-03,8.26989859e-03,7.57759577e-03,6.93320669e-03,6.33456558e-03,5.77948242e-03
9.26253200e-03,1.01886215e-02,1.11913737e-02,1.22749917e-02,1.34436358e-02,1.47013431e-02,1.60520282e-02,1.74993873e-02,1.90468635e-02,2.06975620e-02,2.24542432e-02,2.43191626e-02,2.62941085e-02,2.83802375e-02,3.05780750e-02,3.28874290e-02,3.53073254e-02,3.78359295e-02,4.04705591e-02,4.32075411e-02,4.60422933e-02,4.89691719e-02,5.19815609e-02,5.50718233e-02,5.82312942e-02,6.14503250e-02,6.47183508e-02,6.80238679e-02,7.13545308e-02,7.46972859e-02,7.80383945e-02,8.13635737e-02,8.46581012e-02,8.79069567e-02,9.10949260e-02,9.42067802e-02,9.72274095e-02,1.00141943e-01,1.02935895e-01,1.05595343e-01,1.08107083e-01,1.10458657e-01,1.12638593e-01,1.14636473e-01,1.16443008e-01,1.18050233e-01,1.19451404e-01,1.20641202e-01,1.21615715e-01,1.22372478e-01,1.22910418e-01,1.23229861e-01,1.23332582e-01,1.23221569e-01,1.22901134e-01,1.22376747e-01,1.21654928e-01,1.20743208e-01,1.19649969e-01,1.18384361e-01,1.16956137e-01,1.15375616e-01,1.13653503e-01,1.11800767e-01,1.09828547e-01,1.07747987e-01,1.05570279e-01,1.03306279e-01,1.00966737e-01,9.85619873e-02,9.61019397e-02,9.35960561e-02,9.10532624e-02,8.84819105e-02,8.58898014e-02,8.32841173e-02,8.06714967e-02,7.80579820e-02,7.54491091e-02,7.28499070e-02,7.02649355e-02,6.76983595e-02,6.51540086e-02,6.26353398e-02,6.01456240e-02,5.76878637e-02,5.52649163e-02,5.28794639e-02,5.05340993e-02,4.82312664e-02,4.59733829e-02,4.37627397e-02,4.16015871e-02,3.94920334e-02,3.74361612e-02,3.54358889e-02,3.34930420e-02,3.16093192e-02,2.97862273e-02,2.80251447e-02,2.63272207e-02,2.46934257e-02,2.31244788e-02,2.16208920e-02,2.01829206e-02,1.88105777e-02,1.75036304e-02,1.62615925e-02,1.50837572e-02,1.39691755e-02,1.29166748e-02,1.19248899e-02,1.09922783e-02,1.01171304e-02,9.29758046e-03,8.53166264e-03,7.81729259e-03,7.15231849e-03,6.53452054e-03,5.96165098e-03
9.49959829e-03,1.04511352e-02,1.14816297e-02,1.25954282e-02,1.37968371e-02,1.50900362e-02,1.64790805e-02,1.79678034e-02,1.95597727e-02,2.12582201e-02,2.30660141e-02,2.49855127e-02,2.70185806e-02,2.91664377e-02,3.14296708e-02,3.38081010e-02,3.63007635e-02,3.89058068e-02,4.16204669e-02,4.44410406e-02,4.73628156e-02,5.03799953e-02,5.34858443e-02,5.66724464e-02,5.99309355e-02,6.32513836e-02,6.66228980e-02,7.00336471e-02,7.34708905e-02,7.69211501e-02,8.03702325e-02,8.38033706e-02,8.72052833e-02,9.05604511e-02,9.38530937e-02,9.70673487e-02,1.00187510e-01,1.03198163e-01,1.06084175e-01,1.08831070e-01,1.11425035e-01,1.13853142e-01,1.16103373e-01,1.18164890e-01,1.20028049e-01,1.21684462e-01,1.23127207e-01,1.24350734e-01,1.25351012e-01,1.26125515e-01,1.26673192e-01,1.26994461e-01,1.27091229e-01,1.26966730e-01,1.26625493e-01,1.26073360e-01,1.25317171e-01,1.24364883e-01,1.23225287e-01,1.21907987e-01,1.20423213e-01,1.18781753e-01,1.16994791e-01,1.15073755e-01,1.13030247e-01,1.10875890e-01,1.08622231e-01,1.06280647e-01,1.03862196e-01,1.01377591e-01,9.88370627e-02,9.62504148e-02,9.36268345e-02,9.09749120e-02,8.83027017e-02,8.56176019e-02,8.29263926e-02,8.02352875e-02,7.75499791e-02,7.48755485e-02,7.22167045e-02,6.95776567e-02,6.69622794e-02,6.43740967e-02,6.18163534e-02,5.92920892e-02,5.68041243e-02,5.43551296e-02,5.19476645e-02,4.95841652e-02,4.72669750e-02,4.49983627e-02,4.27805446e-02,4.06156220e-02,3.85056287e-02,3.64524983e-02,3.44580188e-02,3.25239301e-02,3.06517500e-02,2.88428888e-02,2.70985086e-02,2.54196376e-02,2.38070171e-02,2.22612154e-02,2.07825284e-02,1.93710048e-02,1.80264506e-02,1.67484023e-02,1.55361705e-02,1.43888239e-02,1.33052003e-02,1.22839157e-02,1.13234306e-02,1.04220128e-02,9.57776327e-03,8.78868531e-03,8.05265270e-03,7.36746797e-03,6.73085777e-03,6.14052173e-03
9.72765312e-03,1.07037649e-02,1.17610674e-02,1.29040433e-02,1.41371433e-02,1.54646868e-02,1.68908704e-02,1.84196550e-02,2.00547483e-02,2.17994880e-02,2.36568619e-02,2.56293193e-02,2.77188122e-02,2.99266316e-02,3.22534256e-02,3.46990041e-02,3.72624397e-02,3.99418436e-02,4.27344479e-02,4.56364043e-02,4.86429743e-02,5.17481677e-02,5.49450852e-02,5.82256652e-02,6.15807809e-02,6.50002435e-02,6.84728548e-02,7.19863921e-02,7.55278245e-02,7.90832341e-02,8.26379508e-02,8.61767381e-02,8.96838605e-02,9.31431949e-02,9.65384021e-02,9.98530835e-02,1.03070900e-01,1.06175870e-01,1.09152287e-01,1.11985065e-01,1.14659853e-01,1.17163174e-01,1.19482532e-01,1.21606678e-01,1.23525530e-01,1.25230417e-01,1.26714110e-01,1.27970874e-01,1.28996596e-01,1.29788637e-01,1.30345985e-01,1.30669177e-01,1.30760223e-01,1.30622551e-01,1.30261049e-01,1.29681751e-01,1.28891945e-01,1.27899915e-01,1.26714930e-01,1.25346988e-01,1.23806790e-01,1.22105606e-01,1.20255075e-01,1.18267082e-01,1.16153687e-01,1.13926977e-01,1.11598887e-01,1.09181225e-01,1.06685430e-01,1.04122542e-01,1.01503171e-01,9.88373905e-02,9.61346775e-02,9.34038833e-02,9.06532705e-02,8.78904462e-02,8.51223767e-02,8.23554471e-02,7.95954168e-02,7.68475533e-02,7.41166174e-02,7.14069009e-02,6.87222928e-02,6.60663918e-02,6.34424314e-02,6.08534627e-02,5.83022870e-02,5.57915531e-02,5.33237904e-02,5.09013720e-02,4.85266373e-02,4.62018028e-02,4.39290330e-02,4.17103842e-02,3.95479016e-02,3.74434665e-02,3.53989080e-02,3.34159359e-02,3.14960890e-02,2.96407901e-02,2.78512649e-02,2.61285435e-02,2.44734436e-02,2.28865612e-02,2.13682242e-02,1.99185312e-02,1.85373034e-02,1.72241423e-02,1.59783531e-02,1.47990268e-02,1.36850094e-02,1.26349218e-02,1.16472105e-02,1.07201189e-02,9.85173043e-03,9.04001296e-03,8.28280207e-03,7.57785421e-03,6.92284806e-03,6.31542830e-03
9.94562265e-03,1.09453257e-02,1.20283701e-02,1.31993806e-02,1.44629385e-02,1.58235244e-02,1.72854383e-02,1.88528039e-02,2.05294304e-02,2.23187990e-02,2.42239833e-02,2.62475405e-02,2.83915214e-02,3.06572597e-02,3.30454558e-02,3.55559811e-02,3.81878763e-02,4.09392677e-02,4.38073240e-02,4.67881523e-02,4.98768911e-02,5.30674607e-02,5.63527830e-02,5.97245991e-02,6.31735697e-02,6.66892454e-02,7.02601299e-02,7.38737211e-02,7.75165707e-02,8.11743587e-02,8.48320425e-02,8.84738863e-02,9.20836255e-02,9.56446230e-02,9.91400629e-02,1.02552876e-01,1.05866268e-01,1.09063521e-01,1.12128459e-01,1.15045391e-01,1.17799409e-01,1.20376520e-01,1.22763760e-01,1.24949411e-01,1.26923025e-01,1.28675610e-01,1.30199656e-01,1.31489262e-01,1.32540137e-01,1.33349672e-01,1.33916780e-01,1.34242162e-01,1.34327859e-01,1.34177655e-01,1.33796528e-01,1.33190945e-01,1.32368505e-01,1.31337851e-01,1.30108654e-01,1.28691390e-01,1.27097204e-01,1.25337780e-01,1.23425215e-01,1.21371895e-01,1.19190313e-01,1.16892949e-01,1.14492208e-01,1.12000257e-01,1.09428912e-01,1.06789604e-01,1.04093239e-01,1.01350203e-01,9.85702127e-02,9.57624465e-02,9.29353386e-02,9.00967121e-02,8.72537196e-02,8.44128579e-02,8.15800801e-02,7.87607208e-02,7.59596303e-02,7.31811821e-02,7.04293251e-02,6.77076429e-02,6.50194362e-02,6.23677000e-02,5.97552620e-02,5.71847185e-02,5.46585545e-02,5.21791317e-02,4.97487150e-02,4.73694839e-02,4.50435542e-02,4.27729711e-02,4.05597277e-02,3.84056941e-02,3.63126844e-02,3.42824087e-02,3.23164240e-02,3.04161888e-02,2.85829250e-02,2.68177427e-02,2.51214560e-02,2.34947205e-02,2.19379161e-02,2.04511676e-02,1.90343484e-02,1.76870730e-02,1.64086763e-02,1.51982699e-02,1.40547138e-02,1.29766129e-02,1.19624063e-02,1.10103376e-02,1.01184621e-02,9.28470772e-03,8.50687735e-03,7.78268371e-03,7.10976357e-03,6.48570945e-03
1.01524321e-02,1.11746173e-02,1.22822095e-02,1.34799695e-02,1.47726182e-02,1.61647573e-02,1.76608376e-02,1.92650966e-02,2.09814776e-02,2.28135716e-02,2.47645807e-02,2.68371403e-02,2.90333852e-02,3.13547254e-02,3.38019207e-02,3.63748558e-02,3.90726067e-02,4.18932736e-02,4.48339880e-02,4.78908233e-02,5.10587953e-02,5.43317236e-02,5.77023849e-02,6.11623377e-02,6.47020414e-02,6.83107674e-02,7.19768032e-02,7.56872818e-02,7.94284195e-02,8.31855312e-02,8.69431272e-02,9.06850472e-02,9.43945572e-02,9.80544612e-02,1.01647437e-01,1.05155885e-01,1.08562373e-01,1.11849710e-01,1.15001060e-01,1.18000202e-01,1.20831713e-01,1.23481065e-01,1.25934839e-01,1.28180817e-01,1.30208224e-01,1.32007748e-01,1.33571610e-01,1.34893671e-01,1.35969609e-01,1.36796623e-01,1.37373775e-01,1.37701705e-01,1.37782723e-01,1.37620687e-01,1.37220949e-01,1.36590168e-01,1.35736272e-01,1.34668380e-01,1.33396491e-01,1.31931484e-01,1.30284965e-01,1.28469065e-01,1.26496345e-01,1.24379590e-01,1.22131735e-01,1.19765729e-01,1.17294356e-01,1.14730150e-01,1.12085335e-01,1.09371684e-01,1.06600419e-01,1.03782192e-01,1.00927077e-01,9.80444327e-02,9.51429456e-02,9.22306255e-02,8.93147960e-02,8.64021629e-02,8.34987462e-02,8.06100070e-02,7.77408928e-02,7.48958215e-02,7.20788017e-02,6.92934617e-02,6.65430725e-02,6.38306588e-02,6.11589998e-02,5.85306957e-02,5.59481718e-02,5.34137338e-02,5.09296097e-02,4.84979339e-02,4.61207703e-02,4.38001305e-02,4.15379480e-02,3.93361039e-02,3.71963903e-02,3.51205170e-02,3.31100449e-02,3.11664492e-02,2.92909909e-02,2.74848044e-02,2.57487521e-02,2.40835287e-02,2.24895477e-02,2.09669862e-02,1.95157528e-02,1.81354787e-02,1.68255437e-02,1.55850574e-02,1.44128930e-02,1.33076720e-02,1.22678196e-02,1.12915551e-02,1.03769191e-02,9.52181406e-03,8.72400217e-03,7.98116531e-03,7.29088299e-03,6.65070163e-03
1.03470618e-02,1.13905054e-02,1.25213265e-02,1.37444139e-02,1.50646195e-02,1.64866745e-02,1.80151649e-02,1.96544528e-02,2.14086045e-02,2.32813209e-02,2.52759140e-02,2.73951218e-02,2.96411663e-02,3.20155211e-02,3.45190130e-02,3.71515490e-02,3.99122313e-02,4.27991524e-02,4.58094105e-02,4.89390418e-02,5.21829613e-02,5.55348806e-02,5.89874685e-02,6.25321046e-02,6.61590248e-02,6.98573366e-02,7.36149698e-02,7.74188489e-02,8.12548026e-02,8.51078108e-02,8.89619663e-02,9.28006768e-02,9.66067314e-02,1.00362487e-01,1.04050040e-01,1.07651316e-01,1.11148283e-01,1.14523180e-01,1.17758676e-01,1.20837957e-01,1.23745076e-01,1.26464993e-01,1.28983811e-01,1.31288931e-01,1.33369163e-01,1.35214835e-01,1.36817962e-01,1.38172239e-01,1.39273107e-01,1.40117839e-01,1.40705347e-01,1.41036451e-01,1.41113564e-01,1.40940696e-01,1.40523463e-01,1.39868826e-01,1.38985008e-01,1.37881458e-01,1.36568636e-01,1.35057762e-01,1.33360878e-01,1.31490543e-01,1.29459754e-01,1.27281740e-01,1.24969855e-01,1.22537442e-01,1.19997695e-01,1.17363572e-01,1.14647597e-01,1.11861892e-01,1.09018043e-01,1.06126994e-01,1.03199020e-01,1.00243837e-01,9.72702652e-02,9.42865834e-02,9.13002491e-02,8.83180946e-02,8.53463486e-02,8.23905095e-02,7.94556439e-02,7.65462220e-02,7.36662969e-02,7.08195269e-02,6.80091977e-02,6.52382895e-02,6.25096262e-02,5.98257072e-02,5.71889468e-02,5.46016023e-02,5.20658605e-02,4.95837815e-02,4.71573919e-02,4.47886623e-02,4.24794853e-02,4.02317345e-02,3.80471498e-02,3.59274670e-02,3.38742472e-02,3.18889916e-02,2.99729779e-02,2.81273779e-02,2.63530836e-02,2.46508420e-02,2.30211001e-02,2.14640796e-02,1.99797116e-02,1.85676776e-02,1.72273628e-02,1.59579068e-02,1.47581855e-02,1.36268325e-02,1.25622582e-02,1.15626752e-02,1.06260981e-02,9.75040812e-03,8.93333461e-03,8.17251392e-03,7.46548828e-03,6.80975569e-03
1.05285058e-02,1.15918750e-02,1.27444826e-02,1.39913382e-02,1.53374281e-02,1.67876035e-02,1.83465835e-02,2.00188458e-02,2.18085852e-02,2.37196069e-02,2.57553365e-02,2.79186126e-02,3.02117374e-02,3.26362625e-02,3.51930559e-02,3.78820933e-02,4.07024771e-02,4.36523110e-02,4.67286855e-02,4.99275625e-02,5.32438084e-02,5.66710532e-02,6.02017976e-02,6.38273060e-02,6.75376132e-02,7.13216066e-02,7.51670226e-02,7.90604278e-02,8.29873905e-02,8.69325250e-02,9.08795595e-02,9.48114470e-02,9.87105742e-02,1.02558792e-01,1.06337711e-01,1.10028714e-01,1.13613278e-01,1.17073081e-01,1.20390207e-01,1.23547345e-01,1.26528040e-01,1.29316732e-01,1.31899059e-01,1.34262040e-01,1.36394039e-01,1.38285145e-01,1.39927059e-01,1.41313285e-01,1.42439127e-01,1.43301800e-01,1.43900231e-01,1.44235283e-01,1.44309431e-01,1.44126967e-01,1.43693626e-01,1.43016666e-01,1.42104656e-01,1.40967339e-01,1.39615551e-01,1.38060927e-01,1.36315897e-01,1.34393468e-01,1.32306978e-01,1.30070135e-01,1.27696678e-01,1.25200361e-01,1.22594796e-01,1.19893260e-01,1.17108680e-01,1.14253491e-01,1.11339614e-01,1.08378269e-01,1.05380036e-01,1.02354802e-01,9.93116796e-02,9.62591246e-02,9.32047740e-02,9.01556239e-02,8.71179923e-02,8.40975344e-02,8.10993314e-02,7.81279802e-02,7.51875564e-02,7.22817332e-02,6.94137961e-02,6.65867552e-02,6.38033524e-02,6.10661022e-02,5.83773516e-02,5.57393245e-02,5.31541221e-02,5.06237783e-02,4.81502749e-02,4.57355008e-02,4.33813669e-02,4.10896651e-02,3.88621651e-02,3.67005654e-02,3.46064493e-02,3.25813219e-02,3.06265000e-02,2.87431721e-02,2.69322805e-02,2.51945909e-02,2.35306080e-02,2.19405796e-02,2.04244759e-02,1.89820081e-02,1.76125839e-02,1.63153633e-02,1.50892371e-02,1.39328297e-02,1.28445560e-02,1.18226148e-02,1.08650019e-02,9.96957347e-03,9.13402531e-03,8.35595932e-03,7.63287582e-03,6.96222810e-03
1.06958309e-02,1.17776832e-02,1.29505107e-02,1.42194536e-02,1.55896125e-02,1.70659628e-02,1.86533444e-02,2.03563552e-02,2.21793056e-02,2.41261199e-02,2.62003262e-02,2.84048412e-02,3.07420697e-02,3.32136527e-02,3.58205102e-02,3.85626517e-02,4.14392240e-02,4.44483384e-02,4.75870557e-02,5.08513339e-02,5.42359538e-02,5.77344745e-02,6.13392927e-02,6.50415123e-02,6.88310415e-02,7.26965368e-02,7.66254961e-02,8.06042552e-02,8.46180841e-02,8.86512548e-02,9.26871374e-02,9.67082977e-02,1.00696698e-01,1.04633741e-01,1.08500510e-01,1.12277970e-01,1.15946978e-01,1.19488753e-01,1.22884847e-01,1.26117453e-01,1.29169524e-01,1.32025063e-01,1.34669319e-01,1.37088761e-01,1.39271498e-01,1.41207278e-01,1.42887518e-01,1.44305483e-01,1.45456463e-01,1.46337450e-01,1.46947443e-01,1.47287309e-01,1.47359699e-01,1.47168964e-01,1.46721095e-01,1.46023601e-01,1.45085350e-01,1.43916398e-01,1.42527893e-01,1.40931919e-01,1.39141232e-01,1.37169242e-01,1.35029703e-01,1.32736728e-01,1.30304441e-01,1.27746969e-01,1.25078350e-01,1.22312211e-01,1.19461820e-01,1.16539940e-01,1.13558806e-01,1.10529929e-01,1.07464179e-01,1.04371659e-01,1.01261720e-01,9.81429964e-02,9.50233042e-02,9.19098109e-02,8.88089463e-02,8.57264698e-02,8.26675519e-02,7.96368420e-02,7.66384602e-02,7.36760795e-02,7.07530379e-02,6.78722933e-02,6.50365800e-02,6.22483753e-02,5.95099665e-02,5.68235517e-02,5.41911647e-02,5.16147837e-02,4.90963422e-02,4.66377027e-02,4.42406982e-02,4.19071317e-02,3.96387279e-02,3.74372043e-02,3.53041291e-02,3.32410261e-02,3.12492326e-02,2.93299723e-02,2.74842102e-02,2.57127583e-02,2.40161549e-02,2.23946813e-02,2.08483394e-02,1.93768721e-02,1.79797132e-02,1.66560430e-02,1.54047450e-02,1.42244566e-02,1.31135937e-02,1.20703410e-02,1.10926740e-02,1.01784272e-02,9.32526588e-03,8.53076018e-03,7.79236760e-03,7.10750138e-03
1.08481376e-02,1.19469278e-02,1.31383082e-02,1.44275296e-02,1.58198103e-02,1.73202436e-02,1.89337786e-02,2.06651464e-02,2.25187540e-02,2.44986396e-02,2.66084336e-02,2.88511757e-02,3.12293228e-02,3.37446146e-02,3.63980159e-02,3.91896181e-02,4.21185866e-02,4.51830477e-02,4.83800694e-02,5.17055579e-02,5.51542975e-02,5.87197468e-02,6.23942018e-02,6.61686733e-02,7.00328872e-02,7.39753395e-02,7.79833272e-02,8.20429474e-02,8.61391649e-02,9.02559757e-02,9.43764001e-02,9.84826237e-02,1.02556214e-01,1.06578104e-01,1.10528991e-01,1.14389300e-01,1.18139423e-01,1.21760048e-01,1.25232249e-01,1.28537670e-01,1.31658807e-01,1.34579197e-01,1.37283608e-01,1.39758140e-01,1.41990542e-01,1.43970162e-01,1.45688266e-01,1.47137910e-01,1.48314118e-01,1.49213910e-01,1.49836257e-01,1.50181994e-01,1.50253892e-01,1.50056452e-01,1.49595886e-01,1.48879856e-01,1.47917509e-01,1.46719262e-01,1.45296574e-01,1.43661827e-01,1.41828224e-01,1.39809459e-01,1.37619779e-01,1.35273576e-01,1.32785454e-01,1.30169883e-01,1.27441213e-01,1.24613479e-01,1.21700309e-01,1.18714780e-01,1.15669399e-01,1.12576015e-01,1.09445713e-01,1.06288873e-01,1.03115030e-01,9.99330431e-02,9.67509001e-02,9.35759321e-02,9.04146433e-02,8.72729197e-02,8.41560662e-02,8.10687169e-02,7.80150369e-02,7.49987885e-02,7.20232278e-02,6.90913424e-02,6.62058517e-02,6.33691549e-02,6.05835505e-02,5.78511320e-02,5.51739112e-02,5.25538139e-02,4.99927104e-02,4.74924296e-02,4.50547636e-02,4.26814780e-02,4.03742902e-02,3.81349027e-02,3.59648988e-02,3.38658020e-02,3.18389758e-02,2.98856590e-02,2.80068666e-02,2.62034331e-02,2.44759247e-02,2.28246562e-02,2.12496761e-02,1.97507404e-02,1.83273088e-02,1.69785693e-02,1.57034323e-02,1.45005304e-02,1.33682704e-02,1.23048341e-02,1.13081746e-02,1.03761023e-02,9.50626377e-03,8.69618542e-03,7.94329681e-03,7.24496366e-03
1.09846303e-02,1.20987156e-02,1.33068739e-02,1.46144554e-02,1.60267893e-02,1.75490770e-02,1.91863887e-02,2.09435523e-02,2.28250921e-02,2.48351581e-02,2.69774795e-02,2.92551834e-02,3.16708349e-02,3.42262387e-02,3.69224474e-02,3.97595987e-02,4.27368879e-02,4.58524823e-02,4.91034612e-02,5.24857268e-02,5.59940115e-02,5.96217178e-02,6.33610934e-02,6.72030225e-02,7.11371005e-02,7.51516595e-02,7.92338476e-02,8.33694711e-02,8.75433162e-02,9.17390436e-02,9.59393755e-02,1.00126155e-01,1.04280546e-01,1.08383127e-01,1.12414107e-01,1.16353445e-01,1.20181084e-01,1.23877227e-01,1.27422437e-01,1.30797893e-01,1.33985639e-01,1.36968702e-01,1.39731467e-01,1.42259568e-01,1.44540459e-01,1.46563172e-01,1.48318693e-01,1.49799854e-01,1.51001588e-01,1.51920721e-01,1.52556255e-01,1.52909070e-01,1.52981952e-01,1.52779520e-01,1.52308151e-01,1.51575789e-01,1.50591746e-01,1.49366781e-01,1.47912592e-01,1.46241963e-01,1.44368380e-01,1.42305925e-01,1.40069216e-01,1.37672991e-01,1.35132253e-01,1.32461816e-01,1.29676402e-01,1.26790375e-01,1.23817682e-01,1.20771758e-01,1.17665403e-01,1.14510700e-01,1.11319035e-01,1.08101025e-01,1.04866453e-01,1.01624325e-01,9.83828157e-02,9.51493755e-02,9.19306725e-02,8.87326971e-02,8.55607614e-02,8.24196562e-02,7.93135390e-02,7.62461573e-02,7.32208341e-02,7.02404976e-02,6.73078448e-02,6.44252598e-02,6.15949705e-02,5.88190556e-02,5.60994484e-02,5.34380190e-02,5.08366153e-02,4.82969992e-02,4.58209477e-02,4.34101708e-02,4.10663933e-02,3.87913100e-02,3.65864821e-02,3.44534591e-02,3.23936231e-02,3.04082297e-02,2.84983255e-02,2.66647730e-02,2.49081682e-02,2.32288688e-02,2.16269363e-02,2.01021507e-02,1.86539944e-02,1.72816887e-02,1.59841254e-02,1.47599494e-02,1.36075681e-02,1.25251468e-02,1.15106273e-02,1.05617987e-02,9.67627671e-03,8.85156170e-03,8.08504317e-03,7.37405382e-03
1.11045623e-02,1.22322263e-02,1.34552894e-02,1.47792101e-02,1.62094105e-02,1.77512076e-02,1.94097683e-02,2.11900324e-02,2.30966341e-02,2.51338128e-02,2.73054149e-02,2.96146534e-02,3.20641957e-02,3.46559100e-02,3.73909399e-02,4.02694792e-02,4.32907864e-02,4.64530513e-02,4.97533865e-02,5.31876720e-02,5.67506589e-02,6.04356863e-02,6.42349571e-02,6.81392476e-02,7.21380487e-02,7.62196109e-02,8.03707913e-02,8.45773146e-02,8.88236910e-02,9.30933580e-02,9.73686725e-02,1.01631217e-01,1.05861768e-01,1.10040523e-01,1.14147291e-01,1.18161581e-01,1.22062922e-01,1.25831038e-01,1.29445970e-01,1.32888526e-01,1.36140198e-01,1.39183640e-01,1.42002776e-01,1.44582912e-01,1.46911070e-01,1.48976073e-01,1.50768518e-01,1.52281135e-01,1.53508618e-01,1.54447764e-01,1.55097470e-01,1.55458584e-01,1.55534029e-01,1.55328482e-01,1.54848471e-01,1.54102087e-01,1.53098956e-01,1.51850000e-01,1.50367245e-01,1.48663789e-01,1.46753401e-01,1.44650578e-01,1.42370194e-01,1.39927387e-01,1.37337476e-01,1.34615690e-01,1.31777033e-01,1.28836229e-01,1.25807568e-01,1.22704737e-01,1.19540870e-01,1.16328329e-01,1.13078751e-01,1.09802969e-01,1.06511004e-01,1.03212029e-01,9.99144092e-02,9.66257453e-02,9.33528021e-02,9.01016816e-02,8.68777856e-02,8.36859345e-02,8.05303454e-02,7.74147585e-02,7.43425041e-02,7.13165253e-02,6.83394447e-02,6.54136688e-02,6.25413358e-02,5.97244874e-02,5.69650196e-02,5.42647541e-02,5.16254678e-02,4.90489043e-02,4.65368032e-02,4.40908596e-02,4.17127684e-02,3.94041948e-02,3.71667445e-02,3.50019410e-02,3.29112001e-02,3.08957901e-02,2.89567839e-02,2.70950664e-02,2.53112651e-02,2.36057639e-02,2.19786484e-02,2.04297248e-02,1.89584978e-02,1.75641738e-02,1.62456799e-02,1.50016546e-02,1.38304997e-02,1.27303703e-02,1.16991922e-02,1.07347369e-02,9.83459130e-03,8.99622962e-03,8.21700785e-03,7.49422098e-03
1.12072974e-02,1.23467362e-02,1.35827549e-02,1.49208969e-02,1.63666885e-02,1.79255344e-02,1.96027029e-02,2.14032438e-02,2.33318806e-02,2.53929682e-02,2.75904350e-02,2.99276039e-02,3.24072205e-02,3.50312591e-02,3.78009379e-02,4.07165028e-02,4.37772758e-02,4.69815135e-02,5.03263474e-02,5.38076609e-02,5.74202389e-02,6.11573607e-02,6.50112033e-02,6.89724982e-02,7.30306208e-02,7.71736875e-02,8.13884884e-02,8.56604800e-02,8.99740085e-02,9.43122953e-02,9.86574143e-02,1.02990620e-01,1.07292414e-01,1.11542597e-01,1.15720592e-01,1.19805522e-01,1.23776495e-01,1.27612770e-01,1.31293982e-01,1.34800434e-01,1.38113245e-01,1.41214609e-01,1.44088089e-01,1.46718532e-01,1.49092719e-01,1.51199043e-01,1.53027952e-01,1.54571921e-01,1.55825436e-01,1.56785250e-01,1.57450080e-01,1.57820955e-01,1.57900602e-01,1.57693937e-01,1.57207519e-01,1.56449676e-01,1.55430183e-01,1.54160187e-01,1.52652010e-01,1.50918975e-01,1.48975238e-01,1.46835506e-01,1.44515038e-01,1.42029330e-01,1.39393985e-01,1.36624575e-01,1.33736417e-01,1.30744636e-01,1.27663732e-01,1.24507740e-01,1.21290088e-01,1.18023381e-01,1.14719532e-01,1.11389607e-01,1.08043805e-01,1.04691520e-01,1.01341285e-01,9.80007872e-02,9.46769640e-02,9.13760066e-02,8.81033838e-02,8.48639607e-02,8.16619992e-02,7.85012543e-02,7.53850713e-02,7.23163560e-02,6.92977160e-02,6.63315132e-02,6.34198636e-02,6.05647489e-02,5.77680320e-02,5.50314710e-02,5.23568392e-02,4.97457981e-02,4.72000688e-02,4.47213314e-02,4.23112623e-02,3.99715304e-02,3.77037041e-02,3.55093554e-02,3.33898813e-02,3.13465968e-02,2.93805674e-02,2.74927132e-02,2.56836992e-02,2.39539128e-02,2.23034639e-02,2.07321905e-02,1.92395858e-02,1.78249050e-02,1.64870489e-02,1.52246682e-02,1.40361553e-02,1.29196588e-02,1.18730897e-02,1.08941980e-02,9.98054631e-03,9.12958477e-03,8.33863486e-03,7.60495989e-03
1.12922871e-02,1.24416361e-02,1.36885811e-02,1.50387539e-02,1.64977610e-02,1.80711076e-02,1.97641458e-02,2.15820186e-02,2.35295556e-02,2.56111994e-02,2.78309863e-02,3.01923174e-02,3.26980539e-02,3.53502370e-02,3.81501839e-02,4.10982035e-02,4.41937186e-02,4.74350043e-02,5.08192368e-02,5.43423779e-02,5.79991713e-02,6.17829338e-02,6.56857863e-02,6.96984306e-02,7.38101974e-02,7.80090913e-02,8.22817534e-02,8.66135359e-02,9.09885839e-02,9.53898728e-02,9.97993127e-02,1.04197852e-01,1.08565666e-01,1.12882264e-01,1.17126673e-01,1.21277675e-01,1.25313953e-01,1.29214361e-01,1.32958174e-01,1.36525154e-01,1.39896095e-01,1.43052801e-01,1.45978332e-01,1.48657337e-01,1.51076078e-01,1.53222829e-01,1.55087665e-01,1.56662807e-01,1.57942683e-01,1.58923820e-01,1.59604937e-01,1.59986869e-01,1.60072565e-01,1.59866825e-01,1.59376428e-01,1.58609748e-01,1.57576814e-01,1.56288907e-01,1.54758587e-01,1.52999476e-01,1.51025951e-01,1.48853078e-01,1.46496356e-01,1.43971637e-01,1.41294792e-01,1.38481736e-01,1.35548100e-01,1.32509261e-01,1.29380137e-01,1.26174986e-01,1.22907497e-01,1.19590566e-01,1.16236314e-01,1.12856083e-01,1.09460242e-01,1.06058367e-01,1.02659158e-01,9.92704630e-02,9.58993137e-02,9.25519913e-02,8.92340243e-02,8.59503672e-02,8.27052891e-02,7.95025751e-02,7.63455480e-02,7.32371137e-02,7.01798722e-02,6.71761334e-02,6.42279834e-02,6.13373630e-02,5.85060716e-02,5.57358749e-02,5.30284531e-02,5.03854714e-02,4.78086174e-02,4.52995487e-02,4.28599119e-02,4.04913798e-02,3.81955318e-02,3.59739289e-02,3.38279791e-02,3.17590125e-02,2.97681261e-02,2.78562587e-02,2.60240659e-02,2.42719799e-02,2.26001367e-02,2.10083574e-02,1.94961801e-02,1.80628430e-02,1.67072620e-02,1.54280839e-02,1.42236948e-02,1.30922347e-02,1.20315971e-02,1.10395160e-02,1.01135336e-02,9.25106555e-03,8.44940916e-03,7.70579791e-03
1.13590779e-02,1.25164175e-02,1.37722064e-02,1.51321506e-02,1.66019332e-02,1.81871429e-02,1.98932197e-02,2.17253920e-02,2.36885883e-02,2.57873349e-02,2.80257575e-02,3.04073766e-02,3.29351202e-02,3.56111415e-02,3.84368189e-02,4.14125696e-02,4.45378795e-02,4.78111058e-02,5.12294807e-02,5.47889993e-02,5.84844314e-02,6.23091310e-02,6.62552193e-02,7.03133419e-02,7.44728297e-02,7.87215382e-02,8.30460936e-02,8.74317139e-02,9.18623507e-02,9.63208377e-02,1.00788817e-01,1.05247043e-01,1.09675400e-01,1.14053100e-01,1.18358873e-01,1.22571088e-01,1.26668096e-01,1.30628392e-01,1.34430811e-01,1.38054833e-01,1.41480714e-01,1.44689918e-01,1.47665173e-01,1.50390744e-01,1.52852625e-01,1.55038685e-01,1.56938806e-01,1.58544987e-01,1.59851447e-01,1.60854593e-01,1.61553040e-01,1.61947578e-01,1.62041113e-01,1.61838531e-01,1.61346599e-01,1.60573915e-01,1.59530506e-01,1.58227950e-01,1.56679004e-01,1.54897436e-01,1.52897969e-01,1.50695845e-01,1.48306906e-01,1.45747244e-01,1.43033072e-01,1.40180558e-01,1.37205705e-01,1.34124085e-01,1.30950943e-01,1.27700850e-01,1.24387711e-01,1.21024728e-01,1.17624216e-01,1.14197731e-01,1.10755831e-01,1.07308313e-01,1.03864007e-01,1.00430898e-01,9.70161483e-02,9.36260819e-02,9.02663767e-02,8.69419575e-02,8.36571604e-02,8.04158002e-02,7.72211552e-02,7.40761533e-02,7.09833652e-02,6.79450780e-02,6.49633333e-02,6.20400235e-02,5.91769591e-02,5.63758165e-02,5.36382794e-02,5.09659685e-02,4.83605415e-02,4.58236486e-02,4.33569327e-02,4.09620404e-02,3.86405736e-02,3.63940671e-02,3.42239700e-02,3.21316049e-02,3.01180780e-02,2.81843506e-02,2.63311118e-02,2.45587826e-02,2.28675231e-02,2.12571695e-02,1.97272617e-02,1.82770398e-02,1.69054307e-02,1.56110749e-02,1.43923508e-02,1.32473838e-02,1.21740559e-02,1.11700837e-02,1.02329860e-02,9.36015323e-03,8.54886044e-03,7.79630756e-03
1.14073409e-02,1.25707071e-02,1.38332071e-02,1.52006103e-02,1.66786723e-02,1.82730462e-02,1.99892670e-02,2.18326319e-02,2.38081496e-02,2.59204488e-02,2.81737484e-02,3.05716470e-02,3.31171788e-02,3.58125828e-02,3.86593305e-02,4.16579470e-02,4.48079780e-02,4.81078625e-02,5.15549183e-02,5.51451817e-02,5.88735044e-02,6.27332330e-02,6.67165443e-02,7.08140582e-02,7.50150606e-02,7.93074444e-02,8.36776718e-02,8.81108791e-02,9.25909504e-02,9.71004888e-02,1.01621002e-01,1.06133036e-01,1.10616200e-01,1.15049429e-01,1.19411185e-01,1.23679549e-01,1.27832487e-01,1.31848186e-01,1.35705069e-01,1.39382243e-01,1.42859682e-01,1.46118432e-01,1.49140835e-01,1.51910901e-01,1.54414237e-01,1.56638443e-01,1.58573180e-01,1.60210148e-01,1.61543444e-01,1.62569240e-01,1.63286090e-01,1.63694724e-01,1.63797975e-01,1.63600728e-01,1.63109884e-01,1.62333995e-01,1.61283329e-01,1.59969538e-01,1.58405542e-01,1.56605378e-01,1.54583901e-01,1.52356640e-01,1.49939701e-01,1.47349432e-01,1.44602314e-01,1.41714811e-01,1.38703138e-01,1.35583267e-01,1.32370591e-01,1.29079998e-01,1.25725657e-01,1.22320980e-01,1.18878521e-01,1.15410060e-01,1.11926362e-01,1.08437337e-01,1.04952022e-01,1.01478487e-01,9.80240256e-02,9.45950896e-02,9.11973268e-02,8.78357738e-02,8.45147967e-02,8.12381878e-02,7.80092850e-02,7.48309717e-02,7.17058182e-02,6.86360374e-02,6.56236932e-02,6.26706481e-02,5.97786382e-02,5.69493547e-02,5.41844144e-02,5.14854491e-02,4.88540903e-02,4.62919660e-02,4.38006967e-02,4.13819589e-02,3.90373245e-02,3.67683470e-02,3.45764719e-02,3.24630365e-02,3.04291602e-02,2.84758117e-02,2.66036931e-02,2.48132404e-02,2.31046136e-02,2.14776583e-02,1.99319292e-02,1.84666570e-02,1.70807727e-02,1.57729071e-02,1.45414369e-02,1.33844726e-02,1.22998822e-02,1.12853618e-02,1.03384089e-02,9.45639797e-03,8.63657054e-03,7.87610561e-03
1.14368452e-02,1.26042496e-02,1.38712972e-02,1.52438106e-02,1.67276114e-02,1.83284171e-02,2.00518258e-02,2.19032113e-02,2.38876678e-02,2.60099098e-02,2.82742344e-02,3.06843296e-02,3.32433321e-02,3.59535776e-02,3.88166346e-02,4.18331102e-02,4.50026579e-02,4.83237989e-02,5.17939217e-02,5.54091819e-02,5.91644347e-02,6.30531386e-02,6.70674592e-02,7.11980611e-02,7.54342377e-02,7.97638446e-02,8.41732919e-02,8.86476710e-02,9.31707248e-02,9.77249742e-02,1.02291770e-01,1.06851406e-01,1.11383364e-01,1.15866348e-01,1.20278478e-01,1.24597624e-01,1.28801420e-01,1.32867724e-01,1.36774689e-01,1.40501022e-01,1.44026384e-01,1.47331476e-01,1.50398344e-01,1.53210580e-01,1.55753613e-01,1.58014685e-01,1.59983173e-01,1.61650613e-01,1.63010836e-01,1.64059922e-01,1.64796233e-01,1.65220410e-01,1.65335268e-01,1.65145680e-01,1.64658532e-01,1.63882405e-01,1.62827715e-01,1.61506191e-01,1.59930930e-01,1.58116072e-01,1.56076744e-01,1.53828666e-01,1.51388153e-01,1.48771763e-01,1.45996302e-01,1.43078417e-01,1.40034676e-01,1.36881202e-01,1.33633718e-01,1.30307302e-01,1.26916409e-01,1.23474658e-01,1.19994856e-01,1.16488919e-01,1.12967856e-01,1.09441683e-01,1.05919607e-01,1.02409855e-01,9.89197716e-02,9.54558700e-02,9.20239538e-02,8.86290595e-02,8.52755457e-02,8.19673017e-02,7.87075981e-02,7.54993260e-02,7.23450407e-02,6.92469627e-02,6.62071109e-02,6.32273108e-02,6.03092983e-02,5.74547201e-02,5.46651967e-02,5.19423112e-02,4.92876992e-02,4.67029773e-02,4.41897810e-02,4.17497456e-02,3.93844508e-02,3.70954946e-02,3.48842703e-02,3.27521600e-02,3.07002738e-02,2.87295934e-02,2.68408172e-02,2.50344053e-02,2.33105104e-02,2.16689911e-02,2.01093908e-02,1.86309554e-02,1.72325969e-02,1.59129426e-02,1.46703590e-02,1.35029489e-02,1.24085601e-02,1.13848737e-02,1.04293674e-02,9.53939371e-03,8.71217065e-03,7.94485491e-03
1.14474716e-02,1.26169054e-02,1.38863157e-02,1.52615700e-02,1.67485420e-02,1.83530059e-02,2.00806186e-02,2.19368283e-02,2.39267983e-02,2.60553136e-02,2.83267684e-02,3.07449345e-02,3.33130360e-02,3.60335074e-02,3.89080159e-02,4.19372730e-02,4.51210327e-02,4.84579131e-02,5.19454069e-02,5.55797406e-02,5.93558736e-02,6.32673055e-02,6.73062876e-02,7.14635253e-02,7.57283196e-02,8.00885111e-02,8.45305398e-02,8.90394300e-02,9.35988277e-02,9.81911719e-02,1.02797702e-01,1.07398577e-01,1.11973070e-01,1.16499662e-01,1.20956331e-01,1.25320628e-01,1.29569978e-01,1.33681893e-01,1.37634262e-01,1.41405508e-01,1.44974962e-01,1.48322999e-01,1.51431367e-01,1.54283375e-01,1.56864092e-01,1.59160569e-01,1.61161855e-01,1.62859336e-01,1.64246574e-01,1.65319443e-01,1.66076228e-01,1.66517437e-01,1.66645780e-01,1.66466117e-01,1.65985286e-01,1.65212005e-01,1.64156571e-01,1.62830919e-01,1.61248222e-01,1.59422815e-01,1.57369927e-01,1.55105487e-01,1.52645946e-01,1.50008202e-01,1.47209167e-01,1.44265786e-01,1.41194806e-01,1.38012663e-01,1.34735286e-01,1.31377980e-01,1.27955422e-01,1.24481462e-01,1.20969079e-01,1.17430396e-01,1.13876566e-01,1.10317849e-01,1.06763467e-01,1.03221841e-01,9.97003689e-02,9.62056965e-02,9.27436352e-02,8.93192962e-02,8.59370828e-02,8.26008469e-02,7.93139189e-02,7.60791451e-02,7.28991106e-02,6.97759837e-02,6.67117834e-02,6.37083203e-02,6.07673042e-02,5.78903630e-02,5.50790988e-02,5.23351207e-02,4.96600121e-02,4.70554084e-02,4.45229225e-02,4.20642048e-02,3.96808498e-02,3.73744108e-02,3.51463333e-02,3.29979770e-02,3.09304688e-02,2.89447866e-02,2.70416327e-02,2.52214745e-02,2.34844591e-02,2.18304470e-02,2.02589799e-02,1.87692922e-02,1.73602980e-02,1.60306152e-02,1.47785926e-02,1.36023238e-02,1.24996398e-02,1.14682075e-02,1.05054788e-02,9.60879214e-03,8.77534319e-03,8.00226349e-03
1.14392219e-02,1.26086762e-02,1.38782561e-02,1.52538773e-02,1.67414490e-02,1.83467902e-02,2.00756136e-02,2.19334271e-02,2.39254627e-02,2.60565747e-02,2.83312332e-02,3.07533052e-02,3.33260931e-02,3.60521302e-02,3.89331914e-02,4.19701003e-02,4.51627038e-02,4.85097282e-02,5.20087890e-02,5.56561947e-02,5.94470166e-02,6.33748472e-02,6.74320087e-02,7.16092512e-02,7.58959427e-02,8.02799314e-02,8.47476870e-02,8.92842039e-02,9.38730836e-02,9.84967351e-02,1.03136256e-01,1.07771695e-01,1.12382226e-01,1.16946138e-01,1.21441215e-01,1.25844792e-01,1.30134091e-01,1.34286359e-01,1.38279244e-01,1.42090887e-01,1.45700336e-01,1.49087712e-01,1.52234435e-01,1.55123562e-01,1.57739878e-01,1.60070106e-01,1.62103161e-01,1.63830042e-01,1.65244207e-01,1.66341335e-01,1.67119518e-01,1.67579129e-01,1.67722821e-01,1.67555362e-01,1.67083547e-01,1.66316077e-01,1.65263370e-01,1.63937286e-01,1.62351131e-01,1.60519361e-01,1.58457279e-01,1.56181052e-01,1.53707296e-01,1.51053011e-01,1.48235396e-01,1.45271569e-01,1.42178476e-01,1.38972819e-01,1.35670662e-01,1.32287592e-01,1.28838465e-01,1.25337318e-01,1.21797353e-01,1.18230850e-01,1.14649132e-01,1.11062557e-01,1.07480541e-01,1.03911556e-01,1.00363143e-01,9.68419686e-02,9.33539644e-02,8.99042189e-02,8.64972174e-02,8.31368119e-02,7.98263028e-02,7.65686259e-02,7.33662620e-02,7.02214465e-02,6.71361387e-02,6.41121641e-02,6.11512065e-02,5.82549088e-02,5.54248504e-02,5.26626259e-02,4.99698371e-02,4.73481044e-02,4.47990485e-02,4.23243269e-02,3.99255008e-02,3.76041755e-02,3.53617705e-02,3.31996530e-02,3.11189461e-02,2.91206371e-02,2.72054225e-02,2.53737662e-02,2.36258171e-02,2.19614264e-02,2.03801244e-02,1.88811459e-02,1.74633935e-02,1.61254723e-02,1.48657188e-02,1.36822127e-02,1.25727663e-02,1.15350280e-02,1.05664404e-02,9.66431294e-03,8.82582925e-03,8.04809853e-03
1.14122117e-02,1.25796758e-02,1.38472486e-02,1.52208656e-02,1.67064704e-02,1.83099192e-02,2.00369675e-02,2.18931753e-02,2.38838308e-02,2.60138512e-02,2.82877870e-02,3.07095833e-02,3.32826301e-02,3.60095650e-02,3.88922654e-02,4.19316441e-02,4.51276861e-02,4.84792218e-02,5.19839860e-02,5.56384027e-02,5.94376512e-02,6.33754358e-02,6.74441606e-02,7.16346949e-02,7.59364143e-02,8.03372785e-02,8.48237723e-02,8.93808678e-02,9.39922109e-02,9.86401066e-02,1.03305668e-01,1.07968822e-01,1.12608619e-01,1.17203265e-01,1.21730395e-01,1.26167148e-01,1.30490571e-01,1.34677723e-01,1.38705999e-01,1.42553300e-01,1.46198452e-01,1.49621308e-01,1.52803019e-01,1.55726388e-01,1.58375934e-01,1.60738125e-01,1.62801623e-01,1.64557248e-01,1.65998116e-01,1.67119816e-01,1.67920247e-01,1.68399632e-01,1.68560490e-01,1.68407470e-01,1.67947352e-01,1.67188764e-01,1.66142121e-01,1.64819345e-01,1.63233802e-01,1.61399931e-01,1.59333244e-01,1.57049969e-01,1.54566839e-01,1.51901081e-01,1.49070010e-01,1.46090955e-01,1.42981067e-01,1.39757171e-01,1.36435598e-01,1.33032084e-01,1.29561692e-01,1.26038656e-01,1.22476295e-01,1.18887082e-01,1.15282491e-01,1.11672997e-01,1.08068138e-01,1.04476504e-01,1.00905694e-01,9.73624736e-02,9.38528031e-02,9.03818309e-02,8.69540647e-02,8.35733637e-02,8.02430958e-02,7.69661367e-02,7.37449974e-02,7.05819055e-02,6.74788132e-02,6.44375458e-02,6.14598058e-02,5.85471876e-02,5.57013229e-02,5.29237762e-02,5.02161756e-02,4.75801229e-02,4.50172499e-02,4.25292179e-02,4.01176102e-02,3.77840027e-02,3.55298445e-02,3.33564803e-02,3.12650576e-02,2.92565245e-02,2.73316056e-02,2.54907347e-02,2.37340648e-02,2.20614374e-02,2.04723775e-02,1.89660955e-02,1.75414942e-02,1.61971524e-02,1.49314012e-02,1.37422988e-02,1.26276463e-02,1.15850763e-02,1.06120044e-02,9.70573537e-03,8.86342488e-03,8.08217190e-03
1.13666477e-02,1.25301443e-02,1.37935523e-02,1.51628200e-02,1.66439135e-02,1.82427205e-02,1.99650284e-02,2.18164399e-02,2.38022935e-02,2.59275641e-02,2.81968731e-02,3.06142345e-02,3.31831388e-02,3.59063037e-02,3.87857147e-02,4.18224037e-02,4.50164638e-02,4.83668558e-02,5.18714450e-02,5.55267669e-02,5.93281388e-02,6.32693768e-02,6.73429966e-02,7.15399608e-02,7.58498013e-02,8.02604705e-02,8.47585499e-02,8.93290341e-02,9.39556137e-02,9.86205861e-02,1.03304997e-01,1.07988797e-01,1.12650953e-01,1.17269553e-01,1.21822126e-01,1.26285732e-01,1.30637169e-01,1.34853467e-01,1.38911709e-01,1.42789721e-01,1.46466017e-01,1.49920255e-01,1.53133392e-01,1.56087950e-01,1.58768192e-01,1.61160365e-01,1.63252845e-01,1.65036276e-01,1.66503578e-01,1.67650074e-01,1.68473452e-01,1.68973833e-01,1.69153556e-01,1.69017196e-01,1.68571413e-01,1.67824760e-01,1.66787609e-01,1.65471926e-01,1.63891047e-01,1.62059471e-01,1.59992784e-01,1.57707244e-01,1.55219823e-01,1.52547777e-01,1.49708554e-01,1.46719664e-01,1.43598408e-01,1.40361786e-01,1.37026310e-01,1.33607879e-01,1.30121708e-01,1.26582190e-01,1.23002820e-01,1.19396180e-01,1.15773894e-01,1.12146579e-01,1.08523861e-01,1.04914390e-01,1.01325914e-01,9.77651998e-02,9.42383036e-02,9.07503888e-02,8.73059928e-02,8.39090273e-02,8.05628523e-02,7.72703215e-02,7.40340278e-02,7.08561391e-02,6.77386597e-02,6.46833926e-02,6.16920516e-02,5.87662496e-02,5.59076034e-02,5.31177111e-02,5.03982008e-02,4.77506816e-02,4.51767966e-02,4.26782109e-02,4.02565226e-02,3.79132964e-02,3.56499851e-02,3.34679410e-02,3.13682854e-02,2.93519795e-02,2.74197329e-02,2.55719665e-02,2.38088258e-02,2.21301354e-02,2.05354095e-02,1.90238431e-02,1.75943114e-02,1.62453931e-02,1.49753951e-02,1.37823634e-02,1.26640806e-02,1.16181569e-02,1.06420023e-02,9.73289739e-03,8.88798945e-03,8.10435507e-03
1.13028586e-02,1.24604339e-02,1.37175499e-02,1.50801586e-02,1.65542439e-02,1.81457009e-02,1.98603459e-02,2.17038170e-02,2.36814879e-02,2.57983934e-02,2.80592088e-02,3.04680262e-02,3.30284089e-02,3.57431844e-02,3.86144333e-02,4.16432992e-02,4.48299833e-02,4.81735989e-02,5.16721085e-02,5.53222261e-02,5.91193922e-02,6.30575418e-02,6.71293437e-02,7.13258609e-02,7.56367519e-02,8.00500885e-02,8.45524818e-02,8.91290605e-02,9.37635079e-02,9.84381884e-02,1.03134155e-01,1.07831359e-01,1.12508684e-01,1.17144257e-01,1.21715501e-01,1.26199350e-01,1.30572587e-01,1.34812027e-01,1.38894677e-01,1.42798170e-01,1.46500856e-01,1.49982199e-01,1.53222919e-01,1.56205356e-01,1.58913478e-01,1.61333442e-01,1.63453326e-01,1.65263474e-01,1.66756660e-01,1.67927980e-01,1.68774962e-01,1.69297457e-01,1.69497699e-01,1.69380128e-01,1.68951243e-01,1.68219551e-01,1.67195335e-01,1.65890545e-01,1.64318442e-01,1.62493587e-01,1.60431579e-01,1.58148766e-01,1.55662119e-01,1.52989045e-01,1.50147095e-01,1.47153899e-01,1.44026890e-01,1.40783221e-01,1.37439519e-01,1.34011835e-01,1.30515531e-01,1.26965135e-01,1.23374283e-01,1.19755708e-01,1.16121098e-01,1.12481162e-01,1.08845696e-01,1.05223395e-01,1.01622023e-01,9.80485305e-02,9.45089087e-02,9.10084322e-02,8.75516534e-02,8.41424838e-02,8.07843208e-02,7.74800777e-02,7.42322803e-02,7.10431784e-02,6.79147393e-02,6.48488253e-02,6.18471280e-02,5.89113012e-02,5.60429692e-02,5.32437526e-02,5.05152754e-02,4.78591956e-02,4.52771410e-02,4.27708067e-02,4.03417684e-02,3.79916206e-02,3.57217975e-02,3.35336477e-02,3.14282887e-02,2.94066854e-02,2.74695121e-02,2.56171934e-02,2.38498412e-02,2.21672822e-02,2.05689929e-02,1.90541651e-02,1.76216550e-02,1.62700173e-02,1.49975428e-02,1.38022555e-02,1.26819275e-02,1.16341515e-02,1.06563214e-02,9.74570215e-03,8.89942702e-03,8.11456051e-03
1.12212645e-02,1.23710148e-02,1.36197591e-02,1.49734551e-02,1.64380744e-02,1.80195309e-02,1.97236482e-02,2.15560924e-02,2.35222727e-02,2.56272592e-02,2.78757829e-02,3.02720200e-02,3.28195877e-02,3.55214104e-02,3.83796617e-02,4.13956083e-02,4.45695855e-02,4.79008183e-02,5.13874218e-02,5.50262481e-02,5.88128753e-02,6.27414212e-02,6.68046549e-02,7.09938258e-02,7.52986893e-02,7.97074437e-02,8.42068568e-02,8.87820795e-02,9.34169590e-02,9.80938450e-02,1.02793917e-01,1.07497104e-01,1.12182312e-01,1.16827667e-01,1.21410571e-01,1.25907943e-01,1.30296454e-01,1.34552881e-01,1.38654128e-01,1.42577648e-01,1.46301717e-01,1.49805605e-01,1.53069884e-01,1.56076640e-01,1.58809796e-01,1.61255106e-01,1.63400501e-01,1.65236115e-01,1.66754529e-01,1.67950556e-01,1.68821529e-01,1.69367164e-01,1.69589460e-01,1.69492677e-01,1.69083238e-01,1.68369487e-01,1.67361632e-01,1.66071460e-01,1.64512292e-01,1.62698597e-01,1.60646036e-01,1.58370867e-01,1.55890256e-01,1.53221533e-01,1.50382400e-01,1.47390574e-01,1.44263536e-01,1.41018614e-01,1.37672484e-01,1.34241387e-01,1.30740747e-01,1.27185225e-01,1.23588569e-01,1.19963586e-01,1.16322130e-01,1.12674974e-01,1.09031983e-01,1.05401903e-01,1.01792634e-01,9.82111022e-02,9.46633890e-02,9.11548287e-02,8.76899585e-02,8.42727572e-02,8.09066221e-02,7.75944963e-02,7.43389651e-02,7.11422339e-02,6.80063516e-02,6.49331659e-02,6.19244277e-02,5.89817874e-02,5.61069101e-02,5.33014201e-02,5.05669899e-02,4.79052737e-02,4.53179441e-02,4.28066701e-02,4.03730609e-02,3.80187035e-02,3.57450359e-02,3.35533917e-02,3.14448886e-02,2.94204708e-02,2.74807941e-02,2.56262738e-02,2.38570031e-02,2.21727714e-02,2.05730535e-02,1.90569982e-02,1.76234618e-02,1.62709635e-02,1.49977878e-02,1.38019314e-02,1.26811508e-02,1.16330208e-02,1.06549282e-02,9.74411704e-03,8.89771525e-03,8.11277051e-03
1.11223897e-02,1.22624561e-02,1.35008171e-02,1.48433987e-02,1.62961707e-02,1.78650450e-02,1.95558500e-02,2.13742629e-02,2.33257096e-02,2.54153162e-02,2.76478473e-02,3.00275199e-02,3.25580575e-02,3.52424420e-02,3.80829647e-02,4.10809927e-02,4.42369841e-02,4.75503094e-02,5.10192178e-02,5.46407178e-02,5.84105365e-02,6.23229519e-02,6.63709119e-02,7.05458075e-02,7.48375580e-02,7.92345032e-02,8.37235227e-02,8.82899612e-02,9.29176733e-02,9.75892320e-02,1.02285817e-01,1.06987447e-01,1.11673109e-01,1.16320953e-01,1.20908357e-01,1.25412300e-01,1.29809439e-01,1.34076476e-01,1.38190269e-01,1.42128199e-01,1.45868406e-01,1.49390131e-01,1.52673692e-01,1.55701086e-01,1.58456013e-01,1.60924032e-01,1.63092896e-01,1.64952576e-01,1.66495264e-01,1.67715728e-01,1.68611020e-01,1.69180632e-01,1.69426382e-01,1.69352353e-01,1.68964773e-01,1.68271855e-01,1.67283639e-01,1.66011855e-01,1.64469734e-01,1.62671685e-01,1.60633296e-01,1.58370912e-01,1.55901507e-01,1.53242588e-01,1.50411904e-01,1.47427157e-01,1.44305959e-01,1.41065657e-01,1.37723088e-01,1.34294480e-01,1.30795404e-01,1.27240628e-01,1.23643957e-01,1.20018311e-01,1.16375566e-01,1.12726666e-01,1.09081425e-01,1.05448782e-01,1.01836622e-01,9.82519165e-02,9.47008356e-02,9.11886990e-02,8.77201110e-02,8.42990875e-02,8.09290633e-02,7.76129961e-02,7.43534639e-02,7.11527914e-02,6.80130050e-02,6.49359971e-02,6.19235337e-02,5.89773357e-02,5.60990758e-02,5.32904230e-02,5.05530536e-02,4.78886813e-02,4.52989675e-02,4.27856147e-02,4.03502360e-02,3.79944146e-02,3.57195847e-02,3.35270874e-02,3.14180069e-02,2.93932855e-02,2.74535511e-02,2.55991947e-02,2.38302909e-02,2.21466068e-02,2.05475893e-02,1.90323591e-02,1.75997522e-02,1.62482690e-02,1.49761643e-02,1.37814218e-02,1.26617840e-02,1.16148051e-02,1.06378580e-02,9.72818024e-03,8.88288300e-03,8.09901487e-03
1.10068321e-02,1.21354330e-02,1.33614512e-02,1.46907978e-02,1.61294192e-02,1.76832080e-02,1.93580016e-02,2.11594701e-02,2.30930578e-02,2.51639057e-02,2.73768287e-02,2.97360905e-02,3.22454870e-02,3.49080749e-02,3.77262346e-02,4.07014564e-02,4.38342988e-02,4.71242741e-02,5.05697988e-02,5.41680045e-02,5.79148233e-02,6.18046783e-02,6.58306926e-02,6.99844286e-02,7.42559731e-02,7.86338523e-02,8.31051245e-02,8.76552463e-02,9.22682583e-02,9.69268158e-02,1.01612277e-01,1.06304735e-01,1.10983297e-01,1.15626164e-01,1.20210826e-01,1.24714263e-01,1.29113182e-01,1.33384272e-01,1.37504414e-01,1.41450927e-01,1.45201892e-01,1.48736462e-01,1.52034879e-01,1.55078933e-01,1.57852203e-01,1.60340130e-01,1.62530199e-01,1.64412200e-01,1.65978178e-01,1.67222574e-01,1.68142319e-01,1.68736607e-01,1.69007048e-01,1.68957546e-01,1.68594137e-01,1.67924836e-01,1.66959599e-01,1.65709913e-01,1.64188862e-01,1.62410900e-01,1.60391435e-01,1.58146769e-01,1.55693948e-01,1.53050378e-01,1.50233775e-01,1.47261918e-01,1.44152507e-01,1.40922785e-01,1.37589723e-01,1.34169668e-01,1.30678177e-01,1.27130091e-01,1.23539276e-01,1.19918734e-01,1.16280414e-01,1.12635270e-01,1.08993255e-01,1.05363272e-01,1.01753302e-01,9.81703773e-02,9.46206376e-02,9.11095142e-02,8.76416489e-02,8.42210725e-02,8.08512494e-02,7.75351673e-02,7.42755085e-02,7.10745752e-02,6.79344535e-02,6.48570880e-02,6.18442893e-02,5.88978082e-02,5.60193658e-02,5.32106757e-02,5.04734367e-02,4.78093997e-02,4.52202410e-02,4.27076891e-02,4.02733572e-02,3.79188396e-02,3.56455594e-02,3.34548429e-02,3.13477740e-02,2.93252561e-02,2.73879115e-02,2.55360976e-02,2.37698536e-02,2.20889281e-02,2.04927363e-02,1.89803857e-02,1.75506659e-02,1.62020549e-02,1.49327992e-02,1.37408534e-02,1.26239406e-02,1.15796095e-02,1.06052151e-02,9.69798490e-03,8.85502435e-03,8.07337463e-03
1.08752707e-02,1.19906850e-02,1.32024884e-02,1.45165622e-02,1.59388147e-02,1.74751226e-02,1.91312972e-02,2.09130142e-02,2.28257086e-02,2.48745605e-02,2.70643923e-02,2.93995254e-02,3.18837948e-02,3.45203504e-02,3.73116508e-02,4.02592830e-02,4.33639511e-02,4.66252789e-02,5.00418432e-02,5.36109321e-02,5.73286414e-02,6.11895733e-02,6.51870519e-02,6.93128258e-02,7.35571682e-02,7.79087692e-02,8.23549107e-02,8.68812203e-02,9.14719477e-02,9.61098745e-02,1.00776501e-01,1.05452120e-01,1.10115953e-01,1.14746340e-01,1.19320869e-01,1.23816632e-01,1.28210366e-01,1.32478803e-01,1.36598930e-01,1.40548036e-01,1.44304171e-01,1.47846431e-01,1.51154980e-01,1.54211551e-01,1.56999573e-01,1.59504339e-01,1.61713168e-01,1.63615614e-01,1.65203556e-01,1.66471273e-01,1.67415321e-01,1.68034807e-01,1.68331072e-01,1.68307766e-01,1.67970717e-01,1.67327747e-01,1.66388556e-01,1.65164560e-01,1.63668707e-01,1.61915198e-01,1.59919366e-01,1.57697529e-01,1.55266508e-01,1.52643755e-01,1.49846971e-01,1.46893859e-01,1.43802091e-01,1.40588999e-01,1.37271568e-01,1.33866102e-01,1.30388245e-01,1.26852855e-01,1.23273857e-01,1.19664274e-01,1.16036095e-01,1.12400353e-01,1.08766973e-01,1.05144963e-01,1.01542331e-01,9.79661345e-02,9.44225714e-02,9.09170955e-02,8.74544010e-02,8.40385407e-02,8.06730539e-02,7.73609802e-02,7.41050243e-02,7.09075481e-02,6.77707121e-02,6.46964759e-02,6.16867319e-02,5.87432683e-02,5.58678769e-02,5.30622862e-02,5.03282845e-02,4.76675890e-02,4.50819507e-02,4.25730981e-02,4.01426516e-02,3.77922095e-02,3.55231911e-02,3.33369188e-02,3.12344488e-02,2.92166546e-02,2.72841454e-02,2.54372414e-02,2.36759577e-02,2.20000017e-02,2.04087552e-02,1.89013183e-02,1.74764246e-02,1.61325503e-02,1.48678990e-02,1.36804190e-02,1.25678116e-02,1.15276119e-02,1.05571616e-02,9.65368282e-03,8.81428085e-03,8.03598855e-03
1.07284617e-02,1.18290521e-02,1.30248563e-02,1.43217053e-02,1.57254767e-02,1.72420014e-02,1.88770778e-02,2.06363536e-02,2.25252695e-02,2.45490018e-02,2.67123897e-02,2.90197935e-02,3.14751081e-02,3.40815336e-02,3.68416309e-02,3.97570655e-02,4.28286605e-02,4.60561924e-02,4.94383574e-02,5.29726297e-02,5.66552617e-02,6.04810528e-02,6.44435361e-02,6.85346350e-02,7.27448314e-02,7.70630836e-02,8.14768076e-02,8.59718919e-02,9.05327350e-02,9.51423794e-02,9.97825190e-02,1.04433596e-01,1.09075077e-01,1.13685399e-01,1.18242338e-01,1.22723088e-01,1.27104580e-01,1.31363630e-01,1.35477230e-01,1.39422759e-01,1.43178299e-01,1.46722913e-01,1.50036752e-01,1.53101504e-01,1.55900463e-01,1.58418790e-01,1.60643667e-01,1.62564501e-01,1.64172992e-01,1.65463105e-01,1.66431248e-01,1.67076260e-01,1.67399243e-01,1.67403638e-01,1.67094976e-01,1.66480869e-01,1.65570796e-01,1.64376006e-01,1.62909210e-01,1.61184460e-01,1.59216985e-01,1.57022849e-01,1.54618934e-01,1.52022496e-01,1.49251148e-01,1.46322608e-01,1.43254474e-01,1.40064090e-01,1.36768341e-01,1.33383587e-01,1.29925430e-01,1.26408771e-01,1.22847572e-01,1.19254827e-01,1.15642563e-01,1.12021819e-01,1.08402587e-01,1.04793884e-01,1.01203755e-01,9.76392627e-02,9.41066965e-02,9.06115249e-02,8.71584713e-02,8.37516636e-02,8.03946853e-02,7.70906135e-02,7.38422498e-02,7.06519559e-02,6.75220117e-02,6.44544289e-02,6.14511594e-02,5.85140437e-02,5.56449406e-02,5.28456271e-02,5.01179248e-02,4.74636219e-02,4.48844619e-02,4.23822030e-02,3.99584994e-02,3.76149230e-02,3.53528969e-02,3.31737176e-02,3.10784336e-02,2.90678926e-02,2.71426626e-02,2.53030322e-02,2.35489905e-02,2.18802057e-02,2.02960353e-02,1.87955201e-02,1.73773915e-02,1.60400867e-02,1.47817871e-02,1.36004258e-02,1.24936793e-02,1.14590740e-02,1.04939453e-02,9.59550962e-03,8.76086205e-03,7.98704196e-03
1.05672125e-02,1.16514275e-02,1.28295375e-02,1.41073195e-02,1.54905980e-02,1.69851650e-02,1.85967740e-02,2.03310512e-02,2.21934263e-02,2.41890624e-02,2.63228156e-02,2.85990797e-02,3.10217645e-02,3.35941426e-02,3.63188498e-02,3.91976498e-02,4.22314741e-02,4.54202145e-02,4.87627313e-02,5.22566512e-02,5.58984168e-02,5.96830212e-02,6.36041611e-02,6.76540285e-02,7.18233213e-02,7.61011690e-02,8.04752856e-02,8.49317685e-02,8.94552618e-02,9.40290764e-02,9.86350700e-02,1.03253983e-01,1.07865430e-01,1.12448111e-01,1.16979986e-01,1.21438444e-01,1.25800565e-01,1.30043298e-01,1.34143755e-01,1.38079420e-01,1.41828507e-01,1.45369992e-01,1.48684114e-01,1.51752487e-01,1.54558361e-01,1.57086819e-01,1.59324884e-01,1.61261842e-01,1.62889138e-01,1.64200574e-01,1.65192351e-01,1.65863022e-01,1.66213453e-01,1.66246846e-01,1.65968403e-01,1.65385574e-01,1.64507553e-01,1.63345322e-01,1.61911383e-01,1.60219625e-01,1.58285022e-01,1.56123519e-01,1.53751865e-01,1.51187152e-01,1.48446918e-01,1.45548731e-01,1.42510161e-01,1.39348462e-01,1.36080474e-01,1.32722497e-01,1.29290164e-01,1.25798285e-01,1.22260809e-01,1.18690789e-01,1.15100197e-01,1.11500122e-01,1.07900523e-01,1.04310460e-01,1.00737981e-01,9.71902311e-02,9.36734825e-02,9.01932567e-02,8.67543370e-02,8.33609104e-02,8.00165907e-02,7.67245516e-02,7.34876320e-02,7.03082979e-02,6.71888813e-02,6.41314611e-02,6.11380972e-02,5.82106635e-02,5.53511009e-02,5.25612459e-02,4.98429723e-02,4.71980907e-02,4.46283892e-02,4.21356559e-02,3.97215299e-02,3.73876058e-02,3.51352952e-02,3.29658687e-02,3.08803450e-02,2.88795643e-02,2.69640442e-02,2.51340400e-02,2.33895071e-02,2.17300709e-02,2.01550536e-02,1.86634604e-02,1.72540043e-02,1.59250833e-02,1.46748582e-02,1.35012362e-02,1.24018891e-02,1.13743246e-02,1.04158688e-02,9.52373818e-03,8.69502686e-03,7.92677887e-03
1.03923967e-02,1.14587769e-02,1.26176020e-02,1.38745783e-02,1.52354715e-02,1.67060234e-02,1.82919372e-02,1.99988037e-02,2.18320247e-02,2.37967484e-02,2.58978419e-02,2.81396881e-02,3.05262469e-02,3.30608450e-02,3.57461721e-02,3.85840759e-02,4.15756106e-02,4.47207727e-02,4.80185859e-02,5.14668189e-02,5.50621077e-02,5.87996319e-02,6.26733229e-02,6.66755587e-02,7.07973018e-02,7.50279501e-02,7.93554187e-02,8.37660879e-02,8.82449001e-02,9.27753747e-02,9.73396823e-02,1.01918817e-01,1.06492653e-01,1.11040130e-01,1.15539499e-01,1.19968303e-01,1.24303855e-01,1.28523350e-01,1.32604018e-01,1.36523485e-01,1.40260041e-01,1.43792808e-01,1.47102013e-01,1.50169358e-01,1.52977988e-01,1.55512914e-01,1.57761112e-01,1.59711674e-01,1.61355898e-01,1.62687391e-01,1.63702130e-01,1.64398432e-01,1.64776847e-01,1.64840296e-01,1.64593801e-01,1.64044440e-01,1.63201153e-01,1.62074700e-01,1.60677269e-01,1.59022540e-01,1.57125279e-01,1.55001223e-01,1.52666852e-01,1.50139198e-01,1.47435591e-01,1.44573495e-01,1.41570345e-01,1.38443261e-01,1.35209069e-01,1.31883934e-01,1.28483430e-01,1.25022337e-01,1.21514559e-01,1.17973082e-01,1.14409924e-01,1.10836104e-01,1.07261650e-01,1.03695534e-01,1.00145884e-01,9.66198221e-02,9.31237265e-02,8.96630883e-02,8.62427875e-02,8.28670487e-02,7.95395672e-02,7.62635618e-02,7.30419755e-02,6.98773563e-02,6.67720884e-02,6.37283921e-02,6.07483350e-02,5.78339361e-02,5.49871698e-02,5.22099473e-02,4.95042019e-02,4.68717851e-02,4.43145260e-02,4.18342166e-02,3.94325256e-02,3.71110290e-02,3.48711349e-02,3.27141024e-02,3.06409225e-02,2.86523812e-02,2.67489832e-02,2.49309372e-02,2.31981538e-02,2.15502214e-02,1.99864227e-02,1.85057409e-02,1.71068311e-02,1.57880764e-02,1.45476116e-02,1.33833298e-02,1.22928796e-02,1.12737678e-02,1.03233103e-02,9.43872239e-03,8.61710124e-03,7.85549544e-03
1.02049131e-02,1.12520959e-02,1.23901470e-02,1.36246905e-02,1.49614317e-02,1.64060388e-02,1.79641657e-02,1.96413510e-02,2.14429703e-02,2.33741309e-02,2.54396945e-02,2.76440550e-02,2.99911927e-02,3.24844681e-02,3.51266228e-02,3.79196070e-02,4.08645421e-02,4.39615697e-02,4.72098254e-02,5.06072678e-02,5.41506894e-02,5.78354783e-02,6.16557933e-02,6.56042174e-02,6.96720034e-02,7.38487765e-02,7.81227276e-02,8.24805722e-02,8.69074836e-02,9.13873017e-02,9.59025174e-02,1.00434385e-01,1.04963101e-01,1.09467916e-01,1.13927320e-01,1.18319169e-01,1.22621037e-01,1.26810297e-01,1.30864456e-01,1.34761304e-01,1.38479248e-01,1.41997591e-01,1.45296648e-01,1.48358092e-01,1.51165128e-01,1.53702736e-01,1.55957803e-01,1.57919288e-01,1.59578383e-01,1.60928488e-01,1.61965251e-01,1.62686884e-01,1.63093597e-01,1.63188055e-01,1.62974954e-01,1.62461057e-01,1.61655083e-01,1.60567373e-01,1.59209952e-01,1.57596141e-01,1.55740485e-01,1.53658465e-01,1.51366338e-01,1.48880944e-01,1.46219403e-01,1.43398985e-01,1.40437007e-01,1.37350410e-01,1.34155914e-01,1.30869552e-01,1.27506867e-01,1.24082491e-01,1.20610282e-01,1.17103174e-01,1.13573126e-01,1.10031135e-01,1.06487207e-01,1.02950342e-01,9.94286314e-02,9.59292576e-02,9.24585536e-02,8.90221596e-02,8.56249332e-02,8.22711661e-02,7.89646655e-02,7.57087246e-02,7.25063309e-02,6.93601593e-02,6.62726909e-02,6.32462129e-02,6.02829196e-02,5.73848896e-02,5.45541719e-02,5.17927743e-02,4.91026528e-02,4.64857519e-02,4.39438969e-02,4.14789170e-02,3.90924886e-02,3.67861912e-02,3.45614105e-02,3.24193984e-02,3.03610917e-02,2.83872634e-02,2.64983643e-02,2.46945694e-02,2.29757410e-02,2.13414337e-02,1.97908860e-02,1.83230340e-02,1.69365089e-02,1.56296659e-02,1.44006191e-02,1.32472320e-02,1.21671511e-02,1.11578666e-02,1.02166962e-02,9.34085529e-03,8.52744468e-03,7.77352415e-03
1.00057041e-02,1.10324305e-02,1.21483207e-02,1.33589301e-02,1.46698682e-02,1.60867441e-02,1.76151376e-02,1.92605313e-02,2.10282486e-02,2.29233727e-02,2.49507409e-02,2.71147303e-02,2.94193551e-02,3.18679772e-02,3.44634019e-02,3.72076370e-02,4.01019119e-02,4.31464612e-02,4.63405699e-02,4.96823527e-02,5.31687662e-02,5.67954257e-02,6.05566725e-02,6.44453764e-02,6.84529915e-02,7.25694746e-02,7.67833143e-02,8.10814723e-02,8.54494795e-02,8.98715034e-02,9.43303630e-02,9.88076478e-02,1.03283882e-01,1.07738666e-01,1.12150803e-01,1.16498448e-01,1.20759502e-01,1.24911614e-01,1.28932551e-01,1.32800311e-01,1.36493534e-01,1.39991686e-01,1.43275157e-01,1.46325797e-01,1.49126768e-01,1.51663095e-01,1.53921649e-01,1.55891210e-01,1.57562867e-01,1.58929855e-01,1.59987643e-01,1.60734057e-01,1.61169201e-01,1.61295310e-01,1.61116868e-01,1.60640240e-01,1.59873813e-01,1.58827707e-01,1.57513529e-01,1.55944347e-01,1.54134363e-01,1.52098835e-01,1.49853706e-01,1.47415578e-01,1.44801363e-01,1.42028078e-01,1.39112845e-01,1.36072502e-01,1.32923469e-01,1.29681766e-01,1.26362711e-01,1.22980878e-01,1.19550020e-01,1.16082981e-01,1.12591647e-01,1.09087005e-01,1.05578959e-01,1.02076530e-01,9.85878333e-02,9.51200351e-02,9.16795209e-02,8.82719159e-02,8.49021971e-02,8.15747008e-02,7.82932863e-02,7.50613883e-02,7.18820468e-02,6.87580630e-02,6.56920075e-02,6.26862794e-02,5.97431511e-02,5.68648241e-02,5.40534146e-02,5.13110012e-02,4.86396216e-02,4.60412428e-02,4.35177498e-02,4.10709903e-02,3.87026332e-02,3.64142768e-02,3.42072770e-02,3.20828632e-02,3.00419424e-02,2.80852560e-02,2.62131989e-02,2.44259164e-02,2.27232128e-02,2.11046003e-02,1.95692759e-02,1.81161389e-02,1.67437978e-02,1.54505707e-02,1.42345428e-02,1.30935684e-02,1.20252771e-02,1.10271564e-02,1.00965239e-02,9.23059229e-03,8.42647720e-03,7.68124824e-03
9.79574863e-03,1.08008571e-02,1.18933236e-02,1.30786076e-02,1.43622328e-02,1.57497264e-02,1.72465891e-02,1.88582391e-02,2.05899421e-02,2.24467367e-02,2.44334191e-02,2.65543703e-02,2.88135689e-02,3.12144309e-02,3.37597877e-02,3.64517048e-02,3.92914824e-02,4.22794856e-02,4.54150997e-02,4.86966148e-02,5.21211550e-02,5.56845404e-02,5.93813211e-02,6.32046387e-02,6.71462044e-02,7.11962357e-02,7.53435791e-02,7.95754790e-02,8.38778391e-02,8.82351696e-02,9.26306173e-02,9.70461965e-02,1.01462759e-01,1.05860300e-01,1.10217974e-01,1.14514306e-01,1.18727542e-01,1.22835621e-01,1.26816630e-01,1.30648896e-01,1.34311244e-01,1.37783378e-01,1.41045853e-01,1.44080624e-01,1.46871001e-01,1.49401978e-01,1.51660398e-01,1.53635025e-01,1.55316800e-01,1.56698793e-01,1.57776281e-01,1.58546835e-01,1.59010231e-01,1.59168467e-01,1.59025609e-01,1.58587813e-01,1.57863066e-01,1.56861052e-01,1.55593157e-01,1.54072016e-01,1.52311593e-01,1.50326759e-01,1.48133203e-01,1.45747155e-01,1.43185273e-01,1.40464425e-01,1.37601390e-01,1.34612799e-01,1.31514922e-01,1.28323540e-01,1.25053823e-01,1.21720217e-01,1.18336372e-01,1.14914961e-01,1.11467853e-01,1.08005904e-01,1.04539029e-01,1.01076201e-01,9.76255089e-02,9.41941068e-02,9.07884389e-02,8.74141902e-02,8.40763599e-02,8.07793513e-02,7.75271356e-02,7.43232220e-02,7.11707845e-02,6.80727065e-02,6.50316551e-02,6.20501675e-02,5.91306128e-02,5.62753007e-02,5.34864254e-02,5.07661551e-02,4.81165908e-02,4.55397405e-02,4.30375412e-02,4.06118482e-02,3.82643603e-02,3.59966457e-02,3.38100605e-02,3.17057930e-02,2.96847392e-02,2.77475622e-02,2.58946568e-02,2.41260845e-02,2.24416163e-02,2.08407193e-02,1.93225536e-02,1.78859811e-02,1.65295601e-02,1.52515918e-02,1.40501382e-02,1.29230395e-02,1.18679143e-02,1.08822444e-02,9.96334944e-03,9.10845026e-03,8.31467472e-03,7.57910544e-03
9.57602262e-03,1.05584590e-02,1.16263442e-02,1.27850370e-02,1.40399700e-02,1.53965717e-02,1.68602634e-02,1.84363835e-02,2.01301202e-02,2.19464768e-02,2.38901936e-02,2.59656198e-02,2.81767435e-02,3.05269640e-02,3.30191478e-02,3.56554203e-02,3.84371541e-02,4.13647890e-02,4.44378704e-02,4.76547889e-02,5.10128811e-02,5.45081384e-02,5.81353568e-02,6.18879199e-02,6.57578185e-02,6.97355866e-02,7.38103166e-02,7.79696777e-02,8.21999088e-02,8.64858851e-02,9.08111855e-02,9.51581523e-02,9.95080993e-02,1.03841364e-01,1.08137555e-01,1.12375632e-01,1.16534129e-01,1.20591417e-01,1.24525934e-01,1.28316298e-01,1.31941661e-01,1.35381937e-01,1.38617963e-01,1.41631812e-01,1.44406930e-01,1.46928355e-01,1.49182975e-01,1.51159525e-01,1.52848765e-01,1.54243663e-01,1.55339316e-01,1.56133026e-01,1.56624332e-01,1.56814873e-01,1.56708419e-01,1.56310722e-01,1.55629396e-01,1.54673815e-01,1.53454974e-01,1.51985124e-01,1.50277838e-01,1.48347661e-01,1.46209896e-01,1.43880546e-01,1.41375884e-01,1.38712466e-01,1.35906830e-01,1.32975340e-01,1.29934028e-01,1.26798481e-01,1.23583622e-01,1.20303810e-01,1.16972409e-01,1.13602102e-01,1.10204555e-01,1.06790580e-01,1.03370018e-01,9.99518037e-02,9.65439975e-02,9.31537822e-02,8.97875801e-02,8.64511356e-02,8.31495002e-02,7.98871741e-02,7.66682029e-02,7.34962001e-02,7.03744516e-02,6.73059598e-02,6.42935112e-02,6.13397434e-02,5.84471524e-02,5.56181408e-02,5.28550185e-02,5.01600243e-02,4.75353077e-02,4.49829623e-02,4.25049551e-02,4.01031636e-02,3.77792753e-02,3.55348662e-02,3.33712772e-02,3.12896669e-02,2.92908791e-02,2.73755621e-02,2.55440269e-02,2.37963144e-02,2.21321415e-02,2.05509346e-02,1.90517921e-02,1.76335424e-02,1.62947215e-02,1.50335999e-02,1.38482209e-02,1.27364015e-02,1.16957622e-02,1.07237771e-02,9.81777254e-03,8.97498243e-03,8.19254201e-03,7.46755674e-03
9.34752543e-03,1.03063406e-02,1.13486070e-02,1.24795735e-02,1.37045635e-02,1.50289126e-02,1.64579451e-02,1.79969110e-02,1.96509287e-02,2.14249250e-02,2.33235862e-02,2.53512412e-02,2.75118332e-02,2.98087765e-02,3.22449431e-02,3.48225087e-02,3.75428908e-02,4.04066518e-02,4.34134193e-02,4.65617329e-02,4.98491079e-02,5.32717109e-02,5.68245910e-02,6.05013520e-02,6.42943010e-02,6.81942478e-02,7.21906498e-02,7.62715414e-02,8.04234818e-02,8.46317708e-02,8.88803974e-02,9.31521431e-02,9.74287465e-02,1.01691023e-01,1.05918966e-01,1.10091977e-01,1.14189021e-01,1.18188933e-01,1.22070454e-01,1.25812635e-01,1.29394948e-01,1.32797599e-01,1.36001691e-01,1.38989508e-01,1.41744658e-01,1.44252285e-01,1.46499276e-01,1.48474395e-01,1.50168374e-01,1.51573941e-01,1.52686030e-01,1.53501794e-01,1.54020369e-01,1.54243141e-01,1.54173568e-01,1.53816968e-01,1.53180614e-01,1.52273506e-01,1.51106149e-01,1.49690494e-01,1.48039669e-01,1.46167800e-01,1.44089893e-01,1.41821504e-01,1.39378607e-01,1.36777401e-01,1.34034127e-01,1.31164819e-01,1.28185287e-01,1.25110820e-01,1.21956177e-01,1.18735418e-01,1.15461826e-01,1.12147845e-01,1.08805053e-01,1.05444178e-01,1.02074951e-01,9.87062380e-02,9.53461081e-02,9.20016915e-02,8.86794925e-02,8.53852332e-02,8.21240544e-02,7.89005309e-02,7.57188275e-02,7.25826025e-02,6.94952905e-02,6.64600283e-02,6.34797290e-02,6.05571195e-02,5.76948486e-02,5.48954010e-02,5.21612167e-02,4.94945869e-02,4.68977503e-02,4.43728603e-02,4.19218913e-02,3.95467617e-02,3.72491814e-02,3.50307003e-02,3.28926332e-02,3.08361165e-02,2.88619567e-02,2.69707497e-02,2.51627639e-02,2.34379880e-02,2.17960943e-02,2.02364493e-02,1.87581312e-02,1.73599217e-02,1.60403159e-02,1.47975599e-02,1.36296814e-02,1.25344899e-02,1.15095936e-02,1.05524724e-02,9.66045354e-03,8.83079041e-03,8.06063227e-03,7.34710880e-03
9.11125261e-03,1.00456076e-02,1.10613294e-02,1.21635515e-02,1.33574903e-02,1.46483677e-02,1.60414111e-02,1.75417736e-02,1.91544835e-02,2.08843891e-02,2.27361266e-02,2.47139595e-02,2.68218145e-02,2.90630739e-02,3.14406417e-02,3.39566991e-02,3.66127379e-02,3.94093767e-02,4.23463583e-02,4.54223752e-02,4.86350730e-02,5.19808456e-02,5.54549471e-02,5.90512380e-02,6.27622902e-02,6.65792674e-02,7.04919472e-02,7.44887069e-02,7.85565376e-02,8.26811567e-02,8.68469626e-02,9.10372064e-02,9.52340811e-02,9.94188637e-02,1.03572041e-01,1.07673451e-01,1.11702561e-01,1.15638629e-01,1.19460873e-01,1.23148724e-01,1.26682028e-01,1.30041376e-01,1.33208126e-01,1.36164814e-01,1.38895258e-01,1.41384780e-01,1.43620282e-01,1.45590559e-01,1.47286266e-01,1.48700088e-01,1.49826765e-01,1.50663108e-01,1.51208118e-01,1.51462838e-01,1.51430324e-01,1.51115552e-01,1.50525421e-01,1.49668440e-01,1.48554757e-01,1.47195876e-01,1.45604491e-01,1.43794343e-01,1.41779959e-01,1.39576539e-01,1.37199655e-01,1.34665176e-01,1.31988913e-01,1.29186645e-01,1.26273796e-01,1.23265460e-01,1.20176077e-01,1.17019482e-01,1.13808744e-01,1.10556163e-01,1.07273154e-01,1.03970289e-01,1.00657240e-01,9.73428115e-02,9.40349698e-02,9.07409117e-02,8.74670967e-02,8.42193291e-02,8.10027793e-02,7.78221190e-02,7.46815652e-02,7.15849549e-02,6.85358122e-02,6.55373782e-02,6.25927150e-02,5.97046949e-02,5.68760484e-02,5.41094169e-02,5.14072888e-02,4.87720817e-02,4.62060980e-02,4.37115394e-02,4.12904285e-02,3.89446951e-02,3.66760492e-02,3.44860442e-02,3.23759615e-02,3.03469151e-02,2.83996593e-02,2.65347529e-02,2.47524157e-02,2.30525844e-02,2.14348789e-02,1.98986214e-02,1.84428394e-02,1.70662925e-02,1.57674365e-02,1.45444935e-02,1.33954799e-02,1.23181865e-02,1.13102272e-02,1.03690792e-02,9.49208904e-03,8.67651403e-03,7.91953411e-03,7.21829943e-03
8.86819605e-03,9.77735315e-03,1.07657192e-02,1.18383095e-02,1.30002210e-02,1.42565593e-02,1.56124365e-02,1.70729086e-02,1.86429098e-02,2.03271955e-02,2.21303329e-02,2.40565240e-02,2.61096563e-02,2.82930993e-02,3.06097269e-02,3.30617577e-02,3.56507264e-02,3.83773223e-02,4.12413776e-02,4.42417078e-02,4.73761335e-02,5.06412275e-02,5.40324599e-02,5.75439595e-02,6.11685775e-02,6.48977757e-02,6.87217116e-02,7.26291239e-02,7.66074285e-02,8.06427374e-02,8.47199336e-02,8.88227224e-02,9.29338261e-02,9.70349610e-02,1.01107128e-01,1.05130710e-01,1.09085664e-01,1.12951711e-01,1.16708569e-01,1.20336086e-01,1.23814605e-01,1.27125010e-01,1.30249083e-01,1.33169636e-01,1.35870665e-01,1.38337716e-01,1.40557766e-01,1.42519698e-01,1.44214094e-01,1.45633534e-01,1.46772668e-01,1.47628054e-01,1.48198426e-01,1.48484513e-01,1.48488984e-01,1.48216471e-01,1.47673443e-01,1.46868020e-01,1.45809859e-01,1.44510001e-01,1.42980695e-01,1.41235277e-01,1.39287800e-01,1.37153015e-01,1.34846091e-01,1.32382452e-01,1.29777566e-01,1.27046838e-01,1.24205351e-01,1.21267863e-01,1.18248515e-01,1.15160935e-01,1.12017915e-01,1.08831555e-01,1.05613105e-01,1.02372989e-01,9.91207734e-02,9.58651751e-02,9.26141366e-02,8.93748179e-02,8.61537009e-02,8.29565898e-02,7.97887444e-02,7.66548887e-02,7.35593811e-02,7.05061257e-02,6.74987882e-02,6.45407364e-02,6.16351739e-02,5.87851033e-02,5.59933633e-02,5.32626957e-02,5.05957492e-02,4.79949638e-02,4.54627648e-02,4.30013761e-02,4.06128615e-02,3.82991806e-02,3.60620432e-02,3.39029878e-02,3.18232849e-02,2.98239905e-02,2.79058479e-02,2.60693524e-02,2.43146736e-02,2.26416942e-02,2.10499931e-02,1.95388477e-02,1.81072466e-02,1.67539008e-02,1.54772485e-02,1.42754931e-02,1.31466212e-02,1.20884320e-02,1.10985292e-02,1.01744030e-02,9.31341108e-03,8.51282850e-03,7.76986359e-03,7.08169118e-03
8.61934014e-03,9.50266700e-03,1.04629807e-02,1.15051754e-02,1.26342131e-02,1.38550829e-02,1.51727842e-02,1.65922474e-02,1.81183107e-02,1.97556373e-02,2.15087123e-02,2.33816616e-02,2.53783260e-02,2.75020394e-02,2.97556669e-02,3.21414322e-02,3.46608944e-02,3.73148173e-02,4.01031189e-02,4.30247374e-02,4.60776314e-02,4.92585599e-02,5.25632240e-02,5.59859946e-02,5.95199987e-02,6.31570220e-02,6.68876097e-02,7.07008466e-02,7.45845735e-02,7.85253644e-02,8.25085416e-02,8.65183324e-02,9.05379653e-02,9.45496485e-02,9.85349640e-02,1.02474801e-01,1.06349647e-01,1.10139780e-01,1.13825381e-01,1.17386855e-01,1.20804958e-01,1.24060996e-01,1.27137169e-01,1.30016580e-01,1.32683545e-01,1.35123774e-01,1.37324423e-01,1.39274403e-01,1.40964314e-01,1.42386675e-01,1.43535987e-01,1.44408613e-01,1.45002991e-01,1.45319581e-01,1.45360738e-01,1.45130619e-01,1.44635305e-01,1.43882453e-01,1.42881274e-01,1.41642362e-01,1.40177473e-01,1.38499424e-01,1.36621863e-01,1.34559005e-01,1.32325619e-01,1.29936635e-01,1.27407163e-01,1.24752142e-01,1.21986337e-01,1.19124092e-01,1.16179310e-01,1.13165252e-01,1.10094517e-01,1.06978938e-01,1.03829607e-01,1.00656740e-01,9.74698141e-02,9.42774639e-02,9.10875499e-02,8.79071951e-02,8.47429112e-02,8.16005170e-02,7.84853175e-02,7.54021481e-02,7.23554567e-02,6.93492219e-02,6.63872659e-02,6.34731054e-02,6.06100261e-02,5.78011982e-02,5.50495759e-02,5.23580238e-02,4.97292727e-02,4.71658781e-02,4.46703136e-02,4.22448553e-02,3.98916230e-02,3.76125872e-02,3.54094505e-02,3.32837440e-02,3.12367175e-02,2.92693935e-02,2.73824707e-02,2.55763903e-02,2.38512885e-02,2.22069882e-02,2.06430312e-02,1.91586316e-02,1.77527498e-02,1.64240673e-02,1.51709877e-02,1.39916968e-02,1.28841763e-02,1.18462108e-02,1.08754132e-02,9.96928290e-03,9.12519358e-03,8.34044535e-03,7.61226891e-03,6.93787728e-03
8.36565252e-03,9.22261830e-03,1.01542994e-02,1.11654475e-02,1.22609036e-02,1.34455264e-02,1.47241829e-02,1.61016881e-02,1.75827723e-02,1.91719905e-02,2.08737403e-02,2.26920713e-02,2.46307533e-02,2.66930889e-02,2.88819000e-02,3.11994385e-02,3.36472653e-02,3.62262018e-02,3.89362462e-02,4.17764522e-02,4.47449051e-02,4.78385650e-02,5.10533229e-02,5.43838181e-02,5.78234494e-02,6.13643527e-02,6.49973676e-02,6.87120184e-02,7.24965632e-02,7.63380304e-02,8.02222341e-02,8.41339231e-02,8.80567580e-02,9.19736028e-02,9.58665758e-02,9.97171104e-02,1.03506267e-01,1.07214853e-01,1.10823661e-01,1.14313595e-01,1.17665879e-01,1.20862357e-01,1.23885542e-01,1.26718983e-01,1.29347280e-01,1.31756365e-01,1.33933634e-01,1.35868028e-01,1.37550220e-01,1.38972640e-01,1.40129685e-01,1.41017541e-01,1.41634420e-01,1.41980439e-01,1.42057583e-01,1.41869694e-01,1.41422361e-01,1.40722811e-01,1.39779776e-01,1.38603330e-01,1.37204781e-01,1.35596409e-01,1.33791342e-01,1.31803364e-01,1.29646674e-01,1.27335817e-01,1.24885373e-01,1.22309886e-01,1.19623713e-01,1.16840832e-01,1.13974772e-01,1.11038491e-01,1.08044289e-01,1.05003804e-01,1.01927847e-01,9.88265201e-02,9.57091153e-02,9.25841853e-02,8.94595087e-02,8.63421932e-02,8.32387060e-02,8.01549479e-02,7.70962238e-02,7.40675107e-02,7.10732564e-02,6.81176409e-02,6.52045682e-02,6.23376928e-02,5.95204458e-02,5.67560866e-02,5.40477298e-02,5.13983667e-02,4.88107726e-02,4.62876447e-02,4.38315012e-02,4.14446779e-02,3.91293243e-02,3.68874259e-02,3.47207002e-02,3.26306522e-02,3.06185111e-02,2.86852736e-02,2.68315803e-02,2.50578411e-02,2.33641323e-02,2.17502359e-02,2.02156436e-02,1.87595338e-02,1.73808206e-02,1.60781555e-02,1.48499254e-02,1.36942985e-02,1.26092397e-02,1.15925400e-02,1.06418161e-02,9.75458231e-03,8.92822910e-03,8.16008821e-03,7.44741736e-03,6.78746542e-03
8.10806733e-03,8.93824641e-03,9.84081626e-03,1.08204000e-02,1.18816914e-02,1.30294198e-02,1.42683191e-02,1.56030813e-02,1.70383155e-02,1.85784698e-02,2.02278346e-02,2.19903812e-02,2.38698050e-02,2.58693527e-02,2.79918332e-02,3.02394461e-02,3.26138102e-02,3.51157561e-02,3.77453715e-02,4.05018032e-02,4.33832891e-02,4.63869385e-02,4.95088585e-02,5.27439266e-02,5.60858399e-02,5.95270395e-02,6.30587339e-02,6.66708425e-02,7.03520402e-02,7.40898326e-02,7.78705403e-02,8.16793740e-02,8.55006129e-02,8.93176720e-02,9.31131989e-02,9.68692824e-02,1.00567527e-01,1.04189366e-01,1.07716151e-01,1.11129306e-01,1.14410676e-01,1.17542528e-01,1.20507896e-01,1.23290673e-01,1.25875816e-01,1.28249556e-01,1.30399480e-01,1.32314637e-01,1.33985773e-01,1.35405302e-01,1.36567518e-01,1.37468442e-01,1.38106033e-01,1.38480142e-01,1.38592377e-01,1.38446212e-01,1.38046801e-01,1.37400955e-01,1.36516809e-01,1.35404021e-01,1.34073347e-01,1.32536545e-01,1.30806237e-01,1.28895611e-01,1.26818433e-01,1.24588706e-01,1.22220546e-01,1.19728059e-01,1.17125086e-01,1.14425272e-01,1.11641772e-01,1.08787149e-01,1.05873473e-01,1.02912046e-01,9.99134853e-02,9.68876779e-02,9.38437730e-02,9.07902122e-02,8.77346843e-02,8.46842825e-02,8.16454142e-02,7.86240250e-02,7.56255090e-02,7.26548135e-02,6.97165802e-02,6.68150559e-02,6.39542788e-02,6.11380041e-02,5.83698079e-02,5.56530729e-02,5.29910699e-02,5.03868386e-02,4.78433259e-02,4.53632623e-02,4.29492332e-02,4.06036600e-02,3.83286960e-02,3.61263528e-02,3.39983404e-02,3.19461673e-02,2.99710203e-02,2.80738715e-02,2.62553114e-02,2.45157201e-02,2.28551272e-02,2.12732423e-02,1.97695401e-02,1.83431543e-02,1.69929583e-02,1.57175716e-02,1.45153720e-02,1.33845052e-02,1.23229390e-02,1.13284625e-02,1.03987008e-02,9.53118689e-03,8.72333441e-03,7.97250494e-03,7.27598928e-03,6.63107587e-03
7.84751121e-03,8.65057111e-03,9.52366367e-03,1.04712667e-02,1.14979418e-02,1.26082674e-02,1.38068488e-02,1.50982458e-02,1.64869353e-02,1.79772489e-02,1.95733756e-02,2.12791860e-02,2.30983030e-02,2.50339061e-02,2.70887651e-02,2.92650573e-02,3.15643996e-02,3.39876749e-02,3.65350246e-02,3.92056704e-02,4.19980064e-02,4.49092947e-02,4.79358248e-02,5.10727353e-02,5.43140024e-02,5.76523803e-02,6.10794425e-02,6.45854697e-02,6.81596398e-02,7.17898682e-02,7.54629746e-02,7.91647509e-02,8.28800127e-02,8.65927488e-02,9.02862251e-02,9.39431041e-02,9.75456238e-02,1.01075865e-01,1.04515761e-01,1.07847333e-01,1.11052945e-01,1.14115454e-01,1.17018342e-01,1.19745947e-01,1.22283645e-01,1.24617897e-01,1.26736552e-01,1.28628850e-01,1.30285591e-01,1.31699204e-01,1.32863879e-01,1.33775547e-01,1.34431913e-01,1.34832516e-01,1.34978697e-01,1.34873509e-01,1.34521648e-01,1.33929461e-01,1.33104652e-01,1.32056311e-01,1.30794659e-01,1.29330903e-01,1.27677128e-01,1.25845999e-01,1.23850711e-01,1.21704735e-01,1.19421713e-01,1.17015213e-01,1.14498682e-01,1.11885279e-01,1.09187767e-01,1.06418364e-01,1.03588797e-01,1.00710079e-01,9.77926105e-02,9.48460400e-02,9.18793529e-02,8.89008567e-02,8.59181881e-02,8.29383135e-02,7.99676925e-02,7.70122781e-02,7.40774497e-02,7.11682886e-02,6.82894737e-02,6.54453933e-02,6.26401603e-02,5.98776937e-02,5.71616963e-02,5.44956699e-02,5.18829860e-02,4.93267924e-02,4.68301475e-02,4.43958417e-02,4.20265719e-02,3.97247300e-02,3.74925844e-02,3.53321023e-02,3.32450159e-02,3.12328041e-02,2.92966627e-02,2.74374913e-02,2.56558731e-02,2.39521302e-02,2.23262347e-02,2.07778905e-02,1.93064827e-02,1.79111436e-02,1.65907033e-02,1.53437611e-02,1.41686704e-02,1.30635742e-02,1.20264329e-02,1.10550467e-02,1.01470537e-02,9.30000376e-03,8.51134118e-03,7.77845643e-03,7.09868129e-03,6.46934658e-03
7.58486800e-03,8.36057216e-03,9.20392293e-03,1.01192510e-02,1.11109735e-02,1.21835275e-02,1.33413710e-02,1.45889279e-02,1.59305446e-02,1.73704326e-02,1.89126562e-02,2.05609966e-02,2.23189797e-02,2.41897199e-02,2.61759330e-02,2.82797702e-02,3.05028521e-02,3.28460708e-02,3.53096239e-02,3.78928296e-02,4.05941792e-02,4.34111170e-02,4.63401228e-02,4.93765622e-02,5.25146797e-02,5.57475574e-02,5.90670966e-02,6.24640211e-02,6.59279004e-02,6.94471449e-02,7.30090886e-02,7.66000673e-02,8.02054331e-02,8.38098153e-02,8.73970464e-02,9.09504443e-02,9.44529101e-02,9.78871137e-02,1.01235628e-01,1.04481116e-01,1.07606508e-01,1.10595241e-01,1.13431290e-01,1.16099469e-01,1.18585527e-01,1.20876312e-01,1.22959897e-01,1.24825738e-01,1.26464754e-01,1.27869368e-01,1.29033744e-01,1.29953668e-01,1.30626634e-01,1.31051987e-01,1.31230667e-01,1.31165370e-01,1.30860403e-01,1.30321577e-01,1.29556149e-01,1.28572643e-01,1.27380759e-01,1.25991151e-01,1.24415308e-01,1.22665331e-01,1.20753884e-01,1.18693881e-01,1.16498388e-01,1.14180513e-01,1.11753181e-01,1.09229140e-01,1.06620662e-01,1.03939667e-01,1.01197459e-01,9.84047875e-02,9.55717489e-02,9.27078202e-02,8.98217857e-02,8.69218037e-02,8.40153918e-02,8.11095014e-02,7.82105401e-02,7.53244311e-02,7.24566504e-02,6.96123242e-02,6.67961761e-02,6.40127510e-02,6.12662509e-02,5.85607029e-02,5.58999218e-02,5.32875285e-02,5.07270135e-02,4.82216775e-02,4.57745790e-02,4.33886573e-02,4.10666168e-02,3.88109535e-02,3.66238989e-02,3.45074758e-02,3.24634090e-02,3.04931663e-02,2.85978969e-02,2.67784987e-02,2.50354987e-02,2.33691763e-02,2.17794757e-02,2.02660505e-02,1.88282505e-02,1.74651723e-02,1.61756221e-02,1.49581777e-02,1.38111766e-02,1.27327591e-02,1.17208883e-02,1.07733691e-02,9.88786388e-03,9.06194560e-03,8.29308480e-03,7.57871056e-03,6.91619422e-03,6.30291132e-03
7.32098846e-03,8.06919485e-03,8.88263807e-03,9.76550393e-03,1.07220598e-02,1.17565952e-02,1.28734214e-02,1.40768234e-02,1.53710051e-02,1.67600475e-02,1.82479043e-02,1.98382344e-02,2.15344820e-02,2.33396757e-02,2.52564717e-02,2.72870064e-02,2.94328444e-02,3.16949338e-02,3.40734944e-02,3.65679376e-02,3.91768515e-02,4.18978296e-02,4.47275564e-02,4.76616025e-02,5.06944954e-02,5.38196117e-02,5.70292287e-02,6.03144541e-02,6.36652783e-02,6.70706257e-02,7.05183074e-02,7.39952102e-02,7.74872974e-02,8.09797421e-02,8.44570696e-02,8.79032016e-02,9.13016945e-02,9.46358815e-02,9.78889763e-02,1.01044290e-01,1.04085356e-01,1.06996194e-01,1.09761320e-01,1.12366050e-01,1.14796557e-01,1.17040046e-01,1.19084910e-01,1.20920792e-01,1.22538731e-01,1.23931251e-01,1.25092492e-01,1.26018092e-01,1.26705423e-01,1.27153516e-01,1.27363026e-01,1.27336323e-01,1.27077237e-01,1.26591131e-01,1.25884756e-01,1.24966152e-01,1.23844385e-01,1.22529566e-01,1.21032633e-01,1.19365074e-01,1.17538974e-01,1.15566671e-01,1.13460697e-01,1.11233622e-01,1.08897865e-01,1.06465675e-01,1.03948921e-01,1.01359084e-01,9.87071097e-02,9.60034430e-02,9.32578966e-02,9.04796645e-02,8.76774117e-02,8.48590657e-02,8.20320994e-02,7.92033523e-02,7.63792023e-02,7.35655949e-02,7.07680210e-02,6.79916441e-02,6.52412847e-02,6.25215471e-02,5.98367751e-02,5.71910888e-02,5.45884185e-02,5.20324968e-02,4.95269187e-02,4.70750704e-02,4.46801148e-02,4.23450544e-02,4.00726497e-02,3.78654264e-02,3.57256532e-02,3.36553827e-02,3.16563062e-02,2.97298878e-02,2.78772675e-02,2.60992926e-02,2.43964605e-02,2.27690227e-02,2.12168712e-02,1.97396334e-02,1.83366351e-02,1.70069132e-02,1.57492757e-02,1.45622771e-02,1.34442477e-02,1.23933228e-02,1.14074685e-02,1.04845120e-02,9.62212868e-03,8.81792419e-03,8.06940161e-03,7.37403054e-03,6.72922656e-03,6.13241270e-03
7.05668936e-03,7.77733931e-03,8.56080651e-03,9.41112638e-03,1.03324149e-02,1.13288090e-02,1.24044726e-02,1.35635436e-02,1.48100853e-02,1.61480419e-02,1.75812412e-02,1.91132296e-02,2.07473487e-02,2.24865433e-02,2.43334025e-02,2.62900181e-02,2.83579510e-02,3.05381306e-02,3.28308232e-02,3.52355018e-02,3.77508812e-02,4.03746702e-02,4.31037433e-02,4.59338874e-02,4.88598943e-02,5.18754497e-02,5.49731925e-02,5.81445992e-02,6.13801107e-02,6.46691024e-02,6.79999143e-02,7.13599846e-02,7.47358948e-02,7.81133771e-02,8.14775974e-02,8.48131403e-02,8.81042480e-02,9.13349167e-02,9.44889933e-02,9.75504592e-02,1.00503504e-01,1.03332698e-01,1.06023192e-01,1.08560748e-01,1.10932030e-01,1.13124602e-01,1.15127206e-01,1.16929732e-01,1.18523352e-01,1.19900741e-01,1.21055916e-01,1.21984541e-01,1.22683793e-01,1.23152465e-01,1.23391002e-01,1.23401292e-01,1.23186812e-01,1.22752473e-01,1.22104526e-01,1.21250428e-01,1.20198771e-01,1.18958995e-01,1.17541507e-01,1.15957171e-01,1.14217483e-01,1.12334237e-01,1.10319309e-01,1.08184770e-01,1.05942503e-01,1.03604257e-01,1.01181448e-01,9.86851379e-02,9.61258784e-02,9.35138017e-02,9.08583850e-02,8.81686360e-02,8.54528919e-02,8.27190727e-02,7.99744204e-02,7.72257149e-02,7.44793415e-02,7.17411414e-02,6.90167025e-02,6.63111806e-02,6.36295304e-02,6.09763786e-02,5.83561696e-02,5.57731278e-02,5.32313026e-02,5.07345498e-02,4.82865125e-02,4.58906740e-02,4.35503162e-02,4.12684605e-02,3.90479565e-02,3.68913412e-02,3.48009169e-02,3.27787250e-02,3.08264866e-02,2.89456323e-02,2.71372851e-02,2.54022628e-02,2.37410404e-02,2.21538115e-02,2.06404608e-02,1.92005634e-02,1.78334247e-02,1.65380519e-02,1.53132398e-02,1.41575262e-02,1.30692367e-02,1.20465113e-02,1.10873310e-02,1.01895351e-02,9.35082696e-03,8.56884103e-03,7.84112141e-03,7.16517633e-03,6.53847074e-03,5.95847843e-03
6.79275161e-03,7.48586934e-03,8.23938288e-03,9.05717537e-03,9.94320307e-03,1.09014558e-02,1.19359419e-02,1.30506465e-02,1.42494934e-02,1.55362859e-02,1.69147179e-02,1.83882266e-02,1.99600309e-02,2.16329973e-02,2.34096367e-02,2.52919942e-02,2.72815935e-02,2.93793734e-02,3.15856189e-02,3.38998809e-02,3.63209471e-02,3.88466790e-02,4.14741151e-02,4.41992544e-02,4.70171496e-02,4.99217771e-02,5.29061258e-02,5.59620634e-02,5.90804480e-02,6.22511432e-02,6.54630288e-02,6.87040016e-02,7.19613135e-02,7.52212927e-02,7.84697458e-02,8.16919357e-02,8.48727450e-02,8.79968181e-02,9.10487622e-02,9.40131769e-02,9.68748927e-02,9.96191278e-02,1.02231562e-01,1.04698554e-01,1.07007198e-01,1.09145500e-01,1.11102536e-01,1.12868428e-01,1.14434592e-01,1.15793765e-01,1.16940022e-01,1.17868945e-01,1.18577614e-01,1.19064637e-01,1.19330101e-01,1.19375587e-01,1.19204178e-01,1.18820347e-01,1.18229844e-01,1.17439590e-01,1.16457567e-01,1.15292750e-01,1.13954812e-01,1.12454131e-01,1.10801488e-01,1.09008074e-01,1.07085310e-01,1.05044588e-01,1.02897286e-01,1.00654632e-01,9.83275920e-02,9.59267393e-02,9.34623033e-02,9.09439847e-02,8.83809999e-02,8.57820585e-02,8.31553638e-02,8.05085450e-02,7.78487697e-02,7.51827583e-02,7.25167766e-02,6.98566884e-02,6.72080815e-02,6.45761341e-02,6.19658642e-02,5.93819618e-02,5.68289943e-02,5.43112420e-02,5.18328510e-02,4.93977554e-02,4.70097139e-02,4.46722955e-02,4.23888229e-02,4.01624031e-02,3.79958935e-02,3.58919092e-02,3.38527448e-02,3.18804570e-02,2.99767554e-02,2.81430725e-02,2.63804961e-02,2.46898271e-02,2.30715051e-02,2.15257108e-02,2.00522598e-02,1.86507422e-02,1.73203982e-02,1.60602499e-02,1.48690585e-02,1.37453647e-02,1.26874875e-02,1.16935773e-02,1.07616317e-02,9.88950580e-03,9.07493941e-03,8.31559766e-03,7.60906562e-03,6.95290044e-03,6.34461455e-03,5.78173622e-03
6.52990909e-03,7.19560077e-03,7.91926868e-03,8.70464090e-03,9.55552235e-03,1.04757426e-02,1.14691602e-02,1.25396028e-02,1.36908451e-02,1.49265528e-02,1.62502825e-02,1.76653434e-02,1.91748533e-02,2.07815748e-02,2.24879403e-02,2.42959317e-02,2.62070540e-02,2.82222256e-02,3.03417537e-02,3.25652584e-02,3.48915830e-02,3.73187438e-02,3.98439355e-02,4.24633622e-02,4.51723151e-02,4.79650795e-02,5.08349575e-02,5.37742376e-02,5.67741729e-02,5.98251112e-02,6.29164279e-02,6.60366416e-02,6.91734627e-02,7.23139271e-02,7.54444450e-02,7.85509869e-02,8.16190392e-02,8.46340284e-02,8.75811726e-02,9.04457793e-02,9.32133198e-02,9.58696678e-02,9.84010398e-02,1.00794420e-01,1.03037328e-01,1.05118275e-01,1.07026592e-01,1.08752795e-01,1.10288464e-01,1.11626469e-01,1.12760969e-01,1.13687485e-01,1.14403009e-01,1.14905953e-01,1.15196094e-01,1.15274809e-01,1.15144730e-01,1.14809863e-01,1.14275515e-01,1.13548040e-01,1.12634920e-01,1.11544475e-01,1.10285826e-01,1.08868688e-01,1.07303306e-01,1.05600208e-01,1.03770204e-01,1.01824112e-01,9.97728035e-02,9.76269543e-02,9.53970402e-02,9.30931866e-02,9.07251984e-02,8.83024260e-02,8.58337730e-02,8.33277032e-02,8.07921141e-02,7.82344863e-02,7.56618902e-02,7.30808675e-02,7.04976544e-02,6.79181144e-02,6.53477609e-02,6.27918765e-02,6.02554493e-02,5.77432960e-02,5.52600101e-02,5.28099611e-02,5.03973961e-02,4.80263233e-02,4.57005687e-02,4.34237793e-02,4.11993302e-02,3.90303917e-02,3.69198583e-02,3.48703675e-02,3.28842252e-02,3.09635065e-02,2.91099083e-02,2.73248628e-02,2.56094169e-02,2.39643678e-02,2.23901197e-02,2.08868068e-02,1.94542669e-02,1.80920158e-02,1.67993158e-02,1.55751435e-02,1.44182630e-02,1.33272130e-02,1.23003181e-02,1.13357380e-02,1.04314927e-02,9.58546344e-03,8.79542157e-03,8.05906951e-03,7.37404078e-03,6.73793908e-03,6.14832994e-03,5.60279796e-03
6.26885379e-03,6.90730009e-03,7.60131562e-03,8.35446827e-03,9.17041302e-03,1.00528197e-02,1.10053867e-02,1.20317964e-02,1.31356632e-02,1.43205142e-02,1.55897653e-02,1.69465989e-02,1.83940157e-02,1.99346747e-02,2.15709265e-02,2.33047009e-02,2.51374468e-02,2.70700715e-02,2.91029103e-02,3.12356018e-02,3.34671065e-02,3.57955247e-02,3.82182151e-02,4.07315940e-02,4.33311909e-02,4.60115597e-02,4.87663671e-02,5.15882261e-02,5.44688739e-02,5.73990792e-02,6.03687279e-02,6.33668751e-02,6.63818792e-02,6.94013238e-02,7.24122897e-02,7.54013658e-02,7.83548206e-02,8.12586695e-02,8.40988606e-02,8.68613571e-02,8.95323455e-02,9.20982957e-02,9.45460424e-02,9.68630835e-02,9.90375131e-02,1.01058222e-01,1.02915026e-01,1.04598649e-01,1.06100954e-01,1.07414976e-01,1.08534917e-01,1.09456323e-01,1.10176094e-01,1.10692441e-01,1.11005001e-01,1.11114733e-01,1.11023992e-01,1.10736318e-01,1.10256530e-01,1.09590493e-01,1.08745113e-01,1.07728153e-01,1.06548108e-01,1.05214059e-01,1.03735685e-01,1.02122843e-01,1.00385793e-01,9.85347554e-02,9.65800062e-02,9.45317000e-02,9.23998356e-02,9.01940688e-02,8.79237726e-02,8.55979547e-02,8.32251534e-02,8.08135271e-02,7.83708021e-02,7.59042352e-02,7.34207034e-02,7.09266961e-02,6.84283450e-02,6.59314469e-02,6.34415671e-02,6.09639287e-02,5.85036017e-02,5.60654290e-02,5.36540709e-02,5.12739681e-02,4.89294194e-02,4.66245115e-02,4.43631522e-02,4.21490148e-02,3.99855785e-02,3.78760137e-02,3.58232446e-02,3.38299535e-02,3.18984576e-02,3.00308224e-02,2.82287467e-02,2.64936406e-02,2.48265471e-02,2.32282337e-02,2.16990840e-02,2.02392265e-02,1.88484341e-02,1.75262485e-02,1.62718799e-02,1.50843272e-02,1.39623368e-02,1.29044494e-02,1.19090062e-02,1.09741772e-02,1.00980075e-02,9.27841198e-03,8.51319730e-03,7.80010875e-03,7.13682640e-03,6.52100518e-03,5.95026929e-03,5.42225968e-03
6.01024088e-03,6.62169280e-03,7.28631951e-03,8.00754130e-03,8.78884923e-03,9.63375997e-03,1.05458144e-02,1.15285339e-02,1.25853885e-02,1.37197562e-02,1.49349058e-02,1.62338950e-02,1.76195987e-02,1.90945845e-02,2.06611138e-02,2.23210212e-02,2.40757372e-02,2.59261429e-02,2.78725810e-02,2.99147256e-02,3.20516117e-02,3.42814587e-02,3.66017520e-02,3.90091203e-02,4.14993204e-02,4.40672040e-02,4.67067286e-02,4.94108871e-02,5.21718338e-02,5.49807958e-02,5.78281507e-02,6.07035384e-02,6.35958165e-02,6.64932504e-02,6.93835542e-02,7.22539499e-02,7.50913844e-02,7.78825581e-02,8.06141570e-02,8.32727626e-02,8.58452395e-02,8.83187130e-02,9.06806365e-02,9.29190442e-02,9.50225964e-02,9.69805941e-02,9.87832546e-02,1.00421689e-01,1.01887964e-01,1.03175275e-01,1.04277998e-01,1.05191611e-01,1.05913013e-01,1.06440268e-01,1.06772766e-01,1.06911242e-01,1.06857657e-01,1.06615171e-01,1.06188111e-01,1.05581857e-01,1.04802750e-01,1.03857987e-01,1.02755472e-01,1.01503670e-01,1.00111619e-01,9.85886231e-02,9.69442502e-02,9.51881707e-02,9.33301076e-02,9.13796723e-02,8.93463343e-02,8.72392878e-02,8.50675181e-02,8.28395858e-02,8.05637389e-02,7.82478303e-02,7.58993253e-02,7.35252723e-02,7.11324215e-02,6.87271133e-02,6.63153827e-02,6.39029965e-02,6.14954419e-02,5.90980276e-02,5.67157865e-02,5.43535911e-02,5.20161390e-02,4.97079864e-02,4.74334396e-02,4.51966561e-02,4.30015996e-02,4.08519804e-02,3.87513191e-02,3.67028192e-02,3.47094648e-02,3.27739045e-02,3.08985040e-02,2.90853102e-02,2.73360126e-02,2.56520063e-02,2.40343437e-02,2.24837437e-02,2.10005865e-02,1.95849799e-02,1.82366855e-02,1.69552080e-02,1.57397743e-02,1.45893721e-02,1.35027384e-02,1.24784298e-02,1.15148006e-02,1.06100505e-02,9.76224616e-03,8.96933768e-03,8.22917279e-03,7.53954472e-03,6.89818291e-03,6.30279351e-03,5.75106498e-03,5.24069415e-03
5.75467478e-03,6.33944757e-03,6.97502820e-03,7.66468095e-03,8.41174368e-03,9.21957009e-03,1.00915497e-02,1.10310437e-02,1.20413713e-02,1.31257530e-02,1.42873283e-02,1.55290132e-02,1.68535691e-02,1.82634462e-02,1.97608173e-02,2.13474426e-02,2.30247062e-02,2.47934666e-02,2.66540609e-02,2.86061987e-02,3.06489766e-02,3.27807218e-02,3.49990837e-02,3.73008475e-02,3.96820046e-02,4.21376526e-02,4.46621031e-02,4.72487062e-02,4.98899929e-02,5.25776669e-02,5.53026088e-02,5.80549464e-02,6.08241707e-02,6.35991096e-02,6.63681030e-02,6.91190660e-02,7.18395934e-02,7.45170861e-02,7.71388710e-02,7.96922743e-02,8.21647942e-02,8.45441520e-02,8.68185014e-02,8.89763981e-02,9.10069942e-02,9.29001272e-02,9.46464017e-02,9.62372199e-02,9.76649895e-02,9.89230946e-02,1.00005999e-01,1.00909270e-01,1.01629712e-01,1.02165334e-01,1.02515303e-01,1.02680080e-01,1.02661327e-01,1.02461815e-01,1.02085404e-01,1.01537004e-01,1.00822389e-01,9.99482498e-02,9.89217982e-02,9.77510214e-02,9.64442343e-02,9.50101539e-02,9.34577957e-02,9.17961970e-02,9.00344998e-02,8.81817862e-02,8.62470195e-02,8.42389390e-02,8.21660534e-02,8.00365806e-02,7.78583959e-02,7.56390467e-02,7.33857527e-02,7.11053610e-02,6.88044131e-02,6.64891377e-02,6.41654581e-02,6.18391074e-02,5.95155209e-02,5.71999513e-02,5.48974983e-02,5.26130274e-02,5.03512956e-02,4.81168404e-02,4.59140502e-02,4.37471196e-02,4.16200422e-02,3.95365842e-02,3.75002883e-02,3.55143920e-02,3.35818753e-02,3.17054205e-02,2.98873838e-02,2.81298123e-02,2.64343973e-02,2.48025171e-02,2.32352018e-02,2.17331555e-02,2.02967469e-02,1.89260636e-02,1.76208708e-02,1.63806397e-02,1.52046159e-02,1.40917720e-02,1.30408593e-02,1.20504452e-02,1.11189075e-02,1.02444701e-02,9.42523126e-03,8.65918398e-03,7.94421695e-03,7.27817370e-03,6.65883580e-03,6.08397182e-03,5.55132562e-03,5.05866064e-03
5.50271478e-03,6.06118841e-03,6.66812900e-03,7.32665136e-03,8.03993735e-03,8.81118234e-03,9.64362267e-03,1.05404574e-02,1.15048531e-02,1.25398841e-02,1.36485472e-02,1.48336226e-02,1.60977338e-02,1.74432471e-02,1.88722201e-02,2.03863494e-02,2.19869576e-02,2.36748699e-02,2.54504345e-02,2.73133833e-02,2.92628594e-02,3.12973037e-02,3.34144868e-02,3.56113836e-02,3.78841907e-02,4.02282998e-02,4.26382609e-02,4.51078527e-02,4.76299673e-02,5.01967408e-02,5.27995601e-02,5.54290973e-02,5.80753610e-02,6.07277937e-02,6.33753762e-02,6.60066456e-02,6.86099008e-02,7.11731762e-02,7.36844838e-02,7.61318430e-02,7.85033777e-02,8.07875097e-02,8.29729140e-02,8.50487724e-02,8.70047733e-02,8.88312086e-02,9.05191004e-02,9.20602381e-02,9.34472829e-02,9.46738347e-02,9.57345068e-02,9.66249555e-02,9.73419324e-02,9.78833586e-02,9.82482880e-02,9.84368846e-02,9.84505117e-02,9.82915759e-02,9.79635566e-02,9.74708200e-02,9.68186781e-02,9.60131809e-02,9.50610936e-02,9.39696804e-02,9.27467123e-02,9.14003104e-02,8.99388194e-02,8.83707628e-02,8.67046937e-02,8.49491432e-02,8.31125751e-02,8.12032223e-02,7.92292133e-02,7.71983191e-02,7.51180798e-02,7.29957521e-02,7.08382726e-02,6.86522871e-02,6.64441437e-02,6.42198846e-02,6.19854070e-02,5.97462840e-02,5.75079657e-02,5.52756488e-02,5.30544110e-02,5.08491397e-02,4.86645997e-02,4.65053506e-02,4.43758331e-02,4.22802605e-02,4.02226485e-02,3.82067971e-02,3.62362303e-02,3.43142450e-02,3.24438326e-02,3.06276660e-02,2.88680941e-02,2.71671638e-02,2.55265664e-02,2.39476655e-02,2.24314556e-02,2.09786668e-02,1.95896290e-02,1.82644110e-02,1.70027837e-02,1.58042237e-02,1.46679636e-02,1.35929752e-02,1.25780432e-02,1.16217434e-02,1.07224723e-02,9.87849198e-03,9.08794440e-03,8.34885146e-03,7.65915355e-03,7.01675145e-03,6.41948311e-03,5.86517435e-03,5.35163144e-03,4.87668207e-03
5.25488425e-03,5.78749040e-03,6.36626082e-03,6.99415989e-03,7.67420977e-03,8.40946101e-03,9.20297951e-03,1.00578200e-02,1.09769916e-02,1.19634233e-02,1.30199566e-02,1.41492458e-02,1.53537989e-02,1.66358482e-02,1.79973617e-02,1.94399729e-02,2.09649280e-02,2.25730315e-02,2.42645964e-02,2.60394104e-02,2.78966613e-02,2.98348870e-02,3.18519771e-02,3.39450613e-02,3.61105725e-02,3.83441299e-02,4.06406224e-02,4.29941341e-02,4.53979559e-02,4.78446707e-02,5.03261387e-02,5.28335236e-02,5.53574078e-02,5.78878224e-02,6.04143292e-02,6.29261732e-02,6.54122084e-02,6.78612292e-02,7.02618510e-02,7.26028010e-02,7.48728365e-02,7.70609602e-02,7.91565478e-02,8.11492801e-02,8.30294043e-02,8.47876817e-02,8.64155516e-02,8.79051685e-02,8.92495289e-02,9.04424191e-02,9.14786309e-02,9.23538879e-02,9.30649787e-02,9.36097428e-02,9.39870477e-02,9.41969380e-02,9.42404047e-02,9.41195637e-02,9.38374475e-02,9.33979899e-02,9.28059891e-02,9.20669809e-02,9.11871195e-02,9.01731327e-02,8.90321881e-02,8.77717808e-02,8.63996893e-02,8.49238485e-02,8.33522305e-02,8.16928521e-02,7.99536556e-02,7.81424418e-02,7.62668326e-02,7.43342564e-02,7.23518878e-02,7.03266487e-02,6.82652146e-02,6.61739931e-02,6.40591532e-02,6.19266182e-02,5.97820915e-02,5.76311238e-02,5.54790534e-02,5.33310436e-02,5.11921495e-02,4.90672849e-02,4.69611809e-02,4.48784120e-02,4.28234339e-02,4.08004746e-02,3.88135463e-02,3.68664935e-02,3.49628441e-02,3.31058949e-02,3.12986299e-02,2.95437388e-02,2.78435424e-02,2.62001082e-02,2.46150922e-02,2.30898615e-02,2.16253884e-02,2.02223919e-02,1.88811962e-02,1.76018681e-02,1.63841601e-02,1.52275600e-02,1.41313039e-02,1.30943786e-02,1.21155810e-02,1.11935129e-02,1.03266016e-02,9.51314438e-03,8.75131600e-03,8.03919695e-03,7.37477746e-03,6.75600674e-03,6.18078746e-03,5.64700365e-03,5.15253283e-03,4.69526695e-03
5.01165027e-03,5.51887415e-03,6.07000198e-03,6.66784449e-03,7.31527572e-03,8.01518746e-03,8.77049565e-03,9.58409719e-03,1.04588512e-02,1.13975350e-02,1.24028483e-02,1.34773133e-02,1.46233067e-02,1.58429481e-02,1.71381161e-02,1.85103565e-02,1.99608505e-02,2.14903671e-02,2.30992213e-02,2.47872043e-02,2.65535638e-02,2.83969063e-02,3.03152613e-02,3.23059186e-02,3.43654975e-02,3.64898778e-02,3.86742391e-02,4.09129858e-02,4.31997962e-02,4.55276966e-02,4.78889644e-02,5.02753034e-02,5.26778288e-02,5.50871454e-02,5.74934073e-02,5.98864965e-02,6.22559041e-02,6.45910800e-02,6.68812916e-02,6.91158995e-02,7.12843239e-02,7.33762011e-02,7.53814727e-02,7.72903934e-02,7.90937394e-02,8.07827413e-02,8.23492706e-02,8.37858692e-02,8.50858241e-02,8.62431750e-02,8.72528851e-02,8.81107599e-02,8.88136476e-02,8.93593058e-02,8.97465348e-02,8.99751261e-02,9.00458395e-02,8.99604708e-02,8.97216573e-02,8.93328935e-02,8.87985080e-02,8.81235152e-02,8.73135328e-02,8.63746926e-02,8.53135958e-02,8.41371939e-02,8.28526244e-02,8.14672634e-02,7.99885690e-02,7.84239918e-02,7.67809898e-02,7.50668570e-02,7.32888207e-02,7.14538768e-02,6.95688874e-02,6.76404163e-02,6.56748787e-02,6.36784434e-02,6.16570860e-02,5.96165583e-02,5.75624369e-02,5.55001833e-02,5.34350164e-02,5.13721034e-02,4.93164100e-02,4.72728424e-02,4.52461317e-02,4.32408415e-02,4.12614010e-02,3.93120609e-02,3.73968408e-02,3.55195701e-02,3.36837769e-02,3.18927653e-02,3.01495064e-02,2.84566805e-02,2.68166065e-02,2.52313297e-02,2.37024911e-02,2.22314578e-02,2.08191909e-02,1.94663890e-02,1.81733724e-02,1.69402100e-02,1.57666486e-02,1.46521917e-02,1.35960709e-02,1.25973001e-02,1.16546918e-02,1.07668834e-02,9.93233360e-03,9.14937537e-03,8.41623265e-03,7.73103489e-03,7.09182629e-03,6.49661710e-03,5.94336912e-03,5.43003250e-03,4.95455088e-03,4.51488374e-03
4.77344356e-03,5.25581790e-03,5.77987824e-03,6.34829141e-03,6.96377736e-03,7.62908161e-03,8.34695809e-03,9.12016071e-03,9.95139126e-03,1.08432872e-02,1.17983911e-02,1.28191067e-02,1.39076822e-02,1.50661133e-02,1.62961930e-02,1.75993722e-02,1.89767852e-02,2.04291493e-02,2.19567604e-02,2.35594288e-02,2.52364706e-02,2.69865431e-02,2.88077872e-02,3.06976717e-02,3.26530002e-02,3.46698985e-02,3.67438011e-02,3.88694555e-02,4.10409160e-02,4.32515927e-02,4.54942323e-02,4.77610566e-02,5.00436500e-02,5.23332171e-02,5.46205156e-02,5.68959676e-02,5.91497794e-02,6.13719448e-02,6.35524616e-02,6.56812489e-02,6.77484125e-02,6.97441772e-02,7.16590285e-02,7.34838620e-02,7.52098933e-02,7.68288821e-02,7.83331096e-02,7.97154903e-02,8.09696019e-02,8.20897743e-02,8.30711350e-02,8.39096159e-02,8.46021101e-02,8.51463526e-02,8.55410248e-02,8.57857615e-02,8.58811066e-02,8.58285055e-02,8.56302753e-02,8.52894783e-02,8.48099887e-02,8.41963440e-02,8.34536031e-02,8.25873762e-02,8.16036984e-02,8.05089176e-02,7.93096721e-02,7.80127496e-02,7.66250417e-02,7.51535073e-02,7.36050904e-02,7.19866380e-02,7.03049377e-02,6.85665905e-02,6.67780861e-02,6.49456903e-02,6.30755275e-02,6.11735582e-02,5.92454933e-02,5.72969243e-02,5.53333461e-02,5.33600152e-02,5.13821319e-02,4.94047403e-02,4.74328287e-02,4.54711877e-02,4.35245372e-02,4.15974222e-02,3.96942794e-02,3.78193222e-02,3.59765738e-02,3.41698267e-02,3.24026160e-02,3.06782238e-02,2.89996192e-02,2.73694526e-02,2.57900469e-02,2.42634136e-02,2.27911901e-02,2.13747155e-02,2.00149696e-02,1.87126156e-02,1.74679849e-02,1.62811428e-02,1.51518388e-02,1.40795782e-02,1.30636133e-02,1.21029913e-02,1.11965397e-02,1.03429221e-02,9.54065286e-03,8.78809486e-03,8.08352418e-03,7.42512662e-03,6.81100646e-03,6.23922702e-03,5.70781715e-03,5.21479361e-03,4.75817220e-03,4.33598086e-03
4.54064691e-03,4.99874633e-03,5.49636595e-03,6.03602594e-03,6.62030140e-03,7.25178560e-03,7.93308765e-03,8.66680313e-03,9.45549086e-03,1.03016375e-02,1.12076569e-02,1.21758059e-02,1.32082086e-02,1.43067632e-02,1.54731451e-02,1.67087354e-02,1.80145968e-02,1.93914045e-02,2.08394527e-02,2.23585553e-02,2.39480380e-02,2.56066788e-02,2.73327176e-02,2.91237477e-02,3.09767835e-02,3.28881592e-02,3.48536074e-02,3.68681774e-02,3.89262661e-02,4.10217047e-02,4.31476757e-02,4.52968478e-02,4.74613644e-02,4.96329516e-02,5.18029109e-02,5.39623201e-02,5.61019257e-02,5.82124069e-02,6.02843165e-02,6.23082668e-02,6.42749071e-02,6.61750808e-02,6.79998845e-02,6.97406828e-02,7.13892654e-02,7.29378462e-02,7.43791163e-02,7.57063776e-02,7.69134983e-02,7.79950768e-02,7.89465010e-02,7.97637627e-02,8.04438293e-02,8.09844211e-02,8.13841671e-02,8.16425234e-02,8.17598403e-02,8.17372799e-02,8.15768093e-02,8.12811553e-02,8.08537081e-02,8.02985132e-02,7.96201751e-02,7.88237751e-02,7.79148042e-02,7.68990368e-02,7.57825971e-02,7.45716840e-02,7.32727125e-02,7.18921125e-02,7.04363361e-02,6.89117908e-02,6.73248172e-02,6.56816512e-02,6.39884099e-02,6.22510426e-02,6.04753904e-02,5.86671457e-02,5.68318479e-02,5.49748987e-02,5.31016029e-02,5.12171388e-02,4.93265763e-02,4.74348888e-02,4.55469601e-02,4.36675660e-02,4.18013856e-02,3.99529077e-02,3.81265394e-02,3.63264680e-02,3.45566869e-02,3.28209698e-02,3.11228428e-02,2.94655487e-02,2.78520267e-02,2.62849275e-02,2.47665327e-02,2.32988540e-02,2.18835063e-02,2.05218233e-02,1.92147475e-02,1.79629605e-02,1.67667829e-02,1.56262759e-02,1.45412106e-02,1.35111017e-02,1.25352219e-02,1.16126304e-02,1.07422043e-02,9.92263854e-03,9.15247947e-03,8.43014941e-03,7.75397522e-03,7.12219300e-03,6.53296802e-03,5.98443206e-03,5.47467824e-03,5.00179315e-03,4.56385547e-03,4.15896950e-03
4.31360351e-03,4.74804081e-03,5.21988468e-03,5.73151605e-03,6.28536381e-03,6.88387733e-03,7.52951391e-03,8.22472572e-03,8.97192210e-03,9.77344904e-03,1.06315836e-02,1.15484493e-02,1.25260465e-02,1.35661643e-02,1.46703757e-02,1.58399753e-02,1.70759708e-02,1.83789954e-02,1.97493248e-02,2.11867578e-02,2.26906985e-02,2.42599528e-02,2.58928929e-02,2.75872443e-02,2.93402039e-02,3.11483257e-02,3.30076031e-02,3.49133797e-02,3.68604250e-02,3.88429202e-02,4.08545099e-02,4.28882837e-02,4.49369140e-02,4.69926484e-02,4.90473509e-02,5.10926321e-02,5.31198829e-02,5.51203266e-02,5.70851788e-02,5.90055957e-02,6.08728640e-02,6.26783893e-02,6.44138157e-02,6.60710856e-02,6.76424131e-02,6.91204965e-02,7.04984739e-02,7.17700124e-02,7.29292855e-02,7.39712045e-02,7.48912394e-02,7.56856501e-02,7.63514191e-02,7.68862665e-02,7.72887990e-02,7.75583312e-02,7.76949972e-02,7.76997283e-02,7.75741935e-02,7.73207098e-02,7.69423023e-02,7.64425620e-02,7.58256167e-02,7.50960335e-02,7.42587820e-02,7.33191445e-02,7.22826943e-02,7.11551309e-02,6.99423254e-02,6.86502457e-02,6.72848448e-02,6.58520907e-02,6.43579140e-02,6.28081635e-02,6.12085797e-02,5.95648438e-02,5.78825027e-02,5.61669655e-02,5.44235483e-02,5.26575185e-02,5.08739576e-02,4.90779430e-02,4.72744219e-02,4.54682745e-02,4.36642990e-02,4.18672003e-02,4.00815904e-02,3.83119322e-02,3.65625471e-02,3.48375998e-02,3.31410617e-02,3.14766504e-02,2.98478734e-02,2.82579251e-02,2.67097186e-02,2.52058804e-02,2.37486754e-02,2.23400872e-02,2.09816974e-02,1.96748413e-02,1.84204560e-02,1.72192007e-02,1.60714071e-02,1.49771431e-02,1.39361927e-02,1.29480679e-02,1.20120915e-02,1.11273387e-02,1.02927173e-02,9.50696599e-03,8.76868051e-03,8.07633530e-03,7.42830662e-03,6.82289340e-03,6.25832239e-03,5.73279057e-03,5.24445949e-03,4.79148701e-03,4.37202025e-03,3.98423523e-03
4.09261370e-03,4.50403616e-03,4.95080836e-03,5.43517433e-03,5.95942279e-03,6.52585877e-03,7.13679940e-03,7.79454783e-03,8.50137323e-03,9.25948285e-03,1.00710150e-02,1.09379655e-02,1.18622165e-02,1.28454398e-02,1.38891200e-02,1.49944630e-02,1.61624122e-02,1.73935648e-02,1.86881647e-02,2.00460274e-02,2.14665849e-02,2.29487084e-02,2.44908705e-02,2.60909386e-02,2.77462788e-02,2.94536501e-02,3.12093068e-02,3.30088846e-02,3.48474719e-02,3.67196463e-02,3.86194363e-02,4.05404009e-02,4.24756929e-02,4.44180407e-02,4.63598669e-02,4.82933261e-02,5.02103902e-02,5.21028675e-02,5.39625362e-02,5.57811409e-02,5.75505421e-02,5.92627078e-02,6.09098263e-02,6.24843165e-02,6.39789551e-02,6.53868169e-02,6.67015016e-02,6.79170042e-02,6.90278560e-02,7.00291768e-02,7.09167123e-02,7.16868266e-02,7.23365918e-02,7.28637725e-02,7.32669085e-02,7.35452175e-02,7.36986771e-02,7.37279728e-02,7.36344457e-02,7.34201521e-02,7.30877146e-02,7.26403147e-02,7.20815733e-02,7.14156330e-02,7.06469715e-02,6.97803572e-02,6.88208491e-02,6.77736849e-02,6.66442066e-02,6.54379129e-02,6.41603172e-02,6.28169402e-02,6.14133105e-02,5.99548928e-02,5.84471039e-02,5.68952747e-02,5.53046875e-02,5.36804833e-02,5.20277880e-02,5.03516383e-02,4.86569628e-02,4.69486900e-02,4.52316329e-02,4.35105748e-02,4.17902023e-02,4.00751494e-02,3.83699462e-02,3.66789959e-02,3.50065567e-02,3.33567411e-02,3.17334570e-02,3.01403888e-02,2.85809916e-02,2.70584226e-02,2.55755633e-02,2.41349880e-02,2.27389429e-02,2.13893913e-02,2.00878922e-02,1.88357588e-02,1.76339243e-02,1.64830349e-02,1.53834345e-02,1.43351918e-02,1.33381058e-02,1.23917079e-02,1.14953490e-02,1.06481407e-02,9.84902214e-03,9.09678079e-03,8.39005969e-03,7.72738410e-03,7.10719498e-03,6.52784668e-03,5.98763255e-03,5.48481755e-03,5.01763308e-03,4.58430545e-03,4.18305630e-03,3.81213380e-03
3.87793826e-03,4.26701922e-03,4.68945550e-03,5.14735607e-03,5.64287091e-03,6.17817184e-03,6.75542839e-03,7.37680774e-03,8.04444123e-03,8.76040012e-03,9.52667929e-03,1.03451619e-02,1.12176090e-02,1.21455751e-02,1.31304609e-02,1.41733922e-02,1.52752344e-02,1.64365526e-02,1.76575575e-02,1.89380869e-02,2.02775896e-02,2.16750205e-02,2.31289119e-02,2.46372875e-02,2.61976644e-02,2.78070327e-02,2.94618495e-02,3.11580505e-02,3.28910537e-02,3.46557796e-02,3.64466533e-02,3.82576883e-02,4.00824584e-02,4.19142209e-02,4.37458903e-02,4.55701649e-02,4.73795608e-02,4.91664410e-02,5.09231314e-02,5.26419692e-02,5.43153398e-02,5.59357814e-02,5.74959479e-02,5.89888245e-02,6.04076013e-02,6.17458224e-02,6.29974827e-02,6.41569272e-02,6.52190223e-02,6.61791414e-02,6.70332164e-02,6.77778125e-02,6.84100688e-02,6.89277872e-02,6.93294853e-02,6.96142837e-02,6.97820336e-02,6.98331594e-02,6.97688311e-02,6.95907176e-02,6.93011209e-02,6.89028054e-02,6.83990046e-02,6.77934140e-02,6.70900270e-02,6.62931427e-02,6.54073507e-02,6.44373968e-02,6.33881763e-02,6.22647107e-02,6.10720851e-02,5.98154105e-02,5.84997796e-02,5.71303405e-02,5.57121225e-02,5.42501919e-02,5.27494960e-02,5.12149967e-02,4.96515334e-02,4.80639264e-02,4.64569889e-02,4.48354334e-02,4.32039797e-02,4.15672548e-02,3.99298668e-02,3.82963344e-02,3.66710946e-02,3.50584798e-02,3.34626809e-02,3.18877399e-02,3.03374901e-02,2.88155731e-02,2.73253657e-02,2.58699879e-02,2.44522914e-02,2.30747946e-02,2.17397176e-02,2.04489753e-02,1.92041323e-02,1.80064477e-02,1.68568809e-02,1.57560594e-02,1.47043280e-02,1.37017723e-02,1.27481902e-02,1.18431645e-02,1.09860469e-02,1.01760011e-02,9.41200368e-03,8.69288761e-03,8.01735464e-03,7.38397613e-03,6.79125404e-03,6.23761304e-03,5.72141213e-03,5.24098193e-03,4.79462417e-03,4.38063545e-03,3.99731658e-03,3.64298257e-03
3.66979255e-03,4.03723214e-03,4.43609431e-03,4.86835884e-03,5.33604668e-03,5.84118348e-03,6.38581626e-03,6.97196880e-03,7.60163786e-03,8.27675592e-03,8.99920706e-03,9.77073517e-03,1.05929812e-02,1.14674224e-02,1.23953354e-02,1.33777754e-02,1.44155575e-02,1.55091928e-02,1.66588817e-02,1.78644527e-02,1.91253740e-02,2.04406790e-02,2.18089912e-02,2.32284479e-02,2.46967152e-02,2.62109861e-02,2.77679618e-02,2.93638483e-02,3.09943538e-02,3.26547474e-02,3.43398526e-02,3.60440798e-02,3.77614498e-02,3.94856706e-02,4.12101932e-02,4.29282002e-02,4.46327217e-02,4.63166758e-02,4.79729325e-02,4.95943390e-02,5.11738285e-02,5.27044572e-02,5.41793741e-02,5.55920415e-02,5.69361001e-02,5.82055598e-02,5.93947321e-02,6.04983829e-02,6.15116321e-02,6.24301508e-02,6.32500872e-02,6.39681295e-02,6.45815358e-02,6.50881752e-02,6.54865280e-02,6.57756552e-02,6.59552515e-02,6.60256222e-02,6.59876093e-02,6.58426732e-02,6.55927658e-02,6.52402937e-02,6.47880957e-02,6.42394498e-02,6.35979027e-02,6.28673211e-02,6.20518513e-02,6.11557662e-02,6.01835214e-02,5.91397062e-02,5.80289811e-02,5.68560585e-02,5.56256734e-02,5.43425791e-02,5.30114882e-02,5.16371578e-02,5.02242558e-02,4.87774834e-02,4.73014638e-02,4.58008163e-02,4.42801490e-02,4.27440405e-02,4.11970206e-02,3.96436155e-02,3.80883068e-02,3.65354903e-02,3.49895135e-02,3.34546119e-02,3.19348946e-02,3.04343179e-02,2.89566424e-02,2.75054425e-02,2.60840263e-02,2.46954579e-02,2.33425349e-02,2.20277421e-02,2.07532384e-02,1.95209198e-02,1.83323212e-02,1.71886981e-02,1.60909630e-02,1.50397811e-02,1.40354773e-02,1.30781448e-02,1.21676177e-02,1.13034928e-02,1.04851611e-02,9.71181318e-03,8.98247864e-03,8.29603989e-03,7.65123870e-03,7.04672560e-03,6.48105564e-03,5.95271494e-03,5.46012959e-03,5.00170840e-03,4.57581878e-03,4.18083649e-03,3.81512498e-03,3.47707537e-03
3.46836378e-03,3.81488167e-03,4.19095531e-03,4.59843874e-03,5.03922533e-03,5.51520893e-03,6.02830667e-03,6.58040866e-03,7.17338128e-03,7.80902943e-03,8.48911330e-03,9.21525434e-03,9.98898782e-03,1.08116819e-02,1.16845258e-02,1.26084974e-02,1.35843512e-02,1.46125546e-02,1.56932846e-02,1.68263800e-02,1.80113260e-02,1.92472134e-02,2.05327589e-02,2.18662024e-02,2.32453905e-02,2.46676710e-02,2.61299852e-02,2.76287906e-02,2.91600991e-02,3.07195056e-02,3.23021933e-02,3.39029692e-02,3.55162732e-02,3.71362828e-02,3.87568958e-02,4.03717943e-02,4.19745184e-02,4.35584784e-02,4.51170802e-02,4.66436744e-02,4.81317081e-02,4.95747030e-02,5.09663224e-02,5.23004755e-02,5.35712540e-02,5.47730364e-02,5.59005737e-02,5.69489039e-02,5.79134896e-02,5.87902516e-02,5.95755428e-02,6.02662154e-02,6.08596504e-02,6.13537431e-02,6.17469922e-02,6.20383956e-02,6.22275509e-02,6.23145774e-02,6.23001456e-02,6.21854253e-02,6.19720705e-02,6.16621599e-02,6.12581819e-02,6.07630163e-02,6.01797961e-02,5.95119931e-02,5.87632917e-02,5.79375960e-02,5.70388995e-02,5.60713969e-02,5.50393201e-02,5.39470240e-02,5.27988672e-02,5.15992567e-02,5.03525995e-02,4.90633175e-02,4.77358513e-02,4.63746116e-02,4.49840128e-02,4.35684398e-02,4.21323329e-02,4.06800918e-02,3.92160974e-02,3.77447270e-02,3.62703204e-02,3.47971655e-02,3.33294980e-02,3.18714343e-02,3.04269921e-02,2.90000401e-02,2.75942534e-02,2.62131132e-02,2.48598661e-02,2.35375166e-02,2.22487934e-02,2.09961273e-02,1.97816379e-02,1.86071880e-02,1.74742788e-02,1.63841490e-02,1.53377000e-02,1.43355923e-02,1.33781536e-02,1.24654928e-02,1.15974601e-02,1.07736830e-02,9.99358576e-03,9.25639644e-03,8.56119394e-03,7.90690910e-03,7.29234284e-03,6.71620248e-03,6.17711060e-03,5.67361526e-03,5.20421565e-03,4.76738857e-03,4.36157547e-03,3.98522336e-03,3.63676948e-03,3.31467739e-03
3.27379629e-03,3.60012730e-03,3.95421637e-03,4.33779461e-03,4.75262851e-03,5.20049362e-03,5.68317249e-03,6.20243326e-03,6.76001189e-03,7.35759735e-03,7.99681898e-03,8.67919251e-03,9.40613914e-03,1.01789283e-02,1.09986681e-02,1.18662575e-02,1.27823902e-02,1.37474900e-02,1.47617199e-02,1.58249084e-02,1.69365890e-02,1.80958770e-02,1.93015840e-02,2.05520745e-02,2.18453202e-02,2.31788643e-02,2.45498456e-02,2.59549823e-02,2.73905527e-02,2.88524814e-02,3.03362980e-02,3.18371616e-02,3.33499573e-02,3.48692685e-02,3.63894291e-02,3.79046090e-02,3.94088253e-02,4.08959687e-02,4.23599333e-02,4.37945537e-02,4.51937728e-02,4.65515777e-02,4.78621051e-02,4.91196737e-02,5.03188111e-02,5.14542945e-02,5.25212102e-02,5.35149574e-02,5.44312820e-02,5.52663431e-02,5.60167022e-02,5.66793941e-02,5.72518893e-02,5.77321574e-02,5.81186973e-02,5.84104843e-02,5.86070120e-02,5.87082542e-02,5.87146990e-02,5.86272851e-02,5.84473871e-02,5.81768043e-02,5.78176491e-02,5.73724806e-02,5.68440519e-02,5.62354252e-02,5.55499122e-02,5.47909886e-02,5.39622903e-02,5.30675985e-02,5.21107800e-02,5.10958098e-02,5.00266962e-02,4.89075258e-02,4.77423929e-02,4.65354286e-02,4.52907979e-02,4.40126508e-02,4.27051745e-02,4.13725898e-02,4.00190875e-02,3.86489071e-02,3.72662582e-02,3.58753838e-02,3.44804712e-02,3.30856815e-02,3.16951051e-02,3.03127691e-02,2.89425757e-02,2.75882706e-02,2.62534413e-02,2.49415096e-02,2.36556232e-02,2.23986935e-02,2.11734008e-02,1.99821144e-02,1.88269131e-02,1.77096203e-02,1.66316908e-02,1.55943595e-02,1.45985121e-02,1.36447921e-02,1.27335452e-02,1.18648931e-02,1.10387076e-02,1.02546318e-02,9.51213669e-03,8.81049689e-03,8.14882852e-03,7.52611551e-03,6.94122445e-03,6.39291666e-03,5.87987993e-03,5.40073449e-03,4.95404936e-03,4.53836750e-03,4.15220670e-03,3.79408174e-03,3.46250809e-03,3.15602124e-03
3.08619603e-03,3.39309289e-03,3.72601347e-03,4.08657640e-03,4.47642989e-03,4.89722565e-03,5.35062840e-03,5.83827961e-03,6.36179931e-03,6.92274934e-03,7.52265425e-03,8.16290826e-03,8.84483662e-03,9.56961326e-03,1.03382561e-02,1.11515978e-02,1.20102726e-02,1.29146688e-02,1.38649242e-02,1.48608740e-02,1.59020592e-02,1.69876739e-02,1.81165859e-02,1.92872696e-02,2.04978380e-02,2.17460059e-02,2.30291151e-02,2.43441127e-02,2.56875604e-02,2.70556659e-02,2.84442883e-02,2.98489779e-02,3.12649570e-02,3.26872468e-02,3.41106057e-02,3.55296358e-02,3.69388200e-02,3.83324996e-02,3.97050381e-02,4.10507470e-02,4.23640013e-02,4.36392650e-02,4.48710844e-02,4.60542142e-02,4.71835807e-02,4.82543334e-02,4.92618978e-02,5.02019934e-02,5.10706492e-02,5.18642738e-02,5.25796302e-02,5.32138944e-02,5.37646823e-02,5.42300083e-02,5.46084233e-02,5.48988320e-02,5.51006682e-02,5.52138053e-02,5.52385375e-02,5.51756062e-02,5.50261550e-02,5.47916777e-02,5.44740111e-02,5.40753603e-02,5.35981581e-02,5.30450866e-02,5.24191037e-02,5.17233163e-02,5.09609729e-02,5.01355007e-02,4.92504202e-02,4.83093485e-02,4.73159589e-02,4.62740175e-02,4.51873280e-02,4.40597497e-02,4.28951420e-02,4.16974761e-02,4.04706709e-02,3.92187089e-02,3.79456319e-02,3.66554745e-02,3.53522897e-02,3.40401307e-02,3.27230617e-02,3.14050876e-02,3.00901830e-02,2.87822280e-02,2.74850111e-02,2.62021795e-02,2.49372106e-02,2.36934088e-02,2.24738438e-02,2.12813597e-02,2.01185551e-02,1.89877432e-02,1.78909432e-02,1.68299247e-02,1.58061404e-02,1.48207769e-02,1.38747096e-02,1.29685896e-02,1.21027585e-02,1.12773506e-02,1.04922596e-02,9.74716712e-03,9.04157292e-03,8.37479066e-03,7.74599239e-03,7.15421932e-03,6.59838505e-03,6.07732171e-03,5.58978319e-03,5.13445307e-03,4.70996974e-03,4.31495160e-03,3.94798722e-03,3.60766565e-03,3.29257199e-03,3.00131436e-03
2.90564331e-03,3.19386041e-03,3.50644090e-03,3.84489028e-03,4.21074405e-03,4.60553588e-03,5.03081735e-03,5.48811024e-03,5.97891910e-03,6.50469167e-03,7.06683937e-03,7.66665814e-03,8.30536708e-03,8.98405071e-03,9.70364641e-03,1.04649216e-02,1.12684509e-02,1.21145872e-02,1.30034480e-02,1.39348684e-02,1.49084171e-02,1.59233306e-02,1.69785526e-02,1.80726629e-02,1.92038994e-02,2.03701518e-02,2.15689428e-02,2.27974467e-02,2.40524765e-02,2.53305379e-02,2.66277883e-02,2.79401280e-02,2.92631518e-02,3.05922292e-02,3.19225676e-02,3.32491733e-02,3.45669389e-02,3.58706824e-02,3.71551663e-02,3.84151712e-02,3.96454968e-02,4.08410244e-02,4.19967175e-02,4.31077369e-02,4.41693775e-02,4.51771468e-02,4.61268090e-02,4.70143892e-02,4.78361621e-02,4.85887975e-02,4.92692366e-02,4.98748347e-02,5.04033193e-02,5.08527681e-02,5.12217619e-02,5.15092015e-02,5.17144613e-02,5.18372804e-02,5.18778376e-02,5.18366806e-02,5.17147258e-02,5.15132397e-02,5.12337685e-02,5.08782081e-02,5.04486933e-02,4.99475785e-02,4.93774675e-02,4.87411208e-02,4.80414629e-02,4.72815707e-02,4.64646183e-02,4.55939062e-02,4.46728058e-02,4.37047705e-02,4.26933207e-02,4.16420251e-02,4.05545235e-02,3.94345038e-02,3.82856876e-02,3.71118411e-02,3.59168090e-02,3.47044356e-02,3.34785953e-02,3.22431847e-02,3.10020968e-02,2.97592003e-02,2.85183210e-02,2.72831880e-02,2.60574874e-02,2.48447321e-02,2.36482918e-02,2.24713665e-02,2.13169213e-02,2.01877281e-02,1.90862976e-02,1.80148780e-02,1.69754326e-02,1.59696899e-02,1.49990618e-02,1.40647097e-02,1.31674977e-02,1.23080714e-02,1.14867752e-02,1.07037574e-02,9.95893776e-03,9.25202481e-03,8.58255383e-03,7.94988405e-03,7.35323783e-03,6.79171132e-03,6.26427587e-03,5.76982601e-03,5.30718081e-03,4.87509463e-03,4.47227387e-03,4.09741001e-03,3.74916103e-03,3.42619140e-03,3.12715559e-03,2.85073370e-03
2.73218309e-03,3.00248433e-03,3.29555618e-03,3.61280073e-03,3.95564036e-03,4.32550721e-03,4.72382782e-03,5.15202386e-03,5.61148301e-03,6.10355195e-03,6.62952149e-03,7.19059957e-03,7.78791402e-03,8.42244271e-03,9.09506995e-03,9.80648492e-03,1.05572129e-02,1.13475686e-02,1.21776490e-02,1.30472910e-02,1.39560988e-02,1.49033433e-02,1.58880353e-02,1.69088561e-02,1.79641768e-02,1.90520342e-02,2.01701317e-02,2.13158559e-02,2.24862751e-02,2.36781463e-02,2.48879343e-02,2.61118468e-02,2.73458306e-02,2.85856612e-02,2.98268571e-02,3.10648624e-02,3.22949663e-02,3.35124023e-02,3.47123481e-02,3.58899869e-02,3.70405428e-02,3.81592885e-02,3.92415822e-02,4.02829684e-02,4.12790924e-02,4.22258005e-02,4.31191698e-02,4.39555086e-02,4.47313711e-02,4.54436243e-02,4.60894331e-02,4.66662906e-02,4.71720397e-02,4.76048440e-02,4.79633100e-02,4.82463278e-02,4.84532416e-02,4.85837013e-02,4.86377440e-02,4.86157909e-02,4.85185087e-02,4.83469889e-02,4.81024906e-02,4.77866828e-02,4.74013761e-02,4.69486378e-02,4.64307517e-02,4.58501801e-02,4.52095158e-02,4.45115194e-02,4.37590629e-02,4.29551378e-02,4.21027988e-02,4.12052572e-02,4.02657054e-02,3.92875038e-02,3.82740088e-02,3.72286923e-02,3.61550488e-02,3.50566320e-02,3.39370854e-02,3.28000747e-02,3.16492915e-02,3.04884501e-02,2.93212906e-02,2.81515177e-02,2.69828103e-02,2.58187726e-02,2.46629287e-02,2.35186797e-02,2.23892573e-02,2.12777629e-02,2.01870687e-02,1.91198308e-02,1.80785023e-02,1.70652382e-02,1.60819739e-02,1.51303606e-02,1.42117776e-02,1.33273602e-02,1.24779716e-02,1.16642267e-02,1.08864950e-02,1.01449369e-02,9.43947770e-03,8.76987167e-03,8.13568011e-03,7.53631955e-03,6.97105331e-03,6.43902970e-03,5.93929086e-03,5.47078345e-03,5.03239268e-03,4.62294742e-03,4.24122345e-03,3.88597744e-03,3.55594186e-03,3.24984873e-03,2.96642981e-03,2.70443410e-03
2.56582629e-03,2.81897630e-03,3.09337396e-03,3.39032360e-03,3.71114514e-03,4.05716011e-03,4.42969380e-03,4.83005820e-03,5.25953714e-03,5.71937207e-03,6.21075789e-03,6.73480472e-03,7.29254168e-03,7.88488332e-03,8.51262361e-03,9.17639490e-03,9.87667963e-03,1.06137516e-02,1.13876993e-02,1.21983523e-02,1.30453352e-02,1.39279636e-02,1.48453265e-02,1.57961901e-02,1.67790409e-02,1.77920591e-02,1.88331343e-02,1.98998544e-02,2.09894907e-02,2.20990889e-02,2.32253782e-02,2.43648626e-02,2.55138353e-02,2.66683754e-02,2.78244112e-02,2.89777182e-02,3.01239956e-02,3.12588364e-02,3.23778465e-02,3.34765650e-02,3.45506147e-02,3.55956405e-02,3.66073959e-02,3.75817455e-02,3.85146849e-02,3.94023806e-02,4.02412079e-02,4.10277508e-02,4.17588018e-02,4.24314588e-02,4.30430621e-02,4.35912535e-02,4.40739989e-02,4.44895513e-02,4.48365360e-02,4.51138727e-02,4.53208312e-02,4.54570316e-02,4.55223843e-02,4.55171391e-02,4.54418659e-02,4.52973880e-02,4.50847931e-02,4.48054597e-02,4.44609635e-02,4.40530963e-02,4.35838625e-02,4.30554152e-02,4.24700864e-02,4.18303162e-02,4.11387011e-02,4.03979383e-02,3.96108255e-02,3.87802720e-02,3.79092470e-02,3.70008349e-02,3.60581763e-02,3.50844786e-02,3.40830497e-02,3.30572575e-02,3.20104957e-02,3.09462603e-02,2.98680682e-02,2.87794694e-02,2.76840013e-02,2.65852511e-02,2.54867021e-02,2.43918281e-02,2.33040042e-02,2.22264957e-02,2.11624186e-02,2.01147571e-02,1.90862734e-02,1.80795267e-02,1.70968734e-02,1.61404088e-02,1.52119920e-02,1.43132396e-02,1.34454742e-02,1.26098227e-02,1.18071102e-02,1.10379560e-02,1.03027299e-02,9.60160140e-03,8.93453136e-03,8.30128696e-03,7.70148309e-03,7.13456748e-03,6.59985933e-03,6.09655771e-03,5.62376576e-03,5.18049439e-03,4.76569636e-03,4.37825918e-03,4.01703222e-03,3.68084526e-03,3.36850178e-03,3.07879806e-03,2.81053898e-03,2.56254268e-03
2.40656245e-03,2.64332234e-03,2.89988052e-03,3.17744515e-03,3.47723672e-03,3.80047550e-03,4.14839014e-03,4.52218857e-03,4.92305402e-03,5.35213202e-03,5.81052154e-03,6.29923958e-03,6.81923563e-03,7.37134228e-03,7.95628875e-03,8.57464503e-03,9.22684930e-03,9.91314370e-03,1.06335999e-02,1.13880523e-02,1.21761421e-02,1.29972296e-02,1.38504654e-02,1.47347059e-02,1.56485531e-02,1.65903196e-02,1.75580662e-02,1.85495596e-02,1.95623022e-02,2.05935556e-02,2.16403417e-02,2.26994287e-02,2.37674192e-02,2.48407237e-02,2.59156004e-02,2.69881748e-02,2.80544981e-02,2.91105472e-02,3.01522613e-02,3.11755836e-02,3.21764648e-02,3.31509300e-02,3.40950713e-02,3.50050740e-02,3.58772613e-02,3.67081054e-02,3.74942608e-02,3.82325612e-02,3.89200523e-02,3.95540185e-02,4.01319861e-02,4.06517535e-02,4.11113799e-02,4.15092111e-02,4.18439284e-02,4.21144441e-02,4.23200317e-02,4.24602143e-02,4.25348356e-02,4.25440334e-02,4.24882062e-02,4.23680060e-02,4.21843156e-02,4.19383235e-02,4.16313522e-02,4.12649475e-02,4.08408567e-02,4.03609723e-02,3.98273468e-02,3.92421745e-02,3.86077687e-02,3.79265621e-02,3.72010954e-02,3.64340283e-02,3.56280915e-02,3.47861126e-02,3.39110196e-02,3.30058038e-02,3.20735462e-02,3.11174188e-02,3.01406290e-02,2.91464757e-02,2.81382781e-02,2.71194261e-02,2.60932837e-02,2.50632670e-02,2.40327027e-02,2.30049118e-02,2.19831187e-02,2.09704451e-02,1.99698918e-02,1.89843047e-02,1.80163458e-02,1.70684662e-02,1.61429383e-02,1.52417775e-02,1.43667739e-02,1.35194939e-02,1.27012227e-02,1.19130472e-02,1.11557832e-02,1.04300343e-02,9.73617658e-03,9.07439180e-03,8.44466407e-03,7.84678664e-03,7.28041260e-03,6.74503297e-03,6.24001585e-03,5.76461619e-03,5.31799253e-03,4.89922101e-03,4.50731535e-03,4.14123340e-03,3.79988877e-03,3.48218228e-03,3.18698632e-03,2.91316747e-03,2.65959860e-03,2.42516398e-03
2.25435104e-03,2.47547822e-03,2.71502696e-03,2.97410949e-03,3.25385365e-03,3.55539029e-03,3.87984677e-03,4.22833627e-03,4.60194983e-03,5.00173867e-03,5.42871188e-03,5.88380359e-03,6.36787992e-03,6.88170316e-03,7.42593082e-03,8.00109282e-03,8.60757194e-03,9.24558938e-03,9.91518795e-03,1.06162243e-02,1.13483407e-02,1.21109616e-02,1.29032703e-02,1.37242256e-02,1.45725263e-02,1.54466229e-02,1.63447298e-02,1.72647797e-02,1.82045028e-02,1.91613659e-02,2.01326273e-02,2.11153515e-02,2.21064147e-02,2.31025275e-02,2.41002608e-02,2.50960868e-02,2.60863695e-02,2.70674285e-02,2.80355532e-02,2.89870258e-02,2.99181417e-02,3.08252461e-02,3.17047574e-02,3.25531773e-02,3.33671346e-02,3.41433771e-02,3.48788165e-02,3.55705470e-02,3.62158231e-02,3.68121266e-02,3.73571590e-02,3.78488526e-02,3.82854007e-02,3.86652127e-02,3.89870182e-02,3.92497554e-02,3.94526646e-02,3.95952538e-02,3.96772772e-02,3.96987610e-02,3.96599732e-02,3.95614281e-02,3.94038372e-02,3.91881801e-02,3.89155596e-02,3.85873206e-02,3.82049680e-02,3.77701670e-02,3.72847132e-02,3.67505625e-02,3.61697748e-02,3.55445482e-02,3.48771811e-02,3.41700912e-02,3.34257819e-02,3.26468572e-02,3.18360329e-02,3.09960768e-02,3.01298760e-02,2.92403959e-02,2.83306539e-02,2.74037626e-02,2.64628567e-02,2.55111419e-02,2.45518330e-02,2.35881247e-02,2.26232409e-02,2.16603130e-02,2.07024161e-02,1.97525397e-02,1.88135430e-02,1.78881362e-02,1.69788804e-02,1.60881318e-02,1.52180465e-02,1.43705849e-02,1.35474550e-02,1.27501534e-02,1.19799543e-02,1.12378793e-02,1.05247404e-02,9.84114222e-03,9.18744970e-03,8.56385939e-03,7.97036383e-03,7.40680564e-03,6.87285839e-03,6.36806060e-03,5.89183159e-03,5.44347800e-03,5.02221379e-03,4.62717516e-03,4.25744290e-03,3.91203491e-03,3.58994119e-03,3.29012075e-03,3.01151420e-03,2.75306148e-03,2.51369993e-03,2.29237950e-03
2.10912689e-03,2.31537223e-03,2.53873039e-03,2.78022722e-03,3.04090045e-03,3.32179316e-03,3.62394121e-03,3.94836906e-03,4.29607881e-03,4.66803554e-03,5.06515987e-03,5.48830768e-03,5.93827385e-03,6.41574431e-03,6.92132674e-03,7.45548960e-03,8.01858120e-03,8.61079432e-03,9.23216157e-03,9.88253392e-03,1.05615873e-02,1.12687666e-02,1.20033324e-02,1.27643095e-02,1.35505022e-02,1.43604875e-02,1.51926102e-02,1.60449836e-02,1.69155262e-02,1.78019181e-02,1.87016465e-02,1.96120255e-02,2.05301903e-02,2.14531552e-02,2.23777592e-02,2.33007986e-02,2.42189337e-02,2.51288153e-02,2.60270666e-02,2.69102603e-02,2.77750008e-02,2.86179893e-02,2.94358935e-02,3.02255470e-02,3.09838466e-02,3.17077860e-02,3.23945545e-02,3.30414549e-02,3.36459540e-02,3.42057347e-02,3.47186439e-02,3.51827703e-02,3.55963856e-02,3.59580070e-02,3.62664014e-02,3.65205333e-02,3.67196612e-02,3.68632190e-02,3.69509235e-02,3.69827151e-02,3.69587466e-02,3.68793942e-02,3.67452204e-02,3.65570225e-02,3.63157392e-02,3.60225029e-02,3.56786177e-02,3.52855213e-02,3.48447971e-02,3.43581811e-02,3.38274986e-02,3.32547314e-02,3.26419510e-02,3.19913626e-02,3.13052349e-02,3.05859875e-02,2.98360959e-02,2.90581528e-02,2.82548498e-02,2.74289288e-02,2.65832506e-02,2.57207211e-02,2.48443037e-02,2.39570327e-02,2.30619293e-02,2.21620426e-02,2.12603938e-02,2.03599911e-02,1.94637459e-02,1.85745060e-02,1.76949725e-02,1.68277565e-02,1.59752779e-02,1.51397949e-02,1.43233845e-02,1.35278972e-02,1.27549917e-02,1.20061059e-02,1.12824505e-02,1.05850324e-02,9.91464220e-03,9.27185826e-03,8.65705777e-03,8.07044748e-03,7.51203950e-03,6.98169693e-03,6.47913385e-03,6.00393349e-03,5.55555290e-03,5.13335736e-03,4.73661628e-03,4.36452497e-03,4.01622104e-03,3.69079714e-03,3.38729983e-03,3.10475612e-03,2.84217484e-03,2.59855995e-03,2.37291446e-03,2.16425280e-03
1.97080127e-03,2.16290611e-03,2.37088371e-03,2.59567704e-03,2.83824373e-03,3.09953722e-03,3.38051328e-03,3.68211302e-03,4.00524773e-03,4.35080659e-03,4.71963035e-03,5.11249900e-03,5.53013477e-03,5.97316585e-03,6.44213427e-03,6.93747215e-03,7.45948311e-03,8.00833851e-03,8.58405698e-03,9.18650068e-03,9.81534924e-03,1.04701025e-02,1.11500593e-02,1.18543319e-02,1.25818113e-02,1.33311879e-02,1.41009577e-02,1.48893800e-02,1.56945474e-02,1.65143386e-02,1.73464604e-02,1.81884598e-02,1.90377291e-02,1.98915210e-02,2.07469780e-02,2.16011591e-02,2.24510413e-02,2.32935455e-02,2.41255797e-02,2.49440502e-02,2.57458501e-02,2.65279319e-02,2.72872970e-02,2.80210022e-02,2.87262313e-02,2.94002406e-02,3.00404187e-02,3.06443051e-02,3.12095601e-02,3.17340307e-02,3.22157294e-02,3.26528661e-02,3.30438390e-02,3.33872251e-02,3.36818472e-02,3.39267179e-02,3.41210701e-02,3.42643373e-02,3.43561769e-02,3.43964547e-02,3.43852304e-02,3.43227759e-02,3.42095047e-02,3.40460762e-02,3.38332579e-02,3.35719995e-02,3.32634337e-02,3.29088084e-02,3.25094908e-02,3.20670232e-02,3.15830335e-02,3.10592763e-02,3.04976497e-02,2.99001131e-02,2.92687789e-02,2.86058243e-02,2.79135630e-02,2.71943882e-02,2.64507737e-02,2.56853197e-02,2.49006711e-02,2.40995530e-02,2.32847668e-02,2.24591456e-02,2.16255561e-02,2.07868628e-02,1.99459512e-02,1.91056393e-02,1.82686932e-02,1.74378064e-02,1.66155696e-02,1.58044249e-02,1.50067043e-02,1.42245498e-02,1.34599237e-02,1.27146244e-02,1.19902175e-02,1.12880794e-02,1.06093902e-02,9.95511282e-03,9.32600815e-03,8.72266013e-03,8.14543199e-03,7.59454025e-03,7.07001658e-03,6.57175761e-03,6.09949930e-03,5.65286819e-03,5.23137301e-03,4.83442517e-03,4.46134666e-03,4.11139429e-03,3.78376478e-03,3.47761461e-03,3.19204689e-03,2.92616151e-03,2.67902715e-03,2.44971551e-03,2.23728758e-03,2.04082206e-03
1.83926674e-03,2.01796088e-03,2.21135141e-03,2.42031040e-03,2.64571491e-03,2.88843922e-03,3.14936205e-03,3.42933903e-03,3.72921140e-03,4.04978357e-03,4.39182622e-03,4.75605018e-03,5.14311017e-03,5.55357710e-03,5.98794175e-03,6.44658459e-03,6.92978548e-03,7.43768550e-03,7.97030330e-03,8.52749031e-03,9.10895970e-03,9.71422717e-03,1.03426678e-02,1.09934444e-02,1.16655501e-02,1.23577761e-02,1.30687393e-02,1.37968669e-02,1.45403938e-02,1.52973980e-02,1.60657912e-02,1.68433208e-02,1.76276192e-02,1.84161812e-02,1.92064140e-02,1.99956205e-02,2.07810588e-02,2.15599239e-02,2.23294105e-02,2.30866708e-02,2.38288995e-02,2.45533045e-02,2.52571534e-02,2.59377621e-02,2.65925378e-02,2.72189919e-02,2.78147031e-02,2.83774287e-02,2.89050117e-02,2.93954685e-02,2.98469514e-02,3.02577931e-02,3.06264944e-02,3.09517197e-02,3.12323514e-02,3.14674191e-02,3.16561684e-02,3.17980312e-02,3.18926126e-02,3.19397226e-02,3.19393501e-02,3.18916552e-02,3.17969471e-02,3.16557437e-02,3.14686820e-02,3.12365554e-02,3.09603214e-02,3.06410547e-02,3.02799605e-02,2.98783798e-02,2.94377580e-02,2.89596859e-02,2.84458287e-02,2.78979987e-02,2.73181014e-02,2.67081298e-02,2.60702148e-02,2.54065543e-02,2.47194599e-02,2.40113400e-02,2.32846476e-02,2.25419700e-02,2.17858925e-02,2.10191011e-02,2.02442650e-02,1.94641184e-02,1.86813362e-02,1.78986061e-02,1.71185303e-02,1.63436569e-02,1.55764334e-02,1.48191908e-02,1.40741244e-02,1.33432616e-02,1.26284854e-02,1.19314892e-02,1.12537760e-02,1.05966777e-02,9.96129774e-03,9.34858434e-03,8.75926949e-03,8.19391198e-03,7.65288807e-03,7.13641383e-03,6.64454931e-03,6.17719255e-03,5.73413540e-03,5.31503139e-03,4.91943117e-03,4.54679597e-03,4.19650506e-03,3.86787183e-03,3.56014539e-03,3.27254296e-03,3.00423522e-03,2.75437906e-03,2.52211047e-03,2.30655516e-03,2.10684305e-03,1.92211068e-03
1.71439850e-03,1.88039173e-03,2.05998006e-03,2.25395570e-03,2.46312353e-03,2.68828846e-03,2.93024746e-03,3.18978960e-03,3.46767856e-03,3.76464683e-03,4.08140151e-03,4.41858079e-03,4.77678236e-03,5.15652169e-03,5.55824302e-03,5.98228397e-03,6.42889366e-03,6.89819595e-03,7.39019457e-03,7.90475123e-03,8.44159350e-03,9.00027435e-03,9.58021265e-03,1.01806410e-02,1.08006345e-02,1.14390897e-02,1.20947361e-02,1.27661414e-02,1.34516908e-02,1.41496416e-02,1.48580829e-02,1.55749684e-02,1.62981432e-02,1.70253310e-02,1.77541710e-02,1.84822120e-02,1.92069672e-02,1.99258756e-02,2.06363928e-02,2.13359222e-02,2.20219139e-02,2.26918273e-02,2.33431719e-02,2.39734892e-02,2.45804247e-02,2.51616910e-02,2.57150885e-02,2.62385421e-02,2.67300792e-02,2.71878578e-02,2.76101921e-02,2.79955156e-02,2.83424277e-02,2.86496859e-02,2.89161950e-02,2.91410685e-02,2.93235295e-02,2.94630136e-02,2.95591075e-02,2.96115577e-02,2.96203028e-02,2.95854006e-02,2.95070857e-02,2.93857437e-02,2.92218998e-02,2.90162098e-02,2.87694782e-02,2.84826271e-02,2.81566940e-02,2.77928840e-02,2.73924526e-02,2.69568227e-02,2.64874864e-02,2.59860884e-02,2.54543554e-02,2.48940997e-02,2.43072920e-02,2.36959476e-02,2.30622105e-02,2.24083066e-02,2.17365324e-02,2.10492872e-02,2.03489959e-02,1.96381584e-02,1.89192947e-02,1.81949623e-02,1.74676720e-02,1.67399552e-02,1.60142668e-02,1.52929975e-02,1.45784644e-02,1.38728675e-02,1.31782796e-02,1.24966195e-02,1.18296780e-02,1.11790579e-02,1.05461916e-02,9.93234850e-03,9.33858380e-03,8.76580831e-03,8.21472984e-03,7.68589415e-03,7.17967097e-03,6.69628382e-03,6.23580627e-03,5.79816150e-03,5.38316928e-03,4.99052275e-03,4.61981026e-03,4.27054381e-03,3.94215342e-03,3.63399857e-03,3.34539730e-03,3.07561574e-03,2.82388879e-03,2.58943043e-03,2.37143226e-03,2.16909102e-03,1.98158831e-03,1.80811994e-03
1.59604929e-03,1.75004138e-03,1.91658607e-03,2.09640944e-03,2.29024701e-03,2.49883463e-03,2.72290083e-03,2.96316389e-03,3.22031998e-03,3.49503662e-03,3.78795387e-03,4.09965310e-03,4.43067215e-03,4.78147576e-03,5.15246531e-03,5.54394256e-03,5.95612731e-03,6.38912385e-03,6.84293266e-03,7.31741404e-03,7.81231793e-03,8.32722429e-03,8.86160322e-03,9.41474922e-03,9.98581108e-03,1.05737811e-02,1.11775035e-02,1.17956670e-02,1.24268075e-02,1.30693344e-02,1.37215126e-02,1.43814813e-02,1.50472838e-02,1.57168545e-02,1.63880475e-02,1.70586389e-02,1.77263692e-02,1.83889251e-02,1.90439783e-02,1.96891818e-02,2.03222148e-02,2.09407676e-02,2.15425678e-02,2.21253783e-02,2.26870626e-02,2.32255198e-02,2.37387363e-02,2.42248196e-02,2.46819612e-02,2.51084603e-02,2.55027581e-02,2.58634035e-02,2.61890851e-02,2.64786519e-02,2.67310515e-02,2.69454233e-02,2.71210521e-02,2.72573307e-02,2.73538493e-02,2.74103079e-02,2.74266005e-02,2.74026953e-02,2.73387674e-02,2.72350982e-02,2.70921011e-02,2.69103218e-02,2.66904235e-02,2.64331941e-02,2.61395499e-02,2.58105211e-02,2.54472308e-02,2.50509381e-02,2.46229880e-02,2.41648462e-02,2.36780997e-02,2.31643915e-02,2.26255171e-02,2.20633410e-02,2.14798432e-02,2.08770745e-02,2.02571750e-02,1.96223762e-02,1.89749319e-02,1.83171853e-02,1.76514760e-02,1.69802178e-02,1.63057446e-02,1.56304408e-02,1.49566056e-02,1.42864939e-02,1.36222765e-02,1.29660284e-02,1.23197017e-02,1.16851116e-02,1.10639455e-02,1.04577243e-02,9.86780878e-03,9.29540396e-03,8.74151755e-03,8.20702221e-03,7.69259920e-03,7.19877658e-03,6.72592362e-03,6.27426570e-03,5.84388850e-03,5.43473987e-03,5.04666474e-03,4.67939023e-03,4.33254801e-03,4.00569290e-03,3.69830220e-03,3.40978825e-03,3.13952356e-03,2.88682966e-03,2.65099807e-03,2.43130000e-03,2.22698692e-03,2.03731051e-03,1.86151126e-03,1.69883913e-03
1.48406182e-03,1.62673194e-03,1.78097538e-03,1.94745522e-03,2.12684390e-03,2.31981277e-03,2.52702506e-03,2.74913455e-03,2.98677548e-03,3.24055296e-03,3.51104722e-03,3.79878259e-03,4.10424778e-03,4.42786142e-03,4.76997904e-03,5.13087353e-03,5.51073626e-03,5.90965711e-03,6.32762909e-03,6.76451623e-03,7.22008850e-03,7.69395614e-03,8.18563066e-03,8.69446434e-03,9.21968091e-03,9.76035744e-03,1.03154453e-02,1.08837476e-02,1.14639336e-02,1.20545616e-02,1.26540503e-02,1.32607203e-02,1.38727892e-02,1.44883879e-02,1.51055735e-02,1.57223269e-02,1.63366012e-02,1.69462990e-02,1.75493099e-02,1.81435049e-02,1.87267736e-02,1.92970224e-02,1.98521856e-02,2.03902330e-02,2.09092069e-02,2.14072019e-02,2.18823757e-02,2.23329980e-02,2.27574054e-02,2.31540389e-02,2.35214643e-02,2.38583293e-02,2.41634212e-02,2.44356524e-02,2.46740356e-02,2.48777587e-02,2.50461046e-02,2.51784828e-02,2.52744816e-02,2.53337678e-02,2.53561828e-02,2.53416635e-02,2.52902880e-02,2.52022650e-02,2.50779223e-02,2.49176919e-02,2.47221310e-02,2.44919118e-02,2.42278110e-02,2.39307396e-02,2.36016884e-02,2.32417677e-02,2.28521768e-02,2.24342439e-02,2.19894033e-02,2.15191469e-02,2.10251231e-02,2.05090456e-02,1.99727174e-02,1.94180626e-02,1.88470334e-02,1.82617195e-02,1.76642109e-02,1.70566849e-02,1.64413285e-02,1.58203859e-02,1.51960524e-02,1.45705389e-02,1.39460107e-02,1.33245774e-02,1.27082709e-02,1.20990425e-02,1.14987306e-02,1.09090367e-02,1.03315599e-02,9.76773445e-03,9.21884272e-03,8.68603215e-03,8.17025825e-03,7.67235784e-03,7.19298236e-03,6.73264824e-03,6.29171496e-03,5.87041117e-03,5.46883186e-03,5.08695003e-03,4.72463015e-03,4.38163662e-03,4.05763695e-03,3.75222811e-03,3.46493442e-03,3.19521641e-03,2.94249924e-03,2.70615611e-03,2.48553557e-03,2.27996148e-03,2.08874210e-03,1.91118417e-03,1.74658175e-03,1.59423996e-03
1.37826242e-03,1.51027052e-03,1.65293121e-03,1.80685334e-03,1.97264762e-03,2.15092674e-03,2.34229444e-03,2.54734093e-03,2.76664807e-03,3.00075812e-03,3.25019914e-03,3.51544190e-03,3.79693159e-03,4.09504119e-03,4.41008760e-03,4.74231504e-03,5.09189256e-03,5.45889465e-03,5.84330456e-03,6.24500215e-03,6.66376064e-03,7.09923543e-03,7.55096041e-03,8.01835395e-03,8.50070268e-03,8.99717025e-03,9.50680114e-03,1.00285020e-02,1.05610769e-02,1.11032035e-02,1.16534578e-02,1.22103160e-02,1.27721699e-02,1.33373225e-02,1.39040099e-02,1.44704217e-02,1.50346886e-02,1.55949183e-02,1.61491949e-02,1.66956019e-02,1.72322188e-02,1.77571438e-02,1.82685107e-02,1.87644586e-02,1.92432255e-02,1.97030660e-02,2.01423056e-02,2.05593575e-02,2.09526960e-02,2.13209130e-02,2.16626395e-02,2.19766740e-02,2.22618654e-02,2.25172043e-02,2.27417573e-02,2.29347516e-02,2.30954941e-02,2.32234150e-02,2.33180802e-02,2.33791582e-02,2.34064423e-02,2.33998224e-02,2.33593341e-02,2.32851058e-02,2.31773853e-02,2.30365191e-02,2.28629652e-02,2.26572957e-02,2.24201847e-02,2.21523996e-02,2.18548235e-02,2.15284489e-02,2.11743377e-02,2.07936950e-02,2.03877967e-02,1.99580193e-02,1.95058566e-02,1.90328732e-02,1.85407437e-02,1.80312227e-02,1.75061356e-02,1.69673823e-02,1.64169278e-02,1.58567894e-02,1.52890012e-02,1.47156287e-02,1.41387545e-02,1.35604143e-02,1.29826413e-02,1.24073979e-02,1.18365949e-02,1.12720467e-02,1.07154809e-02,1.01685096e-02,9.63261351e-03,9.10915807e-03,8.59935023e-03,8.10426380e-03,7.62483058e-03,7.16182031e-03,6.71587605e-03,6.28749235e-03,5.87701704e-03,5.48468437e-03,5.11059398e-03,4.75474261e-03,4.41701524e-03,4.09720186e-03,3.79501539e-03,3.51008726e-03,3.24198580e-03,2.99022091e-03,2.75426195e-03,2.53353431e-03,2.32744077e-03,2.13535712e-03,1.95664540e-03,1.79066067e-03,1.63675286e-03,1.49427843e-03
1.27846864e-03,1.40045304e-03,1.53222878e-03,1.67435303e-03,1.82738178e-03,1.99186825e-03,2.16836529e-03,2.35740771e-03,2.55951681e-03,2.77519180e-03,3.00490088e-03,3.24907736e-03,3.50811146e-03,3.78234638e-03,4.07206267e-03,4.37747221e-03,4.69872775e-03,5.03588747e-03,5.38893603e-03,5.75775234e-03,6.14213245e-03,6.54174853e-03,6.95618428e-03,7.38490047e-03,7.82725308e-03,8.28247704e-03,8.74970201e-03,9.22794640e-03,9.71611217e-03,1.02130137e-02,1.07173640e-02,1.12277716e-02,1.17427921e-02,1.22608915e-02,1.27804773e-02,1.32999010e-02,1.38174882e-02,1.43315196e-02,1.48402732e-02,1.53419971e-02,1.58349667e-02,1.63174570e-02,1.67877711e-02,1.72442328e-02,1.76852271e-02,1.81091782e-02,1.85145475e-02,1.88999008e-02,1.92638393e-02,1.96050517e-02,1.99223179e-02,2.02144962e-02,2.04805303e-02,2.07194723e-02,2.09304579e-02,2.11127419e-02,2.12656669e-02,2.13886760e-02,2.14813333e-02,2.15432961e-02,2.15743314e-02,2.15743016e-02,2.15431862e-02,2.14810576e-02,2.13880986e-02,2.12645773e-02,2.11108737e-02,2.09274627e-02,2.07149144e-02,2.04739124e-02,2.02052221e-02,1.99097134e-02,1.95883475e-02,1.92421935e-02,1.88724119e-02,1.84802450e-02,1.80670582e-02,1.76342838e-02,1.71834454e-02,1.67161711e-02,1.62341297e-02,1.57390982e-02,1.52328676e-02,1.47173209e-02,1.41943395e-02,1.36658512e-02,1.31337689e-02,1.26000037e-02,1.20664407e-02,1.15349106e-02,1.10071963e-02,1.04849981e-02,9.96992271e-03,9.46347509e-03,8.96705594e-03,8.48193653e-03,8.00925680e-03,7.55004166e-03,7.10514933e-03,6.67533651e-03,6.26120111e-03,5.86322090e-03,5.48174046e-03,5.11698937e-03,4.76908125e-03,4.43801889e-03,4.12371755e-03,3.82599607e-03,3.54459253e-03,3.27918143e-03,3.02936882e-03,2.79471488e-03,2.57472810e-03,2.36888835e-03,2.17664125e-03,1.99741754e-03,1.83062884e-03,1.67567830e-03,1.53196719e-03,1.39889948e-03
1.18448748e-03,1.29706296e-03,1.41862838e-03,1.54968747e-03,1.69074675e-03,1.84231007e-03,2.00487580e-03,2.17892742e-03,2.36494164e-03,2.56336224e-03,2.77461810e-03,2.99909175e-03,3.23714176e-03,3.48906522e-03,3.75511893e-03,4.03549196e-03,4.33031237e-03,4.63962927e-03,4.96342173e-03,5.30158076e-03,5.65390987e-03,6.02011522e-03,6.39980845e-03,6.79250062e-03,7.19760638e-03,7.61442864e-03,8.04218557e-03,8.47997423e-03,8.92681722e-03,9.38162953e-03,9.84325074e-03,1.03104338e-02,1.07818637e-02,1.12561602e-02,1.17318816e-02,1.22075565e-02,1.26816547e-02,1.31526310e-02,1.36189284e-02,1.40789738e-02,1.45311942e-02,1.49740372e-02,1.54059678e-02,1.58254579e-02,1.62310507e-02,1.66213103e-02,1.69948433e-02,1.73503328e-02,1.76865030e-02,1.80021636e-02,1.82961803e-02,1.85674988e-02,1.88151561e-02,1.90382618e-02,1.92360021e-02,1.94076765e-02,1.95526592e-02,1.96704082e-02,1.97604951e-02,1.98225677e-02,1.98563803e-02,1.98617652e-02,1.98386591e-02,1.97870955e-02,1.97071973e-02,1.95991695e-02,1.94633119e-02,1.93000305e-02,1.91098172e-02,1.88932382e-02,1.86509863e-02,1.83838289e-02,1.80926044e-02,1.77782848e-02,1.74419191e-02,1.70846228e-02,1.67076420e-02,1.63122825e-02,1.58999469e-02,1.54721150e-02,1.50303356e-02,1.45762274e-02,1.41114630e-02,1.36377737e-02,1.31568983e-02,1.26706120e-02,1.21807102e-02,1.16889523e-02,1.11970864e-02,1.07068205e-02,1.02198096e-02,9.73763224e-03,9.26179159e-03,8.79369676e-03,8.33465066e-03,7.88585097e-03,7.44836731e-03,7.02314917e-03,6.61103148e-03,6.21270947e-03,5.82876196e-03,5.45965228e-03,5.10570593e-03,4.76715853e-03,4.44412185e-03,4.13662381e-03,3.84458876e-03,3.56786372e-03,3.30622261e-03,3.05937207e-03,2.82695750e-03,2.60857516e-03,2.40378501e-03,2.21210578e-03,2.03303574e-03,1.86604867e-03,1.71060383e-03,1.56615442e-03,1.43214699e-03,1.30803254e-03
1.09611708e-03,1.19987736e-03,1.31187867e-03,1.43257924e-03,1.56243786e-03,1.70190935e-03,1.85144600e-03,2.01148889e-03,2.18245899e-03,2.36476655e-03,2.55878922e-03,2.76487879e-03,2.98334612e-03,3.21446639e-03,3.45845916e-03,3.71549651e-03,3.98568856e-03,4.26907651e-03,4.56563523e-03,4.87526134e-03,5.19777182e-03,5.53289894e-03,5.88028692e-03,6.23949151e-03,6.60997769e-03,6.99111819e-03,7.38220103e-03,7.78241130e-03,8.19086656e-03,8.60658847e-03,9.02852323e-03,9.45555512e-03,9.88649391e-03,1.03200963e-02,1.07550649e-02,1.11900680e-02,1.16237346e-02,1.20546659e-02,1.24814566e-02,1.29026920e-02,1.33169508e-02,1.37228267e-02,1.41189313e-02,1.45038851e-02,1.48763685e-02,1.52350748e-02,1.55787375e-02,1.59061607e-02,1.62161775e-02,1.65077057e-02,1.67796891e-02,1.70311779e-02,1.72612630e-02,1.74691286e-02,1.76540054e-02,1.78152435e-02,1.79522391e-02,1.80644803e-02,1.81515403e-02,1.82130653e-02,1.82488058e-02,1.82585623e-02,1.82422530e-02,1.81998648e-02,1.81314759e-02,1.80372391e-02,1.79173946e-02,1.77722760e-02,1.76023059e-02,1.74079668e-02,1.71898641e-02,1.69486757e-02,1.66851487e-02,1.64001565e-02,1.60946343e-02,1.57695990e-02,1.54261766e-02,1.50655601e-02,1.46890311e-02,1.42979436e-02,1.38937160e-02,1.34778405e-02,1.30518563e-02,1.26173533e-02,1.21759446e-02,1.17292646e-02,1.12789720e-02,1.08266976e-02,1.03740580e-02,9.92263667e-03,9.47397016e-03,9.02952068e-03,8.59069545e-03,8.15879926e-03,7.73505028e-03,7.32056703e-03,6.91634882e-03,6.52329018e-03,6.14217576e-03,5.77366166e-03,5.41830063e-03,5.07653365e-03,4.74867504e-03,4.43496089e-03,4.13550436e-03,3.85034690e-03,3.57942842e-03,3.32262670e-03,3.07973567e-03,2.85049854e-03,2.63459282e-03,2.43165903e-03,2.24129390e-03,2.06306460e-03,1.89650513e-03,1.74113957e-03,1.59647083e-03,1.46199728e-03,1.33720879e-03,1.22160011e-03
1.01315032e-03,1.10866444e-03,1.21172448e-03,1.32274278e-03,1.44213554e-03,1.57031638e-03,1.70769123e-03,1.85465848e-03,2.01160018e-03,2.17888015e-03,2.35684402e-03,2.54580099e-03,2.74603534e-03,2.95778457e-03,3.18125170e-03,3.41657968e-03,3.66387214e-03,3.92315863e-03,4.19441098e-03,4.47753025e-03,4.77235299e-03,5.07862447e-03,5.39603038e-03,5.72416279e-03,6.06253510e-03,6.41057966e-03,6.76765200e-03,7.13302242e-03,7.50588533e-03,7.88536482e-03,8.27051699e-03,8.66032299e-03,9.05372202e-03,9.44958907e-03,9.84676369e-03,1.02440370e-02,1.06401825e-02,1.10339392e-02,1.14240432e-02,1.18092075e-02,1.21881664e-02,1.25596393e-02,1.29223811e-02,1.32751362e-02,1.36167137e-02,1.39459316e-02,1.42616341e-02,1.45627400e-02,1.48481838e-02,1.51169645e-02,1.53681394e-02,1.56008163e-02,1.58141591e-02,1.60074160e-02,1.61798652e-02,1.63308959e-02,1.64599419e-02,1.65665057e-02,1.66501794e-02,1.67106111e-02,1.67475417e-02,1.67607591e-02,1.67501643e-02,1.67157054e-02,1.66574288e-02,1.65754333e-02,1.64699201e-02,1.63411498e-02,1.61894839e-02,1.60153490e-02,1.58192646e-02,1.56018231e-02,1.53636951e-02,1.51056545e-02,1.48285516e-02,1.45332944e-02,1.42209083e-02,1.38924811e-02,1.35491788e-02,1.31922411e-02,1.28229586e-02,1.24427136e-02,1.20529104e-02,1.16550103e-02,1.12504959e-02,1.08408928e-02,1.04277041e-02,1.00124450e-02,9.59661417e-03,9.18166991e-03,8.76903255e-03,8.36006925e-03,7.95607176e-03,7.55825685e-03,7.16776028e-03,6.78561395e-03,6.41276408e-03,6.05005072e-03,5.69819333e-03,5.35783079e-03,5.02947392e-03,4.71353903e-03,4.41034371e-03,4.12010681e-03,3.84295708e-03,3.57893342e-03,3.32800392e-03,3.09005752e-03,2.86491914e-03,2.65235920e-03,2.45209457e-03,2.26379442e-03,2.08709901e-03,1.92161277e-03,1.76691415e-03,1.62256521e-03,1.48811191e-03,1.36309699e-03,1.24705164e-03,1.13951089e-03
9.35374759e-04,1.02318882e-03,1.11790129e-03,1.21988542e-03,1.32951769e-03,1.44717132e-03,1.57321268e-03,1.70799973e-03,1.85187778e-03,2.00517243e-03,2.16819393e-03,2.34121876e-03,2.52450071e-03,2.71825120e-03,2.92264973e-03,3.13782296e-03,3.36385798e-03,3.60077992e-03,3.84855759e-03,4.10710182e-03,4.37625684e-03,4.65579331e-03,4.94542392e-03,5.24477568e-03,5.55341225e-03,5.87082002e-03,6.19641179e-03,6.52953703e-03,6.86946511e-03,7.21540907e-03,7.56651862e-03,7.92188011e-03,8.28053802e-03,8.64147954e-03,9.00366437e-03,9.36600193e-03,9.72739328e-03,1.00867040e-02,1.04427943e-02,1.07945101e-02,1.11407032e-02,1.14802271e-02,1.18119549e-02,1.21347522e-02,1.24475444e-02,1.27492575e-02,1.30388495e-02,1.33153275e-02,1.35777295e-02,1.38251428e-02,1.40567003e-02,1.42715843e-02,1.44690257e-02,1.46483267e-02,1.48088187e-02,1.49499262e-02,1.50711183e-02,1.51719172e-02,1.52519327e-02,1.53108193e-02,1.53483143e-02,1.53642017e-02,1.53583605e-02,1.53307188e-02,1.52812852e-02,1.52101303e-02,1.51174022e-02,1.50033217e-02,1.48681831e-02,1.47123653e-02,1.45363072e-02,1.43405376e-02,1.41256526e-02,1.38923377e-02,1.36413574e-02,1.33735370e-02,1.30898003e-02,1.27911326e-02,1.24785965e-02,1.21533219e-02,1.18164923e-02,1.14693735e-02,1.11132460e-02,1.07494555e-02,1.03793629e-02,1.00043686e-02,9.62585397e-03,9.24521778e-03,8.86383839e-03,8.48306529e-03,8.10420420e-03,7.72852125e-03,7.35721458e-03,6.99140644e-03,6.63215527e-03,6.28041942e-03,5.93707850e-03,5.60291996e-03,5.27861528e-03,4.96476702e-03,4.66185482e-03,4.37027961e-03,4.09034174e-03,3.82225704e-03,3.56615591e-03,3.32208723e-03,3.09003005e-03,2.86989473e-03,2.66153016e-03,2.46473309e-03,2.27925112e-03,2.10478809e-03,1.94102072e-03,1.78758812e-03,1.64410844e-03,1.51018368e-03,1.38539972e-03,1.26933760e-03,1.16156891e-03,1.06166711e-03
8.62573797e-04,9.43209976e-04,1.03014219e-03,1.12371065e-03,1.22425519e-03,1.33210956e-03,1.44760695e-03,1.57106761e-03,1.70280144e-03,1.84310228e-03,1.99224427e-03,2.15047738e-03,2.31802603e-03,2.49508186e-03,2.68179877e-03,2.87829083e-03,3.08463001e-03,3.30083375e-03,3.52687971e-03,3.76267498e-03,4.00808128e-03,4.26288694e-03,4.52683168e-03,4.79957694e-03,5.08072879e-03,5.36982156e-03,5.66633046e-03,5.96966501e-03,6.27916912e-03,6.59413682e-03,6.91380305e-03,7.23734684e-03,7.56390998e-03,7.89258722e-03,8.22243746e-03,8.55248701e-03,8.88174493e-03,9.20919515e-03,9.53381415e-03,9.85455979e-03,1.01704020e-02,1.04803080e-02,1.07832588e-02,1.10782394e-02,1.13642681e-02,1.16403801e-02,1.19056292e-02,1.21591184e-02,1.23999668e-02,1.26273474e-02,1.28404638e-02,1.30385635e-02,1.32209491e-02,1.33869648e-02,1.35359978e-02,1.36675080e-02,1.37809971e-02,1.38760097e-02,1.39521733e-02,1.40091544e-02,1.40466904e-02,1.40645606e-02,1.40626300e-02,1.40408119e-02,1.39990887e-02,1.39374994e-02,1.38561558e-02,1.37552423e-02,1.36349974e-02,1.34957498e-02,1.33378785e-02,1.31618530e-02,1.29681937e-02,1.27575183e-02,1.25305122e-02,1.22879138e-02,1.20305652e-02,1.17593529e-02,1.14752445e-02,1.11792749e-02,1.08725168e-02,1.05561214e-02,1.02312705e-02,9.89919156e-03,9.56113078e-03,9.21837240e-03,8.87218677e-03,8.52385536e-03,8.17464758e-03,7.82580394e-03,7.47853005e-03,7.13398959e-03,6.79329131e-03,6.45747269e-03,6.12751115e-03,5.80429938e-03,5.48865180e-03,5.18130371e-03,4.88288375e-03,4.59395163e-03,4.31496650e-03,4.04630182e-03,3.78824864e-03,3.54101835e-03,3.30473902e-03,3.07946629e-03,2.86519341e-03,2.66184704e-03,2.46929773e-03,2.28736736e-03,2.11583124e-03,1.95442792e-03,1.80285960e-03,1.66080694e-03,1.52792083e-03,1.40384142e-03,1.28819281e-03,1.18058908e-03,1.08064199e-03,9.87961423e-04
7.94532243e-04,8.68485600e-04,9.48180386e-04,1.03392219e-03,1.12601742e-03,1.22476742e-03,1.33046985e-03,1.44341541e-03,1.56387861e-03,1.69212499e-03,1.82839867e-03,1.97292422e-03,2.12589791e-03,2.28749169e-03,2.45783990e-03,2.63704406e-03,2.82516587e-03,3.02221836e-03,3.22817313e-03,3.44295101e-03,3.66642093e-03,3.89839313e-03,4.13862430e-03,4.38681617e-03,4.64260718e-03,4.90558008e-03,5.17526455e-03,5.45112323e-03,5.73257543e-03,6.01898180e-03,6.30965270e-03,6.60385843e-03,6.90082554e-03,7.19974330e-03,7.49976560e-03,7.80002587e-03,8.09962861e-03,8.39766301e-03,8.69320706e-03,8.98533501e-03,9.27311182e-03,9.55561269e-03,9.83191654e-03,1.01011097e-02,1.03623085e-02,1.06146401e-02,1.08572440e-02,1.10893101e-02,1.13100419e-02,1.15186824e-02,1.17144994e-02,1.18968161e-02,1.20649822e-02,1.22183980e-02,1.23564936e-02,1.24787660e-02,1.25847487e-02,1.26740132e-02,1.27462018e-02,1.28009925e-02,1.28381308e-02,1.28573924e-02,1.28586404e-02,1.28417648e-02,1.28067369e-02,1.27535677e-02,1.26823448e-02,1.25932032e-02,1.24863572e-02,1.23620695e-02,1.22206854e-02,1.20626111e-02,1.18883057e-02,1.16983242e-02,1.14932712e-02,1.12738200e-02,1.10407267e-02,1.07947970e-02,1.05369044e-02,1.02679878e-02,9.98903438e-03,9.70108248e-03,9.40521341e-03,9.10254940e-03,8.79423413e-03,8.48142803e-03,8.16531479e-03,7.84705579e-03,7.52782077e-03,7.20874406e-03,6.89093955e-03,6.57547079e-03,6.26336224e-03,5.95557690e-03,5.65300928e-03,5.35649015e-03,5.06677339e-03,4.78453608e-03,4.51037707e-03,4.24480578e-03,3.98826506e-03,3.74110369e-03,3.50359990e-03,3.27595766e-03,3.05830128e-03,2.85070040e-03,2.65314826e-03,2.46559433e-03,2.28792662e-03,2.11999053e-03,1.96158490e-03,1.81247783e-03,1.67240424e-03,1.54107506e-03,1.41817413e-03,1.30337663e-03,1.19633996e-03,1.09671545e-03,1.00414653e-03,9.18278471e-04
7.31030246e-04,7.98773777e-04,8.71744356e-04,9.50218644e-04,1.03447225e-03,1.12477539e-03,1.22139661e-03,1.32459437e-03,1.43461709e-03,1.55170017e-03,1.67606201e-03,1.80790143e-03,1.94739527e-03,2.09469418e-03,2.24991841e-03,2.41315342e-03,2.58445228e-03,2.76382384e-03,2.95124506e-03,3.14663490e-03,3.34987743e-03,3.56079591e-03,3.77917709e-03,4.00474481e-03,4.23717732e-03,4.47609602e-03,4.72107762e-03,4.97164484e-03,5.22726960e-03,5.48738195e-03,5.75136766e-03,6.01856550e-03,6.28828770e-03,6.55980548e-03,6.83236495e-03,7.10518192e-03,7.37745967e-03,7.64838234e-03,7.91712292e-03,8.18284601e-03,8.44471622e-03,8.70190002e-03,8.95357225e-03,9.19890683e-03,9.43711028e-03,9.66738909e-03,9.88897029e-03,1.01011200e-02,1.03031117e-02,1.04942564e-02,1.06738964e-02,1.08414041e-02,1.09961806e-02,1.11376820e-02,1.12653766e-02,1.13787968e-02,1.14775077e-02,1.15611060e-02,1.16292574e-02,1.16816489e-02,1.17180282e-02,1.17381858e-02,1.17419660e-02,1.17292646e-02,1.17000267e-02,1.16542503e-02,1.15919942e-02,1.15133664e-02,1.14185382e-02,1.13077490e-02,1.11812828e-02,1.10395001e-02,1.08828098e-02,1.07117025e-02,1.05267242e-02,1.03284754e-02,1.01176370e-02,9.89493821e-03,9.66117345e-03,9.41719115e-03,9.16388445e-03,8.90220795e-03,8.63313861e-03,8.35770369e-03,8.07693973e-03,7.79192196e-03,7.50371115e-03,7.21338484e-03,6.92200754e-03,6.63061859e-03,6.34024153e-03,6.05185330e-03,5.76639501e-03,5.48474630e-03,5.20774163e-03,4.93614189e-03,4.67064418e-03,4.41188365e-03,4.16040607e-03,3.91669851e-03,3.68116470e-03,3.45414039e-03,3.23588611e-03,3.02660023e-03,2.82640965e-03,2.63538025e-03,2.45352322e-03,2.28079362e-03,2.11710040e-03,1.96230737e-03,1.81624037e-03,1.67869299e-03,1.54942623e-03,1.42818142e-03,1.31467462e-03,1.20861141e-03,1.10968261e-03,1.01756933e-03,9.31949238e-04,8.52499041e-04
6.71852089e-04,7.33832654e-04,8.00567504e-04,8.72304547e-04,9.49290756e-04,1.03177084e-03,1.11998420e-03,1.21416105e-03,1.31452642e-03,1.42128707e-03,1.53464149e-03,1.65476208e-03,1.78181019e-03,1.91591459e-03,2.05718307e-03,2.20569083e-03,2.36148108e-03,2.52456288e-03,2.69490690e-03,2.87244609e-03,3.05706495e-03,3.24861263e-03,3.44688958e-03,3.65164643e-03,3.86259891e-03,4.07940429e-03,4.30167885e-03,4.52899607e-03,4.76088608e-03,4.99683665e-03,5.23629505e-03,5.47867361e-03,5.72335487e-03,5.96968643e-03,6.21699356e-03,6.46457914e-03,6.71172421e-03,6.95769861e-03,7.20176240e-03,7.44316913e-03,7.68116722e-03,7.91500788e-03,8.14394932e-03,8.36724881e-03,8.58419202e-03,8.79406370e-03,8.99616629e-03,9.18983296e-03,9.37440526e-03,9.54926480e-03,9.71379783e-03,9.86744184e-03,1.00096511e-02,1.01399142e-02,1.02577535e-02,1.03627266e-02,1.04544330e-02,1.05324956e-02,1.05965920e-02,1.06464326e-02,1.06817707e-02,1.07023986e-02,1.07081663e-02,1.06989574e-02,1.06747085e-02,1.06354058e-02,1.05810799e-02,1.05118202e-02,1.04277702e-02,1.03291189e-02,1.02161290e-02,1.00891124e-02,9.94842686e-03,9.79451090e-03,9.62785073e-03,9.44898464e-03,9.25853010e-03,9.05714091e-03,8.84553511e-03,8.62448476e-03,8.39480106e-03,8.15734174e-03,7.91300181e-03,7.66271446e-03,7.40742823e-03,7.14811031e-03,6.88574510e-03,6.62130537e-03,6.35576155e-03,6.09007198e-03,5.82516752e-03,5.56194270e-03,5.30126318e-03,5.04393922e-03,4.79073124e-03,4.54234704e-03,4.29942645e-03,4.06255294e-03,3.83224268e-03,3.60894110e-03,3.39302723e-03,3.18482029e-03,2.98456335e-03,2.79244711e-03,2.60859542e-03,2.43308116e-03,2.26591923e-03,2.10707658e-03,1.95647939e-03,1.81400962e-03,1.67951547e-03,1.55281136e-03,1.43368763e-03,1.32190913e-03,1.21722487e-03,1.11936568e-03,1.02805370e-03,9.43000196e-04,8.63912690e-04,7.90497230e-04
6.16780657e-04,6.73422648e-04,7.34382134e-04,7.99882575e-04,8.70146148e-04,9.45390493e-04,1.02583121e-03,1.11167494e-03,1.20312010e-03,1.30035367e-03,1.40354957e-03,1.51286426e-03,1.62843638e-03,1.75038376e-03,1.87879824e-03,2.01374502e-03,2.15526251e-03,2.30335374e-03,2.45799520e-03,2.61911750e-03,2.78662448e-03,2.96037016e-03,3.14017991e-03,3.32582905e-03,3.51705751e-03,3.71356006e-03,3.91499605e-03,4.12098086e-03,4.33109142e-03,4.54487046e-03,4.76182858e-03,4.98143444e-03,5.20313717e-03,5.42635750e-03,5.65048773e-03,5.87490527e-03,6.09896891e-03,6.32202579e-03,6.54341374e-03,6.76245894e-03,6.97849598e-03,7.19084591e-03,7.39884842e-03,7.60183437e-03,7.79915694e-03,7.99017586e-03,8.17426108e-03,8.35080817e-03,8.51922482e-03,8.67894012e-03,8.82941019e-03,8.97011161e-03,9.10054799e-03,9.22025181e-03,9.32877883e-03,9.42572672e-03,9.51071735e-03,9.58340336e-03,9.64347925e-03,9.69067030e-03,9.72474460e-03,9.74549633e-03,9.75277647e-03,9.74646769e-03,9.72650200e-03,9.69284493e-03,9.64552164e-03,9.58459172e-03,9.51017626e-03,9.42244381e-03,9.32160858e-03,9.20794997e-03,9.08178277e-03,8.94349534e-03,8.79352354e-03,8.63235258e-03,8.46053101e-03,8.27865209e-03,8.08736309e-03,7.88736437e-03,7.67938187e-03,7.46420631e-03,7.24264095e-03,7.01553700e-03,6.78375131e-03,6.54817279e-03,6.30968437e-03,6.06918195e-03,5.82754845e-03,5.58565790e-03,5.34435688e-03,5.10446960e-03,4.86678304e-03,4.63203853e-03,4.40094015e-03,4.17413190e-03,3.95220704e-03,3.73570644e-03,3.52509972e-03,3.32080782e-03,3.12318210e-03,2.93251802e-03,2.74905120e-03,2.57295952e-03,2.40436755e-03,2.24334537e-03,2.08991696e-03,1.94406009e-03,1.80571200e-03,1.67477294e-03,1.55110913e-03,1.43456040e-03,1.32493593e-03,1.22203003e-03,1.12561311e-03,1.03544758e-03,9.51280177e-04,8.72850593e-04,7.99894100e-04,7.32143701e-04
