run_id,RMSE,MAE,SupNorm,Bias,Corr,deming_slope,deming_intercept,beta_sum,beta_l1,beta_l2,beta_min,beta_max,beta_neg_frac,offline_data_id,benchmark_id,benchmark_point_source,target_set_size,benchmark_z_path,projected_bellman_test_risk,oracle_embedding_risk,benchmark_embedding_risk,risk_bellman_final,risk_obj_final,B_num_rows,B_num_cols,B_min_dim,B_numerical_rank,B_rank_fraction,B_rank_tolerance,B_stable_rank,B_effective_rank,B_entropy_rank,B_spectral_norm,B_frobenius_norm,B_nuclear_norm,B_condition_number,B_condition_number_tol,B_smallest_singular_value,B_rank_rel_1em2,B_rank_rel_1em3,B_rank_rel_1em4
0_b0,0.0834163440398662,0.0766615929891122,0.1350573524832725,-0.0765267612290335,0.7733992956263365,0.3297740416987109,0.0084916966161683,0.579221860033984,0.863951549402894,0.07101897279112372,-0.00211752346,0.0166149493,0.46,0,0,fixed_config,100,data/Z_true.pt,0.0094089787453413,0.4192466139793396,0.4192466139793396,0.0156059230268979,0.4028210341930389,1609,400,400,400,1.0,4.244440886580492e-05,13.163192749023438,380.3549474244202,5.941104888916016,0.2212862074375152,0.8028510212898254,15.09544563293457,11.5044531991636,11.5044531991636,0.0192348305135965,400,400,400
0_b1,0.1528617675441202,0.1414710806574476,0.2482739090919494,-0.1414710806574476,-0.9023699107343764,-0.2192327180712237,0.0115356941887955,-0.039420700207789997,0.40947246947735,0.028856488129097285,-0.00267545087,0.00698572025,0.6675,0,1,fixed_config,100,data/Z_true.pt,0.0131600378081202,0.5280964374542236,0.5280964374542236,0.0156059230268979,0.4028210341930389,1609,400,400,400,1.0,4.244440886580492e-05,13.163192749023438,380.3549474244202,5.941104888916016,0.2212862074375152,0.8028510212898254,15.09544563293457,11.5044531991636,11.5044531991636,0.0192348305135965,400,400,400
0_b2,0.1489327429717405,0.1384018682688474,0.2414818368852138,-0.1384018682688474,-0.578200117853182,-0.1676555740789834,0.0144443552532467,0.05430966065845999,0.49510318087974,0.03772521694736392,-0.00293363491,0.00986189023,0.66,0,2,fixed_config,100,data/Z_true.pt,0.0106338001787662,0.5094102025032043,0.5094102025032043,0.0156059230268979,0.4028210341930389,1609,400,400,400,1.0,4.244440886580492e-05,13.163192749023438,380.3549474244202,5.941104888916016,0.2212862074375152,0.8028510212898254,15.09544563293457,11.5044531991636,11.5044531991636,0.0192348305135965,400,400,400
0_b3,0.1414455612051063,0.1322840654203173,0.2230140529572963,-0.1322840654203173,-0.4432287869786213,-0.0984079259619081,0.0098558245460556,0.04970869198788,0.38233452274606006,0.029429810882300036,-0.00254676258,0.00822960772,0.5975,0,3,fixed_config,100,data/Z_true.pt,0.0087027624249458,0.4974243938922882,0.4974243938922882,0.0156059230268979,0.4028210341930389,1609,400,400,400,1.0,4.244440886580492e-05,13.163192749023438,380.3549474244202,5.941104888916016,0.2212862074375152,0.8028510212898254,15.09544563293457,11.5044531991636,11.5044531991636,0.0192348305135965,400,400,400
0_b4,0.0937076138903537,0.0876120174067909,0.1398157477378845,-0.0876120174067909,0.8557513597162345,0.3387474959510587,-0.0030334370081594,0.384093684599465,0.794549715909735,0.0668543580000619,-0.00284625939,0.0168816764,0.5775,0,4,support_safe_target_policy_draw,100,data/Z_true.pt,0.0023336969316005,0.429527997970581,0.429527997970581,0.0156059230268979,0.4028210341930389,1609,400,400,400,1.0,4.244440886580492e-05,13.163192749023438,380.3549474244202,5.941104888916016,0.2212862074375152,0.8028510212898254,15.09544563293457,11.5044531991636,11.5044531991636,0.0192348305135965,400,400,400
0_b5,0.075096236474606,0.0689381576690357,0.118886798620224,-0.0688603873352985,0.9073738005764526,0.4166881010548496,0.0055622004219857,0.57853999357352,0.8299807802683199,0.06480966746760312,-0.00217941939,0.0131242247,0.415,0,5,support_safe_target_policy_draw,100,data/Z_true.pt,0.0151133257895708,0.4055459499359131,0.4055459499359131,0.0156059230268979,0.4028210341930389,1609,400,400,400,1.0,4.244440886580492e-05,13.163192749023438,380.3549474244202,5.941104888916016,0.2212862074375152,0.8028510212898254,15.09544563293457,11.5044531991636,11.5044531991636,0.0192348305135965,400,400,400
0_b6,0.0643697561639117,0.0593568368535488,0.1035371422767639,-0.0593568368535488,0.8650909416880886,0.6175476617657041,-0.0115348995518651,0.49618752751014006,0.7361369456543401,0.0638588031457982,-0.00228494336,0.0171808321,0.4075,0,6,support_safe_target_policy_draw,100,data/Z_true.pt,0.0105748604983091,0.3987818360328674,0.3987818360328674,0.0156059230268979,0.4028210341930389,1609,400,400,400,1.0,4.244440886580492e-05,13.163192749023438,380.3549474244202,5.941104888916016,0.2212862074375152,0.8028510212898254,15.09544563293457,11.5044531991636,11.5044531991636,0.0192348305135965,400,400,400
0_b7,0.1150613593942063,0.1082301317061501,0.1801897743716836,-0.1082301317061501,0.5209520718437102,0.2335953274208556,-0.0087898219029122,0.15639968115573,0.48253849178388997,0.03823006062554909,-0.00317527214,0.010410781,0.495,0,7,support_safe_target_policy_draw,100,data/Z_true.pt,0.0099863726645708,0.455433189868927,0.455433189868927,0.0156059230268979,0.4028210341930389,1609,400,400,400,1.0,4.244440886580492e-05,13.163192749023438,380.3549474244202,5.941104888916016,0.2212862074375152,0.8028510212898254,15.09544563293457,11.5044531991636,11.5044531991636,0.0192348305135965,400,400,400
0_b8,0.0975026749904782,0.0897676663298625,0.1619126126170158,-0.0897676663298625,0.8038901315463602,0.2147438613887733,0.0111030184150781,0.38991040815909006,0.52571125246951,0.046328415863980364,-0.00145606964,0.0114332605,0.3625,0,8,support_safe_target_policy_draw,100,data/Z_true.pt,0.0051481425762176,0.4266597926616668,0.4266597926616668,0.0156059230268979,0.4028210341930389,1609,400,400,400,1.0,4.244440886580492e-05,13.163192749023438,380.3549474244202,5.941104888916016,0.2212862074375152,0.8028510212898254,15.09544563293457,11.5044531991636,11.5044531991636,0.0192348305135965,400,400,400
0_b9,0.0920565885983563,0.0831791344855446,0.1809682473540306,-0.0831791344855446,0.6110400451136975,0.7380665177940469,-0.0495229434869035,0.2378278114452,0.9657362748074,0.07974864586760044,-0.00376206264,0.0235116091,0.64,0,9,support_safe_target_policy_draw,100,data/Z_true.pt,0.0188072845339775,0.4489380121231079,0.4489380121231079,0.0156059230268979,0.4028210341930389,1609,400,400,400,1.0,4.244440886580492e-05,13.163192749023438,380.3549474244202,5.941104888916016,0.2212862074375152,0.8028510212898254,15.09544563293457,11.5044531991636,11.5044531991636,0.0192348305135965,400,400,400
10_b0,0.0534775103890608,0.0453899445866409,0.1047530993819236,-0.0343915044811728,0.5962502603085738,1.0301463015227197,-0.0382155760997865,0.8266505839702099,0.8266505839702099,0.05192918868288062,1.23702921e-06,0.0088820653,0.0,10,0,fixed_config,100,data/Z_true.pt,0.0042307423427701,0.401038110256195,0.401038110256195,0.0098308647328657,0.0168953351676464,1608,400,400,400,1.0,5.162839261174668e-05,9.057300567626951,377.73220981445047,5.93418550491333,0.2693347930908203,0.8105724453926086,14.991351127624512,14.16431140127124,14.16431140127124,0.0190150290727615,400,400,400
10_b1,0.0182403964144869,0.0143021244514966,0.0425480008125305,0.0119826167024439,0.9869158204879774,1.2313765150562013,-0.0170538205742044,0.97144996123,0.9826369036728,0.05500945389513106,-0.00203361548,0.00886796974,0.02,10,1,fixed_config,100,data/Z_true.pt,0.004595392383635,0.3669059872627258,0.3669059872627258,0.0098308647328657,0.0168953351676464,1608,400,400,400,1.0,5.162839261174668e-05,9.057300567626951,377.73220981445047,5.93418550491333,0.2693347930908203,0.8105724453926086,14.991351127624512,14.16431140127124,14.16431140127124,0.0190150290727615,400,400,400
10_b2,0.0257377304845127,0.021430633557029,0.0537895411252975,0.0180559169361367,0.9750762432963336,1.3089705056574792,-0.0223883510636176,1.0094902350266,1.0221245332186002,0.05655271990609771,-0.00250970433,0.0088855885,0.02,10,2,fixed_config,100,data/Z_true.pt,0.0046237409114837,0.3689954876899719,0.3689954876899719,0.0098308647328657,0.0168953351676464,1608,400,400,400,1.0,5.162839261174668e-05,9.057300567626951,377.73220981445047,5.93418550491333,0.2693347930908203,0.8105724453926086,14.991351127624512,14.16431140127124,14.16431140127124,0.0190150290727615,400,400,400
10_b3,0.0216250953565671,0.0173218620446277,0.0478808730840683,0.0142805662128375,0.9780953351687256,1.279092220638402,-0.0218354673611853,0.9979379617503,1.0050599293642999,0.056506648338234065,-0.00189387705,0.00978308357,0.015,10,3,fixed_config,100,data/Z_true.pt,0.0055705988779664,0.3681225180625915,0.3681225180625915,0.0098308647328657,0.0168953351676464,1608,400,400,400,1.0,5.162839261174668e-05,9.057300567626951,377.73220981445047,5.93418550491333,0.2693347930908203,0.8105724453926086,14.991351127624512,14.16431140127124,14.16431140127124,0.0190150290727615,400,400,400
10_b4,0.049047862609164,0.0421631008939584,0.0937590599060058,-0.0181629938021069,0.6474315172330254,1.3786122600635558,-0.0665900126513587,0.9687060559759999,0.972033244758,0.0622347779702565,-0.000683227205,0.0106206005,0.0075,10,4,support_safe_target_policy_draw,100,data/Z_true.pt,0.0022038894239813,0.4072564542293548,0.4072564542293548,0.0098308647328657,0.0168953351676464,1608,400,400,400,1.0,5.162839261174668e-05,9.057300567626951,377.73220981445047,5.93418550491333,0.2693347930908203,0.8105724453926086,14.991351127624512,14.16431140127124,14.16431140127124,0.0190150290727615,400,400,400
10_b5,0.0509814651988525,0.0457654137385543,0.0843852311372757,-0.0453473393607418,0.9118969710255462,0.6276181920406638,0.0021634654628638,0.7887426785475999,0.8334476130696,0.06930990360308341,-0.00120127969,0.0183686446,0.1825,10,5,support_safe_target_policy_draw,100,data/Z_true.pt,0.0118457982316613,0.3854986727237701,0.3854986727237701,0.0098308647328657,0.0168953351676464,1608,400,400,400,1.0,5.162839261174668e-05,9.057300567626951,377.73220981445047,5.93418550491333,0.2693347930908203,0.8105724453926086,14.991351127624512,14.16431140127124,14.16431140127124,0.0190150290727615,400,400,400
10_b6,0.0250227642906106,0.0209277634508907,0.0515360534191131,-0.0028433233825489,0.8702192671111908,1.1120163478662972,-0.0168498759092169,1.03601946656245,1.09058460231345,0.08889655183375168,-0.00157612422,0.0237731095,0.1325,10,6,support_safe_target_policy_draw,100,data/Z_true.pt,0.0093175135552883,0.3784123659133911,0.3784123659133911,0.0098308647328657,0.0168953351676464,1608,400,400,400,1.0,5.162839261174668e-05,9.057300567626951,377.73220981445047,5.93418550491333,0.2693347930908203,0.8105724453926086,14.991351127624512,14.16431140127124,14.16431140127124,0.0190150290727615,400,400,400
10_b7,0.0229376153801372,0.0193300469615496,0.0484266281127929,0.0068539533182047,0.926843923801432,1.2511964034773904,-0.025738551760333,0.9633395417606,0.9838692196146,0.06112491680320098,-0.00259625819,0.0121469134,0.0325,10,7,support_safe_target_policy_draw,100,data/Z_true.pt,0.0108161978423595,0.3721987605094909,0.3721987605094909,0.0098308647328657,0.0168953351676464,1608,400,400,400,1.0,5.162839261174668e-05,9.057300567626951,377.73220981445047,5.93418550491333,0.2693347930908203,0.8105724453926086,14.991351127624512,14.16431140127124,14.16431140127124,0.0190150290727615,400,400,400
10_b8,0.0090111545393707,0.0072480094619095,0.0214623808860778,-0.0061031354498118,0.9926367960757422,0.921330919506872,0.0040023621418796,0.9953117399056001,0.9975808681284,0.07330435470129305,-0.000469060848,0.016173996,0.015,10,8,support_safe_target_policy_draw,100,data/Z_true.pt,0.0042403247207403,0.3634642362594604,0.3634642362594604,0.0098308647328657,0.0168953351676464,1608,400,400,400,1.0,5.162839261174668e-05,9.057300567626951,377.73220981445047,5.93418550491333,0.2693347930908203,0.8105724453926086,14.991351127624512,14.16431140127124,14.16431140127124,0.0190150290727615,400,400,400
10_b9,0.0272584335444288,0.0225051870319293,0.0603736490011215,0.0102586188510758,0.9196163583161884,1.2951923101169966,-0.0276710443861578,1.0311651139401472,1.106628074941053,0.08884621058525086,-0.00228664279,0.0245066788,0.1425,10,9,support_safe_target_policy_draw,100,data/Z_true.pt,0.0135615970939397,0.3733513653278351,0.3733513653278351,0.0098308647328657,0.0168953351676464,1608,400,400,400,1.0,5.162839261174668e-05,9.057300567626951,377.73220981445047,5.93418550491333,0.2693347930908203,0.8105724453926086,14.991351127624512,14.16431140127124,14.16431140127124,0.0190150290727615,400,400,400
11_b0,0.097823525543226,0.0917104412434855,0.1538656949996948,-0.0917094327934319,0.7872067005122246,0.2913313857492718,-0.0018145071185166,0.3585867702729376,0.7211294753826625,0.05817915921268111,-0.00215832633,0.0134175029,0.56,11,0,fixed_config,100,data/Z_true.pt,0.0069789504632353,0.4361503720283508,0.4361503720283508,0.2094222241968646,6.668591976165772,1609,400,400,400,1.0,3.4732237859103066e-05,19.143966674804688,382.172952163151,5.945873260498047,0.1810783892869949,0.7922871112823486,15.055937767028809,9.368424552289182,9.368424552289182,0.0193285848945379,400,400,400
11_b1,0.1858529842737683,0.1724995382054476,0.2973955571651459,-0.1724995382054476,-0.953694206846186,-0.4599479158967082,0.0107156255150852,-0.27459529456489,0.60172038566471,0.03929715905377018,-0.00450224616,0.00805775914,0.72,11,1,fixed_config,100,data/Z_true.pt,0.0181758124381303,0.6088069677352905,0.6088069677352905,0.2094222241968646,6.668591976165772,1609,400,400,400,1.0,3.4732237859103066e-05,19.143966674804688,382.172952163151,5.945873260498047,0.1810783892869949,0.7922871112823486,15.055937767028809,9.368424552289182,9.368424552289182,0.0193285848945379,400,400,400
11_b2,0.1833010786161826,0.1710335495422259,0.2897156700491905,-0.1710335495422259,-0.772684264559371,-0.4156292139634229,0.0142724465624299,-0.2095131590423,0.6083552438271,0.04106842452500911,-0.00537795946,0.00899051875,0.7375,11,2,fixed_config,100,data/Z_true.pt,0.0163303297013044,0.5878300666809082,0.5878300666809082,0.2094222241968646,6.668591976165772,1609,400,400,400,1.0,3.4732237859103066e-05,19.143966674804688,382.172952163151,5.945873260498047,0.1810783892869949,0.7922871112823486,15.055937767028809,9.368424552289182,9.368424552289182,0.0193285848945379,400,400,400
11_b3,0.1790819764403261,0.1672636417903413,0.2815891280770302,-0.1672636417903413,-0.8191673242785749,-0.4204244775488939,0.0165469209088796,-0.174802176669062,0.609332239292462,0.04176913309005961,-0.00507378532,0.0100903101,0.74,11,3,fixed_config,100,data/Z_true.pt,0.012177706696093,0.580249547958374,0.580249547958374,0.2094222241968646,6.668591976165772,1609,400,400,400,1.0,3.4732237859103066e-05,19.143966674804688,382.172952163151,5.945873260498047,0.1810783892869949,0.7922871112823486,15.055937767028809,9.368424552289182,9.368424552289182,0.0193285848945379,400,400,400
11_b4,0.1099522430808427,0.1026632107800105,0.1702728206291794,-0.1026632107800105,0.5771832333898264,0.2761582570750196,-0.0100790516653029,0.20730737631495,0.79564526274545,0.061630074122469666,-0.00349938939,0.0133450031,0.66,11,4,support_safe_target_policy_draw,100,data/Z_true.pt,0.0043228520080447,0.4575470089912414,0.4575470089912414,0.2094222241968646,6.668591976165772,1609,400,400,400,1.0,3.4732237859103066e-05,19.143966674804688,382.172952163151,5.945873260498047,0.1810783892869949,0.7922871112823486,15.055937767028809,9.368424552289182,9.368424552289182,0.0193285848945379,400,400,400
11_b5,0.0794682107541601,0.0736400613200385,0.12436543405056,-0.0736400613200385,0.9616039116990436,0.3913608320389395,0.0040139381475118,0.496095411118752,0.6543061465603679,0.05521140634314333,-0.00145599875,0.0147076529,0.405,11,5,support_safe_target_policy_draw,100,data/Z_true.pt,0.013049017637968,0.4068296253681183,0.4068296253681183,0.2094222241968646,6.668591976165772,1609,400,400,400,1.0,3.4732237859103066e-05,19.143966674804688,382.172952163151,5.945873260498047,0.1810783892869949,0.7922871112823486,15.055937767028809,9.368424552289182,9.368424552289182,0.0193285848945379,400,400,400
11_b6,0.0879536818236813,0.0812774314501439,0.158852593973279,-0.0812774314501439,0.6845629430860823,0.4947066182493518,-0.0180954189342942,0.31263066426441,0.96563124615721,0.0813919107185273,-0.00395299261,0.0194673445,0.6275,11,6,support_safe_target_policy_draw,100,data/Z_true.pt,0.0127119701355695,0.436756283044815,0.436756283044815,0.2094222241968646,6.668591976165772,1609,400,400,400,1.0,3.4732237859103066e-05,19.143966674804688,382.172952163151,5.945873260498047,0.1810783892869949,0.7922871112823486,15.055937767028809,9.368424552289182,9.368424552289182,0.0193285848945379,400,400,400
11_b7,0.1483593827325085,0.1380018881318392,0.2407341301441192,-0.1380018881318392,-0.1349445159168068,-0.1039101166497128,0.0052294463342746,0.011084954131019994,0.6534853782888199,0.04893456200684536,-0.00497850496,0.0107464613,0.69,11,7,support_safe_target_policy_draw,100,data/Z_true.pt,0.0091532990336418,0.5171361565589905,0.5171361565589905,0.2094222241968646,6.668591976165772,1609,400,400,400,1.0,3.4732237859103066e-05,19.143966674804688,382.172952163151,5.945873260498047,0.1810783892869949,0.7922871112823486,15.055937767028809,9.368424552289182,9.368424552289182,0.0193285848945379,400,400,400
11_b8,0.1198533723368211,0.1101020238941418,0.198251660913229,-0.1101020238941418,0.1430791843029808,0.0469299189394646,0.0123253306458891,0.2346020165858,0.524212119574,0.04315956782475868,-0.00209981017,0.0108689573,0.4975,11,8,support_safe_target_policy_draw,100,data/Z_true.pt,0.0035146700683981,0.4617809951305389,0.4617809951305389,0.2094222241968646,6.668591976165772,1609,400,400,400,1.0,3.4732237859103066e-05,19.143966674804688,382.172952163151,5.945873260498047,0.1810783892869949,0.7922871112823486,15.055937767028809,9.368424552289182,9.368424552289182,0.0193285848945379,400,400,400
11_b9,0.1058510284890894,0.0967069819837343,0.196332324296236,-0.0967069819837343,0.5199033257433797,0.642317514315971,-0.0507478707098843,0.10827648466148,0.96916776020536,0.07628338760210704,-0.00440854579,0.0216572024,0.6625,11,9,support_safe_target_policy_draw,100,data/Z_true.pt,0.0153200151398777,0.4705161452293396,0.4705161452293396,0.2094222241968646,6.668591976165772,1609,400,400,400,1.0,3.4732237859103066e-05,19.143966674804688,382.172952163151,5.945873260498047,0.1810783892869949,0.7922871112823486,15.055937767028809,9.368424552289182,9.368424552289182,0.0193285848945379,400,400,400
12_b0,0.0510807873124215,0.0441471059349714,0.0962900966405868,-0.0250577355836867,0.5812417147938305,1.2464264471617146,-0.0563170388835195,0.920323599636,0.9207234362079999,0.0574553525282568,-0.000199918286,0.0109434808,0.0025,12,0,fixed_config,100,data/Z_true.pt,0.004354378208518,0.4069041311740875,0.4069041311740875,0.0088003537537275,0.0447646304965019,1609,400,400,400,1.0,4.784184904416122e-05,10.31054401397705,377.7911125849516,5.934341430664063,0.2494260519742965,0.8009079098701477,14.861555099487305,13.38851981169031,13.38851981169031,0.0186298452317714,400,400,400
12_b1,0.0170782597388346,0.0135107092064572,0.0402067601680755,0.0092272866732673,0.9755626851278468,1.1893927361915009,-0.0145404250313606,0.9726001483225001,0.9738987677565,0.056159858813213295,-0.000465207733,0.00912605412,0.005,12,1,fixed_config,100,data/Z_true.pt,0.003783450461924,0.3665711879730224,0.3665711879730224,0.0088003537537275,0.0447646304965019,1609,400,400,400,1.0,4.784184904416122e-05,10.31054401397705,377.7911125849516,5.934341430664063,0.2494260519742965,0.8009079098701477,14.861555099487305,13.38851981169031,13.38851981169031,0.0186298452317714,400,400,400
12_b2,0.0269463246891926,0.0223861156124621,0.0585234612226486,0.0178214608738198,0.9610210160326778,1.3088333361178248,-0.0226048516204037,1.020940942392,1.021833877712,0.057236517844154164,-0.000394468661,0.00961309765,0.005,12,2,fixed_config,100,data/Z_true.pt,0.0051783919334411,0.3701503276824951,0.3701503276824951,0.0088003537537275,0.0447646304965019,1609,400,400,400,1.0,4.784184904416122e-05,10.31054401397705,377.7911125849516,5.934341430664063,0.2494260519742965,0.8009079098701477,14.861555099487305,13.38851981169031,13.38851981169031,0.0186298452317714,400,400,400
12_b3,0.0170379586966162,0.0139456441879156,0.037561222910881,0.0070575234878924,0.9654168325840612,1.197504321350906,-0.018500597353339,0.9648695745570001,0.9648695745570001,0.05522894179733782,0.000228660181,0.0103040356,0.0,12,3,fixed_config,100,data/Z_true.pt,0.0041218888945877,0.3665996789932251,0.3665996789932251,0.0088003537537275,0.0447646304965019,1609,400,400,400,1.0,4.784184904416122e-05,10.31054401397705,377.7911125849516,5.934341430664063,0.2494260519742965,0.8009079098701477,14.861555099487305,13.38851981169031,13.38851981169031,0.0186298452317714,400,400,400
12_b4,0.0455901533273613,0.0393442002352094,0.0879154503345489,-0.0198329759569605,0.6811811668644665,1.2179060136924498,-0.0477046001634196,0.9991784719589699,1.00025369993703,0.0751781119832899,-0.000206913915,0.0188328251,0.015,12,4,support_safe_target_policy_draw,100,data/Z_true.pt,0.0048173409886658,0.4028561115264892,0.4028561115264892,0.0088003537537275,0.0447646304965019,1609,400,400,400,1.0,4.784184904416122e-05,10.31054401397705,377.7911125849516,5.934341430664063,0.2494260519742965,0.8009079098701477,14.861555099487305,13.38851981169031,13.38851981169031,0.0186298452317714,400,400,400
12_b5,0.0591900966038512,0.0529875984718091,0.1008191853761673,-0.0527685196162201,0.8540375607734357,0.6066861601266147,-0.0025870749773136,0.696753910881656,0.731331248144724,0.060519433337386006,-0.000745592406,0.0126174092,0.1775,12,5,support_safe_target_policy_draw,100,data/Z_true.pt,0.0084476415067911,0.3919155597686767,0.3919155597686767,0.0088003537537275,0.0447646304965019,1609,400,400,400,1.0,4.784184904416122e-05,10.31054401397705,377.7911125849516,5.934341430664063,0.2494260519742965,0.8009079098701477,14.861555099487305,13.38851981169031,13.38851981169031,0.0186298452317714,400,400,400
12_b6,0.0245119651913586,0.020687483260408,0.0513726472854614,-0.0045424631843343,0.8777532425943739,1.10707625262493,-0.0179313049500021,1.00590884714753,1.07498307089827,0.08695769204420266,-0.00139784138,0.0205495246,0.18,12,6,support_safe_target_policy_draw,100,data/Z_true.pt,0.0082892524078488,0.3775984644889831,0.3775984644889831,0.0088003537537275,0.0447646304965019,1609,400,400,400,1.0,4.784184904416122e-05,10.31054401397705,377.7911125849516,5.934341430664063,0.2494260519742965,0.8009079098701477,14.861555099487305,13.38851981169031,13.38851981169031,0.0186298452317714,400,400,400
12_b7,0.0228984646524429,0.0199708508478943,0.0454108119010925,0.0032838434877339,0.905617552964941,1.1903300295762518,-0.0214113048889448,0.9791968097059,0.9803823237379,0.0634431802372853,-0.000592757016,0.014067295,0.0025,12,7,support_safe_target_policy_draw,100,data/Z_true.pt,0.0098238913342356,0.3723120093345642,0.3723120093345642,0.0088003537537275,0.0447646304965019,1609,400,400,400,1.0,4.784184904416122e-05,10.31054401397705,377.7911125849516,5.934341430664063,0.2494260519742965,0.8009079098701477,14.861555099487305,13.38851981169031,13.38851981169031,0.0186298452317714,400,400,400
12_b8,0.0127780607442723,0.0111629581602755,0.0269330143928527,0.0110961660195607,0.9922877267976176,1.0437410985939537,0.005477369362369,1.11393977776,1.114200673344,0.08146815031109716,-0.000130447792,0.01844435,0.0025,12,8,support_safe_target_policy_draw,100,data/Z_true.pt,0.0139699494466185,0.3642163872718811,0.3642163872718811,0.0088003537537275,0.0447646304965019,1609,400,400,400,1.0,4.784184904416122e-05,10.31054401397705,377.7911125849516,5.934341430664063,0.2494260519742965,0.8009079098701477,14.861555099487305,13.38851981169031,13.38851981169031,0.0186298452317714,400,400,400
12_b9,0.0184868517618569,0.0157124263403238,0.0383491963148117,-0.0025730470503913,0.9387474606320868,1.108466237087964,-0.0165100220472191,0.96992266976844,1.0849700101853599,0.08919830970254573,-0.00190791907,0.0218684971,0.1975,12,9,support_safe_target_policy_draw,100,data/Z_true.pt,0.0087349507957696,0.3676627576351166,0.3676627576351166,0.0088003537537275,0.0447646304965019,1609,400,400,400,1.0,4.784184904416122e-05,10.31054401397705,377.7911125849516,5.934341430664063,0.2494260519742965,0.8009079098701477,14.861555099487305,13.38851981169031,13.38851981169031,0.0186298452317714,400,400,400
13_b0,0.049249476978704,0.0416809141554404,0.0950261950492858,-0.0341183150478173,0.6634946276597309,0.86170079897782,-0.0165750005185944,0.87867599382765,0.8872966527141299,0.07003626269412373,-0.000911154784,0.0151600912,0.06,13,0,fixed_config,100,data/Z_true.pt,0.0062375594861805,0.3930535018444061,0.3930535018444061,0.0084782483753764,0.103313885629177,1605,400,400,400,1.0,4.366916692255529e-05,11.921671867370604,378.9324293556269,5.937357902526856,0.2282389551401138,0.788058340549469,14.727945327758787,12.411628362784418,12.411628362784418,0.0183891225606203,400,400,400
13_b1,0.0163678997698307,0.0130957907642005,0.0382478833198547,0.0094316971563966,0.9814600354170536,1.1924037598220518,-0.0147138808963598,0.9730790645940499,0.9730790645940499,0.05512435638117001,7.89470505e-06,0.00916728564,0.0,13,1,fixed_config,100,data/Z_true.pt,0.0053890994749963,0.3660575747489929,0.3660575747489929,0.0084782483753764,0.103313885629177,1605,400,400,400,1.0,4.366916692255529e-05,11.921671867370604,378.9324293556269,5.937357902526856,0.2282389551401138,0.788058340549469,14.727945327758787,12.411628362784418,12.411628362784418,0.0183891225606203,400,400,400
13_b2,0.0236312928679424,0.0196696282771881,0.0501254051923751,0.0140111101570073,0.9636106257670376,1.283993867681131,-0.0231637136027583,0.9956427447059,0.9997958294131,0.05682046487615844,-0.000578572624,0.00895906612,0.0175,13,2,fixed_config,100,data/Z_true.pt,0.0066229170188307,0.3686829805374145,0.3686829805374145,0.0084782483753764,0.103313885629177,1605,400,400,400,1.0,4.366916692255529e-05,11.921671867370604,378.9324293556269,5.937357902526856,0.2282389551401138,0.788058340549469,14.727945327758787,12.411628362784418,12.411628362784418,0.0183891225606203,400,400,400
13_b3,0.0191045062170227,0.0154235390553367,0.0405098646879196,0.0121077151430654,0.977906514398956,1.2363612651371514,-0.0184787030944815,0.997074137199,0.997981167155,0.0560314943996117,-0.000453514978,0.00963231362,0.0025,13,3,fixed_config,100,data/Z_true.pt,0.0075250742956995,0.3667502999305725,0.3667502999305725,0.0084782483753764,0.103313885629177,1605,400,400,400,1.0,4.366916692255529e-05,11.921671867370604,378.9324293556269,5.937357902526856,0.2282389551401138,0.788058340549469,14.727945327758787,12.411628362784418,12.411628362784418,0.0183891225606203,400,400,400
13_b4,0.0436867543302255,0.0375479227081814,0.0865146368741989,-0.0205125847748422,0.7038574461018521,1.14667028593741,-0.0392726869979551,0.9736558278604901,0.98528325551191,0.0763067339349099,-0.00123528577,0.0181828141,0.0475,13,4,support_safe_target_policy_draw,100,data/Z_true.pt,0.0047268499620258,0.3954467475414276,0.3954467475414276,0.0084782483753764,0.103313885629177,1605,400,400,400,1.0,4.366916692255529e-05,11.921671867370604,378.9324293556269,5.937357902526856,0.2282389551401138,0.788058340549469,14.727945327758787,12.411628362784418,12.411628362784418,0.0183891225606203,400,400,400
13_b5,0.0620802947274184,0.0564563379460014,0.1009390354156494,-0.0563440320803783,0.8877920177388084,0.5649106403358488,-0.00083260481407,0.67488149923231,0.7094449288207101,0.06033667113030853,-0.000784725882,0.013280197,0.1675,13,5,support_safe_target_policy_draw,100,data/Z_true.pt,0.0079228561371564,0.3928491473197937,0.3928491473197937,0.0084782483753764,0.103313885629177,1605,400,400,400,1.0,4.366916692255529e-05,11.921671867370604,378.9324293556269,5.937357902526856,0.2282389551401138,0.788058340549469,14.727945327758787,12.411628362784418,12.411628362784418,0.0183891225606203,400,400,400
13_b6,0.023480373227133,0.0193300814577378,0.0549826472997665,0.0042940536350943,0.8954713153318535,1.1471516785940024,-0.0141058295504776,1.10268296598151,1.10807798273233,0.08575909673025173,-0.000583811547,0.0212311447,0.0325,13,6,support_safe_target_policy_draw,100,data/Z_true.pt,0.0109254028648138,0.377888560295105,0.377888560295105,0.0084782483753764,0.103313885629177,1605,400,400,400,1.0,4.366916692255529e-05,11.921671867370604,378.9324293556269,5.937357902526856,0.2282389551401138,0.788058340549469,14.727945327758787,12.411628362784418,12.411628362784418,0.0183891225606203,400,400,400
13_b7,0.020143922767227,0.0173014277312904,0.0397524088621139,0.0041564614302478,0.9295210196469776,1.1736336920384447,-0.018372352323559,0.99248312908527,1.00368231610447,0.06544285506000505,-0.0014690666,0.0131505579,0.025,13,7,support_safe_target_policy_draw,100,data/Z_true.pt,0.0107726380228996,0.3703000247478485,0.3703000247478485,0.0084782483753764,0.103313885629177,1605,400,400,400,1.0,4.366916692255529e-05,11.921671867370604,378.9324293556269,5.937357902526856,0.2282389551401138,0.788058340549469,14.727945327758787,12.411628362784418,12.411628362784418,0.0183891225606203,400,400,400
13_b8,0.0195415691934212,0.016975834557088,0.0365183353424072,-0.0164663561654742,0.9870797042478308,0.8305044249666023,0.005306329044085,0.9103122868810001,0.9103122868810001,0.0671025158201657,1.17272139e-05,0.0164186899,0.0,13,8,support_safe_target_policy_draw,100,data/Z_true.pt,0.0014398630009964,0.3654223680496216,0.3654223680496216,0.0084782483753764,0.103313885629177,1605,400,400,400,1.0,4.366916692255529e-05,11.921671867370604,378.9324293556269,5.937357902526856,0.2282389551401138,0.788058340549469,14.727945327758787,12.411628362784418,12.411628362784418,0.0183891225606203,400,400,400
13_b9,0.0212903039620578,0.0181730334920575,0.0408726632595062,0.0020819220197154,0.9176316243881562,1.119285370673608,-0.0132452182333125,1.0740514468772298,1.09403494355923,0.08667560601874787,-0.00106813281,0.0201010965,0.0775,13,9,support_safe_target_policy_draw,100,data/Z_true.pt,0.0079810656607151,0.3711566030979156,0.3711566030979156,0.0084782483753764,0.103313885629177,1605,400,400,400,1.0,4.366916692255529e-05,11.921671867370604,378.9324293556269,5.937357902526856,0.2282389551401138,0.788058340549469,14.727945327758787,12.411628362784418,12.411628362784418,0.0183891225606203,400,400,400
14_b0,0.0434613854341293,0.0365902202532743,0.089456021785736,-0.0238352812131051,0.6912485660643894,1.0662320102327492,-0.0322368408665805,0.90990174082157,0.91501222816237,0.066802534501484,-0.000432331348,0.0148222148,0.0375,14,0,fixed_config,100,data/Z_true.pt,0.0076285190880298,0.3913652002811432,0.3913652002811432,0.0081290562027638,0.0157833229750394,1609,400,400,400,1.0,4.4794066386799614e-05,11.429327964782717,378.2020661729104,5.935428619384766,0.2335362732410431,0.7895228266716003,14.702898025512695,12.997234045067588,12.997234045067588,0.017968151718378,400,400,400
14_b1,0.0182536470309213,0.0147663133102469,0.0423444807529449,0.0107972491113469,0.97926919448375,1.2194847111586555,-0.0167468343804178,0.9767488092069,0.9779386767069,0.053329955760642846,-0.000426867045,0.00751375826,0.005,14,1,fixed_config,100,data/Z_true.pt,0.0035842745564877,0.3668546676635742,0.3668546676635742,0.0081290562027638,0.0157833229750394,1609,400,400,400,1.0,4.4794066386799614e-05,11.429327964782717,378.2020661729104,5.935428619384766,0.2335362732410431,0.7895228266716003,14.702898025512695,12.997234045067588,12.997234045067588,0.017968151718378,400,400,400
14_b2,0.0278406329329753,0.0234213671274483,0.0568128079175949,0.0196831458434462,0.9684791628431711,1.3212985827556971,-0.0223748685979659,1.0349786944119002,1.0358828528681,0.05679373830353884,-0.000377405784,0.00893481635,0.0075,14,2,fixed_config,100,data/Z_true.pt,0.0042127119377255,0.3699583411216736,0.3699583411216736,0.0081290562027638,0.0157833229750394,1609,400,400,400,1.0,4.4794066386799614e-05,11.429327964782717,378.2020661729104,5.935428619384766,0.2335362732410431,0.7895228266716003,14.702898025512695,12.997234045067588,12.997234045067588,0.017968151718378,400,400,400
14_b3,0.0236493194476153,0.0189775203325552,0.0501397997140884,0.0155982028722064,0.972119275476504,1.2986501515722697,-0.0230487320957365,0.9990186925902,0.9990186925902,0.05404629648925417,8.89105722e-05,0.00825172476,0.0,14,3,fixed_config,100,data/Z_true.pt,0.0049044014886021,0.3687908351421356,0.3687908351421356,0.0081290562027638,0.0157833229750394,1609,400,400,400,1.0,4.4794066386799614e-05,11.429327964782717,378.2020661729104,5.935428619384766,0.2335362732410431,0.7895228266716003,14.702898025512695,12.997234045067588,12.997234045067588,0.017968151718378,400,400,400
14_b4,0.0450356345084216,0.0382227889684145,0.0921918824315071,-0.0221501196271856,0.7090041103598747,1.2051843863779457,-0.0483945633359787,0.910948466981657,0.922529602898823,0.06485031605430476,-0.000770011568,0.0137330657,0.0625,14,4,support_safe_target_policy_draw,100,data/Z_true.pt,0.0035249607171863,0.3967886567115783,0.3967886567115783,0.0081290562027638,0.0157833229750394,1609,400,400,400,1.0,4.4794066386799614e-05,11.429327964782717,378.2020661729104,5.935428619384766,0.2335362732410431,0.7895228266716003,14.702898025512695,12.997234045067588,12.997234045067588,0.017968151718378,400,400,400
14_b5,0.04239657241429,0.0358665738755371,0.0824675112962722,-0.0289500924001913,0.779327437516633,0.9172626466403644,-0.0183939423330522,0.9084983473241,0.9084983473241,0.06445772474608376,4.31224471e-05,0.013043521,0.0,14,5,support_safe_target_policy_draw,100,data/Z_true.pt,0.0129471607506275,0.3893812000751495,0.3893812000751495,0.0081290562027638,0.0157833229750394,1609,400,400,400,1.0,4.4794066386799614e-05,11.429327964782717,378.2020661729104,5.935428619384766,0.2335362732410431,0.7895228266716003,14.702898025512695,12.997234045067588,12.997234045067588,0.017968151718378,400,400,400
14_b6,0.0316207166835953,0.0257388798450119,0.0781891047954559,0.0143079387233592,0.8746634821303064,1.2936842464342384,-0.022414413882226,1.164402685536,1.1689946337738,0.0832033233242575,-0.000871046097,0.018062517,0.02,14,6,support_safe_target_policy_draw,100,data/Z_true.pt,0.0107113355770707,0.3848357796669006,0.3848357796669006,0.0081290562027638,0.0157833229750394,1609,400,400,400,1.0,4.4794066386799614e-05,11.429327964782717,378.2020661729104,5.935428619384766,0.2335362732410431,0.7895228266716003,14.702898025512695,12.997234045067588,12.997234045067588,0.017968151718378,400,400,400
14_b7,0.0301613728042912,0.0253300814691465,0.0639193505048751,0.0146802326699253,0.9143632012187352,1.3671689134194611,-0.032959600184537,0.98709922398693,0.99771536350467,0.05818590319195766,-0.00117976638,0.00947990268,0.0325,14,7,support_safe_target_policy_draw,100,data/Z_true.pt,0.0166038423776626,0.3758408427238464,0.3758408427238464,0.0081290562027638,0.0157833229750394,1609,400,400,400,1.0,4.4794066386799614e-05,11.429327964782717,378.2020661729104,5.935428619384766,0.2335362732410431,0.7895228266716003,14.702898025512695,12.997234045067588,12.997234045067588,0.017968151718378,400,400,400
14_b8,0.0216316932471077,0.0186914096062537,0.0415065735578537,-0.0186089005542453,0.9957853110273516,0.7803999083414871,0.0095999990983211,0.9303135142723999,0.9308922765384,0.0704866810140371,-0.000175567926,0.0157427192,0.005,14,8,support_safe_target_policy_draw,100,data/Z_true.pt,0.0034912410192191,0.3658719956874847,0.3658719956874847,0.0081290562027638,0.0157833229750394,1609,400,400,400,1.0,4.4794066386799614e-05,11.429327964782717,378.2020661729104,5.935428619384766,0.2335362732410431,0.7895228266716003,14.702898025512695,12.997234045067588,12.997234045067588,0.017968151718378,400,400,400
14_b9,0.0204446840658055,0.0174390571034746,0.0378800183534622,0.0033321275591151,0.9274821422812308,1.128500885968893,-0.0131791268450206,1.0546716906392,1.0736051693786002,0.08373798582302074,-0.000873343553,0.0213061273,0.0725,14,9,support_safe_target_policy_draw,100,data/Z_true.pt,0.0056585241109132,0.3693778216838836,0.3693778216838836,0.0081290562027638,0.0157833229750394,1609,400,400,400,1.0,4.4794066386799614e-05,11.429327964782717,378.2020661729104,5.935428619384766,0.2335362732410431,0.7895228266716003,14.702898025512695,12.997234045067588,12.997234045067588,0.017968151718378,400,400,400
15_b0,0.0832477380804341,0.0774968115895171,0.1318715959787368,-0.0774667240589042,0.868953266452823,0.3697574583160451,0.0024798197876163,0.4659411110078,0.6492379541574,0.05167623945855011,-0.00142846769,0.0132614784,0.405,15,0,fixed_config,100,data/Z_true.pt,0.0067466399632394,0.4146597981452942,0.4146597981452942,0.0131789507478413,0.4641788601875305,1609,400,400,400,1.0,3.66352195655395e-05,16.854116439819336,381.2652295902789,5.943495273590088,0.190999686717987,0.7841256260871887,14.840763092041016,10.258239855847478,10.258239855847478,0.0186191480606794,400,400,400
15_b1,0.1718807940607068,0.1601486683957046,0.2716490924358368,-0.1601486683957046,-0.90705369787455,-0.3146141369522339,0.0048279322819262,-0.21346966261037,0.54006660670437,0.037519455941542754,-0.00601931149,0.00873778574,0.6625,15,1,fixed_config,100,data/Z_true.pt,0.0186389423906803,0.5735870599746704,0.5735870599746704,0.0131789507478413,0.4641788601875305,1609,400,400,400,1.0,3.66352195655395e-05,16.854116439819336,381.2652295902789,5.943495273590088,0.190999686717987,0.7841256260871887,14.840763092041016,10.258239855847478,10.258239855847478,0.0186191480606794,400,400,400
15_b2,0.1601422060948967,0.1496557233069325,0.2507591843605041,-0.1496557233069325,-0.4230656115061251,-0.1935229299598916,0.0065765395119102,-0.10228871262170999,0.52130379265569,0.03836275414958583,-0.00510481186,0.00928674173,0.6275,15,2,fixed_config,100,data/Z_true.pt,0.0133901964873075,0.5375158190727234,0.5375158190727234,0.0131789507478413,0.4641788601875305,1609,400,400,400,1.0,3.66352195655395e-05,16.854116439819336,381.2652295902789,5.943495273590088,0.190999686717987,0.7841256260871887,14.840763092041016,10.258239855847478,10.258239855847478,0.0186191480606794,400,400,400
15_b3,0.1601626318253974,0.1500661972480884,0.2501130923628807,-0.1500661972480884,-0.5208347675682989,-0.2212034375459383,0.0079640919883312,-0.10265786304131999,0.52744765914488,0.03830288968145616,-0.0048075486,0.0107678566,0.6225,15,3,fixed_config,100,data/Z_true.pt,0.0111250057816505,0.5387436151504517,0.5387436151504517,0.0131789507478413,0.4641788601875305,1609,400,400,400,1.0,3.66352195655395e-05,16.854116439819336,381.2652295902789,5.943495273590088,0.190999686717987,0.7841256260871887,14.840763092041016,10.258239855847478,10.258239855847478,0.0186191480606794,400,400,400
15_b4,0.0861167466883016,0.0809867213430698,0.1270079165697097,-0.0809867213430698,0.9142345100494158,0.4212056045200045,-0.0069550798556919,0.372524955017,0.7333253983288001,0.0589095097156573,-0.00211812509,0.0165018514,0.5,15,4,support_safe_target_policy_draw,100,data/Z_true.pt,0.0032760247122496,0.4193331003189087,0.4193331003189087,0.0131789507478413,0.4641788601875305,1609,400,400,400,1.0,3.66352195655395e-05,16.854116439819336,381.2652295902789,5.943495273590088,0.190999686717987,0.7841256260871887,14.840763092041016,10.258239855847478,10.258239855847478,0.0186191480606794,400,400,400
15_b5,0.0891530242448688,0.0826699212065432,0.1388838216662407,-0.0826699212065432,0.9248939553906244,0.3215130367242144,0.0038956977322769,0.41163311146906,0.6289473574317401,0.05465500862783597,-0.00196390087,0.0150654819,0.4575,15,5,support_safe_target_policy_draw,100,data/Z_true.pt,0.0101058194413781,0.4186262190341949,0.4186262190341949,0.0131789507478413,0.4641788601875305,1609,400,400,400,1.0,3.66352195655395e-05,16.854116439819336,381.2652295902789,5.943495273590088,0.190999686717987,0.7841256260871887,14.840763092041016,10.258239855847478,10.258239855847478,0.0186191480606794,400,400,400
15_b6,0.0864236594201336,0.0802956487206393,0.1443297825753688,-0.0802956487206393,0.7480898575376692,0.4473027415584555,-0.0111862434493032,0.363706278862818,0.858975367942798,0.07296934195413457,-0.00378812896,0.0185017753,0.52,15,6,support_safe_target_policy_draw,100,data/Z_true.pt,0.0080789886415004,0.426299124956131,0.426299124956131,0.0131789507478413,0.4641788601875305,1609,400,400,400,1.0,3.66352195655395e-05,16.854116439819336,381.2652295902789,5.943495273590088,0.190999686717987,0.7841256260871887,14.840763092041016,10.258239855847478,10.258239855847478,0.0186191480606794,400,400,400
15_b7,0.1316618467991161,0.1224503036623355,0.2142752707004547,-0.1224503036623355,0.1538192494476158,0.1234073601530693,-0.008713205238506,0.083377266399109,0.647632460716791,0.05115395022883611,-0.00425523845,0.0163890179,0.59,15,7,support_safe_target_policy_draw,100,data/Z_true.pt,0.0098729822784662,0.4885062277317047,0.4885062277317047,0.0131789507478413,0.4641788601875305,1609,400,400,400,1.0,3.66352195655395e-05,16.854116439819336,381.2652295902789,5.943495273590088,0.190999686717987,0.7841256260871887,14.840763092041016,10.258239855847478,10.258239855847478,0.0186191480606794,400,400,400
15_b8,0.1133400226029038,0.1037175541225588,0.1890332773327827,-0.1037175541225588,0.2553228891585655,0.0746339705520922,0.0151510550362298,0.33305486463128997,0.60973644550845,0.055879485256158254,-0.00236734794,0.0181179605,0.51,15,8,support_safe_target_policy_draw,100,data/Z_true.pt,0.0025595487095415,0.4508113265037536,0.4508113265037536,0.0131789507478413,0.4641788601875305,1609,400,400,400,1.0,3.66352195655395e-05,16.854116439819336,381.2652295902789,5.943495273590088,0.190999686717987,0.7841256260871887,14.840763092041016,10.258239855847478,10.258239855847478,0.0186191480606794,400,400,400
15_b9,0.1056781664215022,0.0966397279601369,0.1921895630657673,-0.0966397279601369,0.5182542947930426,0.6060755744582236,-0.0460238403179473,0.1334331400779,0.9049302680271,0.07058498133855805,-0.00552416407,0.0180169847,0.63,15,9,support_safe_target_policy_draw,100,data/Z_true.pt,0.0177857987582683,0.4645654559135437,0.4645654559135437,0.0131789507478413,0.4641788601875305,1609,400,400,400,1.0,3.66352195655395e-05,16.854116439819336,381.2652295902789,5.943495273590088,0.190999686717987,0.7841256260871887,14.840763092041016,10.258239855847478,10.258239855847478,0.0186191480606794,400,400,400
16_b0,0.0511400821802812,0.0438196475514268,0.0996376425027847,-0.0290061417118704,0.5848688045954201,1.0783032528018377,-0.0389389437990175,0.910358018001,0.910358018001,0.0634526977841087,0.000115601346,0.0148109943,0.0,16,0,fixed_config,100,data/Z_true.pt,0.0059964740648865,0.4011204838752746,0.4011204838752746,0.0076569303648815,0.015850780531764,1609,400,400,400,1.0,4.182451437628743e-05,13.071026802062988,379.57731467998747,5.939058303833008,0.2180543541908264,0.7883509993553162,14.788156509399414,11.916882048692797,11.916882048692797,0.0182979367673397,400,400,400
16_b1,0.0150367002961071,0.0124038556899176,0.0363356322050094,0.0052316637214971,0.9660246379412486,1.1172856740748789,-0.0094870216122214,1.0089333378313001,1.0102226074853,0.0651892355467336,-0.000544830691,0.0130756311,0.005,16,1,fixed_config,100,data/Z_true.pt,0.0022489123512059,0.366186261177063,0.366186261177063,0.0076569303648815,0.015850780531764,1609,400,400,400,1.0,4.182451437628743e-05,13.071026802062988,379.57731467998747,5.939058303833008,0.2180543541908264,0.7883509993553162,14.788156509399414,11.916882048692797,11.916882048692797,0.0182979367673397,400,400,400
16_b2,0.0213654526281532,0.0173729256773367,0.0450396835803985,0.0120189140224829,0.9558141027252104,1.2052123543835171,-0.0148434023008377,1.0623605203156001,1.0662665812564,0.06788646753808578,-0.00041042245,0.0143910814,0.03,16,2,fixed_config,100,data/Z_true.pt,0.0023174448870122,0.3675421774387359,0.3675421774387359,0.0076569303648815,0.015850780531764,1609,400,400,400,1.0,4.182451437628743e-05,13.071026802062988,379.57731467998747,5.939058303833008,0.2180543541908264,0.7883509993553162,14.788156509399414,11.916882048692797,11.916882048692797,0.0182979367673397,400,400,400
16_b3,0.0189314338432907,0.0154588839266216,0.0424821823835372,0.0058958533318946,0.942156517780387,1.1696434562279767,-0.0160569218000248,1.02634088959131,1.02660713795151,0.06497559039803895,-9.70792025e-05,0.0134186577,0.005,16,3,fixed_config,100,data/Z_true.pt,0.0031730963382869,0.3687528371810913,0.3687528371810913,0.0076569303648815,0.015850780531764,1609,400,400,400,1.0,4.182451437628743e-05,13.071026802062988,379.57731467998747,5.939058303833008,0.2180543541908264,0.7883509993553162,14.788156509399414,11.916882048692797,11.916882048692797,0.0182979367673397,400,400,400
16_b4,0.0465268605455586,0.0395409612396906,0.0942875817418098,-0.0275422083765442,0.6892453483909935,1.0108462909561162,-0.0289295209175807,0.95226507949311,0.98658483552109,0.0785557950776639,-0.000940956874,0.0178044215,0.1175,16,4,support_safe_target_policy_draw,100,data/Z_true.pt,0.0033623413182795,0.3963276743888855,0.3963276743888855,0.0076569303648815,0.015850780531764,1609,400,400,400,1.0,4.182451437628743e-05,13.071026802062988,379.57731467998747,5.939058303833008,0.2180543541908264,0.7883509993553162,14.788156509399414,11.916882048692797,11.916882048692797,0.0182979367673397,400,400,400
16_b5,0.0616577906959208,0.0564372741861734,0.0991283878684043,-0.0564165421447251,0.915560848002919,0.5627277224995101,-0.0006266045402329,0.62776097139985,0.65177765276549,0.052983885467303926,-0.000635630335,0.0129794255,0.1275,16,5,support_safe_target_policy_draw,100,data/Z_true.pt,0.0089704589918255,0.3907616734504699,0.3907616734504699,0.0076569303648815,0.015850780531764,1609,400,400,400,1.0,4.182451437628743e-05,13.071026802062988,379.57731467998747,5.939058303833008,0.2180543541908264,0.7883509993553162,14.788156509399414,11.916882048692797,11.916882048692797,0.0182979367673397,400,400,400
16_b6,0.0220242985713701,0.0185641840705648,0.0440846011042594,-0.002938815280795,0.8977595809491633,1.087793621600206,-0.013916551976134,1.03264863637008,1.0648223127809597,0.08798688632058244,-0.00116427848,0.0201600716,0.095,16,6,support_safe_target_policy_draw,100,data/Z_true.pt,0.011278798803687,0.3757970035076141,0.3757970035076141,0.0076569303648815,0.015850780531764,1609,400,400,400,1.0,4.182451437628743e-05,13.071026802062988,379.57731467998747,5.939058303833008,0.2180543541908264,0.7883509993553162,14.788156509399414,11.916882048692797,11.916882048692797,0.0182979367673397,400,400,400
16_b7,0.0290730262568322,0.0242155105352867,0.062990702688694,0.0062972735159564,0.8612205675591159,1.2683538469647058,-0.0285213942633756,1.03438469958583,1.03933586534077,0.06744033718422025,-0.000661125639,0.0142027671,0.0225,16,7,support_safe_target_policy_draw,100,data/Z_true.pt,0.0113509958609938,0.3786523044109344,0.3786523044109344,0.0076569303648815,0.015850780531764,1609,400,400,400,1.0,4.182451437628743e-05,13.071026802062988,379.57731467998747,5.939058303833008,0.2180543541908264,0.7883509993553162,14.788156509399414,11.916882048692797,11.916882048692797,0.0182979367673397,400,400,400
16_b8,0.0143849554471486,0.0117311588989105,0.0309181660413742,-0.009859579623444,0.983503518459504,0.85322351657683,0.0089947070982541,1.00854338314116,1.01327344185816,0.08024644896345999,-0.000628362177,0.0219290257,0.03,16,8,support_safe_target_policy_draw,100,data/Z_true.pt,0.004635730292648,0.3653014302253723,0.3653014302253723,0.0076569303648815,0.015850780531764,1609,400,400,400,1.0,4.182451437628743e-05,13.071026802062988,379.57731467998747,5.939058303833008,0.2180543541908264,0.7883509993553162,14.788156509399414,11.916882048692797,11.916882048692797,0.0182979367673397,400,400,400
16_b9,0.020256610259353,0.0173611506825545,0.0392276048660278,0.0031235099438345,0.937657163729176,1.1794260745652845,-0.0199311915202472,1.00206661410784,1.0583669638735,0.08915946553996515,-0.00179009454,0.0222697668,0.1325,16,9,support_safe_target_policy_draw,100,data/Z_true.pt,0.0123506821691989,0.3690714240074157,0.3690714240074157,0.0076569303648815,0.015850780531764,1609,400,400,400,1.0,4.182451437628743e-05,13.071026802062988,379.57731467998747,5.939058303833008,0.2180543541908264,0.7883509993553162,14.788156509399414,11.916882048692797,11.916882048692797,0.0182979367673397,400,400,400
17_b0,0.0483834328396291,0.0411762944475049,0.0946129411458969,-0.030014240691089,0.6378703385339963,0.9594584826567666,-0.0248715313696503,0.9208752334114769,0.930670150135233,0.06994258791726557,-0.000831043348,0.0127333319,0.07,17,0,fixed_config,100,data/Z_true.pt,0.009057218208909,0.3970036208629608,0.3970036208629608,0.0088086912914966,0.0176966413855552,1610,400,400,400,1.0,3.6107920138306326e-05,17.50656509399414,381.0549433502447,5.942943572998047,0.1881336569786071,0.7871671915054321,14.892033576965332,10.001600002693408,10.001600002693408,0.0188103560358285,400,400,400
17_b1,0.0142327486845252,0.0112284215295221,0.0331909954547882,0.0094358183967415,0.9900086199388788,1.1668237414996696,-0.0114996127775691,0.9930262350758,1.0149280486378,0.061694319369901954,-0.00239180378,0.0105783809,0.025,17,1,fixed_config,100,data/Z_true.pt,0.0030321304220706,0.3643973171710968,0.3643973171710968,0.0088086912914966,0.0176966413855552,1610,400,400,400,1.0,3.6107920138306326e-05,17.50656509399414,381.0549433502447,5.942943572998047,0.1881336569786071,0.7871671915054321,14.892033576965332,10.001600002693408,10.001600002693408,0.0188103560358285,400,400,400
17_b2,0.0176329580028418,0.0149820957239717,0.0374006032943725,0.0097123781219124,0.9700638408658782,1.1779181181102287,-0.0135771201282512,1.0123502191720999,1.0298615022200999,0.06455164908786014,-0.00213515665,0.0117471889,0.025,17,2,fixed_config,100,data/Z_true.pt,0.0030753915198147,0.3655697703361511,0.3655697703361511,0.0088086912914966,0.0176966413855552,1610,400,400,400,1.0,3.6107920138306326e-05,17.50656509399414,381.0549433502447,5.942943572998047,0.1881336569786071,0.7871671915054321,14.892033576965332,10.001600002693408,10.001600002693408,0.0188103560358285,400,400,400
17_b3,0.0123162689594835,0.0100130472396267,0.0279293060302734,0.007224943631445,0.986627667206448,1.138410484627829,-0.0106861170866967,0.9989571970322,1.0140053660822,0.0641272205105541,-0.00151684391,0.0123035898,0.0275,17,3,fixed_config,100,data/Z_true.pt,0.0045993095263838,0.3639905154705047,0.3639905154705047,0.0088086912914966,0.0176966413855552,1610,400,400,400,1.0,3.6107920138306326e-05,17.50656509399414,381.0549433502447,5.942943572998047,0.1881336569786071,0.7871671915054321,14.892033576965332,10.001600002693408,10.001600002693408,0.0188103560358285,400,400,400
17_b4,0.0456746327584529,0.0392733595926256,0.0890128910541534,-0.0219913199065194,0.6877887316338452,1.1784951721523678,-0.0448220361249328,0.9521983405557001,0.9614506210179,0.07234786796459208,-0.000853617443,0.0153969219,0.03,17,4,support_safe_target_policy_draw,100,data/Z_true.pt,0.0041636903770267,0.3993272483348846,0.3993272483348846,0.0088086912914966,0.0176966413855552,1610,400,400,400,1.0,3.6107920138306326e-05,17.50656509399414,381.0549433502447,5.942943572998047,0.1881336569786071,0.7871671915054321,14.892033576965332,10.001600002693408,10.001600002693408,0.0188103560358285,400,400,400
17_b5,0.0555521907757061,0.0480664521240396,0.1008728742599487,-0.046679155320744,0.7791635657757228,0.7691392236007266,-0.0172244906338759,0.68817203356173,0.69108049097929,0.046361724145403516,-0.000556345563,0.00816911086,0.02,17,5,support_safe_target_policy_draw,100,data/Z_true.pt,0.0087731853127479,0.3927995264530182,0.3927995264530182,0.0088086912914966,0.0176966413855552,1610,400,400,400,1.0,3.6107920138306326e-05,17.50656509399414,381.0549433502447,5.942943572998047,0.1881336569786071,0.7871671915054321,14.892033576965332,10.001600002693408,10.001600002693408,0.0188103560358285,400,400,400
17_b6,0.0288197531312516,0.0239154725638218,0.0708675682544708,0.0033287356630899,0.8455926989244413,1.203132631418634,-0.0220710200515081,1.098586685576,1.1062671692038,0.07992779850518802,-0.000888472889,0.0154741453,0.0325,17,6,support_safe_target_policy_draw,100,data/Z_true.pt,0.0071766451001167,0.3843942582607269,0.3843942582607269,0.0088086912914966,0.0176966413855552,1610,400,400,400,1.0,3.6107920138306326e-05,17.50656509399414,381.0549433502447,5.942943572998047,0.1881336569786071,0.7871671915054321,14.892033576965332,10.001600002693408,10.001600002693408,0.0188103560358285,400,400,400
17_b7,0.0182550377471058,0.0159493745712097,0.0327464714646339,0.0036731557839084,0.9397617130377712,1.146639867140158,-0.0153532337197608,0.9799020256702,0.9971802107890001,0.06801802286948828,-0.00163650559,0.013690304,0.04,17,7,support_safe_target_policy_draw,100,data/Z_true.pt,0.0142564196139574,0.3685989379882812,0.3685989379882812,0.0088086912914966,0.0176966413855552,1610,400,400,400,1.0,3.6107920138306326e-05,17.50656509399414,381.0549433502447,5.942943572998047,0.1881336569786071,0.7871671915054321,14.892033576965332,10.001600002693408,10.001600002693408,0.0188103560358285,400,400,400
17_b8,0.0105675653613182,0.0089722664991859,0.0209976136684417,-0.0086773405747953,0.9966173460750882,0.8986593737648292,0.0043404479634789,0.95794423475355,0.95972715170655,0.06984826637284104,-0.000422073412,0.0132467169,0.01,17,8,support_safe_target_policy_draw,100,data/Z_true.pt,0.0038848090916872,0.3629478216171264,0.3629478216171264,0.0088086912914966,0.0176966413855552,1610,400,400,400,1.0,3.6107920138306326e-05,17.50656509399414,381.0549433502447,5.942943572998047,0.1881336569786071,0.7871671915054321,14.892033576965332,10.001600002693408,10.001600002693408,0.0188103560358285,400,400,400
17_b9,0.0136109390089651,0.0114496407163096,0.0304883271455764,0.0010235613101394,0.969652081732092,1.1149469533562784,-0.0137461297743662,0.96776341400696,1.09249994933774,0.08995970015947043,-0.00273685064,0.0224515721,0.1825,17,9,support_safe_target_policy_draw,100,data/Z_true.pt,0.0201009530574083,0.3648957014083862,0.3648957014083862,0.0088086912914966,0.0176966413855552,1610,400,400,400,1.0,3.6107920138306326e-05,17.50656509399414,381.0549433502447,5.942943572998047,0.1881336569786071,0.7871671915054321,14.892033576965332,10.001600002693408,10.001600002693408,0.0188103560358285,400,400,400
18_b0,0.0466444261406332,0.0396608266094699,0.0908822417259216,-0.0291488651419058,0.6722878531746415,0.9878930036895436,-0.0276130873304027,0.8573625701103,0.8585406589422999,0.059107004537847646,-0.000299018575,0.0106655713,0.01,18,0,fixed_config,100,data/Z_true.pt,0.0064910594373941,0.3933667838573456,0.3933667838573456,0.0169756126623641,0.248450219631195,1610,400,400,400,1.0,4.02938146670806e-05,14.294939994812012,380.59551660626505,5.941737174987793,0.209943488240242,0.7937679886817932,14.957182884216309,11.105323892527412,11.105323892527412,0.018904760479927,400,400,400
18_b1,0.0129761350564798,0.0109365873062051,0.0279193818569183,0.0019798820815049,0.9721791713323896,1.1107236896524963,-0.0119153115117292,0.9461449493538199,0.9500964524333799,0.055996466049631585,-0.000670462905,0.0095300898,0.015,18,1,fixed_config,100,data/Z_true.pt,0.0022139924112707,0.3653315305709839,0.3653315305709839,0.0169756126623641,0.248450219631195,1610,400,400,400,1.0,4.02938146670806e-05,14.294939994812012,380.59551660626505,5.941737174987793,0.209943488240242,0.7937679886817932,14.957182884216309,11.105323892527412,11.105323892527412,0.018904760479927,400,400,400
18_b2,0.0191784564228887,0.0162586431088857,0.0400560349225997,0.0102967861038632,0.9646757960343104,1.198678648482736,-0.0157102675078259,1.006558259652,1.007008587644,0.058605981397207615,-0.000119727105,0.0103126839,0.005,18,2,fixed_config,100,data/Z_true.pt,0.0033779204823076,0.3664177060127258,0.3664177060127258,0.0169756126623641,0.248450219631195,1610,400,400,400,1.0,4.02938146670806e-05,14.294939994812012,380.59551660626505,5.941737174987793,0.209943488240242,0.7937679886817932,14.957182884216309,11.105323892527412,11.105323892527412,0.018904760479927,400,400,400
18_b3,0.0160792500319669,0.0136297526670387,0.0356955528259277,0.002618591003702,0.9552902782149264,1.1538296249043487,-0.0172877893497759,0.9607023289949,0.9633744899711,0.05652725710436358,-0.000667832443,0.0101518286,0.0125,18,3,fixed_config,100,data/Z_true.pt,0.0044263103045523,0.3670194447040558,0.3670194447040558,0.0169756126623641,0.248450219631195,1610,400,400,400,1.0,4.02938146670806e-05,14.294939994812012,380.59551660626505,5.941737174987793,0.209943488240242,0.7937679886817932,14.957182884216309,11.105323892527412,11.105323892527412,0.018904760479927,400,400,400
18_b4,0.041158898942572,0.0351601069551543,0.0827475935220718,-0.0191090884144068,0.7424332685817274,1.165416451284614,-0.0402669495016089,0.9280862128529499,0.93880480087775,0.06963353516230296,-0.00122983754,0.0153111788,0.04,18,4,support_safe_target_policy_draw,100,data/Z_true.pt,0.0048972298391163,0.393003910779953,0.393003910779953,0.0169756126623641,0.248450219631195,1610,400,400,400,1.0,4.02938146670806e-05,14.294939994812012,380.59551660626505,5.941737174987793,0.209943488240242,0.7937679886817932,14.957182884216309,11.105323892527412,11.105323892527412,0.018904760479927,400,400,400
18_b5,0.0560769323848468,0.0498804397939238,0.095856174826622,-0.049703035937855,0.8535261056981468,0.668083726816176,-0.0073550776435623,0.65353854057955,0.6671147180206299,0.05096501449223846,-0.000543845119,0.0102388849,0.0925,18,5,support_safe_target_policy_draw,100,data/Z_true.pt,0.0118641797453165,0.3882597386837005,0.3882597386837005,0.0169756126623641,0.248450219631195,1610,400,400,400,1.0,4.02938146670806e-05,14.294939994812012,380.59551660626505,5.941737174987793,0.209943488240242,0.7937679886817932,14.957182884216309,11.105323892527412,11.105323892527412,0.018904760479927,400,400,400
18_b6,0.0229343319610206,0.0191675321629736,0.0506483912467956,-0.004846259598853,0.887989343893992,1.0612111896804863,-0.0125001222698884,1.02656180535035,1.0656082482469902,0.08454726792988457,-0.00136310491,0.0220249463,0.1125,18,6,support_safe_target_policy_draw,100,data/Z_true.pt,0.007960919290781,0.3761085867881775,0.3761085867881775,0.0169756126623641,0.248450219631195,1610,400,400,400,1.0,4.02938146670806e-05,14.294939994812012,380.59551660626505,5.941737174987793,0.209943488240242,0.7937679886817932,14.957182884216309,11.105323892527412,11.105323892527412,0.018904760479927,400,400,400
18_b7,0.0203071477857228,0.0176158213499002,0.0391697287559509,-0.0018542450177483,0.9175633996969448,1.1321578446084144,-0.0190016052583421,0.925744705045,0.928928153732,0.05948578952764694,-0.000585475587,0.0111536318,0.0175,18,7,support_safe_target_policy_draw,100,data/Z_true.pt,0.0133013669401407,0.3707041442394256,0.3707041442394256,0.0169756126623641,0.248450219631195,1610,400,400,400,1.0,4.02938146670806e-05,14.294939994812012,380.59551660626505,5.941737174987793,0.209943488240242,0.7937679886817932,14.957182884216309,11.105323892527412,11.105323892527412,0.018904760479927,400,400,400
18_b8,0.0190925611471896,0.016575695532374,0.0362697392702102,-0.0164759801654145,0.9956586540931976,0.8132705142357955,0.0075105003789054,0.9226227953049999,0.9229266256744,0.06755399857164769,-7.32810586e-05,0.0157701578,0.0075,18,8,support_safe_target_policy_draw,100,data/Z_true.pt,0.0032364451326429,0.3650620281696319,0.3650620281696319,0.0169756126623641,0.248450219631195,1610,400,400,400,1.0,4.02938146670806e-05,14.294939994812012,380.59551660626505,5.941737174987793,0.209943488240242,0.7937679886817932,14.957182884216309,11.105323892527412,11.105323892527412,0.018904760479927,400,400,400
18_b9,0.0180775655525872,0.0154710985952988,0.0360418707132339,0.0037272775126621,0.9531568370467262,1.1718038231659684,-0.0183480304551223,0.97795822649335,1.13001714463365,0.0893043617190681,-0.0028080144,0.0249728896,0.2,18,9,support_safe_target_policy_draw,100,data/Z_true.pt,0.010343462228775,0.366814523935318,0.366814523935318,0.0169756126623641,0.248450219631195,1610,400,400,400,1.0,4.02938146670806e-05,14.294939994812012,380.59551660626505,5.941737174987793,0.209943488240242,0.7937679886817932,14.957182884216309,11.105323892527412,11.105323892527412,0.018904760479927,400,400,400
19_b0,0.0489717967260229,0.0423642622531042,0.0908057391643524,-0.0183010646924958,0.5681555433080907,1.2699891208436305,-0.0525493035212114,1.053232951286,1.053232951286,0.07167808265472857,0.000130936038,0.012282175,0.0,19,0,fixed_config,100,data/Z_true.pt,0.0091408211737871,0.4089125394821167,0.4089125394821167,0.0097445394030298,0.0201024562120437,1610,400,400,400,1.0,4.332185612909712e-05,12.31233024597168,379.3077255747595,5.938347816467285,0.225720539689064,0.7920292615890503,14.82598114013672,12.077452579300932,12.077452579300932,0.0186894163489341,400,400,400
19_b1,0.021477606633901,0.0170746604999294,0.0484857261180877,0.0151459223596612,0.984567851611749,1.2583065625844323,-0.0172700827859244,0.9930817493315001,0.9996047477865,0.05422422839958749,-0.00149984693,0.00811977219,0.0125,19,1,fixed_config,100,data/Z_true.pt,0.0032352320849895,0.367576390504837,0.367576390504837,0.0097445394030298,0.0201024562120437,1610,400,400,400,1.0,4.332185612909712e-05,12.31233024597168,379.3077255747595,5.938347816467285,0.225720539689064,0.7920292615890503,14.82598114013672,12.077452579300932,12.077452579300932,0.0186894163489341,400,400,400
19_b2,0.0280641701326979,0.0231829387228935,0.0590046942234039,0.0192336213123053,0.9569542188940422,1.3003325962556382,-0.0200799435413276,1.0497403038219,1.0557791730959,0.058361105839841616,-0.00175351487,0.00872662757,0.01,19,2,fixed_config,100,data/Z_true.pt,0.0032283528707921,0.3702920079231262,0.3702920079231262,0.0097445394030298,0.0201024562120437,1610,400,400,400,1.0,4.332185612909712e-05,12.31233024597168,379.3077255747595,5.938347816467285,0.225720539689064,0.7920292615890503,14.82598114013672,12.077452579300932,12.077452579300932,0.0186894163489341,400,400,400
19_b3,0.0254152679391988,0.0203677294656517,0.0559138655662536,0.0152071940971654,0.9527683883038796,1.3033764337461724,-0.0240513471895868,1.0151276797589999,1.019209627021,0.05575743104393634,-0.00133860507,0.00855335686,0.0075,19,3,fixed_config,100,data/Z_true.pt,0.0034039008896797,0.3705223202705383,0.3705223202705383,0.0097445394030298,0.0201024562120437,1610,400,400,400,1.0,4.332185612909712e-05,12.31233024597168,379.3077255747595,5.938347816467285,0.225720539689064,0.7920292615890503,14.82598114013672,12.077452579300932,12.077452579300932,0.0186894163489341,400,400,400
19_b4,0.0479138555115321,0.0409379170121974,0.0980197936296463,-0.0081919166338047,0.6422848646247923,1.4587287988204942,-0.066866372087111,1.15144667352522,1.15238129367942,0.08189467828598611,-0.00023966853,0.0157691129,0.015,19,4,support_safe_target_policy_draw,100,data/Z_true.pt,0.008211113512516,0.416198581457138,0.416198581457138,0.0097445394030298,0.0201024562120437,1610,400,400,400,1.0,4.332185612909712e-05,12.31233024597168,379.3077255747595,5.938347816467285,0.225720539689064,0.7920292615890503,14.82598114013672,12.077452579300932,12.077452579300932,0.0186894163489341,400,400,400
19_b5,0.0466245238549668,0.0402380906138569,0.0848315879702568,-0.0392701532319188,0.8545080729661275,0.7554317294649557,-0.0080666005365998,0.77601458736799,0.77857654534939,0.06044591159408,-0.000203473493,0.0153725008,0.0275,19,5,support_safe_target_policy_draw,100,data/Z_true.pt,0.0089855529367923,0.3837588131427765,0.3837588131427765,0.0097445394030298,0.0201024562120437,1610,400,400,400,1.0,4.332185612909712e-05,12.31233024597168,379.3077255747595,5.938347816467285,0.225720539689064,0.7920292615890503,14.82598114013672,12.077452579300932,12.077452579300932,0.0186894163489341,400,400,400
19_b6,0.0253998620926474,0.0208946326468139,0.0609484165906906,0.0020893154339864,0.8738041656119684,1.156266228963448,-0.0174502534397761,1.07506936718769,1.10750229389287,0.08749624288369162,-0.00120500417,0.0219381396,0.11,19,6,support_safe_target_policy_draw,100,data/Z_true.pt,0.0088009759783744,0.3798196017742157,0.3798196017742157,0.0097445394030298,0.0201024562120437,1610,400,400,400,1.0,4.332185612909712e-05,12.31233024597168,379.3077255747595,5.938347816467285,0.225720539689064,0.7920292615890503,14.82598114013672,12.077452579300932,12.077452579300932,0.0186894163489341,400,400,400
19_b7,0.0288729588589782,0.0239577153918799,0.0585777163505554,0.0057517510757315,0.8626085476596417,1.2694396231538103,-0.0292077951774467,0.99669091577247,1.00378023121147,0.05925606587711068,-0.00132710428,0.00956715643,0.0175,19,7,support_safe_target_policy_draw,100,data/Z_true.pt,0.0075027891434729,0.3772186040878296,0.3772186040878296,0.0097445394030298,0.0201024562120437,1610,400,400,400,1.0,4.332185612909712e-05,12.31233024597168,379.3077255747595,5.938347816467285,0.225720539689064,0.7920292615890503,14.82598114013672,12.077452579300932,12.077452579300932,0.0186894163489341,400,400,400
19_b8,0.0097806811087036,0.0076637955394107,0.0236570537090301,0.0069236735615413,0.989976379177005,1.0279405861564903,0.0033345439524883,1.085410619667,1.085410619667,0.07067977916747209,0.000457582297,0.0133362813,0.0,19,8,support_safe_target_policy_draw,100,data/Z_true.pt,0.0055248802527785,0.3638493716716766,0.3638493716716766,0.0097445394030298,0.0201024562120437,1610,400,400,400,1.0,4.332185612909712e-05,12.31233024597168,379.3077255747595,5.938347816467285,0.225720539689064,0.7920292615890503,14.82598114013672,12.077452579300932,12.077452579300932,0.0186894163489341,400,400,400
19_b9,0.0241813762314863,0.0210289448482217,0.0466448664665222,0.0080956595781026,0.9267306218054108,1.2349979232574069,-0.0220995446501849,1.04989670308332,1.0847358862729202,0.08775089845375195,-0.00135504082,0.0229853168,0.1175,19,9,support_safe_target_policy_draw,100,data/Z_true.pt,0.0091273859143257,0.3712644577026367,0.3712644577026367,0.0097445394030298,0.0201024562120437,1610,400,400,400,1.0,4.332185612909712e-05,12.31233024597168,379.3077255747595,5.938347816467285,0.225720539689064,0.7920292615890503,14.82598114013672,12.077452579300932,12.077452579300932,0.0186894163489341,400,400,400
1_b0,0.1482393208880312,0.1378433761899941,0.2537944763898849,-0.1378433761899941,0.088683194223972,0.1643329298334992,-0.0318386404772123,-0.13731585761679999,0.8153295068288,0.050669937965812296,-0.00311635621,0.00983683206,0.695,1,0,fixed_config,100,data/Z_true.pt,0.008011182770133,0.5534059405326843,0.5534059405326843,0.0923723304697867,3.48082971572876,1610,400,400,400,1.0,3.85429999383291e-05,15.815942764282228,381.62700416341255,5.944443702697754,0.200821191072464,0.7986510992050171,15.11686897277832,10.31757876605784,10.31757876605784,0.0194639842957258,400,400,400
1_b1,0.3641416884476192,0.3347401454497594,0.6089166104793549,-0.3347401454497594,-0.9780651557446725,-2.0665638165023674,0.050096180272763,-1.3519772755840598,1.44015995892874,0.07617416349581725,-0.00841669925,0.00425373344,0.93,1,1,fixed_config,100,data/Z_true.pt,0.077726349234581,1.3130136728286743,1.3130136728286743,0.0923723304697867,3.48082971572876,1610,400,400,400,1.0,3.85429999383291e-05,15.815942764282228,381.62700416341255,5.944443702697754,0.200821191072464,0.7986510992050171,15.11686897277832,10.31757876605784,10.31757876605784,0.0194639842957258,400,400,400
1_b2,0.3523848083442837,0.3253377616393845,0.5753289461135864,-0.3253377616393845,-0.8413187305435293,-2.2493909530252725,0.1000078170930441,-1.2348071441754,1.3710147629165998,0.07344639980540389,-0.0083926525,0.00612561405,0.9125,1,2,fixed_config,100,data/Z_true.pt,0.0643343925476074,1.2220969200134275,1.2220969200134275,0.0923723304697867,3.48082971572876,1610,400,400,400,1.0,3.85429999383291e-05,15.815942764282228,381.62700416341255,5.944443702697754,0.200821191072464,0.7986510992050171,15.11686897277832,10.31757876605784,10.31757876605784,0.0194639842957258,400,400,400
1_b3,0.3499463973577505,0.3236005188875424,0.5764673948287964,-0.3236005188875424,-0.8855216677416666,-2.1974111091283786,0.0901616658952788,-1.2221475238372,1.3317606841696001,0.07094659534939773,-0.00776619278,0.00448486721,0.92,1,3,fixed_config,100,data/Z_true.pt,0.0558465309441089,1.2104839086532593,1.2104839086532593,0.0923723304697867,3.48082971572876,1610,400,400,400,1.0,3.85429999383291e-05,15.815942764282228,381.62700416341255,5.944443702697754,0.200821191072464,0.7986510992050171,15.11686897277832,10.31757876605784,10.31757876605784,0.0194639842957258,400,400,400
1_b4,0.1717678144781362,0.1558486793124757,0.3157668858766556,-0.1558486793124757,-0.0549628285518777,-3.6280005652213054,0.4361032838085764,-0.343091985377646,1.070699001464154,0.06514233317920633,-0.00420268998,0.0135948062,0.755,1,4,support_safe_target_policy_draw,100,data/Z_true.pt,0.011856566183269,0.6396191716194153,0.6396191716194153,0.0923723304697867,3.48082971572876,1610,400,400,400,1.0,3.85429999383291e-05,15.815942764282228,381.62700416341255,5.944443702697754,0.200821191072464,0.7986510992050171,15.11686897277832,10.31757876605784,10.31757876605784,0.0194639842957258,400,400,400
1_b5,0.1366712292570931,0.1258522317800088,0.2240094654262066,-0.1258522317800088,-0.0832743286335715,-0.0406480174108918,0.0069201641547576,0.07565458474293199,0.6447850184944319,0.04717197885999541,-0.00291720126,0.0104812244,0.6725,1,5,support_safe_target_policy_draw,100,data/Z_true.pt,0.0090323416516184,0.5005205273628235,0.5005205273628235,0.0923723304697867,3.48082971572876,1610,400,400,400,1.0,3.85429999383291e-05,15.815942764282228,381.62700416341255,5.944443702697754,0.200821191072464,0.7986510992050171,15.11686897277832,10.31757876605784,10.31757876605784,0.0194639842957258,400,400,400
1_b6,0.1798860897672226,0.1616549435866181,0.3485408276319504,-0.1616549435866181,-0.1930455322647781,-2.4860861276419475,0.2742461493287372,-0.34781272713554,1.1656226988796599,0.07515737141453568,-0.00555122364,0.020248346,0.7675,1,6,support_safe_target_policy_draw,100,data/Z_true.pt,0.0141143724322319,0.6751378774642944,0.6751378774642944,0.0923723304697867,3.48082971572876,1610,400,400,400,1.0,3.85429999383291e-05,15.815942764282228,381.62700416341255,5.944443702697754,0.200821191072464,0.7986510992050171,15.11686897277832,10.31757876605784,10.31757876605784,0.0194639842957258,400,400,400
1_b7,0.2836459830620794,0.2601727328609559,0.4761247187852859,-0.2601727328609559,-0.5273762526504135,-2.765631578512276,0.2284145424644662,-0.9287084808488799,1.1420489319766802,0.06308501298101388,-0.00722937705,0.00750412233,0.8775,1,7,support_safe_target_policy_draw,100,data/Z_true.pt,0.0284120980650186,0.9602001905441284,0.9602001905441284,0.0923723304697867,3.48082971572876,1610,400,400,400,1.0,3.85429999383291e-05,15.815942764282228,381.62700416341255,5.944443702697754,0.200821191072464,0.7986510992050171,15.11686897277832,10.31757876605784,10.31757876605784,0.0194639842957258,400,400,400
1_b8,0.2115309792755462,0.1940496361872647,0.3531113862991333,-0.1940496361872647,-0.8059683557914537,-0.8469063365435633,0.0431961460060458,-0.3248187972398,0.7475324527018,0.0449782204594996,-0.0041080527,0.00940384716,0.795,1,8,support_safe_target_policy_draw,100,data/Z_true.pt,0.0051396302878856,0.6761273145675659,0.6761273145675659,0.0923723304697867,3.48082971572876,1610,400,400,400,1.0,3.85429999383291e-05,15.815942764282228,381.62700416341255,5.944443702697754,0.200821191072464,0.7986510992050171,15.11686897277832,10.31757876605784,10.31757876605784,0.0194639842957258,400,400,400
1_b9,0.2327245519116685,0.2055580303812166,0.4525032788515091,-0.2055580303812166,-0.2104514554058985,-6.319137838461296,0.7348879903491413,-0.774090515087,1.5045931347024,0.09161977930054917,-0.00773997558,0.0281066485,0.825,1,9,support_safe_target_policy_draw,100,data/Z_true.pt,0.0235389657318592,0.8840951919555664,0.8840951919555664,0.0923723304697867,3.48082971572876,1610,400,400,400,1.0,3.85429999383291e-05,15.815942764282228,381.62700416341255,5.944443702697754,0.200821191072464,0.7986510992050171,15.11686897277832,10.31757876605784,10.31757876605784,0.0194639842957258,400,400,400
20_b0,0.0451814957205522,0.0386887315317289,0.0888589844107627,-0.0226090253918664,0.6443838801197798,1.0804635430430831,-0.0328158612470792,0.9621287025859,0.9666822616465,0.07130320917653975,-0.000376085285,0.0134601407,0.03,20,0,fixed_config,100,data/Z_true.pt,0.0091079417616128,0.3956573605537414,0.3956573605537414,0.0097605397103572,0.0172248408198356,1607,400,400,400,1.0,4.589280942290941e-05,11.090517044067385,378.4618461008469,5.936115264892578,0.2395624071359634,0.7978009581565857,14.862041473388672,12.91783389846851,12.91783389846851,0.0185450911521911,400,400,400
20_b1,0.0192733514363237,0.0154150888003641,0.0434312373399734,0.012982049085549,0.9820561718021944,1.2202954131153694,-0.0146637728929867,1.0084523396176999,1.0109592506762999,0.057682528888572795,-0.00122395903,0.00855414942,0.005,20,1,fixed_config,100,data/Z_true.pt,0.0040882909670472,0.3668054938316345,0.3668054938316345,0.0097605397103572,0.0172248408198356,1607,400,400,400,1.0,4.589280942290941e-05,11.090517044067385,378.4618461008469,5.936115264892578,0.2395624071359634,0.7978009581565857,14.862041473388672,12.91783389846851,12.91783389846851,0.0185450911521911,400,400,400
20_b2,0.0248588058129512,0.0206652770598884,0.0496241450309753,0.0185200277192052,0.9775314489950871,1.2711474830921614,-0.0169732031000349,1.0551554041529,1.0607066052089,0.061353981207677495,-0.00189140206,0.00945379771,0.0075,20,2,fixed_config,100,data/Z_true.pt,0.0035060546360909,0.3673934042453766,0.3673934042453766,0.0097605397103572,0.0172248408198356,1607,400,400,400,1.0,4.589280942290941e-05,11.090517044067385,378.4618461008469,5.936115264892578,0.2395624071359634,0.7978009581565857,14.862041473388672,12.91783389846851,12.91783389846851,0.0185450911521911,400,400,400
20_b3,0.0276488739815957,0.0220296820311341,0.0586756616830825,0.0193899965926539,0.9636763912607876,1.3232385647692768,-0.0224388112147532,1.059522424976,1.061484781246,0.059484464001372805,-0.000981178135,0.0091480948,0.0025,20,3,fixed_config,100,data/Z_true.pt,0.0067769829183816,0.3707394003868103,0.3707394003868103,0.0097605397103572,0.0172248408198356,1607,400,400,400,1.0,4.589280942290941e-05,11.090517044067385,378.4618461008469,5.936115264892578,0.2395624071359634,0.7978009581565857,14.862041473388672,12.91783389846851,12.91783389846851,0.0185450911521911,400,400,400
20_b4,0.0450817903570926,0.0388457003122312,0.087386816740036,-0.0165081480916705,0.6829947903147154,1.2775971111959985,-0.0520146595134872,1.00616364917796,1.01030186962764,0.0719980014679655,-0.000838723266,0.0155276814,0.0375,20,4,support_safe_target_policy_draw,100,data/Z_true.pt,0.004021979868412,0.4022618532180786,0.4022618532180786,0.0097605397103572,0.0172248408198356,1607,400,400,400,1.0,4.589280942290941e-05,11.090517044067385,378.4618461008469,5.936115264892578,0.2395624071359634,0.7978009581565857,14.862041473388672,12.91783389846851,12.91783389846851,0.0185450911521911,400,400,400
20_b5,0.0387029960147452,0.0326003236195538,0.0763980150222778,-0.0277965620032046,0.8329759791064747,0.9139387826377088,-0.0168163325355281,0.8716901461422,0.8724614901428001,0.06212234649643532,-0.000117526914,0.0135985082,0.0125,20,5,support_safe_target_policy_draw,100,data/Z_true.pt,0.0153917698189616,0.3833395540714264,0.3833395540714264,0.0097605397103572,0.0172248408198356,1607,400,400,400,1.0,4.589280942290941e-05,11.090517044067385,378.4618461008469,5.936115264892578,0.2395624071359634,0.7978009581565857,14.862041473388672,12.91783389846851,12.91783389846851,0.0185450911521911,400,400,400
20_b6,0.031945243514097,0.026643154786434,0.0751326978206634,0.0077651365450583,0.8254224755916935,1.2429452901557834,-0.0226128041081684,1.2072061715142,1.2163866674958,0.09825488418435165,-0.000984081766,0.023864191,0.0475,20,6,support_safe_target_policy_draw,100,data/Z_true.pt,0.0098694767802953,0.3899376690387726,0.3899376690387726,0.0097605397103572,0.0172248408198356,1607,400,400,400,1.0,4.589280942290941e-05,11.090517044067385,378.4618461008469,5.936115264892578,0.2395624071359634,0.7978009581565857,14.862041473388672,12.91783389846851,12.91783389846851,0.0185450911521911,400,400,400
20_b7,0.0317166960244853,0.0260060694022104,0.068910077214241,0.0155840220209211,0.895137902605589,1.3524578873259503,-0.0301470685664315,1.0551510336038,1.0590002084316001,0.06418680252193679,-0.00150535116,0.0109623857,0.01,20,7,support_safe_target_policy_draw,100,data/Z_true.pt,0.0177234411239624,0.3778294026851654,0.3778294026851654,0.0097605397103572,0.0172248408198356,1607,400,400,400,1.0,4.589280942290941e-05,11.090517044067385,378.4618461008469,5.936115264892578,0.2395624071359634,0.7978009581565857,14.862041473388672,12.91783389846851,12.91783389846851,0.0185450911521911,400,400,400
20_b8,0.0082942094662735,0.0066301631007809,0.0200274735689163,-0.0055727103177923,0.9921447641313468,0.9564955271096268,1.5690401596671344e-05,0.9604225381218,0.9620708953754,0.06574871364644137,-0.000642976956,0.0132067092,0.0075,20,8,support_safe_target_policy_draw,100,data/Z_true.pt,0.0056003471836447,0.3628594279289245,0.3628594279289245,0.0097605397103572,0.0172248408198356,1607,400,400,400,1.0,4.589280942290941e-05,11.090517044067385,378.4618461008469,5.936115264892578,0.2395624071359634,0.7978009581565857,14.862041473388672,12.91783389846851,12.91783389846851,0.0185450911521911,400,400,400
20_b9,0.020708766677025,0.0176134478551102,0.042091280221939,0.0010887814807938,0.9306181625826496,1.1699033709288589,-0.0207423347825269,0.9997197298388341,1.0858234371791662,0.09418789995229963,-0.00180069474,0.0272353366,0.1725,20,9,support_safe_target_policy_draw,100,data/Z_true.pt,0.0115005299448966,0.3700204193592071,0.3700204193592071,0.0097605397103572,0.0172248408198356,1607,400,400,400,1.0,4.589280942290941e-05,11.090517044067385,378.4618461008469,5.936115264892578,0.2395624071359634,0.7978009581565857,14.862041473388672,12.91783389846851,12.91783389846851,0.0185450911521911,400,400,400
21_b0,0.0515532558713471,0.0443079668121936,0.0985806137323379,-0.0281043852797301,0.5754193850325237,1.1287885055734437,-0.0444412639046554,0.9281571882515001,0.9281571882515001,0.05982925332611902,3.98838893e-05,0.0103438888,0.0,21,0,fixed_config,100,data/Z_true.pt,0.0085642114281654,0.4052357077598572,0.4052357077598572,0.0071192766639383,0.0128478445112705,1608,400,400,400,1.0,3.895595479264102e-05,15.216241836547852,381.0838349293216,5.943019390106201,0.2032252699136734,0.7927411794662476,14.974188804626465,10.578207381882006,10.578207381882006,0.0192116927355527,400,400,400
21_b1,0.016348353499166,0.0128932484611868,0.0397232621908187,0.0097845600638538,0.9861544124463808,1.2102740545163742,-0.0166036383813867,0.960869840581,0.974812964681,0.0563436833943581,-0.00252997759,0.00992927328,0.0225,21,1,fixed_config,100,data/Z_true.pt,0.0058781807310879,0.3660994172096252,0.3660994172096252,0.0071192766639383,0.0128478445112705,1608,400,400,400,1.0,3.895595479264102e-05,15.216241836547852,381.0838349293216,5.943019390106201,0.2032252699136734,0.7927411794662476,14.974188804626465,10.578207381882006,10.578207381882006,0.0192116927355527,400,400,400
21_b2,0.0241929564911953,0.0203185691067483,0.0514551848173141,0.0154247012140695,0.9663061195193512,1.2832222015712211,-0.0216491113799568,1.00080714457271,1.01715758757329,0.05727439850837232,-0.00292299851,0.0100720283,0.0225,21,2,fixed_config,100,data/Z_true.pt,0.0063352431170642,0.3685333132743835,0.3685333132743835,0.0071192766639383,0.0128478445112705,1608,400,400,400,1.0,3.895595479264102e-05,15.216241836547852,381.0838349293216,5.943019390106201,0.2032252699136734,0.7927411794662476,14.974188804626465,10.578207381882006,10.578207381882006,0.0192116927355527,400,400,400
21_b3,0.0209903542067979,0.0168463992280885,0.0449915081262588,0.0123936804663389,0.9706348215230391,1.2682878345364763,-0.0223242074685426,0.9842406575489999,0.997562224159,0.0569718851712061,-0.00281382864,0.0111834016,0.02,21,3,fixed_config,100,data/Z_true.pt,0.009032386355102,0.3679292798042297,0.3679292798042297,0.0071192766639383,0.0128478445112705,1608,400,400,400,1.0,3.895595479264102e-05,15.216241836547852,381.0838349293216,5.943019390106201,0.2032252699136734,0.7927411794662476,14.974188804626465,10.578207381882006,10.578207381882006,0.0192116927355527,400,400,400
21_b4,0.048152212441602,0.0411352340792655,0.0949287340044975,-0.0287339197433902,0.6790564326980179,1.050458317284774,-0.0351878731410988,0.936083912621659,0.9392770408924589,0.06963075923397158,-0.000325450674,0.0134855518,0.0325,21,4,support_safe_target_policy_draw,100,data/Z_true.pt,0.0046070674434304,0.4000208973884582,0.4000208973884582,0.0071192766639383,0.0128478445112705,1608,400,400,400,1.0,3.895595479264102e-05,15.216241836547852,381.0838349293216,5.943019390106201,0.2032252699136734,0.7927411794662476,14.974188804626465,10.578207381882006,10.578207381882006,0.0192116927355527,400,400,400
21_b5,0.042857897355666,0.0361847218731418,0.0814477354288101,-0.0325753637356683,0.8154355886215888,0.8310200647063529,-0.0110158445721578,0.8749578322158,0.8773740577774001,0.06505355976095256,-0.000294428552,0.0126530938,0.02,21,5,support_safe_target_policy_draw,100,data/Z_true.pt,0.0111651066690683,0.3860895037651062,0.3860895037651062,0.0071192766639383,0.0128478445112705,1608,400,400,400,1.0,3.895595479264102e-05,15.216241836547852,381.0838349293216,5.943019390106201,0.2032252699136734,0.7927411794662476,14.974188804626465,10.578207381882006,10.578207381882006,0.0192116927355527,400,400,400
21_b6,0.0185360913705066,0.0156121575948782,0.0403059870004653,-0.0047104582819156,0.9268310687377048,1.0390093031506231,-0.0095881914344023,0.99539448608162,1.05043315923938,0.08403932889567926,-0.00127435452,0.0202994682,0.1425,21,6,support_safe_target_policy_draw,100,data/Z_true.pt,0.0094283707439899,0.3714516758918762,0.3714516758918762,0.0071192766639383,0.0128478445112705,1608,400,400,400,1.0,3.895595479264102e-05,15.216241836547852,381.0838349293216,5.943019390106201,0.2032252699136734,0.7927411794662476,14.974188804626465,10.578207381882006,10.578207381882006,0.0192116927355527,400,400,400
21_b7,0.0248528413465669,0.021210709598381,0.0485966503620147,0.0046371305431239,0.8962285368167413,1.2281373178431343,-0.0249634791291224,0.9744482674634,0.9862236388468,0.06212582294082864,-0.00250329776,0.0134152304,0.015,21,7,support_safe_target_policy_draw,100,data/Z_true.pt,0.0149466078728437,0.3733057975769043,0.3733057975769043,0.0071192766639383,0.0128478445112705,1608,400,400,400,1.0,3.895595479264102e-05,15.216241836547852,381.0838349293216,5.943019390106201,0.2032252699136734,0.7927411794662476,14.974188804626465,10.578207381882006,10.578207381882006,0.0192116927355527,400,400,400
21_b8,0.0056295849303114,0.0047744577948469,0.0117627382278442,-0.0030208929965738,0.9956586430045044,0.9575404861718488,0.0024332766981165,0.9982294520271,0.9990782244969,0.06819036254217646,-0.00021930458,0.0145608196,0.0075,21,8,support_safe_target_policy_draw,100,data/Z_true.pt,0.0039278464391827,0.3625732362270355,0.3625732362270355,0.0071192766639383,0.0128478445112705,1608,400,400,400,1.0,3.895595479264102e-05,15.216241836547852,381.0838349293216,5.943019390106201,0.2032252699136734,0.7927411794662476,14.974188804626465,10.578207381882006,10.578207381882006,0.0192116927355527,400,400,400
21_b9,0.0195032631352164,0.0164668193162651,0.039365068078041,5.932219501119107e-05,0.9327776822591424,1.128772314992226,-0.016486808495176,0.99690295549965,1.07778971586347,0.0867529801393871,-0.00167162297,0.024659764,0.17,21,9,support_safe_target_policy_draw,100,data/Z_true.pt,0.0070799384266138,0.3685455918312073,0.3685455918312073,0.0071192766639383,0.0128478445112705,1608,400,400,400,1.0,3.895595479264102e-05,15.216241836547852,381.0838349293216,5.943019390106201,0.2032252699136734,0.7927411794662476,14.974188804626465,10.578207381882006,10.578207381882006,0.0192116927355527,400,400,400
22_b0,0.0488123722696231,0.0418768344612908,0.0933419615030288,-0.0315355807429295,0.634764876987062,0.8827387327058082,-0.0166609373680386,0.9536366460715,0.9595050186381,0.07397593664659394,-0.000336561352,0.0148541108,0.04,22,0,fixed_config,100,data/Z_true.pt,0.0033676784951239,0.3982611298561096,0.3982611298561096,0.00956778579171,0.0243794005364179,1609,400,400,400,1.0,4.6433037166337954e-05,10.973977088928224,379.1269006722545,5.937870979309082,0.2420811355113983,0.801941990852356,14.9683837890625,12.940064508003264,12.940064508003264,0.0187078770250082,400,400,400
22_b1,0.0161693310976501,0.0132984814833616,0.038421407341957,0.0056875975994626,0.9666129962167084,1.1628888259169212,-0.0147540240389942,0.9630472377869299,0.97040260392973,0.056526030050522647,-0.00115090027,0.00852504745,0.02,22,1,fixed_config,100,data/Z_true.pt,0.0034504225477576,0.3668110370635986,0.3668110370635986,0.00956778579171,0.0243794005364179,1609,400,400,400,1.0,4.6433037166337954e-05,10.973977088928224,379.1269006722545,5.937870979309082,0.2420811355113983,0.801941990852356,14.9683837890625,12.940064508003264,12.940064508003264,0.0187078770250082,400,400,400
22_b2,0.0213890310076561,0.0176536864228546,0.047368973493576,0.0103202405571937,0.9527560902887912,1.2281567015764752,-0.019545492953074,1.0095589062136,1.0109481229622,0.059901714248993695,-0.000210034894,0.0100260144,0.0125,22,2,fixed_config,100,data/Z_true.pt,0.0041083488613367,0.36806321144104,0.36806321144104,0.00956778579171,0.0243794005364179,1609,400,400,400,1.0,4.6433037166337954e-05,10.973977088928224,379.1269006722545,5.937870979309082,0.2420811355113983,0.801941990852356,14.9683837890625,12.940064508003264,12.940064508003264,0.0187078770250082,400,400,400
22_b3,0.0217683550109972,0.0175554434978403,0.0491140335798263,0.0095791160804219,0.9453706827641272,1.246348129973985,-0.0222996561500856,1.00646969296686,1.00689875770014,0.05864234672851311,-0.000190589111,0.0102520613,0.0075,22,3,fixed_config,100,data/Z_true.pt,0.0064423447474837,0.3694909811019897,0.3694909811019897,0.00956778579171,0.0243794005364179,1609,400,400,400,1.0,4.6433037166337954e-05,10.973977088928224,379.1269006722545,5.937870979309082,0.2420811355113983,0.801941990852356,14.9683837890625,12.940064508003264,12.940064508003264,0.0187078770250082,400,400,400
22_b4,0.0450798313394075,0.0388923582341522,0.0882443562150001,-0.019858787083067,0.6788101658545382,1.1732953451656096,-0.0420244109469477,1.0370037385333,1.0388980463208999,0.07776853341653911,-0.000562200788,0.0154047813,0.0125,22,4,support_safe_target_policy_draw,100,data/Z_true.pt,0.0049084397032856,0.4024849236011505,0.4024849236011505,0.00956778579171,0.0243794005364179,1609,400,400,400,1.0,4.6433037166337954e-05,10.973977088928224,379.1269006722545,5.937870979309082,0.2420811355113983,0.801941990852356,14.9683837890625,12.940064508003264,12.940064508003264,0.0187078770250082,400,400,400
22_b5,0.0547782652240862,0.0487190123484469,0.0945685803890228,-0.0481106407637707,0.8609415926457948,0.6227661916987093,1.9212671564794448e-05,0.7620465569353,0.7907522265007,0.06610327020525657,-0.0008828555,0.0150178801,0.165,22,5,support_safe_target_policy_draw,100,data/Z_true.pt,0.0116572994738817,0.3889616727828979,0.3889616727828979,0.00956778579171,0.0243794005364179,1609,400,400,400,1.0,4.6433037166337954e-05,10.973977088928224,379.1269006722545,5.937870979309082,0.2420811355113983,0.801941990852356,14.9683837890625,12.940064508003264,12.940064508003264,0.0187078770250082,400,400,400
22_b6,0.0219857196311202,0.0185643219714984,0.0492856353521347,-0.0074813669547438,0.9036699095755816,1.0499406348076137,-0.0137259565880615,0.9623288095608399,1.03018237781962,0.08973058639310993,-0.00170234847,0.0220759772,0.1425,22,6,support_safe_target_policy_draw,100,data/Z_true.pt,0.0114801693707704,0.3737329244613647,0.3737329244613647,0.00956778579171,0.0243794005364179,1609,400,400,400,1.0,4.6433037166337954e-05,10.973977088928224,379.1269006722545,5.937870979309082,0.2420811355113983,0.801941990852356,14.9683837890625,12.940064508003264,12.940064508003264,0.0187078770250082,400,400,400
22_b7,0.0262635980168914,0.0221061247645411,0.0568878352642059,0.0076004753995221,0.8909353270827378,1.2382136197121083,-0.0233075252834676,1.031585438875,1.0365648411578,0.06691889843982882,-0.0010912643,0.0152800251,0.0175,22,7,support_safe_target_policy_draw,100,data/Z_true.pt,0.0138259660452604,0.3746585249900818,0.3746585249900818,0.00956778579171,0.0243794005364179,1609,400,400,400,1.0,4.6433037166337954e-05,10.973977088928224,379.1269006722545,5.937870979309082,0.2420811355113983,0.801941990852356,14.9683837890625,12.940064508003264,12.940064508003264,0.0187078770250082,400,400,400
22_b8,0.0048886511965372,0.0041274669521953,0.0116971507668495,0.0003162187628913,0.995068697829611,1.023764423148101,-0.0027364585963164,0.9722255013384999,0.9722255013384999,0.060487953070766494,6.304821e-05,0.0106871352,0.0,22,8,support_safe_target_policy_draw,100,data/Z_true.pt,0.0063090901821851,0.3620812892913818,0.3620812892913818,0.00956778579171,0.0243794005364179,1609,400,400,400,1.0,4.6433037166337954e-05,10.973977088928224,379.1269006722545,5.937870979309082,0.2420811355113983,0.801941990852356,14.9683837890625,12.940064508003264,12.940064508003264,0.0187078770250082,400,400,400
22_b9,0.013290365636327,0.0112255840282887,0.0283372774720191,0.0002922629145905,0.9709549954824198,1.1132136922047509,-0.014254719076465,0.96290324309392,1.0727984737361198,0.08990036578269768,-0.00237011025,0.0232417919,0.185,22,9,support_safe_target_policy_draw,100,data/Z_true.pt,0.0126830171793699,0.3643274307250976,0.3643274307250976,0.00956778579171,0.0243794005364179,1609,400,400,400,1.0,4.6433037166337954e-05,10.973977088928224,379.1269006722545,5.937870979309082,0.2420811355113983,0.801941990852356,14.9683837890625,12.940064508003264,12.940064508003264,0.0187078770250082,400,400,400
23_b0,0.0524521558160296,0.0451705438175122,0.0995045229792594,-0.0275203768440405,0.5515345169893482,1.153876352676121,-0.0470396599176563,0.9738381466054,0.9738381466054,0.060796691184116895,3.89597844e-05,0.00956764352,0.0,23,0,fixed_config,100,data/Z_true.pt,0.0072373207658529,0.409585177898407,0.409585177898407,0.0095208765398959,0.02250193990767,1610,400,400,400,1.0,4.989440604674655e-05,9.584489822387695,376.8177849787883,5.931761741638184,0.2599655985832214,0.8048230409622192,14.851737022399902,14.083958040354757,14.083958040354757,0.0184582769870758,400,400,400
23_b1,0.0128262357504067,0.0103502429800573,0.0299526304006576,0.0061670846620108,0.9865187830006196,1.1605778313297022,-0.0139845202936284,0.9556211757736,0.957043260758,0.05305354162046537,-0.000365525775,0.0075592855,0.0125,23,1,fixed_config,100,data/Z_true.pt,0.0033859866671264,0.3647742867469787,0.3647742867469787,0.0095208765398959,0.02250193990767,1610,400,400,400,1.0,4.989440604674655e-05,9.584489822387695,376.8177849787883,5.931761741638184,0.2599655985832214,0.8048230409622192,14.851737022399902,14.083958040354757,14.083958040354757,0.0184582769870758,400,400,400
23_b2,0.0239339059460102,0.0203668020071927,0.0475908815860748,0.0164393764582928,0.9708388101250844,1.2657165608317646,-0.0183429461306685,1.0370596278809998,1.0399070458369999,0.056988574344084116,-0.000649602152,0.00718928128,0.0075,23,2,fixed_config,100,data/Z_true.pt,0.0049332468770444,0.3677544295787811,0.3677544295787811,0.0095208765398959,0.02250193990767,1610,400,400,400,1.0,4.989440604674655e-05,9.584489822387695,376.8177849787883,5.931761741638184,0.2599655985832214,0.8048230409622192,14.851737022399902,14.083958040354757,14.083958040354757,0.0184582769870758,400,400,400
23_b3,0.0193355212199777,0.0156900991877773,0.0409954190254211,0.0109684204490622,0.9688245909781268,1.2286363687812576,-0.0186183546758707,1.0079735720015002,1.0087461532047,0.05557061003813677,-0.00028930977,0.00747476704,0.005,23,3,fixed_config,100,data/Z_true.pt,0.0037711728364229,0.3671004772186279,0.3671004772186279,0.0095208765398959,0.02250193990767,1610,400,400,400,1.0,4.989440604674655e-05,9.584489822387695,376.8177849787883,5.931761741638184,0.2599655985832214,0.8048230409622192,14.851737022399902,14.083958040354757,14.083958040354757,0.0184582769870758,400,400,400
23_b4,0.0468304756043736,0.0401524017822521,0.0928613394498825,-0.0216133135954441,0.6651577176216781,1.192408735203387,-0.0462236667966083,1.0125768831427,1.0133281882807,0.06996087690618091,-0.00022131484,0.0121030584,0.005,23,4,support_safe_target_policy_draw,100,data/Z_true.pt,0.0101146968081593,0.4044801592826843,0.4044801592826843,0.0095208765398959,0.02250193990767,1610,400,400,400,1.0,4.989440604674655e-05,9.584489822387695,376.8177849787883,5.931761741638184,0.2599655985832214,0.8048230409622192,14.851737022399902,14.083958040354757,14.083958040354757,0.0184582769870758,400,400,400
23_b5,0.0511109028433434,0.0454660302679985,0.0864268243312835,-0.0449002565490081,0.8888958135713587,0.6360426370875225,0.0015357047784507,0.814520383820707,0.846734694066033,0.07140005884926509,-0.000910963397,0.0167637989,0.1575,23,5,support_safe_target_policy_draw,100,data/Z_true.pt,0.0101409181952476,0.3870518207550049,0.3870518207550049,0.0095208765398959,0.02250193990767,1610,400,400,400,1.0,4.989440604674655e-05,9.584489822387695,376.8177849787883,5.931761741638184,0.2599655985832214,0.8048230409622192,14.851737022399902,14.083958040354757,14.083958040354757,0.0184582769870758,400,400,400
23_b6,0.0268733208154632,0.0224390910845249,0.0608796179294586,0.0020071104587987,0.8624669651762144,1.181567559692783,-0.0206961432217389,1.07728493118263,1.08336906703997,0.08145246215978526,-0.00153356628,0.0216877572,0.0275,23,6,support_safe_target_policy_draw,100,data/Z_true.pt,0.0077354097738862,0.3810358643531799,0.3810358643531799,0.0095208765398959,0.02250193990767,1610,400,400,400,1.0,4.989440604674655e-05,9.584489822387695,376.8177849787883,5.931761741638184,0.2599655985832214,0.8048230409622192,14.851737022399902,14.083958040354757,14.083958040354757,0.0184582769870758,400,400,400
23_b7,0.0248011668770887,0.0210905524832196,0.0508058369159698,0.0083850479335524,0.9034269467015612,1.2113059118678742,-0.0190317021088048,1.046292374764,1.0485009180059999,0.06386129967762463,-0.000559764565,0.0114325834,0.005,23,7,support_safe_target_policy_draw,100,data/Z_true.pt,0.0085789943113923,0.3728016018867492,0.3728016018867492,0.0095208765398959,0.02250193990767,1610,400,400,400,1.0,4.989440604674655e-05,9.584489822387695,376.8177849787883,5.931761741638184,0.2599655985832214,0.8048230409622192,14.851737022399902,14.083958040354757,14.083958040354757,0.0184582769870758,400,400,400
23_b8,0.0099977816339948,0.0086658520356286,0.0197063088417053,-0.0079942595039028,0.9945405146318688,0.9216772616450456,0.0020667484405056,0.963479121514,0.963479121514,0.06407778019271365,0.000382318976,0.0125197433,0.0,23,8,support_safe_target_policy_draw,100,data/Z_true.pt,0.0050282906740903,0.3631452023983001,0.3631452023983001,0.0095208765398959,0.02250193990767,1610,400,400,400,1.0,4.989440604674655e-05,9.584489822387695,376.8177849787883,5.931761741638184,0.2599655985832214,0.8048230409622192,14.851737022399902,14.083958040354757,14.083958040354757,0.0184582769870758,400,400,400
23_b9,0.0179208331723577,0.0145613588648848,0.0412004739046096,-0.0055342879833187,0.94452805540422,1.083670407769299,-0.0162852129933697,0.9332672162208699,1.02504661052187,0.08403054247172523,-0.00290574669,0.0206931494,0.1525,23,9,support_safe_target_policy_draw,100,data/Z_true.pt,0.0110909324139356,0.367608368396759,0.367608368396759,0.0095208765398959,0.02250193990767,1610,400,400,400,1.0,4.989440604674655e-05,9.584489822387695,376.8177849787883,5.931761741638184,0.2599655985832214,0.8048230409622192,14.851737022399902,14.083958040354757,14.083958040354757,0.0184582769870758,400,400,400
24_b0,0.0492174816791934,0.0417498094239272,0.0960076004266738,-0.0320209034276194,0.6489683434123861,0.9612953500364064,-0.0271112015418804,0.8812643103844,0.886630591871,0.06526546898196021,-0.000466013327,0.0130342543,0.035,24,0,fixed_config,100,data/Z_true.pt,0.0066249277442693,0.3959981799125671,0.3959981799125671,0.0098693162397331,0.0171252358704805,1609,400,400,400,1.0,5.141612729886447e-05,9.13954257965088,376.7293924327101,5.931527137756348,0.2680607438087463,0.8103925585746765,14.934106826782228,14.16694198783888,14.16694198783888,0.0189215671271085,400,400,400
24_b1,0.0188977239310739,0.0151390203641494,0.043748527765274,0.0113249785458901,0.9757343806014622,1.213504435293825,-0.0154686143223813,0.99050958560555,0.99611454562895,0.05888382790685276,-0.000743616605,0.010109676,0.015,24,1,fixed_config,100,data/Z_true.pt,0.003349820151925,0.3670494556427002,0.3670494556427002,0.0098693162397331,0.0171252358704805,1609,400,400,400,1.0,5.141612729886447e-05,9.13954257965088,376.7293924327101,5.931527137756348,0.2680607438087463,0.8103925585746765,14.934106826782228,14.16694198783888,14.16694198783888,0.0189215671271085,400,400,400
24_b2,0.0214786950571932,0.0182610659277997,0.0451080203056335,0.0126177240652032,0.963629314019608,1.2333497170989671,-0.0179277756611686,1.017968294695,1.0213278670750001,0.06162991736240246,-0.000600896776,0.0107750464,0.0075,24,2,fixed_config,100,data/Z_true.pt,0.0035993754863739,0.367240309715271,0.367240309715271,0.0098693162397331,0.0171252358704805,1609,400,400,400,1.0,5.141612729886447e-05,9.13954257965088,376.7293924327101,5.931527137756348,0.2680607438087463,0.8103925585746765,14.934106826782228,14.16694198783888,14.16694198783888,0.0189215671271085,400,400,400
24_b3,0.0225011713381474,0.0179568504862254,0.048593133687973,0.0135323253140086,0.96260639212817,1.266505384366905,-0.0209549039876046,1.010802202748,1.0138229221400001,0.05919485662718443,-0.000917972531,0.00956772547,0.0075,24,3,fixed_config,100,data/Z_true.pt,0.0044334698468446,0.3685725927352905,0.3685725927352905,0.0098693162397331,0.0171252358704805,1609,400,400,400,1.0,5.141612729886447e-05,9.13954257965088,376.7293924327101,5.931527137756348,0.2680607438087463,0.8103925585746765,14.934106826782228,14.16694198783888,14.16694198783888,0.0189215671271085,400,400,400
24_b4,0.0486868169622108,0.0420810531132156,0.0916251391172409,-0.0197184184292564,0.6489736487111555,1.3216129799906888,-0.0608548513634637,1.0096882781602001,1.0104446203564001,0.0708344156973891,-0.000213014544,0.0137665318,0.0075,24,4,support_safe_target_policy_draw,100,data/Z_true.pt,0.0025321077555418,0.4091649651527405,0.4091649651527405,0.0098693162397331,0.0171252358704805,1609,400,400,400,1.0,5.141612729886447e-05,9.13954257965088,376.7293924327101,5.931527137756348,0.2680607438087463,0.8103925585746765,14.934106826782228,14.16694198783888,14.16694198783888,0.0189215671271085,400,400,400
24_b5,0.0649988680530703,0.0585609450575429,0.110409528017044,-0.0584391323674935,0.8283939718379724,0.5806257316912883,-0.0049327349447885,0.6359645113568599,0.68677921311654,0.056468835858946964,-0.000878896797,0.0138864554,0.205,24,5,support_safe_target_policy_draw,100,data/Z_true.pt,0.0090110134333372,0.3958112299442291,0.3958112299442291,0.0098693162397331,0.0171252358704805,1609,400,400,400,1.0,5.141612729886447e-05,9.13954257965088,376.7293924327101,5.931527137756348,0.2680607438087463,0.8103925585746765,14.934106826782228,14.16694198783888,14.16694198783888,0.0189215671271085,400,400,400
24_b6,0.027654149516952,0.022678647742141,0.0665246620774269,0.002458481027279,0.8497010553786333,1.163878740446875,-0.018032958211689,1.1160526363153,1.1342377942769,0.08951247980765975,-0.00113040488,0.020526886,0.0825,24,6,support_safe_target_policy_draw,100,data/Z_true.pt,0.0089389560744166,0.3834487795829773,0.3834487795829773,0.0098693162397331,0.0171252358704805,1609,400,400,400,1.0,5.141612729886447e-05,9.13954257965088,376.7293924327101,5.931527137756348,0.2680607438087463,0.8103925585746765,14.934106826782228,14.16694198783888,14.16694198783888,0.0189215671271085,400,400,400
24_b7,0.0242852372537226,0.0208537265344057,0.0483102798461914,0.0051388053281698,0.9055516972458147,1.2375191515939634,-0.0256790887475827,0.9614681687858,0.9671452604252,0.06053501131461983,-0.00128513481,0.0113870157,0.0125,24,7,support_safe_target_policy_draw,100,data/Z_true.pt,0.0097461938858032,0.3727543354034424,0.3727543354034424,0.0098693162397331,0.0171252358704805,1609,400,400,400,1.0,5.141612729886447e-05,9.13954257965088,376.7293924327101,5.931527137756348,0.2680607438087463,0.8103925585746765,14.934106826782228,14.16694198783888,14.16694198783888,0.0189215671271085,400,400,400
24_b8,0.0059393926406715,0.0051338808634318,0.0123975947499275,-0.0006562558165751,0.9927892269267654,0.9574015214699548,0.0048157646963974,1.0180719520055,1.0183985430845,0.07016979504497883,-0.00010994589,0.0134916808,0.005,24,8,support_safe_target_policy_draw,100,data/Z_true.pt,0.0051364204846322,0.3629170656204223,0.3629170656204223,0.0098693162397331,0.0171252358704805,1609,400,400,400,1.0,5.141612729886447e-05,9.13954257965088,376.7293924327101,5.931527137756348,0.2680607438087463,0.8103925585746765,14.934106826782228,14.16694198783888,14.16694198783888,0.0189215671271085,400,400,400
24_b9,0.0163312501064044,0.0134521954267984,0.0356199145317077,-0.0019125355355208,0.9569047019720716,1.135318189406994,-0.0192997545726469,0.9410423340670201,1.0959753519467799,0.08881808757104882,-0.00292020012,0.0185522214,0.2075,24,9,support_safe_target_policy_draw,100,data/Z_true.pt,0.0196498986333608,0.3672077059745788,0.3672077059745788,0.0098693162397331,0.0171252358704805,1609,400,400,400,1.0,5.141612729886447e-05,9.13954257965088,376.7293924327101,5.931527137756348,0.2680607438087463,0.8103925585746765,14.934106826782228,14.16694198783888,14.16694198783888,0.0189215671271085,400,400,400
25_b0,0.0481844748116755,0.0418816628563217,0.0885505452752113,-0.0178655475168488,0.5815888633196747,1.2648021585288929,-0.0514558178926297,1.043343770995,1.043343770995,0.07068451201288942,0.000367905479,0.0127193471,0.0,25,0,fixed_config,100,data/Z_true.pt,0.0089617166668176,0.4087082147598266,0.4087082147598266,0.0095614566645076,0.1962835937738418,1608,400,400,400,1.0,3.504103788998236e-05,18.50197410583496,381.6008008162365,5.944375038146973,0.1828019469976425,0.7863028049468994,14.911211013793944,9.856226369010605,9.856226369010605,0.018546849489212,400,400,400
25_b1,0.0207920167100471,0.016240972984815,0.050557255744934,0.0125109533627983,0.9751664798033408,1.253474562677851,-0.019298663264168,0.982516794706,0.99844045392,0.0595186355284979,-0.00155645621,0.0112993736,0.0275,25,1,fixed_config,100,data/Z_true.pt,0.0060395738109946,0.3690659403800964,0.3690659403800964,0.0095614566645076,0.1962835937738418,1608,400,400,400,1.0,3.504103788998236e-05,18.50197410583496,381.6008008162365,5.944375038146973,0.1828019469976425,0.7863028049468994,14.911211013793944,9.856226369010605,9.856226369010605,0.018546849489212,400,400,400
25_b2,0.0275110182801066,0.0225126876169815,0.0591318011283874,0.018116437101271,0.9577158804670248,1.3111492325202672,-0.0226130264479723,1.03145441175185,1.04039544454985,0.06195228825800998,-0.00106524338,0.0114690876,0.0275,25,2,fixed_config,100,data/Z_true.pt,0.0040245903655886,0.3707704544067383,0.3707704544067383,0.0095614566645076,0.1962835937738418,1608,400,400,400,1.0,3.504103788998236e-05,18.50197410583496,381.6008008162365,5.944375038146973,0.1828019469976425,0.7863028049468994,14.911211013793944,9.856226369010605,9.856226369010605,0.018546849489212,400,400,400
25_b3,0.023816902482013,0.0190237619407707,0.0526860356330871,0.0138730175833916,0.9607654314137208,1.302074815360318,-0.0252170872875532,1.0029902071495,1.0100207953717,0.06057910414576112,-0.000682937971,0.0106122112,0.03,25,3,fixed_config,100,data/Z_true.pt,0.0066573447547852,0.3702235519886017,0.3702235519886017,0.0095614566645076,0.1962835937738418,1608,400,400,400,1.0,3.504103788998236e-05,18.50197410583496,381.6008008162365,5.944375038146973,0.1828019469976425,0.7863028049468994,14.911211013793944,9.856226369010605,9.856226369010605,0.018546849489212,400,400,400
25_b4,0.0456987014637296,0.0395200970015139,0.0844821482896804,-0.0146627855711267,0.6605768060903046,1.2841729550885446,-0.0510103910348548,1.08484548050766,1.08799036627082,0.0790786981871606,-0.000487291487,0.0141841611,0.02,25,4,support_safe_target_policy_draw,100,data/Z_true.pt,0.0053337081335484,0.4083788990974426,0.4083788990974426,0.0095614566645076,0.1962835937738418,1608,400,400,400,1.0,3.504103788998236e-05,18.50197410583496,381.6008008162365,5.944375038146973,0.1828019469976425,0.7863028049468994,14.911211013793944,9.856226369010605,9.856226369010605,0.018546849489212,400,400,400
25_b5,0.0561734531041491,0.0500996535492595,0.0968402028083801,-0.0497909170051571,0.8537296336038173,0.6637850498740975,-0.0068945065662389,0.6803849615934099,0.69301162336617,0.05475485825031273,-0.000906205387,0.0147251245,0.0825,25,5,support_safe_target_policy_draw,100,data/Z_true.pt,0.0084282411262393,0.3889951407909393,0.3889951407909393,0.0095614566645076,0.1962835937738418,1608,400,400,400,1.0,3.504103788998236e-05,18.50197410583496,381.6008008162365,5.944375038146973,0.1828019469976425,0.7863028049468994,14.911211013793944,9.856226369010605,9.856226369010605,0.018546849489212,400,400,400
25_b6,0.0326136971330523,0.0265530628501437,0.0826225504279136,0.0073823747388087,0.8158486754787788,1.2466838749441678,-0.0234630395038659,1.1797016191699001,1.1818309874221,0.09002346940406745,-0.000398361823,0.0209529158,0.0125,25,6,support_safe_target_policy_draw,100,data/Z_true.pt,0.0110832815989851,0.3920254707336426,0.3920254707336426,0.0095614566645076,0.1962835937738418,1608,400,400,400,1.0,3.504103788998236e-05,18.50197410583496,381.6008008162365,5.944375038146973,0.1828019469976425,0.7863028049468994,14.911211013793944,9.856226369010605,9.856226369010605,0.018546849489212,400,400,400
25_b7,0.0312251749853733,0.0261190993781201,0.0668011754751205,0.0133999464358203,0.8860211566008522,1.3453571711668877,-0.031409832682611,1.03582400841106,1.0533211904217201,0.06669014889756479,-0.00152892841,0.0127271563,0.035,25,7,support_safe_target_policy_draw,100,data/Z_true.pt,0.0173233784735202,0.3779391646385193,0.3779391646385193,0.0095614566645076,0.1962835937738418,1608,400,400,400,1.0,3.504103788998236e-05,18.50197410583496,381.6008008162365,5.944375038146973,0.1828019469976425,0.7863028049468994,14.911211013793944,9.856226369010605,9.856226369010605,0.018546849489212,400,400,400
25_b8,0.0147072131821411,0.0125050430605188,0.0292270332574844,-0.0123730036383494,0.9954708424127876,0.8560847274261885,0.0061137440303144,0.9413590621446,0.94243277975,0.06861718056635972,-0.000484164455,0.0129025495,0.005,25,8,support_safe_target_policy_draw,100,data/Z_true.pt,0.0037658216897398,0.3638572990894317,0.3638572990894317,0.0095614566645076,0.1962835937738418,1608,400,400,400,1.0,3.504103788998236e-05,18.50197410583496,381.6008008162365,5.944375038146973,0.1828019469976425,0.7863028049468994,14.911211013793944,9.856226369010605,9.856226369010605,0.018546849489212,400,400,400
25_b9,0.0192761465405669,0.0162410612829262,0.0392384603619575,-0.001360841259011,0.9366667067671144,1.1398776353916025,-0.0193339097401013,0.9784057807786499,1.04104733993185,0.08742754845014214,-0.00183235691,0.0236125886,0.15,25,9,support_safe_target_policy_draw,100,data/Z_true.pt,0.0092237778007984,0.3685599565505981,0.3685599565505981,0.0095614566645076,0.1962835937738418,1608,400,400,400,1.0,3.504103788998236e-05,18.50197410583496,381.6008008162365,5.944375038146973,0.1828019469976425,0.7863028049468994,14.911211013793944,9.856226369010605,9.856226369010605,0.018546849489212,400,400,400
26_b0,0.0853006279904301,0.0793739155851653,0.13527312874794,-0.079344491403026,0.8026538623298264,0.3846407009646433,-0.0012858934381105,0.46574865888892003,0.72936526338068,0.06011230360931521,-0.0019466884,0.0169044975,0.47,26,0,fixed_config,100,data/Z_true.pt,0.0082395505160093,0.4198152720928192,0.4198152720928192,0.0339720946542456,0.8799849152565002,1609,400,400,400,1.0,3.506466165958955e-05,18.396329879760746,381.7593221483919,5.944790363311768,0.1828114986419677,0.7840957641601562,14.877092361450195,9.771530038296133,9.771530038296133,0.0187085848301649,400,400,400
26_b1,0.2026128117998322,0.1872423368462477,0.3346016556024551,-0.1872423368462477,-0.921636451000856,-0.6430712631632444,0.0189537659099651,-0.36356828331149305,0.5993251795477069,0.03528738141906067,-0.00383187016,0.00706334366,0.825,26,1,fixed_config,100,data/Z_true.pt,0.0208524372428655,0.6558212637901306,0.6558212637901306,0.0339720946542456,0.8799849152565002,1609,400,400,400,1.0,3.506466165958955e-05,18.396329879760746,381.7593221483919,5.944790363311768,0.1828114986419677,0.7840957641601562,14.877092361450195,9.771530038296133,9.771530038296133,0.0187085848301649,400,400,400
26_b2,0.193105874207036,0.1794482184849767,0.3086977005004883,-0.1794482184849767,-0.6588301723964761,-0.5605453289608239,0.0248273105851836,-0.26931156780770005,0.5862498413132999,0.036304065651350914,-0.00384356198,0.00860385783,0.785,26,2,fixed_config,100,data/Z_true.pt,0.0210932046175003,0.6155112981796265,0.6155112981796265,0.0339720946542456,0.8799849152565002,1609,400,400,400,1.0,3.506466165958955e-05,18.396329879760746,381.7593221483919,5.944790363311768,0.1828114986419677,0.7840957641601562,14.877092361450195,9.771530038296133,9.771530038296133,0.0187085848301649,400,400,400
26_b3,0.1868375016959548,0.1736421859087568,0.3026959300041199,-0.1736421859087568,-0.5975881211213855,-0.5694078010671869,0.0294476196939327,-0.25839090500633,0.5487502301424699,0.03425883796707995,-0.00349611603,0.00786864944,0.77,26,3,fixed_config,100,data/Z_true.pt,0.0166601873934268,0.6041941046714783,0.6041941046714783,0.0339720946542456,0.8799849152565002,1609,400,400,400,1.0,3.506466165958955e-05,18.396329879760746,381.7593221483919,5.944790363311768,0.1828114986419677,0.7840957641601562,14.877092361450195,9.771530038296133,9.771530038296133,0.0187085848301649,400,400,400
26_b4,0.0986043037399369,0.0926876821422774,0.1471017301082611,-0.0926876821422774,0.8783234835021493,0.3187435576649569,-0.0055504653796843,0.31000732223214,0.62580934869286,0.04977809137238172,-0.00178143196,0.0114790713,0.5075,26,4,support_safe_target_policy_draw,100,data/Z_true.pt,0.0017517537344247,0.4343234896659851,0.4343234896659851,0.0339720946542456,0.8799849152565002,1609,400,400,400,1.0,3.506466165958955e-05,18.396329879760746,381.7593221483919,5.944790363311768,0.1828114986419677,0.7840957641601562,14.877092361450195,9.771530038296133,9.771530038296133,0.0187085848301649,400,400,400
26_b5,0.089768244762439,0.0823807032208424,0.1440088301897049,-0.0823807032208424,0.8937402711995222,0.2736525839580939,0.0102912522294242,0.519586030324434,0.708195085553106,0.05814473981739379,-0.00138991664,0.0122421067,0.435,26,5,support_safe_target_policy_draw,100,data/Z_true.pt,0.0132979359477758,0.4207498729228973,0.4207498729228973,0.0339720946542456,0.8799849152565002,1609,400,400,400,1.0,3.506466165958955e-05,18.396329879760746,381.7593221483919,5.944790363311768,0.1828114986419677,0.7840957641601562,14.877092361450195,9.771530038296133,9.771530038296133,0.0187085848301649,400,400,400
26_b6,0.0946356004339495,0.0875589277772815,0.1663266262039542,-0.0875589277772815,0.6281293753902335,0.4001677161132955,-0.0125557469783637,0.2885573509695,0.8342177280784999,0.06763217431011825,-0.00218881108,0.0230837464,0.6375,26,6,support_safe_target_policy_draw,100,data/Z_true.pt,0.0102539276704192,0.4405801594257355,0.4405801594257355,0.0339720946542456,0.8799849152565002,1609,400,400,400,1.0,3.506466165958955e-05,18.396329879760746,381.7593221483919,5.944790363311768,0.1828114986419677,0.7840957641601562,14.877092361450195,9.771530038296133,9.771530038296133,0.0187085848301649,400,400,400
26_b7,0.1467041342265794,0.1363466473353764,0.2414842993021011,-0.1363466473353764,0.0763500951485576,0.1207088094578232,-0.0222594144111244,-0.0790630805734,0.6292317243158,0.04164888444041569,-0.00381538691,0.00972277578,0.64,26,7,support_safe_target_policy_draw,100,data/Z_true.pt,0.0146580711007118,0.5232741832733154,0.5232741832733154,0.0339720946542456,0.8799849152565002,1609,400,400,400,1.0,3.506466165958955e-05,18.396329879760746,381.7593221483919,5.944790363311768,0.1828114986419677,0.7840957641601562,14.877092361450195,9.771530038296133,9.771530038296133,0.0187085848301649,400,400,400
26_b8,0.1320367136258718,0.120732851977591,0.2230862136930227,-0.120732851977591,-0.3899578861130087,-0.1106276685776552,0.0219336843505892,0.214862994179,0.56639663248,0.04551775779052191,-0.00195805472,0.0125116305,0.615,26,8,support_safe_target_policy_draw,100,data/Z_true.pt,0.0043570818379521,0.4819348156452179,0.4819348156452179,0.0339720946542456,0.8799849152565002,1609,400,400,400,1.0,3.506466165958955e-05,18.396329879760746,381.7593221483919,5.944790363311768,0.1828114986419677,0.7840957641601562,14.877092361450195,9.771530038296133,9.771530038296133,0.0187085848301649,400,400,400
26_b9,0.1339900621688171,0.1210180898502585,0.2487803846597671,-0.1210180898502585,0.2020326815174866,0.5793203105048785,-0.0669643817879791,-0.046144444695799994,1.003457069759,0.07442689239971834,-0.00430299435,0.0225361027,0.7075,26,9,support_safe_target_policy_draw,100,data/Z_true.pt,0.0163406357169151,0.5262678861618042,0.5262678861618042,0.0339720946542456,0.8799849152565002,1609,400,400,400,1.0,3.506466165958955e-05,18.396329879760746,381.7593221483919,5.944790363311768,0.1828114986419677,0.7840957641601562,14.877092361450195,9.771530038296133,9.771530038296133,0.0187085848301649,400,400,400
27_b0,0.1752933381329108,0.16196209675516,0.3064755126833915,-0.16196209675516,-0.1184165531842419,-0.8833602534109315,0.0769429804486188,-0.3014354627393,0.9017298085125001,0.05441576146127602,-0.00391779933,0.0102933291,0.7325,27,0,fixed_config,100,data/Z_true.pt,0.0078317802399396,0.6286275386810303,0.6286275386810303,0.0611645787649541,2.2084341049194336,1607,400,400,400,1.0,3.688769679044413e-05,16.90673065185547,381.5112862876918,5.944140434265137,0.1925553381443023,0.7917450666427612,14.995338439941406,10.190140979045408,10.190140979045408,0.0188962388783693,400,400,400
27_b1,0.4025393016649257,0.3710390148550505,0.6692154854536057,-0.3710390148550505,-0.9873945505727776,-2.32170801429098,0.0458164572090541,-1.6050818203069,1.6840105204869,0.0881884077007718,-0.00720073376,0.00506591937,0.95,27,1,fixed_config,100,data/Z_true.pt,0.094767227768898,1.523341417312622,1.523341417312622,0.0611645787649541,2.2084341049194336,1607,400,400,400,1.0,3.688769679044413e-05,16.90673065185547,381.5112862876918,5.944140434265137,0.1925553381443023,0.7917450666427612,14.995338439941406,10.190140979045408,10.190140979045408,0.0188962388783693,400,400,400
27_b2,0.3906744073337887,0.3615264224214479,0.6337997019290924,-0.3615264224214479,-0.9037203065706672,-2.4083397432629416,0.0846255677738784,-1.45601115404723,1.5775140319781702,0.08310844168062,-0.00761738047,0.00579421828,0.9325,27,2,fixed_config,100,data/Z_true.pt,0.0729603767395019,1.4010566473007202,1.4010566473007202,0.0611645787649541,2.2084341049194336,1607,400,400,400,1.0,3.688769679044413e-05,16.90673065185547,381.5112862876918,5.944140434265137,0.1925553381443023,0.7917450666427612,14.995338439941406,10.190140979045408,10.190140979045408,0.0188962388783693,400,400,400
27_b3,0.3821686431788201,0.3542375697556417,0.6228269785642624,-0.3542375697556417,-0.8959248255119424,-2.434289615324965,0.0901779670381784,-1.449289053002,1.534255502464,0.08077871985442486,-0.00736435549,0.0052638445,0.94,27,3,fixed_config,100,data/Z_true.pt,0.0681308135390281,1.368552327156067,1.368552327156067,0.0611645787649541,2.2084341049194336,1607,400,400,400,1.0,3.688769679044413e-05,16.90673065185547,381.5112862876918,5.944140434265137,0.1925553381443023,0.7917450666427612,14.995338439941406,10.190140979045408,10.190140979045408,0.0188962388783693,400,400,400
27_b4,0.1962556046950516,0.1788281073744292,0.3464402854442596,-0.1788281073744292,-0.2194292503052874,-2.0140362666700886,0.2066871188727588,-0.5229997468384999,0.9699000929065,0.05552709374178952,-0.00422213413,0.00903514028,0.79,27,4,support_safe_target_policy_draw,100,data/Z_true.pt,0.0140329785645008,0.6987072229385376,0.6987072229385376,0.0611645787649541,2.2084341049194336,1607,400,400,400,1.0,3.688769679044413e-05,16.90673065185547,381.5112862876918,5.944140434265137,0.1925553381443023,0.7917450666427612,14.995338439941406,10.190140979045408,10.190140979045408,0.0188962388783693,400,400,400
27_b5,0.1393952096572607,0.1281196145425201,0.236250814050436,-0.1281196145425201,-0.0448567018082476,-0.031334232279205,0.0034644703144697,0.011186117754091993,0.730143007329492,0.05086260880403466,-0.00261813914,0.0107117929,0.6925,27,5,support_safe_target_policy_draw,100,data/Z_true.pt,0.0108691211789846,0.5148322582244873,0.5148322582244873,0.0611645787649541,2.2084341049194336,1607,400,400,400,1.0,3.688769679044413e-05,16.90673065185547,381.5112862876918,5.944140434265137,0.1925553381443023,0.7917450666427612,14.995338439941406,10.190140979045408,10.190140979045408,0.0188962388783693,400,400,400
27_b6,0.1785696198822559,0.1607711385693983,0.3527855426073074,-0.1607711385693983,-0.1560370957862876,-2.9255098136401494,0.3300756034108798,-0.3627511462102,1.2725649579432001,0.08087008479712555,-0.00475328788,0.019624928,0.775,27,6,support_safe_target_policy_draw,100,data/Z_true.pt,0.0088978465646505,0.6862793564796448,0.6862793564796448,0.0611645787649541,2.2084341049194336,1607,400,400,400,1.0,3.688769679044413e-05,16.90673065185547,381.5112862876918,5.944140434265137,0.1925553381443023,0.7917450666427612,14.995338439941406,10.190140979045408,10.190140979045408,0.0188962388783693,400,400,400
27_b7,0.3122535821669547,0.2869689310704416,0.5148913860321045,-0.2869689310704416,-0.5927619769628725,-2.8831553828001395,0.2168669510625459,-1.1053161550226998,1.2722360794607002,0.06885090995835925,-0.00682482636,0.00784464739,0.92,27,7,support_safe_target_policy_draw,100,data/Z_true.pt,0.0392288267612457,1.074960708618164,1.074960708618164,0.0611645787649541,2.2084341049194336,1607,400,400,400,1.0,3.688769679044413e-05,16.90673065185547,381.5112862876918,5.944140434265137,0.1925553381443023,0.7917450666427612,14.995338439941406,10.190140979045408,10.190140979045408,0.0188962388783693,400,400,400
27_b8,0.263204074450152,0.240304237032542,0.4463446289300918,-0.240304237032542,-0.929496171053363,-1.339019791619642,0.0601563597224398,-0.5199473505439001,1.0876609204035002,0.06288301432279096,-0.00380246108,0.0135232676,0.7825,27,8,support_safe_target_policy_draw,100,data/Z_true.pt,0.0048639136366546,0.8392934799194336,0.8392934799194336,0.0611645787649541,2.2084341049194336,1607,400,400,400,1.0,3.688769679044413e-05,16.90673065185547,381.5112862876918,5.944140434265137,0.1925553381443023,0.7917450666427612,14.995338439941406,10.190140979045408,10.190140979045408,0.0188962388783693,400,400,400
27_b9,0.241271820217041,0.2140030473579827,0.4631853401660919,-0.2140030473579827,-0.2705189790452124,-4.992275310375317,0.5559525942955664,-0.8253198315294601,1.4733564139561601,0.08437011395300327,-0.00665830169,0.0195954628,0.82,27,9,support_safe_target_policy_draw,100,data/Z_true.pt,0.0279071610420942,0.9194564819335938,0.9194564819335938,0.0611645787649541,2.2084341049194336,1607,400,400,400,1.0,3.688769679044413e-05,16.90673065185547,381.5112862876918,5.944140434265137,0.1925553381443023,0.7917450666427612,14.995338439941406,10.190140979045408,10.190140979045408,0.0188962388783693,400,400,400
28_b0,0.0425931682347556,0.0366097240836825,0.0824921950697898,-0.0217590086942072,0.658793607043674,0.9414756821803512,-0.0143351732162739,1.0779621898063958,1.095649648760744,0.0868473108823836,-0.00068955688,0.0162561107,0.09,28,0,fixed_config,100,data/Z_true.pt,0.0075638871639966,0.3969043791294098,0.3969043791294098,0.0064433051634091,0.022748339921236,1609,400,400,400,1.0,3.581732616986244e-05,17.717960357666016,381.84033722196426,5.945002555847168,0.1867355555295944,0.7860205173492432,14.909847259521484,9.905052359908307,9.905052359908307,0.0188525561243295,400,400,400
28_b1,0.0143945346741674,0.0118252571631455,0.0338658392429351,0.0059759842645144,0.975015071360424,1.1430003998709757,-0.0119697529697966,0.9808458557336001,0.9823253198512001,0.05718365842335282,-0.000509306323,0.00921647437,0.0075,28,1,fixed_config,100,data/Z_true.pt,0.0033041283022612,0.3656701743602752,0.3656701743602752,0.0064433051634091,0.022748339921236,1609,400,400,400,1.0,3.581732616986244e-05,17.717960357666016,381.84033722196426,5.945002555847168,0.1867355555295944,0.7860205173492432,14.909847259521484,9.905052359908307,9.905052359908307,0.0188525561243295,400,400,400
28_b2,0.0163309597877273,0.0137232120428234,0.0336784422397613,0.0048252855427563,0.9570674051848104,1.1308678510312684,-0.0123053283596857,1.0125524711621,1.0167439779321,0.06298253417528014,-0.00052078627,0.0122429002,0.015,28,2,fixed_config,100,data/Z_true.pt,0.0018126862123608,0.3657151162624359,0.3657151162624359,0.0064433051634091,0.022748339921236,1609,400,400,400,1.0,3.581732616986244e-05,17.717960357666016,381.84033722196426,5.945002555847168,0.1867355555295944,0.7860205173492432,14.909847259521484,9.905052359908307,9.905052359908307,0.0188525561243295,400,400,400
28_b3,0.0168708550239929,0.0140333305622334,0.037793219089508,0.0036430246851523,0.954819165391162,1.176322275049555,-0.0191740255033888,0.9687855991779599,0.97001952056436,0.05622913595535692,-0.000177577371,0.00995019544,0.015,28,3,fixed_config,100,data/Z_true.pt,0.0032562441192567,0.3675685524940491,0.3675685524940491,0.0064433051634091,0.022748339921236,1609,400,400,400,1.0,3.581732616986244e-05,17.717960357666016,381.84033722196426,5.945002555847168,0.1867355555295944,0.7860205173492432,14.909847259521484,9.905052359908307,9.905052359908307,0.0188525561243295,400,400,400
28_b4,0.0450409824105809,0.038862781447242,0.0881550163030624,-0.0243411908874986,0.6880979734094166,1.0355473312712098,-0.028887930291084,0.9885972894271801,0.99981845280742,0.07776948251402448,-0.000950751826,0.0176421143,0.0525,28,4,support_safe_target_policy_draw,100,data/Z_true.pt,0.0030497061088681,0.3968324661254883,0.3968324661254883,0.0064433051634091,0.022748339921236,1609,400,400,400,1.0,3.581732616986244e-05,17.717960357666016,381.84033722196426,5.945002555847168,0.1867355555295944,0.7860205173492432,14.909847259521484,9.905052359908307,9.905052359908307,0.0188525561243295,400,400,400
28_b5,0.0521834331131927,0.0452386953542009,0.0943499132990837,-0.0440121068572625,0.8132743503829266,0.7138445868928711,-0.007502605880685,0.7716274865212001,0.774262342499,0.057183622803757356,-0.000558738946,0.0130066536,0.0175,28,5,support_safe_target_policy_draw,100,data/Z_true.pt,0.0079579465091228,0.3892207741737366,0.3892207741737366,0.0064433051634091,0.022748339921236,1609,400,400,400,1.0,3.581732616986244e-05,17.717960357666016,381.84033722196426,5.945002555847168,0.1867355555295944,0.7860205173492432,14.909847259521484,9.905052359908307,9.905052359908307,0.0188525561243295,400,400,400
28_b6,0.0248348128977683,0.0205276625684928,0.0557376965880394,-0.0104881691315677,0.880046255717236,1.0056528343080806,-0.0111950009661066,0.9783562720511201,1.0168655851122999,0.0862509033724422,-0.0014033874,0.0223181825,0.125,28,6,support_safe_target_policy_draw,100,data/Z_true.pt,0.0113965086638927,0.3758352398872375,0.3758352398872375,0.0064433051634091,0.022748339921236,1609,400,400,400,1.0,3.581732616986244e-05,17.717960357666016,381.84033722196426,5.945002555847168,0.1867355555295944,0.7860205173492432,14.909847259521484,9.905052359908307,9.905052359908307,0.0188525561243295,400,400,400
28_b7,0.0249107359288121,0.0213859289372339,0.0472486540675163,-0.0011623599706217,0.8833898200871547,1.1943649791694528,-0.0263810393902913,0.93099692266621,0.9423412904226101,0.05777978813228434,-0.000996451825,0.0126616405,0.035,28,7,support_safe_target_policy_draw,100,data/Z_true.pt,0.0092492960393428,0.3745047748088836,0.3745047748088836,0.0064433051634091,0.022748339921236,1609,400,400,400,1.0,3.581732616986244e-05,17.717960357666016,381.84033722196426,5.945002555847168,0.1867355555295944,0.7860205173492432,14.909847259521484,9.905052359908307,9.905052359908307,0.0188525561243295,400,400,400
28_b8,0.0169937743507794,0.0135547984740696,0.0386873930692672,-0.0115662129851989,0.9710184515664224,0.8563926241600327,0.0068809835703358,0.9763551133221,0.9775716386507001,0.06950257485423411,-0.000203376752,0.0132444846,0.015,28,8,support_safe_target_policy_draw,100,data/Z_true.pt,0.0074666524305939,0.3661349415779114,0.3661349415779114,0.0064433051634091,0.022748339921236,1609,400,400,400,1.0,3.581732616986244e-05,17.717960357666016,381.84033722196426,5.945002555847168,0.1867355555295944,0.7860205173492432,14.909847259521484,9.905052359908307,9.905052359908307,0.0188525561243295,400,400,400
28_b9,0.0215811841958544,0.0183434689207933,0.0413797050714492,0.0021542542916722,0.9259402863004133,1.1793187801332017,-0.0208866607642388,1.0063435096846,1.0716647650506002,0.08957384882959124,-0.00205692044,0.0229007434,0.1475,28,9,support_safe_target_policy_draw,100,data/Z_true.pt,0.0134084690362215,0.3698886036872864,0.3698886036872864,0.0064433051634091,0.022748339921236,1609,400,400,400,1.0,3.581732616986244e-05,17.717960357666016,381.84033722196426,5.945002555847168,0.1867355555295944,0.7860205173492432,14.909847259521484,9.905052359908307,9.905052359908307,0.0188525561243295,400,400,400
29_b0,0.046126632530337,0.0385892887046793,0.0891444683074951,-0.0347547180677065,0.7476548334461675,0.8019318038904057,-0.009629680201225,0.84654914186507,0.8660759903754901,0.06699734579470448,-0.000682400481,0.0146726873,0.105,29,0,fixed_config,100,data/Z_true.pt,0.0069173746742308,0.387411892414093,0.387411892414093,0.0083744083376205,0.0186090115457773,1610,400,400,400,1.0,4.017190995853071e-05,14.091683387756348,380.3331839624152,5.941047668457031,0.2093083262443542,0.7857202291488647,14.793275833129885,11.323080395581872,11.323080395581872,0.0184851046651601,400,400,400
29_b1,0.0187383107973656,0.0149049225746421,0.0430088639259338,0.012844852374983,0.986743239500987,1.2276963878709195,-0.0157297498612354,0.9881046244294,0.9907605203214,0.05528985911821549,-0.000612998381,0.00859549642,0.0075,29,1,fixed_config,100,data/Z_true.pt,0.0040805242024362,0.3664809763431549,0.3664809763431549,0.0083744083376205,0.0186090115457773,1610,400,400,400,1.0,4.017190995853071e-05,14.091683387756348,380.3331839624152,5.941047668457031,0.2093083262443542,0.7857202291488647,14.793275833129885,11.323080395581872,11.323080395581872,0.0184851046651601,400,400,400
29_b2,0.0187929355902766,0.0156572970410343,0.0374416708946228,0.0128789843677077,0.9816527478955644,1.2093797274347224,-0.0145288414765921,1.0198581287625,1.0233830429125,0.060499328364657955,-0.000670730369,0.00973179098,0.01,29,2,fixed_config,100,data/Z_true.pt,0.0028477227315306,0.3649434745311737,0.3649434745311737,0.0083744083376205,0.0186090115457773,1610,400,400,400,1.0,4.017190995853071e-05,14.091683387756348,380.3331839624152,5.941047668457031,0.2093083262443542,0.7857202291488647,14.793275833129885,11.323080395581872,11.323080395581872,0.0184851046651601,400,400,400
29_b3,0.0181385039490511,0.0146615101082716,0.0399540811777114,0.0101122667302843,0.9730994756273688,1.2217080910251583,-0.0185779520109663,0.9863954786497,0.9893053410877,0.056397270115864526,-0.000410470879,0.00895396993,0.01,29,3,fixed_config,100,data/Z_true.pt,0.0043004769831895,0.3666319251060486,0.3666319251060486,0.0083744083376205,0.0186090115457773,1610,400,400,400,1.0,4.017190995853071e-05,14.091683387756348,380.3331839624152,5.941047668457031,0.2093083262443542,0.7857202291488647,14.793275833129885,11.323080395581872,11.323080395581872,0.0184851046651601,400,400,400
29_b4,0.0429975188346571,0.0370142543804831,0.0844164118170738,-0.0176559828198514,0.7061065708468416,1.1943430621939355,-0.042513749270698,0.9821167541614,0.9854571161518,0.07122759301515533,-0.000590144191,0.0147657758,0.0225,29,4,support_safe_target_policy_draw,100,data/Z_true.pt,0.0059120254591107,0.3969514966011047,0.3969514966011047,0.0083744083376205,0.0186090115457773,1610,400,400,400,1.0,4.017190995853071e-05,14.091683387756348,380.3331839624152,5.941047668457031,0.2093083262443542,0.7857202291488647,14.793275833129885,11.323080395581872,11.323080395581872,0.0184851046651601,400,400,400
29_b5,0.0545995050172501,0.047989994266536,0.0962434858083725,-0.0473612344474531,0.8323772579581904,0.6715912294701792,-0.0054607853237234,0.7333458669765001,0.74675113936158,0.05478107759228237,-0.000786836434,0.00995658617,0.08,29,5,support_safe_target_policy_draw,100,data/Z_true.pt,0.0092771248891949,0.3893705606460571,0.3893705606460571,0.0083744083376205,0.0186090115457773,1610,400,400,400,1.0,4.017190995853071e-05,14.091683387756348,380.3331839624152,5.941047668457031,0.2093083262443542,0.7857202291488647,14.793275833129885,11.323080395581872,11.323080395581872,0.0184851046651601,400,400,400
29_b6,0.0266922946120744,0.0223487561428919,0.0534147843718528,-0.0029721123445779,0.8581459338239138,1.1470021254609046,-0.0213532953684845,1.03323373546372,1.0508256141133199,0.07947942759053575,-0.00149823818,0.017157428,0.055,29,6,support_safe_target_policy_draw,100,data/Z_true.pt,0.007599655073136,0.3807039260864258,0.3807039260864258,0.0083744083376205,0.0186090115457773,1610,400,400,400,1.0,4.017190995853071e-05,14.091683387756348,380.3331839624152,5.941047668457031,0.2093083262443542,0.7857202291488647,14.793275833129885,11.323080395581872,11.323080395581872,0.0184851046651601,400,400,400
29_b7,0.0208435651172453,0.0176860500557813,0.0419973582029342,0.0028592903946992,0.9230765746344264,1.1827825481076255,-0.0208565791201366,0.9553149847565001,0.9673607654189,0.061973395984548714,-0.00121126324,0.0111007523,0.0275,29,7,support_safe_target_policy_draw,100,data/Z_true.pt,0.0093280784785747,0.3708750605583191,0.3708750605583191,0.0083744083376205,0.0186090115457773,1610,400,400,400,1.0,4.017190995853071e-05,14.091683387756348,380.3331839624152,5.941047668457031,0.2093083262443542,0.7857202291488647,14.793275833129885,11.323080395581872,11.323080395581872,0.0184851046651601,400,400,400
29_b8,0.0054335031679913,0.0047433359886053,0.0123498886823654,0.0028126356436405,0.9962018835162838,1.0421259329315575,-0.0025986836589258,1.0020259391570001,1.0020259391570001,0.06294226580924604,0.000202348456,0.0121652465,0.0,29,8,support_safe_target_policy_draw,100,data/Z_true.pt,0.0037543878424912,0.3622358739376068,0.3622358739376068,0.0083744083376205,0.0186090115457773,1610,400,400,400,1.0,4.017190995853071e-05,14.091683387756348,380.3331839624152,5.941047668457031,0.2093083262443542,0.7857202291488647,14.793275833129885,11.323080395581872,11.323080395581872,0.0184851046651601,400,400,400
29_b9,0.0212106717464872,0.0179100611276226,0.0454617217183113,-0.0021231268270639,0.9213962138955556,1.137753914169802,-0.0198233154668036,0.98349760376819,1.0323548459846101,0.08156857322071641,-0.00189455098,0.0206702426,0.115,29,9,support_safe_target_policy_draw,100,data/Z_true.pt,0.0093591269105672,0.3702327907085418,0.3702327907085418,0.0083744083376205,0.0186090115457773,1610,400,400,400,1.0,4.017190995853071e-05,14.091683387756348,380.3331839624152,5.941047668457031,0.2093083262443542,0.7857202291488647,14.793275833129885,11.323080395581872,11.323080395581872,0.0184851046651601,400,400,400
2_b0,0.0470416518967763,0.0402572668230277,0.0914345979690551,-0.0244610784461838,0.618615356542643,1.0589783894113942,-0.0319425131054132,0.99617160199295,0.9990856457775499,0.07453913603771693,-0.000229589408,0.0150703276,0.0225,2,0,fixed_config,100,data/Z_true.pt,0.0103460680693387,0.4009040892124176,0.4009040892124176,0.0061515402401193,0.0114743001759052,1609,400,400,400,1.0,3.719258612910892e-05,16.222257614135742,380.9355843880356,5.942630290985107,0.1939055472612381,0.780990719795227,14.76156234741211,10.550664697792314,10.550664697792314,0.0183785147964954,400,400,400
2_b1,0.0124101587830799,0.009855421592947,0.0294257551431655,0.0076109712640754,0.9916380967642748,1.154570602163588,-0.0117867605819876,0.9721085427609,0.9756759339509,0.05846127445196179,-0.000855703838,0.0117917396,0.0125,2,1,fixed_config,100,data/Z_true.pt,0.003373326268047,0.3640356063842773,0.3640356063842773,0.0061515402401193,0.0114743001759052,1609,400,400,400,1.0,3.719258612910892e-05,16.222257614135742,380.9355843880356,5.942630290985107,0.1939055472612381,0.780990719795227,14.76156234741211,10.550664697792314,10.550664697792314,0.0183785147964954,400,400,400
2_b2,0.0222633836488083,0.0187323211843613,0.0455836653709411,0.0153377298486884,0.9739552471696088,1.24283421762002,-0.016449291880248,1.026201382192119,1.034732909784081,0.06227953707129563,-0.00156973861,0.0124942083,0.0225,2,2,fixed_config,100,data/Z_true.pt,0.0035413273144513,0.3668786883354187,0.3668786883354187,0.0061515402401193,0.0114743001759052,1609,400,400,400,1.0,3.719258612910892e-05,16.222257614135742,380.9355843880356,5.942630290985107,0.1939055472612381,0.780990719795227,14.76156234741211,10.550664697792314,10.550664697792314,0.0183785147964954,400,400,400
2_b3,0.0169434884593193,0.0137164357089204,0.0367504507303237,0.0103106029221089,0.9790764273740774,1.2019219405185195,-0.0158191815857408,1.000433511043,1.004655008147,0.061020547298543865,-0.000819488894,0.0118577834,0.0125,2,3,fixed_config,100,data/Z_true.pt,0.0040420438162982,0.3656770288944244,0.3656770288944244,0.0061515402401193,0.0114743001759052,1609,400,400,400,1.0,3.719258612910892e-05,16.222257614135742,380.9355843880356,5.942630290985107,0.1939055472612381,0.780990719795227,14.76156234741211,10.550664697792314,10.550664697792314,0.0183785147964954,400,400,400
2_b4,0.0486274122611624,0.0418949361532577,0.0946231484413147,-0.0247082609744393,0.6550851326741921,1.178114928102006,-0.047490341457203,0.974360517349693,0.974360517349693,0.06983151464712178,8.40285793e-07,0.0161818694,0.0,2,4,support_safe_target_policy_draw,100,data/Z_true.pt,0.0033665993250906,0.4059649407863617,0.4059649407863617,0.0061515402401193,0.0114743001759052,1609,400,400,400,1.0,3.719258612910892e-05,16.222257614135742,380.9355843880356,5.942630290985107,0.1939055472612381,0.780990719795227,14.76156234741211,10.550664697792314,10.550664697792314,0.0183785147964954,400,400,400
2_b5,0.0521649998201356,0.0448482613603118,0.0962011069059372,-0.0432105649600271,0.7930836366947067,0.7568977431556191,-0.0121940554790572,0.74458513488071,0.74905940329509,0.05532441034950985,-0.000411199406,0.013354565,0.035,2,5,support_safe_target_policy_draw,100,data/Z_true.pt,0.0098495557904243,0.3897480368614197,0.3897480368614197,0.0061515402401193,0.0114743001759052,1609,400,400,400,1.0,3.719258612910892e-05,16.222257614135742,380.9355843880356,5.942630290985107,0.1939055472612381,0.780990719795227,14.76156234741211,10.550664697792314,10.550664697792314,0.0183785147964954,400,400,400
2_b6,0.0294054748020739,0.0240496065421029,0.074066624045372,0.0089644303359091,0.8590843599093426,1.227073091727805,-0.0194288466032271,1.1616621861896,1.1639405438194,0.08830523580024104,-0.000556853018,0.0197352283,0.015,2,6,support_safe_target_policy_draw,100,data/Z_true.pt,0.0085120620205998,0.3856371343135834,0.3856371343135834,0.0061515402401193,0.0114743001759052,1609,400,400,400,1.0,3.719258612910892e-05,16.222257614135742,380.9355843880356,5.942630290985107,0.1939055472612381,0.780990719795227,14.76156234741211,10.550664697792314,10.550664697792314,0.0183785147964954,400,400,400
2_b7,0.024316787094111,0.0206378574471455,0.0497883111238479,0.0078515309572685,0.9148407845082052,1.2460490175475043,-0.0240731054745108,0.9885456518808999,1.0012388754328998,0.06419608796836548,-0.00141775003,0.0123412414,0.0275,2,7,support_safe_target_policy_draw,100,data/Z_true.pt,0.0132754752412438,0.3725285530090332,0.3725285530090332,0.0061515402401193,0.0114743001759052,1609,400,400,400,1.0,3.719258612910892e-05,16.222257614135742,380.9355843880356,5.942630290985107,0.1939055472612381,0.780990719795227,14.76156234741211,10.550664697792314,10.550664697792314,0.0183785147964954,400,400,400
2_b8,0.0104454594433099,0.0086375363008119,0.0228468626737594,-0.0065200036461465,0.9905736197236265,0.8844250978918307,0.0083262598107665,1.0114328372131,1.0114328372131,0.07301674169714799,2.85221031e-05,0.0165170077,0.0,2,8,support_safe_target_policy_draw,100,data/Z_true.pt,0.0094557600095868,0.3639946579933166,0.3639946579933166,0.0061515402401193,0.0114743001759052,1609,400,400,400,1.0,3.719258612910892e-05,16.222257614135742,380.9355843880356,5.942630290985107,0.1939055472612381,0.780990719795227,14.76156234741211,10.550664697792314,10.550664697792314,0.0183785147964954,400,400,400
2_b9,0.0186496169327382,0.0158210837707156,0.0351464301347732,0.0010999393876409,0.938272537660993,1.1209501769536223,-0.0144411140988691,1.01351346977489,1.0368520719296699,0.08489782698448047,-0.000923405401,0.0192741193,0.075,2,9,support_safe_target_policy_draw,100,data/Z_true.pt,0.0088962595909833,0.3680815994739532,0.3680815994739532,0.0061515402401193,0.0114743001759052,1609,400,400,400,1.0,3.719258612910892e-05,16.222257614135742,380.9355843880356,5.942630290985107,0.1939055472612381,0.780990719795227,14.76156234741211,10.550664697792314,10.550664697792314,0.0183785147964954,400,400,400
30_b0,0.0436741959432095,0.0375475835381075,0.0864672660827636,-0.0211914028553292,0.6635415506956999,1.0880463308754296,-0.0323601186850321,0.97021681266925,0.98178321086935,0.0762137750837053,-0.000564234448,0.0178400371,0.0675,30,0,fixed_config,100,data/Z_true.pt,0.0083459764719009,0.3934035003185272,0.3934035003185272,0.0076440661854864,0.013578787446022,1609,400,400,400,1.0,3.820445414426388e-05,15.448171615600586,380.8858171170616,5.94249963760376,0.1991809755563736,0.7828641533851624,14.783173561096191,10.702788593884742,10.702788593884742,0.018610194325447,400,400,400
30_b1,0.0189823444229333,0.0149112814228283,0.0448313057422637,0.0131226476904703,0.9923089937704264,1.2559774793324452,-0.0190010707477026,0.9726358339798,0.9815091478738001,0.056130979284486834,-0.00151798548,0.00937889516,0.025,30,1,fixed_config,100,data/Z_true.pt,0.0053735207766294,0.366970032453537,0.366970032453537,0.0076440661854864,0.013578787446022,1609,400,400,400,1.0,3.820445414426388e-05,15.448171615600586,380.8858171170616,5.94249963760376,0.1991809755563736,0.7828641533851624,14.783173561096191,10.702788593884742,10.702788593884742,0.018610194325447,400,400,400
30_b2,0.0224213967734198,0.0188401265547145,0.0469713509082794,0.0151747687428724,0.978520916328704,1.2732376215761396,-0.0205920613988103,1.0012399198134,1.0148777852386,0.05992126142699958,-0.00202615722,0.0101791043,0.0375,30,2,fixed_config,100,data/Z_true.pt,0.0042418101802468,0.3672670125961303,0.3672670125961303,0.0076440661854864,0.013578787446022,1609,400,400,400,1.0,3.820445414426388e-05,15.448171615600586,380.8858171170616,5.94249963760376,0.1991809755563736,0.7828641533851624,14.783173561096191,10.702788593884742,10.702788593884742,0.018610194325447,400,400,400
30_b3,0.0186447031365392,0.0149707469998975,0.0401311516761779,0.0117567169663379,0.9811173385093206,1.2425453567743736,-0.0196299559708343,0.9907015938821999,0.9939187878775999,0.05834595523019106,-0.00121563347,0.0110491235,0.0125,30,3,fixed_config,100,data/Z_true.pt,0.0041652233339846,0.3666847646236419,0.3666847646236419,0.0076440661854864,0.013578787446022,1609,400,400,400,1.0,3.820445414426388e-05,15.448171615600586,380.8858171170616,5.94249963760376,0.1991809755563736,0.7828641533851624,14.783173561096191,10.702788593884742,10.702788593884742,0.018610194325447,400,400,400
30_b4,0.0445756005179253,0.038413899866282,0.0881203562021255,-0.0195779172092443,0.6919052199515904,1.1943049861140034,-0.044430813476964,0.97154379429349,0.98323197549211,0.07544982081480403,-0.000581441913,0.0163872093,0.065,30,4,support_safe_target_policy_draw,100,data/Z_true.pt,0.0022340901196002,0.3974029123783111,0.3974029123783111,0.0076440661854864,0.013578787446022,1609,400,400,400,1.0,3.820445414426388e-05,15.448171615600586,380.8858171170616,5.94249963760376,0.1991809755563736,0.7828641533851624,14.783173561096191,10.702788593884742,10.702788593884742,0.018610194325447,400,400,400
30_b5,0.0585988539691374,0.0523533882864285,0.1004890128970146,-0.0522630437521729,0.8556698507072199,0.6207239014473152,-0.0038726221272717,0.682078159490205,0.698574284628255,0.05693979846181373,-0.000664014427,0.0126254503,0.105,30,5,support_safe_target_policy_draw,100,data/Z_true.pt,0.0099960006773471,0.3903599381446838,0.3903599381446838,0.0076440661854864,0.013578787446022,1609,400,400,400,1.0,3.820445414426388e-05,15.448171615600586,380.8858171170616,5.94249963760376,0.1991809755563736,0.7828641533851624,14.783173561096191,10.702788593884742,10.702788593884742,0.018610194325447,400,400,400
30_b6,0.0213389840940813,0.0179541202867403,0.043220080435276,-0.0001741907466202,0.9073289480460032,1.1185761988175031,-0.0150009886987582,1.04036480764598,1.07797457133502,0.08689936238240703,-0.00158435409,0.0220744424,0.0825,30,6,support_safe_target_policy_draw,100,data/Z_true.pt,0.0100087150931358,0.3748350143432617,0.3748350143432617,0.0076440661854864,0.013578787446022,1609,400,400,400,1.0,3.820445414426388e-05,15.448171615600586,380.8858171170616,5.94249963760376,0.1991809755563736,0.7828641533851624,14.783173561096191,10.702788593884742,10.702788593884742,0.018610194325447,400,400,400
30_b7,0.0232449689533205,0.0196692576119676,0.0458679646253585,0.0047626247676089,0.9123169573795638,1.2245622085079502,-0.0243741177172483,0.97442280749181,0.98827195894039,0.06312498741683742,-0.00156446663,0.0115416292,0.04,30,7,support_safe_target_policy_draw,100,data/Z_true.pt,0.0081742629408836,0.3725190460681915,0.3725190460681915,0.0076440661854864,0.013578787446022,1609,400,400,400,1.0,3.820445414426388e-05,15.448171615600586,380.8858171170616,5.94249963760376,0.1991809755563736,0.7828641533851624,14.783173561096191,10.702788593884742,10.702788593884742,0.018610194325447,400,400,400
30_b8,0.0110907162610648,0.0096415656688623,0.0218559503555297,0.009266597579699,0.9932281331919468,1.049493829576053,0.0029088294139953,1.0939421808946,1.0942427391786,0.07397539940515038,-0.000150279142,0.0169488043,0.0025,30,8,support_safe_target_policy_draw,100,data/Z_true.pt,0.0059665823355317,0.3635545074939728,0.3635545074939728,0.0076440661854864,0.013578787446022,1609,400,400,400,1.0,3.820445414426388e-05,15.448171615600586,380.8858171170616,5.94249963760376,0.1991809755563736,0.7828641533851624,14.783173561096191,10.702788593884742,10.702788593884742,0.018610194325447,400,400,400
30_b9,0.0222309046107572,0.0192683371651219,0.0409684479236602,0.0060925578378373,0.9276500706234684,1.184060648828701,-0.0175576464053976,1.067487849328522,1.1431877929632779,0.09540782237704518,-0.00226380769,0.0255091041,0.1575,30,9,support_safe_target_policy_draw,100,data/Z_true.pt,0.0104869725182652,0.3711729943752289,0.3711729943752289,0.0076440661854864,0.013578787446022,1609,400,400,400,1.0,3.820445414426388e-05,15.448171615600586,380.8858171170616,5.94249963760376,0.1991809755563736,0.7828641533851624,14.783173561096191,10.702788593884742,10.702788593884742,0.018610194325447,400,400,400
31_b0,0.048579548401576,0.0415411290631163,0.0955965220928192,-0.0231145817332435,0.5890222389951055,1.1411212494961596,-0.0410158743536615,1.03564860327902,1.0390966232477798,0.07811303679158701,-0.000341285195,0.0165825058,0.035,31,0,fixed_config,100,data/Z_true.pt,0.0069387461990118,0.4045576453208923,0.4045576453208923,0.175485760158299,5.287899017333984,1608,400,400,400,1.0,4.371039372585983e-05,12.20858097076416,379.8101476472572,5.939671516418457,0.2280282080173492,0.7967483401298523,14.93955421447754,12.159428719449888,12.159428719449888,0.0187532007694244,400,400,400
31_b1,0.0130741281078159,0.010735033644014,0.0294500887393951,0.0071165915433084,0.9852838900248252,1.1434311845351912,-0.0108832067173743,0.98938889775,0.9894646152066,0.05855813885693293,-3.78587283e-05,0.0113375513,0.0025,31,1,fixed_config,100,data/Z_true.pt,0.0020528817549347,0.364323616027832,0.364323616027832,0.175485760158299,5.287899017333984,1608,400,400,400,1.0,4.371039372585983e-05,12.20858097076416,379.8101476472572,5.939671516418457,0.2280282080173492,0.7967483401298523,14.93955421447754,12.159428719449888,12.159428719449888,0.0187532007694244,400,400,400
31_b2,0.0204738140451951,0.0178806118643842,0.0405953079462051,0.0120600128010846,0.963961548153082,1.2074161813615103,-0.0150907846791457,1.0393217956092,1.0393973440308,0.06300547539187552,-3.77742108e-05,0.0120539181,0.0025,31,2,fixed_config,100,data/Z_true.pt,0.0024738374631851,0.366868108510971,0.366868108510971,0.175485760158299,5.287899017333984,1608,400,400,400,1.0,4.371039372585983e-05,12.20858097076416,379.8101476472572,5.939671516418457,0.2280282080173492,0.7967483401298523,14.93955421447754,12.159428719449888,12.159428719449888,0.0187532007694244,400,400,400
31_b3,0.0153583877297278,0.0127277410653186,0.0311835259199142,0.0073396338784368,0.9736867661379954,1.1727981110729786,-0.0150213705478568,0.9996354292369999,0.9996354292369999,0.05935569028518651,0.000174966175,0.0108060203,0.0,31,3,fixed_config,100,data/Z_true.pt,0.0031099366024136,0.3655784130096435,0.3655784130096435,0.175485760158299,5.287899017333984,1608,400,400,400,1.0,4.371039372585983e-05,12.20858097076416,379.8101476472572,5.939671516418457,0.2280282080173492,0.7967483401298523,14.93955421447754,12.159428719449888,12.159428719449888,0.0187532007694244,400,400,400
31_b4,0.0526308946010351,0.045311871440208,0.1013374179601669,-0.0266598157995031,0.6037417648002198,1.231028235055092,-0.0562098591389455,0.9939938995545,0.9956352688639,0.07056679660164496,-0.000307113049,0.0146976486,0.015,31,4,support_safe_target_policy_draw,100,data/Z_true.pt,0.0009457166306674,0.4132333695888519,0.4132333695888519,0.175485760158299,5.287899017333984,1608,400,400,400,1.0,4.371039372585983e-05,12.20858097076416,379.8101476472572,5.939671516418457,0.2280282080173492,0.7967483401298523,14.93955421447754,12.159428719449888,12.159428719449888,0.0187532007694244,400,400,400
31_b5,0.0584290880366203,0.0511641710065305,0.1031667441129684,-0.0504678043257445,0.7916019358002019,0.6788575621559911,-0.0094944394651018,0.6996170103479,0.7087049415387,0.05319257010144786,-0.000701713434,0.0119127184,0.0475,31,5,support_safe_target_policy_draw,100,data/Z_true.pt,0.0063377446494996,0.3930688202381134,0.3930688202381134,0.175485760158299,5.287899017333984,1608,400,400,400,1.0,4.371039372585983e-05,12.20858097076416,379.8101476472572,5.939671516418457,0.2280282080173492,0.7967483401298523,14.93955421447754,12.159428719449888,12.159428719449888,0.0187532007694244,400,400,400
31_b6,0.0245224504384328,0.0205041688482742,0.0517018288373947,-0.001651556197321,0.8775513263017442,1.1284248395815444,-0.017709830686638,1.05223907186328,1.0653900325432801,0.08408686527548187,-0.00166397449,0.0255625974,0.0525,31,6,support_safe_target_policy_draw,100,data/Z_true.pt,0.0074309315532445,0.3786215484142303,0.3786215484142303,0.175485760158299,5.287899017333984,1608,400,400,400,1.0,4.371039372585983e-05,12.20858097076416,379.8101476472572,5.939671516418457,0.2280282080173492,0.7967483401298523,14.93955421447754,12.159428719449888,12.159428719449888,0.0187532007694244,400,400,400
31_b7,0.0224420354684386,0.0190956070402171,0.0430996716022491,0.0009070831828285,0.9045335821513368,1.1737713106840952,-0.0216395864651917,0.9652763639163,0.9683075845517,0.06158779492879781,-0.000607209164,0.0122874752,0.0125,31,7,support_safe_target_policy_draw,100,data/Z_true.pt,0.0076154908165335,0.3718342185020447,0.3718342185020447,0.175485760158299,5.287899017333984,1608,400,400,400,1.0,4.371039372585983e-05,12.20858097076416,379.8101476472572,5.939671516418457,0.2280282080173492,0.7967483401298523,14.93955421447754,12.159428719449888,12.159428719449888,0.0187532007694244,400,400,400
31_b8,0.0084900455693807,0.0068533190584275,0.0199908018112182,-0.0051221366960089,0.9962304710088794,0.8817964543666178,0.0100617911984054,1.034276509465497,1.035273925209497,0.07621770515353629,-0.000292683253,0.016975645,0.01,31,8,support_safe_target_policy_draw,100,data/Z_true.pt,0.0059862416237592,0.3636768162250519,0.3636768162250519,0.175485760158299,5.287899017333984,1608,400,400,400,1.0,4.371039372585983e-05,12.20858097076416,379.8101476472572,5.939671516418457,0.2280282080173492,0.7967483401298523,14.93955421447754,12.159428719449888,12.159428719449888,0.0187532007694244,400,400,400
31_b9,0.0130932525635016,0.0104230647132499,0.0295878425240516,0.0004390923801111,0.9737638245143287,1.1270448178927523,-0.0158850698475495,0.9701418266658499,1.0957328997054299,0.09815506238267117,-0.00308437599,0.0352232791,0.2075,31,9,support_safe_target_policy_draw,100,data/Z_true.pt,0.0173634532839059,0.3655033111572265,0.3655033111572265,0.175485760158299,5.287899017333984,1608,400,400,400,1.0,4.371039372585983e-05,12.20858097076416,379.8101476472572,5.939671516418457,0.2280282080173492,0.7967483401298523,14.93955421447754,12.159428719449888,12.159428719449888,0.0187532007694244,400,400,400
32_b0,0.0473153596186642,0.0404699972970411,0.0911723226308822,-0.0241943993931636,0.6015335808761043,1.028136156448132,-0.0277634832241963,1.0698160865,1.0705915515424,0.07929632454226773,-0.000217195367,0.0170708075,0.0125,32,0,fixed_config,100,data/Z_true.pt,0.0124222375452518,0.4042728841304779,0.4042728841304779,0.0612423849442258,1.7943484783172607,1608,400,400,400,1.0,3.891925028653986e-05,15.201249122619627,380.54452355689006,5.941603183746338,0.2030337899923324,0.7916039824485779,14.927602767944336,10.872555536315751,10.872555536315751,0.0186739712953567,400,400,400
32_b1,0.0182337447595576,0.0145484338613459,0.0426610261201858,0.0120737525721779,0.9913822158061104,1.2504789632702666,-0.0193599333589564,0.9452432870773,0.9867384180723,0.05444325672108813,-0.00353094307,0.00882312469,0.05,32,1,fixed_config,100,data/Z_true.pt,0.0058187209069728,0.3672135472297668,0.3672135472297668,0.0612423849442258,1.7943484783172607,1608,400,400,400,1.0,3.891925028653986e-05,15.201249122619627,380.54452355689006,5.941603183746338,0.2030337899923324,0.7916039824485779,14.927602767944336,10.872555536315751,10.872555536315751,0.0186739712953567,400,400,400
32_b2,0.019462514527936,0.0160415710858069,0.0413185954093933,0.0139123776671476,0.9871198419925262,1.2349439499257104,-0.0168418072848952,0.98879158213827,1.0129359303352699,0.05852084506946112,-0.00286425184,0.0115449969,0.04,32,2,fixed_config,100,data/Z_true.pt,0.0046543204225599,0.3656192719936371,0.3656192719936371,0.0612423849442258,1.7943484783172607,1608,400,400,400,1.0,3.891925028653986e-05,15.201249122619627,380.54452355689006,5.941603183746338,0.2030337899923324,0.7916039824485779,14.927602767944336,10.872555536315751,10.872555536315751,0.0186739712953567,400,400,400
32_b3,0.0150064540600991,0.011942481281585,0.0338006615638732,0.0079697154468158,0.9851616256302472,1.21261777203787,-0.0195441671536692,0.9420877984947,0.9645224885147,0.05544304486194889,-0.00292155123,0.0108021451,0.025,32,3,fixed_config,100,data/Z_true.pt,0.0057776942849159,0.3658084273338318,0.3658084273338318,0.0612423849442258,1.7943484783172607,1608,400,400,400,1.0,3.891925028653986e-05,15.201249122619627,380.54452355689006,5.941603183746338,0.2030337899923324,0.7916039824485779,14.927602767944336,10.872555536315751,10.872555536315751,0.0186739712953567,400,400,400
32_b4,0.0447862329536662,0.0384633725008461,0.0880047082901001,-0.0198142902750987,0.6940305966268208,1.2091082566868123,-0.0465606230177483,0.9701611612706,0.972446000552,0.06850888585077988,-0.000335860124,0.0145272557,0.0175,32,4,support_safe_target_policy_draw,100,data/Z_true.pt,0.0074462150223553,0.3992082774639129,0.3992082774639129,0.0612423849442258,1.7943484783172607,1608,400,400,400,1.0,3.891925028653986e-05,15.201249122619627,380.54452355689006,5.941603183746338,0.2030337899923324,0.7916039824485779,14.927602767944336,10.872555536315751,10.872555536315751,0.0186739712953567,400,400,400
32_b5,0.0477348586126638,0.0417831451154779,0.086092323064804,-0.041278621078236,0.8737231288639999,0.7305181039393077,-0.0068964319014949,0.75104508473104,0.76170021417506,0.06021077900640541,-0.000882788561,0.0161863454,0.065,32,5,support_safe_target_policy_draw,100,data/Z_true.pt,0.0121583230793476,0.3826874792575836,0.3826874792575836,0.0612423849442258,1.7943484783172607,1608,400,400,400,1.0,3.891925028653986e-05,15.201249122619627,380.54452355689006,5.941603183746338,0.2030337899923324,0.7916039824485779,14.927602767944336,10.872555536315751,10.872555536315751,0.0186739712953567,400,400,400
32_b6,0.0228270641523841,0.0190534566366113,0.048775166273117,-0.0029099047998897,0.8854572684746423,1.0596042994197676,-0.010362841505474,1.0486084326334901,1.06909377721029,0.08351131897720113,-0.00101179816,0.0198406707,0.0775,32,6,support_safe_target_policy_draw,100,data/Z_true.pt,0.0081729758530855,0.3759323358535766,0.3759323358535766,0.0612423849442258,1.7943484783172607,1608,400,400,400,1.0,3.891925028653986e-05,15.201249122619627,380.54452355689006,5.941603183746338,0.2030337899923324,0.7916039824485779,14.927602767944336,10.872555536315751,10.872555536315751,0.0186739712953567,400,400,400
32_b7,0.0212277535243368,0.0178678900463273,0.044416606426239,0.0033840880735078,0.9254067429281708,1.2075121929901882,-0.0235404303919803,0.9288782328390001,0.9567289361666,0.05991176541096017,-0.00233241939,0.0119559215,0.0625,32,7,support_safe_target_policy_draw,100,data/Z_true.pt,0.0119557017460465,0.3709145784378052,0.3709145784378052,0.0612423849442258,1.7943484783172607,1608,400,400,400,1.0,3.891925028653986e-05,15.201249122619627,380.54452355689006,5.941603183746338,0.2030337899923324,0.7916039824485779,14.927602767944336,10.872555536315751,10.872555536315751,0.0186739712953567,400,400,400
32_b8,0.0122549263778619,0.0098387411108706,0.0269342809915542,0.008862996812677,0.9913844872658708,1.1145387740975117,-0.0058501700190975,1.0385442296600003,1.0385442296600003,0.06328299746092211,0.000264401111,0.0109031629,0.0,32,8,support_safe_target_policy_draw,100,data/Z_true.pt,0.0039457827806472,0.3636071383953094,0.3636071383953094,0.0612423849442258,1.7943484783172607,1608,400,400,400,1.0,3.891925028653986e-05,15.201249122619627,380.54452355689006,5.941603183746338,0.2030337899923324,0.7916039824485779,14.927602767944336,10.872555536315751,10.872555536315751,0.0186739712953567,400,400,400
32_b9,0.0194115438933072,0.0164637989742914,0.0379001051187515,0.0011458425089949,0.9305018765332508,1.1073205670984645,-0.0126439237855956,1.04322451785303,1.0904544418587698,0.08552001656649626,-0.0017762545,0.0201969892,0.135,32,9,support_safe_target_policy_draw,100,data/Z_true.pt,0.0083560356870293,0.3683910965919494,0.3683910965919494,0.0612423849442258,1.7943484783172607,1608,400,400,400,1.0,3.891925028653986e-05,15.201249122619627,380.54452355689006,5.941603183746338,0.2030337899923324,0.7916039824485779,14.927602767944336,10.872555536315751,10.872555536315751,0.0186739712953567,400,400,400
33_b0,0.0446581961004919,0.0376694143022177,0.0884976536035537,-0.0286779578978894,0.6958880949387273,0.9128366073950072,-0.0176212431764624,0.9252621882844,0.9347912155014,0.07401535112349475,-0.000611728756,0.0179968309,0.0675,33,0,fixed_config,100,data/Z_true.pt,0.0081729013472795,0.3914616405963897,0.3914616405963897,0.0080995071247693,0.0149070248007774,1607,400,400,400,1.0,4.378267651716783e-05,11.929555892944336,379.01989295444326,5.937588691711426,0.2285474240779876,0.7893842458724976,14.756799697875977,12.38304790364471,12.38304790364471,0.0184564758092165,400,400,400
33_b1,0.0196714597774074,0.0156507528456859,0.0460069179534912,0.0130541460891254,0.9850715129704312,1.247427885785536,-0.0179966469628847,0.97519003457908,0.97800956291508,0.05459875190546327,-0.000517867738,0.00851860829,0.0075,33,1,fixed_config,100,data/Z_true.pt,0.0055696219205856,0.3674270212650299,0.3674270212650299,0.0080995071247693,0.0149070248007774,1607,400,400,400,1.0,4.378267651716783e-05,11.929555892944336,379.01989295444326,5.937588691711426,0.2285474240779876,0.7893842458724976,14.756799697875977,12.38304790364471,12.38304790364471,0.0184564758092165,400,400,400
33_b2,0.0241313832764314,0.0197812826244626,0.0493794232606887,0.0175001149193849,0.9804170453003096,1.28400677831558,-0.0196763988436338,1.0124241907647,1.0175845969955,0.058885678074886,-0.000698264688,0.00965523534,0.015,33,2,fixed_config,100,data/Z_true.pt,0.0056792772375047,0.3673544526100158,0.3673544526100158,0.0080995071247693,0.0149070248007774,1607,400,400,400,1.0,4.378267651716783e-05,11.929555892944336,379.01989295444326,5.937588691711426,0.2285474240779876,0.7893842458724976,14.756799697875977,12.38304790364471,12.38304790364471,0.0184564758092165,400,400,400
33_b3,0.0217627324901276,0.0174898607516661,0.0480008721351623,0.0140667214430868,0.9743204364759992,1.2738584933598862,-0.0213720396878855,0.9946985880464001,0.9956660785324001,0.05760594002996924,-0.000259179156,0.0111141298,0.005,33,3,fixed_config,100,data/Z_true.pt,0.0074028270319104,0.3681206703186035,0.3681206703186035,0.0080995071247693,0.0149070248007774,1607,400,400,400,1.0,4.378267651716783e-05,11.929555892944336,379.01989295444326,5.937588691711426,0.2285474240779876,0.7893842458724976,14.756799697875977,12.38304790364471,12.38304790364471,0.0184564758092165,400,400,400
33_b4,0.0405563387688879,0.0349251485799322,0.0792889297008514,-0.0120290736711467,0.7293719686176208,1.248740841500949,-0.0438446768370959,1.0539502628261,1.0558337542332998,0.08186851764196265,-0.000314242672,0.020533761,0.0225,33,4,support_safe_target_policy_draw,100,data/Z_true.pt,0.0033008502796292,0.397219181060791,0.397219181060791,0.0080995071247693,0.0149070248007774,1607,400,400,400,1.0,4.378267651716783e-05,11.929555892944336,379.01989295444326,5.937588691711426,0.2285474240779876,0.7893842458724976,14.756799697875977,12.38304790364471,12.38304790364471,0.0184564758092165,400,400,400
33_b5,0.054332692577607,0.0482974811911117,0.0919862017035484,-0.0478609127027448,0.8767489566858636,0.6038345896260254,0.0026843531717818,0.790164275446086,0.815685875185694,0.0734633176005944,-0.000646067201,0.0175852664,0.155,33,5,support_safe_target_policy_draw,100,data/Z_true.pt,0.0091985780745744,0.3882375955581665,0.3882375955581665,0.0080995071247693,0.0149070248007774,1607,400,400,400,1.0,4.378267651716783e-05,11.929555892944336,379.01989295444326,5.937588691711426,0.2285474240779876,0.7893842458724976,14.756799697875977,12.38304790364471,12.38304790364471,0.0184564758092165,400,400,400
33_b6,0.0255652972536999,0.0213993546122219,0.05684594810009,-0.0101134331605862,0.8673721257285812,0.9866526135373545,-0.0084444725745303,1.062702035850831,1.1124812009041691,0.09401320777247374,-0.00117843132,0.0208362155,0.15,33,6,support_safe_target_policy_draw,100,data/Z_true.pt,0.0100640971213579,0.3787570297718048,0.3787570297718048,0.0080995071247693,0.0149070248007774,1607,400,400,400,1.0,4.378267651716783e-05,11.929555892944336,379.01989295444326,5.937588691711426,0.2285474240779876,0.7893842458724976,14.756799697875977,12.38304790364471,12.38304790364471,0.0184564758092165,400,400,400
33_b7,0.0215021924751034,0.0180027252947911,0.045762613415718,0.0067045084992423,0.9337279853347872,1.2242512128546594,-0.0223918825822151,0.965533203836,0.9756817090500001,0.06620899868115884,-0.00156195811,0.0156112481,0.0225,33,7,support_safe_target_policy_draw,100,data/Z_true.pt,0.0141705330461263,0.3708627820014953,0.3708627820014953,0.0080995071247693,0.0149070248007774,1607,400,400,400,1.0,4.378267651716783e-05,11.929555892944336,379.01989295444326,5.937588691711426,0.2285474240779876,0.7893842458724976,14.756799697875977,12.38304790364471,12.38304790364471,0.0184564758092165,400,400,400
33_b8,0.0070793004712383,0.0058394058432895,0.0153118222951889,-0.0032514378021005,0.9931344438424063,0.9292601459886248,0.0058355048679743,1.034208055643,1.034208055643,0.07251839549136817,0.000122150755,0.0161022991,0.0,33,8,support_safe_target_policy_draw,100,data/Z_true.pt,0.0016060005873441,0.3629761338233948,0.3629761338233948,0.0080995071247693,0.0149070248007774,1607,400,400,400,1.0,4.378267651716783e-05,11.929555892944336,379.01989295444326,5.937588691711426,0.2285474240779876,0.7893842458724976,14.756799697875977,12.38304790364471,12.38304790364471,0.0184564758092165,400,400,400
33_b9,0.0222812059275099,0.0188621578301535,0.0440688505768775,0.0015864398266421,0.9137417699025236,1.148654684429654,-0.0175144036771038,1.0626604123627201,1.10624783900464,0.09098525151751441,-0.00112974108,0.0202013291,0.1375,33,9,support_safe_target_policy_draw,100,data/Z_true.pt,0.01028498634696,0.3718200027942657,0.3718200027942657,0.0080995071247693,0.0149070248007774,1607,400,400,400,1.0,4.378267651716783e-05,11.929555892944336,379.01989295444326,5.937588691711426,0.2285474240779876,0.7893842458724976,14.756799697875977,12.38304790364471,12.38304790364471,0.0184564758092165,400,400,400
34_b0,0.0501366947073688,0.0426621392645756,0.0971151515841484,-0.0343331913367728,0.6438610966372789,0.8590917574784178,-0.016458918744846,0.91212394767142,0.9298105801930199,0.07422016365932857,-0.000583629473,0.0150058195,0.0925,34,0,fixed_config,100,data/Z_true.pt,0.0062444591894745,0.3963934779167175,0.3963934779167175,0.0073422741511217,0.1362589448690414,1609,400,400,400,1.0,3.5311257828851694e-05,17.90764045715332,381.2046945207667,5.943336486816406,0.1840971410274505,0.7790516018867493,14.753307342529297,9.951286857801966,9.951286857801966,0.0184998326003551,400,400,400
34_b1,0.0126065850442672,0.0103135958692291,0.0291776806116104,0.0063849697069963,0.9860878173254518,1.1461871834460469,-0.0119606907492948,0.975999943506,0.979083788059,0.058492741574240614,-0.0009607682,0.0104831588,0.01,34,1,fixed_config,100,data/Z_true.pt,0.0030674978625029,0.3645319640636444,0.3645319640636444,0.0073422741511217,0.1362589448690414,1609,400,400,400,1.0,3.5311257828851694e-05,17.90764045715332,381.2046945207667,5.943336486816406,0.1840971410274505,0.7790516018867493,14.753307342529297,9.951286857801966,9.951286857801966,0.0184998326003551,400,400,400
34_b2,0.0197904235261264,0.0163986149360425,0.0406664162874221,0.0121074381587095,0.971969350015954,1.2188158552832882,-0.0165355777008159,1.0208123526710002,1.026909908531,0.06302322760243585,-0.000995973125,0.0120523507,0.0125,34,2,fixed_config,100,data/Z_true.pt,0.0034330603666603,0.3660562634468078,0.3660562634468078,0.0073422741511217,0.1362589448690414,1609,400,400,400,1.0,3.5311257828851694e-05,17.90764045715332,381.2046945207667,5.943336486816406,0.1840971410274505,0.7790516018867493,14.753307342529297,9.951286857801966,9.951286857801966,0.0184998326003551,400,400,400
34_b3,0.0204034324508455,0.0165124789692345,0.0443295985460281,0.0117298848534119,0.9687612824753644,1.2527277348766528,-0.0209744425442255,1.0011072407847998,1.0032623378708,0.05907695566450561,-0.000613938086,0.0106942207,0.005,34,3,fixed_config,100,data/Z_true.pt,0.0053027216345071,0.3678936064243316,0.3678936064243316,0.0073422741511217,0.1362589448690414,1609,400,400,400,1.0,3.5311257828851694e-05,17.90764045715332,381.2046945207667,5.943336486816406,0.1840971410274505,0.7790516018867493,14.753307342529297,9.951286857801966,9.951286857801966,0.0184998326003551,400,400,400
34_b4,0.0471373728587131,0.0400717228119901,0.0938403159379959,-0.0292435395419306,0.6993291340298492,1.0170728502697093,-0.0314272703109313,0.9248381632611,0.9359117453687,0.07407725943208002,-0.000749891158,0.0147408955,0.07,34,4,support_safe_target_policy_draw,100,data/Z_true.pt,0.0045041423290967,0.3958897590637207,0.3958897590637207,0.0073422741511217,0.1362589448690414,1609,400,400,400,1.0,3.5311257828851694e-05,17.90764045715332,381.2046945207667,5.943336486816406,0.1840971410274505,0.7790516018867493,14.753307342529297,9.951286857801966,9.951286857801966,0.0184998326003551,400,400,400
34_b5,0.0475389006155552,0.0413502606400288,0.0853394418954849,-0.0402497274451889,0.8555312812664639,0.7218217962797192,-0.0047580088363713,0.79404783424981,0.8105619185478099,0.06293729655707272,-0.000651035632,0.0148979593,0.1025,34,5,support_safe_target_policy_draw,100,data/Z_true.pt,0.0096855722367763,0.3841928243637085,0.3841928243637085,0.0073422741511217,0.1362589448690414,1609,400,400,400,1.0,3.5311257828851694e-05,17.90764045715332,381.2046945207667,5.943336486816406,0.1840971410274505,0.7790516018867493,14.753307342529297,9.951286857801966,9.951286857801966,0.0184998326003551,400,400,400
34_b6,0.0222314432911243,0.018690891417209,0.0463768988847732,-0.0051692908327095,0.8977865750726461,1.0743527867266631,-0.0144663821290103,0.9828660524084161,1.006573296734516,0.08622986154804216,-0.00103750709,0.0254895352,0.1025,34,6,support_safe_target_policy_draw,100,data/Z_true.pt,0.0124617759138345,0.3745302855968475,0.3745302855968475,0.0073422741511217,0.1362589448690414,1609,400,400,400,1.0,3.5311257828851694e-05,17.90764045715332,381.2046945207667,5.943336486816406,0.1840971410274505,0.7790516018867493,14.753307342529297,9.951286857801966,9.951286857801966,0.0184998326003551,400,400,400
34_b7,0.026079112338343,0.0220079401019029,0.0530555695295333,0.0087689062324352,0.9074200651767228,1.278381629430119,-0.0273508572091198,0.998703758664,1.0059307337166,0.06587134493105558,-0.000772391097,0.0132809747,0.03,34,7,support_safe_target_policy_draw,100,data/Z_true.pt,0.0124745732173323,0.3741175532341003,0.3741175532341003,0.0073422741511217,0.1362589448690414,1609,400,400,400,1.0,3.5311257828851694e-05,17.90764045715332,381.2046945207667,5.943336486816406,0.1840971410274505,0.7790516018867493,14.753307342529297,9.951286857801966,9.951286857801966,0.0184998326003551,400,400,400
34_b8,0.0172532741057046,0.0141662623954471,0.0365493148565292,-0.0135179581947159,0.9939317130800678,0.7944475419529087,0.0128864418153057,1.0007604528299,1.0069319170539,0.07785677332293071,-0.000456373906,0.0170269161,0.0475,34,8,support_safe_target_policy_draw,100,data/Z_true.pt,0.003029219340533,0.3656796813011169,0.3656796813011169,0.0073422741511217,0.1362589448690414,1609,400,400,400,1.0,3.5311257828851694e-05,17.90764045715332,381.2046945207667,5.943336486816406,0.1840971410274505,0.7790516018867493,14.753307342529297,9.951286857801966,9.951286857801966,0.0184998326003551,400,400,400
34_b9,0.0171938009418119,0.0143152149248635,0.0377814173698425,-0.0027295847929781,0.9479526214694268,1.1071007495777734,-0.0164911064340066,0.95958909474894,1.04364476110426,0.09107221833951548,-0.00252318662,0.0278858189,0.18,34,9,support_safe_target_policy_draw,100,data/Z_true.pt,0.0147184496745467,0.3666691780090332,0.3666691780090332,0.0073422741511217,0.1362589448690414,1609,400,400,400,1.0,3.5311257828851694e-05,17.90764045715332,381.2046945207667,5.943336486816406,0.1840971410274505,0.7790516018867493,14.753307342529297,9.951286857801966,9.951286857801966,0.0184998326003551,400,400,400
35_b0,0.0454618790386181,0.0389947326041874,0.0875804871320724,-0.0168609541401383,0.615691898113604,1.199081385398766,-0.042114515513959,1.0552640343151,1.0557368872751,0.07413803859621887,-0.00023642648,0.013210048,0.0025,35,0,fixed_config,100,data/Z_true.pt,0.0046024429611861,0.4030724763870239,0.4030724763870239,0.0158363864945878,0.1653080135583877,1609,400,400,400,1.0,4.736964987728243e-05,10.408114433288574,378.0224893842043,5.934953689575195,0.2469642162322998,0.7967463135719299,14.803808212280272,13.477922551597402,13.477922551597402,0.0183236114680767,400,400,400
35_b1,0.0232350828740197,0.0182245317695196,0.0530108362436294,0.0152127525734249,0.9712649018377746,1.2634830552513263,-0.0178528729737766,1.0119553134055,1.0158701744141,0.05852870142283418,-0.000814394094,0.0106638139,0.015,35,1,fixed_config,100,data/Z_true.pt,0.0033247075043618,0.3694664239883423,0.3694664239883423,0.0158363864945878,0.1653080135583877,1609,400,400,400,1.0,4.736964987728243e-05,10.408114433288574,378.0224893842043,5.934953689575195,0.2469642162322998,0.7967463135719299,14.803808212280272,13.477922551597402,13.477922551597402,0.0183236114680767,400,400,400
35_b2,0.0285555752350523,0.0234613358613569,0.0597231239080429,0.0201592762011569,0.9640708177965984,1.3203509440037704,-0.0217746922392678,1.0503464419761,1.0513936087409,0.060951928731479026,-0.000267266762,0.0106183384,0.01,35,2,fixed_config,100,data/Z_true.pt,0.0033137255813926,0.3701213002204895,0.3701213002204895,0.0158363864945878,0.1653080135583877,1609,400,400,400,1.0,4.736964987728243e-05,10.408114433288574,378.0224893842043,5.934953689575195,0.2469642162322998,0.7967463135719299,14.803808212280272,13.477922551597402,13.477922551597402,0.0183236114680767,400,400,400
35_b3,0.0242226020641765,0.0192027002223767,0.0558682382106781,0.0129238626617006,0.9481978431415624,1.290114583063361,-0.024618523859367,1.01190858196706,1.01339624777614,0.05855836298396503,-0.000306314789,0.0101716863,0.01,35,3,fixed_config,100,data/Z_true.pt,0.0034197201021015,0.3708964884281158,0.3708964884281158,0.0158363864945878,0.1653080135583877,1609,400,400,400,1.0,4.736964987728243e-05,10.408114433288574,378.0224893842043,5.934953689575195,0.2469642162322998,0.7967463135719299,14.803808212280272,13.477922551597402,13.477922551597402,0.0183236114680767,400,400,400
35_b4,0.0494926394793217,0.0424054681432608,0.1032344251871109,-0.0094039999197411,0.6402433501621885,1.5305360185228698,-0.0772630749663368,1.068521790069,1.068521790069,0.06927276639757966,0.000166941434,0.0125263445,0.0,35,4,support_safe_target_policy_draw,100,data/Z_true.pt,0.0071321595460176,0.4157175123691559,0.4157175123691559,0.0158363864945878,0.1653080135583877,1609,400,400,400,1.0,4.736964987728243e-05,10.408114433288574,378.0224893842043,5.934953689575195,0.2469642162322998,0.7967463135719299,14.803808212280272,13.477922551597402,13.477922551597402,0.0183236114680767,400,400,400
35_b5,0.0450686958059157,0.0380964891682378,0.0870656594634056,-0.0343689280911348,0.7969653677501856,0.8324731764018795,-0.0129948060245754,0.8551470714362299,0.8560615113432299,0.06374050844318388,-0.000148692168,0.0142891239,0.01,35,5,support_safe_target_policy_draw,100,data/Z_true.pt,0.0123658645898103,0.3876837491989136,0.3876837491989136,0.0158363864945878,0.1653080135583877,1609,400,400,400,1.0,4.736964987728243e-05,10.408114433288574,378.0224893842043,5.934953689575195,0.2469642162322998,0.7967463135719299,14.803808212280272,13.477922551597402,13.477922551597402,0.0183236114680767,400,400,400
35_b6,0.0243710899344161,0.0203953822166658,0.0526701807975769,-0.0094307595840655,0.8810547554451356,1.0110074929762063,-0.0108071392955536,1.0192937844541001,1.0713750218629001,0.08932176834988305,-0.00132845202,0.0236713737,0.15,35,6,support_safe_target_policy_draw,100,data/Z_true.pt,0.0096989227458834,0.377159059047699,0.377159059047699,0.0158363864945878,0.1653080135583877,1609,400,400,400,1.0,4.736964987728243e-05,10.408114433288574,378.0224893842043,5.934953689575195,0.2469642162322998,0.7967463135719299,14.803808212280272,13.477922551597402,13.477922551597402,0.0183236114680767,400,400,400
35_b7,0.0249389805127474,0.0211867426545359,0.0528872832655906,0.0036044095712713,0.8968167908715127,1.241896475867834,-0.0277814383511587,0.9506214555712,0.954488426111,0.05990332021919979,-0.000518488465,0.011449893,0.0225,35,7,support_safe_target_policy_draw,100,data/Z_true.pt,0.0102999238297343,0.3744055032730102,0.3744055032730102,0.0158363864945878,0.1653080135583877,1609,400,400,400,1.0,4.736964987728243e-05,10.408114433288574,378.0224893842043,5.934953689575195,0.2469642162322998,0.7967463135719299,14.803808212280272,13.477922551597402,13.477922551597402,0.0183236114680767,400,400,400
35_b8,0.0102882393048775,0.0089749655174091,0.0180365741252899,-0.0081425099493935,0.9919975289267702,0.9495958961360088,-0.0016678117958613,0.923897057167,0.924473080179,0.06205970818771116,-0.000288011506,0.013909149,0.0025,35,8,support_safe_target_policy_draw,100,data/Z_true.pt,0.0016522160731256,0.3630803227424621,0.3630803227424621,0.0158363864945878,0.1653080135583877,1609,400,400,400,1.0,4.736964987728243e-05,10.408114433288574,378.0224893842043,5.934953689575195,0.2469642162322998,0.7967463135719299,14.803808212280272,13.477922551597402,13.477922551597402,0.0183236114680767,400,400,400
35_b9,0.02356469677143,0.0201137394813122,0.0458331704139709,0.0036366531177191,0.9205051264144468,1.2268506594854112,-0.0255116980572005,0.9966763054694099,1.07554182139301,0.08861845533123026,-0.00192536274,0.0215414148,0.1425,35,9,support_safe_target_policy_draw,100,data/Z_true.pt,0.0140580106526613,0.3715422451496124,0.3715422451496124,0.0158363864945878,0.1653080135583877,1609,400,400,400,1.0,4.736964987728243e-05,10.408114433288574,378.0224893842043,5.934953689575195,0.2469642162322998,0.7967463135719299,14.803808212280272,13.477922551597402,13.477922551597402,0.0183236114680767,400,400,400
36_b0,0.0486883632017673,0.0419381588706164,0.0934341549873352,-0.0263023760737269,0.6007385381443608,1.0498074471169998,-0.0326204726658469,0.98274589949934,0.98391710882354,0.06708772281980231,-0.000203080475,0.0130595379,0.01,36,0,fixed_config,100,data/Z_true.pt,0.0085486406460404,0.4011993110179901,0.4011993110179901,0.0109793300175999,0.303433746099472,1608,400,400,400,1.0,3.75034817921005e-05,16.031719207763672,380.7852126429859,5.942235469818115,0.1956480145454406,0.783367395401001,14.792680740356444,10.418624507487657,10.418624507487657,0.0187786798924207,400,400,400
36_b1,0.0175096852056103,0.0147636735625565,0.0407410562038421,0.0043662574887275,0.9552948816907753,1.1644452297852634,-0.0162706839871348,0.95286172568,0.9667078520757999,0.05692353801088045,-0.0017661599,0.0120089194,0.025,36,1,fixed_config,100,data/Z_true.pt,0.004287764430046,0.3680760562419891,0.3680760562419891,0.0109793300175999,0.303433746099472,1608,400,400,400,1.0,3.75034817921005e-05,16.031719207763672,380.7852126429859,5.942235469818115,0.1956480145454406,0.783367395401001,14.792680740356444,10.418624507487657,10.418624507487657,0.0187786798924207,400,400,400
36_b2,0.0242812752637853,0.0200499369681347,0.0522448569536209,0.0118771674332674,0.9416721972222152,1.2643304514611122,-0.0227237133098311,1.0111971184742,1.0198746171442,0.05903701881609701,-0.00145753054,0.010723277,0.0225,36,2,fixed_config,100,data/Z_true.pt,0.0045510688796639,0.369920939207077,0.369920939207077,0.0109793300175999,0.303433746099472,1608,400,400,400,1.0,3.75034817921005e-05,16.031719207763672,380.7852126429859,5.942235469818115,0.1956480145454406,0.783367395401001,14.792680740356444,10.418624507487657,10.418624507487657,0.0187786798924207,400,400,400
36_b3,0.0244916288780201,0.0199346870082081,0.0546852350234985,0.0099977140789269,0.931527377255665,1.2911403135383408,-0.027677407479282,0.99104668013013,0.99877803260273,0.05640868582403297,-0.00181019842,0.00935544912,0.0175,36,3,fixed_config,100,data/Z_true.pt,0.0060498528182506,0.3719434738159179,0.3719434738159179,0.0109793300175999,0.303433746099472,1608,400,400,400,1.0,3.75034817921005e-05,16.031719207763672,380.7852126429859,5.942235469818115,0.1956480145454406,0.783367395401001,14.792680740356444,10.418624507487657,10.418624507487657,0.0187786798924207,400,400,400
36_b4,0.0475990264568395,0.0408060707090771,0.0942308083176612,-0.028998296650534,0.6853681222411828,1.0119671775611838,-0.0305289780215771,0.93010866950227,0.96523208315913,0.0736927714389102,-0.00126708578,0.0146824392,0.1175,36,4,support_safe_target_policy_draw,100,data/Z_true.pt,0.0027742064557969,0.3971194624900818,0.3971194624900818,0.0109793300175999,0.303433746099472,1608,400,400,400,1.0,3.75034817921005e-05,16.031719207763672,380.7852126429859,5.942235469818115,0.1956480145454406,0.783367395401001,14.792680740356444,10.418624507487657,10.418624507487657,0.0187786798924207,400,400,400
36_b5,0.0521533258268688,0.045496614233125,0.0933122560381889,-0.0444237125315703,0.8235897298656566,0.7315811142248078,-0.010177148869074,0.7394324411726,0.7410309767426,0.05296885182444817,-0.000200783135,0.012433771,0.015,36,5,support_safe_target_policy_draw,100,data/Z_true.pt,0.0092988293617963,0.388366162776947,0.388366162776947,0.0109793300175999,0.303433746099472,1608,400,400,400,1.0,3.75034817921005e-05,16.031719207763672,380.7852126429859,5.942235469818115,0.1956480145454406,0.783367395401001,14.792680740356444,10.418624507487657,10.418624507487657,0.0187786798924207,400,400,400
36_b6,0.0212409770562438,0.0180454369378276,0.0439185723662376,-0.0111063775955699,0.920019155678198,0.9665756911812908,-0.0069269935498088,0.9789990880862,1.0684713452612,0.09155241569959753,-0.00305865193,0.0247218478,0.1425,36,6,support_safe_target_policy_draw,100,data/Z_true.pt,0.0144465742632746,0.3724181056022644,0.3724181056022644,0.0109793300175999,0.303433746099472,1608,400,400,400,1.0,3.75034817921005e-05,16.031719207763672,380.7852126429859,5.942235469818115,0.1956480145454406,0.783367395401001,14.792680740356444,10.418624507487657,10.418624507487657,0.0187786798924207,400,400,400
36_b7,0.0283591803826829,0.0242192122736014,0.0555732622742652,-0.0008868880732916,0.8475780442898431,1.214362546542226,-0.0287002336869545,0.957958977188,0.966942494255,0.05921208707475127,-0.00143269077,0.0117491912,0.0325,36,7,support_safe_target_policy_draw,100,data/Z_true.pt,0.0096124112606048,0.3778523802757263,0.3778523802757263,0.0109793300175999,0.303433746099472,1608,400,400,400,1.0,3.75034817921005e-05,16.031719207763672,380.7852126429859,5.942235469818115,0.1956480145454406,0.783367395401001,14.792680740356444,10.418624507487657,10.418624507487657,0.0187786798924207,400,400,400
36_b8,0.009159003050469,0.0082380095485132,0.0165764838457107,-0.0080923666141461,0.9979798381859007,0.933026638226768,0.0005107483817892,0.9362820708536999,0.9362820708536999,0.060136357889969266,4.97450819e-05,0.0113256788,0.0,36,8,support_safe_target_policy_draw,100,data/Z_true.pt,0.0042108311317861,0.3624981343746185,0.3624981343746185,0.0109793300175999,0.303433746099472,1608,400,400,400,1.0,3.75034817921005e-05,16.031719207763672,380.7852126429859,5.942235469818115,0.1956480145454406,0.783367395401001,14.792680740356444,10.418624507487657,10.418624507487657,0.0187786798924207,400,400,400
36_b9,0.0147802401628394,0.0123950123548274,0.0319283232092857,-0.0015571597212692,0.960624871288719,1.0925809444516117,-0.0134530117637662,0.9824333467611001,1.0875587778977,0.0935316942983809,-0.00406637695,0.031085562,0.1375,36,9,support_safe_target_policy_draw,100,data/Z_true.pt,0.0144300870597362,0.3659258484840393,0.3659258484840393,0.0109793300175999,0.303433746099472,1608,400,400,400,1.0,3.75034817921005e-05,16.031719207763672,380.7852126429859,5.942235469818115,0.1956480145454406,0.783367395401001,14.792680740356444,10.418624507487657,10.418624507487657,0.0187786798924207,400,400,400
37_b0,0.0468709000314213,0.0398086634502396,0.091589443385601,-0.0279443059620098,0.6494075671161567,0.9845853782273356,-0.0259889544046028,0.9331082792547001,0.93366296613152,0.06713848336617134,-0.000135258771,0.0129420785,0.01,37,0,fixed_config,100,data/Z_true.pt,0.0048050861805677,0.3966183364391327,0.3966183364391327,0.0080967447691051,0.0169853046536445,1610,400,400,400,1.0,3.373352528868168e-05,19.93537712097168,381.5864261331134,5.944337368011475,0.1757623106241226,0.7847620248794556,14.889223098754885,9.38639583607919,9.38639583607919,0.0187252182513475,400,400,400
37_b1,0.0089045259314208,0.0074160024331649,0.0198510736227035,-0.003845407240442,0.9865694104589616,1.031955810411158,-0.007855679779998,0.9220948901533199,0.9392074731878799,0.05824964770843403,-0.00140998792,0.0090464307,0.0425,37,1,fixed_config,100,data/Z_true.pt,0.0032435900066047,0.3633640110492706,0.3633640110492706,0.0080967447691051,0.0169853046536445,1610,400,400,400,1.0,3.373352528868168e-05,19.93537712097168,381.5864261331134,5.944337368011475,0.1757623106241226,0.7847620248794556,14.889223098754885,9.38639583607919,9.38639583607919,0.0187252182513475,400,400,400
37_b2,0.0109367133099237,0.0092501038173213,0.0234918445348739,-0.000526465200819,0.974525870761272,1.0442929679293802,-0.0063244188327631,0.9733138706464,0.9820993810814,0.06284966986556818,-0.00095976959,0.0111748986,0.0275,37,2,fixed_config,100,data/Z_true.pt,0.0029437891207635,0.3632542192935943,0.3632542192935943,0.0080967447691051,0.0169853046536445,1610,400,400,400,1.0,3.373352528868168e-05,19.93537712097168,381.5864261331134,5.944337368011475,0.1757623106241226,0.7847620248794556,14.889223098754885,9.38639583607919,9.38639583607919,0.0187252182513475,400,400,400
37_b3,0.0095683713135226,0.0080720558878965,0.0195362716913223,0.0015843735611997,0.9842771543719652,1.0984420927877785,-0.0111545624080218,0.9596437977027,0.9692893428615,0.06048848936709586,-0.000874760328,0.0105178226,0.0325,37,3,fixed_config,100,data/Z_true.pt,0.0053783259354531,0.3636644780635834,0.3636644780635834,0.0080967447691051,0.0169853046536445,1610,400,400,400,1.0,3.373352528868168e-05,19.93537712097168,381.5864261331134,5.944337368011475,0.1757623106241226,0.7847620248794556,14.889223098754885,9.38639583607919,9.38639583607919,0.0187252182513475,400,400,400
37_b4,0.0470463627993565,0.039693317694473,0.0935876667499542,-0.0323498164740158,0.726464413108717,0.9239422624349586,-0.0226215274585586,0.90703380346514,0.9231405265753401,0.07379515321075017,-0.000802132534,0.014394409,0.0875,37,4,support_safe_target_policy_draw,100,data/Z_true.pt,0.0035755429416894,0.3945343792438507,0.3945343792438507,0.0080967447691051,0.0169853046536445,1610,400,400,400,1.0,3.373352528868168e-05,19.93537712097168,381.5864261331134,5.944337368011475,0.1757623106241226,0.7847620248794556,14.889223098754885,9.38639583607919,9.38639583607919,0.0187252182513475,400,400,400
37_b5,0.0558656824387811,0.0498474037868436,0.0935982912778854,-0.0494499369559343,0.8944830530265524,0.5560904893800941,0.007186820446317,0.77709097040289,0.84148704473323,0.07002631736979842,-0.00114005338,0.0158732235,0.2375,37,5,support_safe_target_policy_draw,100,data/Z_true.pt,0.0096295699477195,0.3893885016441345,0.3893885016441345,0.0080967447691051,0.0169853046536445,1610,400,400,400,1.0,3.373352528868168e-05,19.93537712097168,381.5864261331134,5.944337368011475,0.1757623106241226,0.7847620248794556,14.889223098754885,9.38639583607919,9.38639583607919,0.0187252182513475,400,400,400
37_b6,0.0185645587732895,0.0149063365673646,0.0443077981472015,-0.0123331800475716,0.9531341691888492,0.9418041459477458,-0.0050563557076982,0.9245362553440499,1.00934731834755,0.0846091657014976,-0.00171526754,0.0207275115,0.185,37,6,support_safe_target_policy_draw,100,data/Z_true.pt,0.009133867919445,0.3687750995159149,0.3687750995159149,0.0080967447691051,0.0169853046536445,1610,400,400,400,1.0,3.373352528868168e-05,19.93537712097168,381.5864261331134,5.944337368011475,0.1757623106241226,0.7847620248794556,14.889223098754885,9.38639583607919,9.38639583607919,0.0187252182513475,400,400,400
37_b7,0.0195953566962935,0.0164049366558901,0.0378400608897209,0.000664428200107,0.9237220014813609,1.1351258527873336,-0.0168680284045485,0.9564896046463001,0.9734262943806999,0.06398971869730065,-0.00129111158,0.0115831606,0.045,37,7,support_safe_target_policy_draw,100,data/Z_true.pt,0.0104481503367424,0.369702398777008,0.369702398777008,0.0080967447691051,0.0169853046536445,1610,400,400,400,1.0,3.373352528868168e-05,19.93537712097168,381.5864261331134,5.944337368011475,0.1757623106241226,0.7847620248794556,14.889223098754885,9.38639583607919,9.38639583607919,0.0187252182513475,400,400,400
37_b8,0.0126085437577608,0.0100786234985571,0.0271472036838531,-0.0081644152419175,0.9844724755805896,0.8801816016309196,0.0072269498098811,0.9984492877822999,1.0007954812003,0.07236462951296686,-0.000384595245,0.0155675393,0.01,37,8,support_safe_target_policy_draw,100,data/Z_true.pt,0.0032093515619635,0.3646188974380493,0.3646188974380493,0.0080967447691051,0.0169853046536445,1610,400,400,400,1.0,3.373352528868168e-05,19.93537712097168,381.5864261331134,5.944337368011475,0.1757623106241226,0.7847620248794556,14.889223098754885,9.38639583607919,9.38639583607919,0.0187252182513475,400,400,400
37_b9,0.0146551346555327,0.0125846886500949,0.0323546081781387,0.0015628694748738,0.9678832928580552,1.142498195282228,-0.0167469183269366,0.95138769655123,1.09705061918603,0.08880275105079051,-0.00304889958,0.0209919028,0.2175,37,9,support_safe_target_policy_draw,100,data/Z_true.pt,0.0129362102597951,0.3656560182571411,0.3656560182571411,0.0080967447691051,0.0169853046536445,1610,400,400,400,1.0,3.373352528868168e-05,19.93537712097168,381.5864261331134,5.944337368011475,0.1757623106241226,0.7847620248794556,14.889223098754885,9.38639583607919,9.38639583607919,0.0187252182513475,400,400,400
38_b0,0.0433355507742655,0.0368932288713403,0.0859701335430145,-0.0237622835874208,0.6665086799647032,0.9456010482549092,-0.0168617526120387,1.05496240358638,1.06804087907418,0.08476516723194205,-0.000577604515,0.0160302687,0.0725,38,0,fixed_config,100,data/Z_true.pt,0.0071540619246661,0.3961105942726135,0.3961105942726135,0.0082134326916221,0.0145036382600665,1608,400,400,400,1.0,4.508308512640724e-05,11.321144104003906,378.4376646074691,5.936051368713379,0.2351892590522766,0.791339099407196,14.748844146728516,12.654327522947732,12.654327522947732,0.0185856781899929,400,400,400
38_b1,0.0138924552971741,0.0115701284728129,0.0308114737272262,0.004144087973691,0.971344949268636,1.1225079229206687,-0.0112299599019735,0.9713444308100998,0.9726910174321,0.05672202053976972,-0.000673293311,0.00880951248,0.0025,38,1,fixed_config,100,data/Z_true.pt,0.0027421829290688,0.3654243946075439,0.3654243946075439,0.0082134326916221,0.0145036382600665,1608,400,400,400,1.0,4.508308512640724e-05,11.321144104003906,378.4376646074691,5.936051368713379,0.2351892590522766,0.791339099407196,14.748844146728516,12.654327522947732,12.654327522947732,0.0185856781899929,400,400,400
38_b2,0.0231217614658488,0.0195361108612269,0.0478697568178176,0.0140278586000204,0.9528675793142262,1.2162620233374266,-0.014280860419666,1.0797846472645,1.0797846472645,0.0630281369654299,1.65477395e-05,0.0108500253,0.0,38,2,fixed_config,100,data/Z_true.pt,0.0027247886173427,0.3683592677116394,0.3683592677116394,0.0082134326916221,0.0145036382600665,1608,400,400,400,1.0,4.508308512640724e-05,11.321144104003906,378.4376646074691,5.936051368713379,0.2351892590522766,0.791339099407196,14.748844146728516,12.654327522947732,12.654327522947732,0.0185856781899929,400,400,400
38_b3,0.0183462379668469,0.0152430511332931,0.0387163162231445,0.005954746438947,0.9520793903717096,1.1963035565511273,-0.0194479889826403,0.9836252083399999,0.9839965807839999,0.05560192653512684,-0.000185686222,0.00908575486,0.0025,38,3,fixed_config,100,data/Z_true.pt,0.0044295089319348,0.3677533268928528,0.3677533268928528,0.0082134326916221,0.0145036382600665,1608,400,400,400,1.0,4.508308512640724e-05,11.321144104003906,378.4376646074691,5.936051368713379,0.2351892590522766,0.791339099407196,14.748844146728516,12.654327522947732,12.654327522947732,0.0185856781899929,400,400,400
38_b4,0.0538030229327757,0.0451162658247631,0.131407544016838,0.0030193035735283,0.6209952348544391,1.7665367765642708,-0.0950258334780065,1.278165788706,1.278165788706,0.08300117786874645,0.000281431014,0.015943611,0.0,38,4,support_safe_target_policy_draw,100,data/Z_true.pt,0.0211395435035228,0.4328576326370239,0.4328576326370239,0.0082134326916221,0.0145036382600665,1608,400,400,400,1.0,4.508308512640724e-05,11.321144104003906,378.4376646074691,5.936051368713379,0.2351892590522766,0.791339099407196,14.748844146728516,12.654327522947732,12.654327522947732,0.0185856781899929,400,400,400
38_b5,0.05422611184382,0.0475671051256358,0.0960837751626968,-0.0470533886412158,0.8367951423320236,0.667149055966573,-0.0045861791822297,0.73080765984768,0.7323871659390799,0.05604542981366226,-0.000230526319,0.0137726087,0.0175,38,5,support_safe_target_policy_draw,100,data/Z_true.pt,0.0069787232205271,0.3885296285152435,0.3885296285152435,0.0082134326916221,0.0145036382600665,1608,400,400,400,1.0,4.508308512640724e-05,11.321144104003906,378.4376646074691,5.936051368713379,0.2351892590522766,0.791339099407196,14.748844146728516,12.654327522947732,12.654327522947732,0.0185856781899929,400,400,400
38_b6,0.0256094627903403,0.0212608623341657,0.0606235936284065,0.0035940486588515,0.881690432318584,1.1949994440749865,-0.0207887312490187,1.0544280390222398,1.0690177386408,0.08071102191434328,-0.000918464502,0.0206205212,0.06,38,6,support_safe_target_policy_draw,100,data/Z_true.pt,0.0093339346349239,0.379226803779602,0.379226803779602,0.0082134326916221,0.0145036382600665,1608,400,400,400,1.0,4.508308512640724e-05,11.321144104003906,378.4376646074691,5.936051368713379,0.2351892590522766,0.791339099407196,14.748844146728516,12.654327522947732,12.654327522947732,0.0185856781899929,400,400,400
38_b7,0.0278741674101838,0.0239973182359244,0.0560075342655181,0.0069820876431185,0.8791346302917691,1.2726718772960126,-0.0283968406477262,1.0125208747985,1.0126841142254999,0.05883119546404247,-8.16197135e-05,0.00976563618,0.0025,38,7,support_safe_target_policy_draw,100,data/Z_true.pt,0.0123943975195288,0.376100093126297,0.376100093126297,0.0082134326916221,0.0145036382600665,1608,400,400,400,1.0,4.508308512640724e-05,11.321144104003906,378.4376646074691,5.936051368713379,0.2351892590522766,0.791339099407196,14.748844146728516,12.654327522947732,12.654327522947732,0.0185856781899929,400,400,400
38_b8,0.0120849451600257,0.0098376331862527,0.0250704437494277,-0.0094271078717429,0.9954305780308084,0.8664926760519872,0.0077226787047973,0.9900704890741999,0.9920103555330001,0.07037911419183404,-0.000596034923,0.0127924113,0.0125,38,8,support_safe_target_policy_draw,100,data/Z_true.pt,0.0022745041642338,0.3635779619216919,0.3635779619216919,0.0082134326916221,0.0145036382600665,1608,400,400,400,1.0,4.508308512640724e-05,11.321144104003906,378.4376646074691,5.936051368713379,0.2351892590522766,0.791339099407196,14.748844146728516,12.654327522947732,12.654327522947732,0.0185856781899929,400,400,400
38_b9,0.0142363563959652,0.0123862373019801,0.0260518491268157,0.003735030068201,0.97042666361993,1.127769767029357,-0.0126822818644931,1.0032560296475,1.1267123012526998,0.09464939352574288,-0.00235443097,0.0271066502,0.19,38,9,support_safe_target_policy_draw,100,data/Z_true.pt,0.0112163173034787,0.3650386333465576,0.3650386333465576,0.0082134326916221,0.0145036382600665,1608,400,400,400,1.0,4.508308512640724e-05,11.321144104003906,378.4376646074691,5.936051368713379,0.2351892590522766,0.791339099407196,14.748844146728516,12.654327522947732,12.654327522947732,0.0185856781899929,400,400,400
39_b0,0.0436438473571154,0.0370779028028482,0.0871380865573883,-0.0213248421024763,0.6613685056610558,1.0711439984230455,-0.0303494896201569,0.9883559822276,0.9942384360398002,0.07098951735259144,-0.000413882168,0.0135145383,0.0525,39,0,fixed_config,100,data/Z_true.pt,0.0062263691797852,0.3953442573547363,0.3953442573547363,0.0122327543582656,0.119642749428749,1609,400,400,400,1.0,3.5375332018361405e-05,18.23417091369629,381.6133563622438,5.944407939910889,0.1844311952590942,0.7875486612319946,14.932594299316406,9.71411242974208,9.71411242974208,0.018985902890563,400,400,400
39_b1,0.014429227128221,0.0113148434791946,0.0350119322538375,0.0095181428961223,0.9943278489056852,1.1980721481095329,-0.015338785662234,0.9597160570736,0.9671632423004,0.05484709436921528,-0.00118908612,0.00940131582,0.0225,39,1,fixed_config,100,data/Z_true.pt,0.0049476255662739,0.3650743365287781,0.3650743365287781,0.0122327543582656,0.119642749428749,1609,400,400,400,1.0,3.5375332018361405e-05,18.23417091369629,381.6133563622438,5.944407939910889,0.1844311952590942,0.7875486612319946,14.932594299316406,9.71411242974208,9.71411242974208,0.018985902890563,400,400,400
39_b2,0.0165366990501416,0.0140351201733574,0.0342103391885757,0.0107651109108701,0.9824433609831122,1.1803415201917138,-0.012841610897724,1.0049142712725,1.0159175399139002,0.05993305202204666,-0.00142359384,0.0116734058,0.0275,39,2,fixed_config,100,data/Z_true.pt,0.0041090510785579,0.3646241128444671,0.3646241128444671,0.0122327543582656,0.119642749428749,1609,400,400,400,1.0,3.5375332018361405e-05,18.23417091369629,381.6133563622438,5.944407939910889,0.1844311952590942,0.7875486612319946,14.932594299316406,9.71411242974208,9.71411242974208,0.018985902890563,400,400,400
39_b3,0.0152605537082819,0.012311027352116,0.0324582755565643,0.0117497244250262,0.9968820485340054,1.1987722256751625,-0.0139724700512165,0.99878565894213,1.01084131511853,0.06005837958355507,-0.0015158474,0.0113721481,0.025,39,3,fixed_config,100,data/Z_true.pt,0.0068518733605742,0.3643987476825714,0.3643987476825714,0.0122327543582656,0.119642749428749,1609,400,400,400,1.0,3.5375332018361405e-05,18.23417091369629,381.6133563622438,5.944407939910889,0.1844311952590942,0.7875486612319946,14.932594299316406,9.71411242974208,9.71411242974208,0.018985902890563,400,400,400
39_b4,0.0416453247567237,0.0353591492018313,0.0854570716619491,-0.0183622178938821,0.7208558409906001,1.1374934447239038,-0.0359485412690823,1.02429418897061,1.03599351583199,0.07563590701520996,-0.000637325807,0.0149253979,0.07,39,4,support_safe_target_policy_draw,100,data/Z_true.pt,0.006008228752762,0.3974804282188415,0.3974804282188415,0.0122327543582656,0.119642749428749,1609,400,400,400,1.0,3.5375332018361405e-05,18.23417091369629,381.6133563622438,5.944407939910889,0.1844311952590942,0.7875486612319946,14.932594299316406,9.71411242974208,9.71411242974208,0.018985902890563,400,400,400
39_b5,0.0505475229813669,0.0431522296520415,0.0933861583471298,-0.0409502438979689,0.7894026142761539,0.8240301186083449,-0.0184989036043932,0.7226378721213,0.7232463512593,0.04833554227426114,-0.000178896473,0.0110237468,0.005,39,5,support_safe_target_policy_draw,100,data/Z_true.pt,0.0074957078322768,0.3896438777446747,0.3896438777446747,0.0122327543582656,0.119642749428749,1609,400,400,400,1.0,3.5375332018361405e-05,18.23417091369629,381.6133563622438,5.944407939910889,0.1844311952590942,0.7875486612319946,14.932594299316406,9.71411242974208,9.71411242974208,0.018985902890563,400,400,400
39_b6,0.0172231234470821,0.0144997068820521,0.0373064279556274,-0.0047008262202143,0.9352414516019404,1.0086390067727669,-0.0057810498165543,1.0182114866454,1.0800726802654,0.09411497808653894,-0.00170426653,0.0213429462,0.1325,39,6,support_safe_target_policy_draw,100,data/Z_true.pt,0.0114428345113992,0.3705381155014038,0.3705381155014038,0.0122327543582656,0.119642749428749,1609,400,400,400,1.0,3.5375332018361405e-05,18.23417091369629,381.6133563622438,5.944407939910889,0.1844311952590942,0.7875486612319946,14.932594299316406,9.71411242974208,9.71411242974208,0.018985902890563,400,400,400
39_b7,0.014492816949034,0.0123120079003274,0.0288774520158767,0.0052055894210934,0.9672505373087628,1.1290224118124677,-0.0115349512635248,0.9972763332208,1.0131175914344,0.06815596327864426,-0.00121524883,0.0143119292,0.045,39,7,support_safe_target_policy_draw,100,data/Z_true.pt,0.0122269000858068,0.3662790358066559,0.3662790358066559,0.0122327543582656,0.119642749428749,1609,400,400,400,1.0,3.5375332018361405e-05,18.23417091369629,381.6133563622438,5.944407939910889,0.1844311952590942,0.7875486612319946,14.932594299316406,9.71411242974208,9.71411242974208,0.018985902890563,400,400,400
39_b8,0.0068583024777154,0.005458251790842,0.0156038850545883,-0.0048422638920601,0.9968658614580678,0.9310649716623568,0.0040128384999156,0.9866926279679,0.9866926279679,0.06803596775592868,4.26140614e-05,0.0163965449,0.0,39,8,support_safe_target_policy_draw,100,data/Z_true.pt,0.0031780113931745,0.3624162375926971,0.3624162375926971,0.0122327543582656,0.119642749428749,1609,400,400,400,1.0,3.5375332018361405e-05,18.23417091369629,381.6133563622438,5.944407939910889,0.1844311952590942,0.7875486612319946,14.932594299316406,9.71411242974208,9.71411242974208,0.018985902890563,400,400,400
39_b9,0.0210738398951515,0.0180182755063287,0.0412891060113906,0.0079755347629543,0.94420637459476,1.1933570034155228,-0.0168691707824057,1.0259724956608,1.0994927882813998,0.08989252051859069,-0.00201817998,0.021177493,0.12,39,9,support_safe_target_policy_draw,100,data/Z_true.pt,0.0142588783055543,0.3686557710170746,0.3686557710170746,0.0122327543582656,0.119642749428749,1609,400,400,400,1.0,3.5375332018361405e-05,18.23417091369629,381.6133563622438,5.944407939910889,0.1844311952590942,0.7875486612319946,14.932594299316406,9.71411242974208,9.71411242974208,0.018985902890563,400,400,400
3_b0,0.0462383936989933,0.0395074615461635,0.091068759560585,-0.0247669488305109,0.6461267407371407,1.0820248405368595,-0.0351718359600952,0.9069722186070699,0.91237817607113,0.06593884354064855,-0.000624783803,0.0147706214,0.0275,3,0,fixed_config,100,data/Z_true.pt,0.0092853987589478,0.3952597081661224,0.3952597081661224,0.1720237261992885,7.639524936676026,1609,400,400,400,1.0,3.644226530852279e-05,17.120378494262695,380.9675551160691,5.942714214324951,0.1899937093257904,0.7861327528953552,14.866765975952148,10.07731074902914,10.07731074902914,0.0188536122441291,400,400,400
3_b1,0.0176526640736203,0.0136891223402926,0.0428093820810318,0.0108600010111695,0.9841239103860426,1.2217869695251888,-0.0169730028173815,0.97132131989486,0.9852562071397399,0.05626175297389863,-0.00206236588,0.0107929613,0.0275,3,1,fixed_config,100,data/Z_true.pt,0.0043109124526381,0.3668992519378662,0.3668992519378662,0.1720237261992885,7.639524936676026,1609,400,400,400,1.0,3.644226530852279e-05,17.120378494262695,380.9675551160691,5.942714214324951,0.1899937093257904,0.7861327528953552,14.866765975952148,10.07731074902914,10.07731074902914,0.0188536122441291,400,400,400
3_b2,0.0253228187611221,0.0210862807091325,0.0531687438488006,0.01780112571083,0.9717239997802264,1.286898047121566,-0.0197538554084815,1.0197945219612001,1.0397399339028,0.059512798307733865,-0.00168028707,0.0114522902,0.0375,3,2,fixed_config,100,data/Z_true.pt,0.0042390245944261,0.3685153126716614,0.3685153126716614,0.1720237261992885,7.639524936676026,1609,400,400,400,1.0,3.644226530852279e-05,17.120378494262695,380.9675551160691,5.942714214324951,0.1899937093257904,0.7861327528953552,14.866765975952148,10.07731074902914,10.07731074902914,0.0188536122441291,400,400,400
3_b3,0.0208513063970882,0.0164688708278117,0.0456334054470062,0.0134321561391698,0.975322617380374,1.259030477959411,-0.0200877800929404,0.9968944660467,1.0090128594847,0.05709764945317997,-0.00175905554,0.0113376919,0.0175,3,3,fixed_config,100,data/Z_true.pt,0.0048487428575754,0.3674830198287964,0.3674830198287964,0.1720237261992885,7.639524936676026,1609,400,400,400,1.0,3.644226530852279e-05,17.120378494262695,380.9675551160691,5.942714214324951,0.1899937093257904,0.7861327528953552,14.866765975952148,10.07731074902914,10.07731074902914,0.0188536122441291,400,400,400
3_b4,0.0497982716992224,0.0429410603095311,0.0936206579208374,-0.0179312306048814,0.6333654938533702,1.3910844320933762,-0.0679535229666122,0.9873305663815999,0.9888392566816,0.06485337742837315,-0.000262158224,0.0124142691,0.0125,3,4,support_safe_target_policy_draw,100,data/Z_true.pt,0.0046385359019041,0.4106963574886322,0.4106963574886322,0.1720237261992885,7.639524936676026,1609,400,400,400,1.0,3.644226530852279e-05,17.120378494262695,380.9675551160691,5.942714214324951,0.1899937093257904,0.7861327528953552,14.866765975952148,10.07731074902914,10.07731074902914,0.0188536122441291,400,400,400
3_b5,0.0506936169433845,0.0444681571703404,0.0898746997117996,-0.044158379016444,0.8621852405069832,0.7168088730538371,-0.008027080245841,0.6998394328214099,0.7040660891006301,0.05235289579516183,-0.000544140348,0.0128288092,0.0375,3,5,support_safe_target_policy_draw,100,data/Z_true.pt,0.0095595968887209,0.3849164843559265,0.3849164843559265,0.1720237261992885,7.639524936676026,1609,400,400,400,1.0,3.644226530852279e-05,17.120378494262695,380.9675551160691,5.942714214324951,0.1899937093257904,0.7861327528953552,14.866765975952148,10.07731074902914,10.07731074902914,0.0188536122441291,400,400,400
3_b6,0.036965230609213,0.0299642282980494,0.0920150205492973,0.0144765927339904,0.8128192626900629,1.3429441484432676,-0.0284052305032524,1.236654078933,1.236654078933,0.08372861971741889,0.000434744172,0.0148105081,0.0,3,6,support_safe_target_policy_draw,100,data/Z_true.pt,0.0162712447345256,0.3969446420669555,0.3969446420669555,0.1720237261992885,7.639524936676026,1609,400,400,400,1.0,3.644226530852279e-05,17.120378494262695,380.9675551160691,5.942714214324951,0.1899937093257904,0.7861327528953552,14.866765975952148,10.07731074902914,10.07731074902914,0.0188536122441291,400,400,400
3_b7,0.0206738734130013,0.0175827587780077,0.0411429852247238,0.0043325774359982,0.9250340609651252,1.173144154152821,-0.0181327192220125,0.9784646186681,0.9983663021034999,0.06416633269827471,-0.00116582063,0.0148791242,0.0525,3,7,support_safe_target_policy_draw,100,data/Z_true.pt,0.0096040377393364,0.3698838651180267,0.3698838651180267,0.1720237261992885,7.639524936676026,1609,400,400,400,1.0,3.644226530852279e-05,17.120378494262695,380.9675551160691,5.942714214324951,0.1899937093257904,0.7861327528953552,14.866765975952148,10.07731074902914,10.07731074902914,0.0188536122441291,400,400,400
3_b8,0.0101218843811786,0.0082453556044492,0.0221609026193618,-0.0049947096512187,0.9900639633989168,0.866665502158438,0.0121328764141223,1.062922292434,1.067115944272,0.0802123802692718,-0.000529872661,0.0185823105,0.0275,3,8,support_safe_target_policy_draw,100,data/Z_true.pt,0.0039683822542428,0.3651176691055298,0.3651176691055298,0.1720237261992885,7.639524936676026,1609,400,400,400,1.0,3.644226530852279e-05,17.120378494262695,380.9675551160691,5.942714214324951,0.1899937093257904,0.7861327528953552,14.866765975952148,10.07731074902914,10.07731074902914,0.0188536122441291,400,400,400
3_b9,0.0266304974588331,0.022599466824322,0.0549235492944717,0.0100793927902122,0.9119609784090492,1.2434863521851187,-0.0212065012684224,1.1101739955591272,1.134839441463087,0.08572245679884336,-0.000861401437,0.0209255014,0.09,3,9,support_safe_target_policy_draw,100,data/Z_true.pt,0.0082020703703165,0.3741671442985534,0.3741671442985534,0.1720237261992885,7.639524936676026,1609,400,400,400,1.0,3.644226530852279e-05,17.120378494262695,380.9675551160691,5.942714214324951,0.1899937093257904,0.7861327528953552,14.866765975952148,10.07731074902914,10.07731074902914,0.0188536122441291,400,400,400
40_b0,0.0467511481958966,0.0400359962880611,0.0896579846739769,-0.0303212517499923,0.6616291023809501,0.8583872005422294,-0.0123576058005627,0.9699063860039,0.98602569890318,0.07699921544379529,-0.00054640579,0.014222119,0.0825,40,0,fixed_config,100,data/Z_true.pt,0.0069494862109422,0.3941935896873474,0.3941935896873474,0.0103028347404718,0.2610932886600494,1608,400,400,400,1.0,3.465176160943884e-05,19.081064224243164,381.7846261341717,5.944856643676758,0.1807711720466613,0.7896423935890198,14.985891342163086,9.589904604688156,9.589904604688156,0.018850153312087,400,400,400
40_b1,0.0136587088341005,0.0107514004572294,0.0331795364618301,0.0076189169869758,0.9873803928123388,1.168833591294328,-0.0135687389106776,0.96792055624468,0.97326651464792,0.05478808254897334,-0.000957116194,0.00809734222,0.0175,40,1,fixed_config,100,data/Z_true.pt,0.004209354519844,0.3649278879165649,0.3649278879165649,0.0103028347404718,0.2610932886600494,1608,400,400,400,1.0,3.465176160943884e-05,19.081064224243164,381.7846261341717,5.944856643676758,0.1807711720466613,0.7896423935890198,14.985891342163086,9.589904604688156,9.589904604688156,0.018850153312087,400,400,400
40_b2,0.0140391096369538,0.0116417869599536,0.0292011052370071,0.0033981596771627,0.9672682030845164,1.1166639549342974,-0.0118731629017785,0.9990547337056399,1.00814964219816,0.06126649451355708,-0.00141867367,0.00982120261,0.03,40,2,fixed_config,100,data/Z_true.pt,0.0023651362862437,0.3646537363529205,0.3646537363529205,0.0103028347404718,0.2610932886600494,1608,400,400,400,1.0,3.465176160943884e-05,19.081064224243164,381.7846261341717,5.944856643676758,0.1807711720466613,0.7896423935890198,14.985891342163086,9.589904604688156,9.589904604688156,0.018850153312087,400,400,400
40_b3,0.0163515389677099,0.0132374591875122,0.0374795943498611,0.007594840733218,0.972167567977982,1.198143116600101,-0.0180459436470189,0.9777620511644001,0.9842070789358,0.05653767981203927,-0.00130982115,0.00893415231,0.02,40,3,fixed_config,100,data/Z_true.pt,0.0049499366432428,0.3665694892406463,0.3665694892406463,0.0103028347404718,0.2610932886600494,1608,400,400,400,1.0,3.465176160943884e-05,19.081064224243164,381.7846261341717,5.944856643676758,0.1807711720466613,0.7896423935890198,14.985891342163086,9.589904604688156,9.589904604688156,0.018850153312087,400,400,400
40_b4,0.043161327183867,0.0372814307222142,0.0851176530122757,-0.0225480565614998,0.7123941946909429,1.0638517037090849,-0.0307151129018244,0.98841474708717,1.00584396769537,0.07520302976648442,-0.00087475637,0.0157220587,0.065,40,4,support_safe_target_policy_draw,100,data/Z_true.pt,0.0019260717090219,0.3945778608322143,0.3945778608322143,0.0103028347404718,0.2610932886600494,1608,400,400,400,1.0,3.465176160943884e-05,19.081064224243164,381.7846261341717,5.944856643676758,0.1807711720466613,0.7896423935890198,14.985891342163086,9.589904604688156,9.589904604688156,0.018850153312087,400,400,400
40_b5,0.0319562307747821,0.0274019099795259,0.0613005757331848,-0.0174711434799246,0.8349359936454134,0.9114982638297106,-0.006179537327682,1.0928167108570999,1.0962222548325,0.08222606823637346,-0.000380627462,0.0194279738,0.02,40,5,support_safe_target_policy_draw,100,data/Z_true.pt,0.0341403074562549,0.3870289325714111,0.3870289325714111,0.0103028347404718,0.2610932886600494,1608,400,400,400,1.0,3.465176160943884e-05,19.081064224243164,381.7846261341717,5.944856643676758,0.1807711720466613,0.7896423935890198,14.985891342163086,9.589904604688156,9.589904604688156,0.018850153312087,400,400,400
40_b6,0.0420596737809233,0.0334949188388418,0.1214855313301086,0.0083864902018103,0.7396890890446581,1.4728581713021416,-0.0507398153791658,1.2000012754134999,1.2031240729964998,0.0746432095178187,-0.000473276246,0.0145708229,0.015,40,6,support_safe_target_policy_draw,100,data/Z_true.pt,0.0109876971691846,0.4108112454414367,0.4108112454414367,0.0103028347404718,0.2610932886600494,1608,400,400,400,1.0,3.465176160943884e-05,19.081064224243164,381.7846261341717,5.944856643676758,0.1807711720466613,0.7896423935890198,14.985891342163086,9.589904604688156,9.589904604688156,0.018850153312087,400,400,400
40_b7,0.0239738690105154,0.0202771156362723,0.0460501313209533,0.0002338898938614,0.8941764316512318,1.1990600423299906,-0.025593969704288,0.9476043212651,0.9615325949565,0.05875877353391925,-0.00155907031,0.00902312621,0.0375,40,7,support_safe_target_policy_draw,100,data/Z_true.pt,0.009359985589981,0.3738919496536255,0.3738919496536255,0.0103028347404718,0.2610932886600494,1608,400,400,400,1.0,3.465176160943884e-05,19.081064224243164,381.7846261341717,5.944856643676758,0.1807711720466613,0.7896423935890198,14.985891342163086,9.589904604688156,9.589904604688156,0.018850153312087,400,400,400
40_b8,0.0186905722149824,0.0165278390573803,0.0338758081197738,-0.0164756418636534,0.9960060168653376,0.831386636231254,0.0051837182154427,0.907739011808,0.907739011808,0.058412400782205276,0.00029639015,0.0117809512,0.0,40,8,support_safe_target_policy_draw,100,data/Z_true.pt,0.0040276134386658,0.3644425570964813,0.3644425570964813,0.0103028347404718,0.2610932886600494,1608,400,400,400,1.0,3.465176160943884e-05,19.081064224243164,381.7846261341717,5.944856643676758,0.1807711720466613,0.7896423935890198,14.985891342163086,9.589904604688156,9.589904604688156,0.018850153312087,400,400,400
40_b9,0.0207565445883269,0.0175015050399815,0.0404070913791656,0.0004438774852314,0.9234759893584292,1.1327826821358038,-0.0166175507584498,1.01694183577086,1.11113702506314,0.08776788149769539,-0.00230309553,0.0240633152,0.1425,40,9,support_safe_target_policy_draw,100,data/Z_true.pt,0.0122977942228317,0.3696116209030151,0.3696116209030151,0.0103028347404718,0.2610932886600494,1608,400,400,400,1.0,3.465176160943884e-05,19.081064224243164,381.7846261341717,5.944856643676758,0.1807711720466613,0.7896423935890198,14.985891342163086,9.589904604688156,9.589904604688156,0.018850153312087,400,400,400
41_b0,0.0529866130546046,0.0453281569902901,0.1012771055102348,-0.0336549112809007,0.5820875636136106,0.9694797933235813,-0.0297834096289466,0.885273673832,0.885810598642,0.05811751007808749,-0.000268462405,0.0118000712,0.0025,41,0,fixed_config,100,data/Z_true.pt,0.0079956836998462,0.4010187983512878,0.4010187983512878,0.0080043501269246,0.014953251928091,1608,400,400,400,1.0,3.893903358687112e-05,15.001819610595703,380.3395315101945,5.941064357757568,0.203136995434761,0.7867938876152039,14.824570655822754,10.934230596860044,10.934230596860044,0.018578078597784,400,400,400
41_b1,0.0174008557991744,0.0141345015668775,0.0396729856729507,0.0102317642478737,0.98073993536113,1.2086950638134693,-0.0159582798406284,0.9754676944931999,0.9816465003288,0.05469948844466033,-0.00150738074,0.010200737,0.0125,41,1,fixed_config,100,data/Z_true.pt,0.0047419024631381,0.3665543496608734,0.3665543496608734,0.0080043501269246,0.014953251928091,1608,400,400,400,1.0,3.893903358687112e-05,15.001819610595703,380.3395315101945,5.941064357757568,0.203136995434761,0.7867938876152039,14.824570655822754,10.934230596860044,10.934230596860044,0.018578078597784,400,400,400
41_b2,0.0207612699552199,0.0170572998188436,0.0446067452430725,0.0116356507875025,0.96527133080927,1.2349823893102698,-0.0191235658835633,0.9923991858616421,1.005820140455642,0.056618841535043,-0.00234819204,0.00989910029,0.0175,41,2,fixed_config,100,data/Z_true.pt,0.0049581211060285,0.3671810328960418,0.3671810328960418,0.0080043501269246,0.014953251928091,1608,400,400,400,1.0,3.893903358687112e-05,15.001819610595703,380.3395315101945,5.941064357757568,0.203136995434761,0.7867938876152039,14.824570655822754,10.934230596860044,10.934230596860044,0.018578078597784,400,400,400
41_b3,0.0168208511191473,0.0138832191942492,0.0365421622991561,0.0069096454320242,0.9653263338871776,1.190902364509688,-0.0177941467060056,0.9878170257565,0.9981550271765001,0.05681746874478332,-0.002145387,0.0107431812,0.0125,41,3,fixed_config,100,data/Z_true.pt,0.0047328327782452,0.3666937351226806,0.3666937351226806,0.0080043501269246,0.014953251928091,1608,400,400,400,1.0,3.893903358687112e-05,15.001819610595703,380.3395315101945,5.941064357757568,0.203136995434761,0.7867938876152039,14.824570655822754,10.934230596860044,10.934230596860044,0.018578078597784,400,400,400
41_b4,0.0469691954048857,0.0401322587602771,0.0929341614246368,-0.0297850668313913,0.6948833667642592,0.9427976825398524,-0.0224685110880605,0.9583342806648301,0.96914416774917,0.07500254054823552,-0.00067059882,0.0172417574,0.0625,41,4,support_safe_target_policy_draw,100,data/Z_true.pt,0.0053809382952749,0.3960106670856476,0.3960106670856476,0.0080043501269246,0.014953251928091,1608,400,400,400,1.0,3.893903358687112e-05,15.001819610595703,380.3395315101945,5.941064357757568,0.203136995434761,0.7867938876152039,14.824570655822754,10.934230596860044,10.934230596860044,0.018578078597784,400,400,400
41_b5,0.0547480267803172,0.0487348456331528,0.094715341925621,-0.0483073716168291,0.8648423727159158,0.6362263408440472,-0.0018948483659225,0.7338478079095001,0.7430518253167,0.05786689345794693,-0.000517692883,0.014712478,0.0675,41,5,support_safe_target_policy_draw,100,data/Z_true.pt,0.0098936837166547,0.3874250650405884,0.3874250650405884,0.0080043501269246,0.014953251928091,1608,400,400,400,1.0,3.893903358687112e-05,15.001819610595703,380.3395315101945,5.941064357757568,0.203136995434761,0.7867938876152039,14.824570655822754,10.934230596860044,10.934230596860044,0.018578078597784,400,400,400
41_b6,0.0292640125065749,0.0241034840163774,0.0724840760231018,0.0049926521466113,0.8365066167104576,1.1758389741354256,-0.0169942977439793,1.1770873182687,1.1773102140287,0.08514217408952568,-0.00011144788,0.0174030997,0.0025,41,6,support_safe_target_policy_draw,100,data/Z_true.pt,0.0101813469082117,0.3858867287635803,0.3858867287635803,0.0080043501269246,0.014953251928091,1608,400,400,400,1.0,3.893903358687112e-05,15.001819610595703,380.3395315101945,5.941064357757568,0.203136995434761,0.7867938876152039,14.824570655822754,10.934230596860044,10.934230596860044,0.018578078597784,400,400,400
41_b7,0.0227391273165126,0.0190592166699934,0.0437709540128707,0.0009779602300841,0.900199124497989,1.1667648177389562,-0.0206596233253968,0.9802960962537,1.0032365080841,0.06377390124718584,-0.00250161649,0.0133786555,0.05,41,7,support_safe_target_policy_draw,100,data/Z_true.pt,0.0116033572703599,0.3723671436309814,0.3723671436309814,0.0080043501269246,0.014953251928091,1608,400,400,400,1.0,3.893903358687112e-05,15.001819610595703,380.3395315101945,5.941064357757568,0.203136995434761,0.7867938876152039,14.824570655822754,10.934230596860044,10.934230596860044,0.018578078597784,400,400,400
41_b8,0.0088712186353295,0.0072081845835782,0.0208729282021522,-0.004091496032197,0.9864518818558052,1.0154098760651908,-0.0060709835829464,0.9464489289510001,0.9464489289510001,0.05903973634338343,0.000220542075,0.0108034052,0.0,41,8,support_safe_target_policy_draw,100,data/Z_true.pt,0.0043388153426349,0.3632624745368957,0.3632624745368957,0.0080043501269246,0.014953251928091,1608,400,400,400,1.0,3.893903358687112e-05,15.001819610595703,380.3395315101945,5.941064357757568,0.203136995434761,0.7867938876152039,14.824570655822754,10.934230596860044,10.934230596860044,0.018578078597784,400,400,400
41_b9,0.0203012278974402,0.0170997793006245,0.0427652224898338,-0.0034844359627459,0.9244053048832164,1.0991897543412286,-0.0162294630173314,1.0067032888269698,1.0152330187329701,0.08027204096093309,-0.000525891082,0.0189067945,0.08,41,9,support_safe_target_policy_draw,100,data/Z_true.pt,0.0099052106961607,0.3693113625049591,0.3693113625049591,0.0080043501269246,0.014953251928091,1608,400,400,400,1.0,3.893903358687112e-05,15.001819610595703,380.3395315101945,5.941064357757568,0.203136995434761,0.7867938876152039,14.824570655822754,10.934230596860044,10.934230596860044,0.018578078597784,400,400,400
42_b0,0.0485643038263815,0.0414323732862249,0.0942943766713142,-0.0284665102092549,0.6249177948085254,1.0187079027025034,-0.0308396159023202,0.9221176484267,0.9228163166107,0.06422011270736203,-0.000220593647,0.0121895559,0.005,42,0,fixed_config,100,data/Z_true.pt,0.0112315490841865,0.3985507488250732,0.3985507488250732,0.0078348456154047,0.0136676700785756,1608,400,400,400,1.0,3.8533958658604206e-05,15.328177452087402,380.513495543376,5.941521644592285,0.2010238021612167,0.7870326638221741,14.841629028320312,10.69492145031542,10.69492145031542,0.0187961924821138,400,400,400
42_b1,0.0161571160156469,0.0129427321063121,0.0365406572818756,0.0104012090998003,0.984439626648073,1.1801710118629518,-0.0122092286265961,0.9963270836398701,0.99761736051987,0.05585896026337338,-0.000401216676,0.00821491145,0.005,42,1,fixed_config,100,data/Z_true.pt,0.0044713085517287,0.3653078973293304,0.3653078973293304,0.0078348456154047,0.0136676700785756,1608,400,400,400,1.0,3.8533958658604206e-05,15.328177452087402,380.513495543376,5.941521644592285,0.2010238021612167,0.7870326638221741,14.841629028320312,10.69492145031542,10.69492145031542,0.0187961924821138,400,400,400
42_b2,0.0210864116853587,0.0176712786103598,0.0440576076507568,0.0136585871153511,0.9703067230858364,1.223397284609595,-0.0155841382701719,1.0233872704495,1.0308706631795,0.05907411860697516,-0.00134118088,0.00976310112,0.015,42,2,fixed_config,100,data/Z_true.pt,0.0054749711416661,0.3664815425872803,0.3664815425872803,0.0078348456154047,0.0136676700785756,1608,400,400,400,1.0,3.8533958658604206e-05,15.328177452087402,380.513495543376,5.941521644592285,0.2010238021612167,0.7870326638221741,14.841629028320312,10.69492145031542,10.69492145031542,0.0187961924821138,400,400,400
42_b3,0.0209902492742525,0.0168739226536126,0.0444414913654327,0.0133274829079164,0.9706293961053162,1.2462496528292455,-0.018538545850711,1.0146101171583,1.0170702236682998,0.056513350270953576,-0.000636203797,0.0081176227,0.005,42,3,fixed_config,100,data/Z_true.pt,0.0069280304014682,0.3675411939620971,0.3675411939620971,0.0078348456154047,0.0136676700785756,1608,400,400,400,1.0,3.8533958658604206e-05,15.328177452087402,380.513495543376,5.941521644592285,0.2010238021612167,0.7870326638221741,14.841629028320312,10.69492145031542,10.69492145031542,0.0187961924821138,400,400,400
42_b4,0.0473282081526893,0.0409059163104393,0.0926882177591323,-0.0237658632887178,0.6694435922059734,1.1683768878621732,-0.0453023838464806,0.951396799112641,0.963908633209819,0.07065841009479872,-0.000848198426,0.0147672612,0.035,42,4,support_safe_target_policy_draw,100,data/Z_true.pt,0.0042385142296552,0.4009391665458679,0.4009391665458679,0.0078348456154047,0.0136676700785756,1608,400,400,400,1.0,3.8533958658604206e-05,15.328177452087402,380.513495543376,5.941521644592285,0.2010238021612167,0.7870326638221741,14.841629028320312,10.69492145031542,10.69492145031542,0.0187961924821138,400,400,400
42_b5,0.0505082392822264,0.0445079547702334,0.0877652019262313,-0.0438542371126823,0.8690107558696292,0.6669181041241965,-0.0013575613702412,0.7835204733935199,0.80200274113688,0.06748943598961303,-0.000919466722,0.0151231401,0.1,42,5,support_safe_target_policy_draw,100,data/Z_true.pt,0.0121062211692333,0.3856582641601562,0.3856582641601562,0.0078348456154047,0.0136676700785756,1608,400,400,400,1.0,3.8533958658604206e-05,15.328177452087402,380.513495543376,5.941521644592285,0.2010238021612167,0.7870326638221741,14.841629028320312,10.69492145031542,10.69492145031542,0.0187961924821138,400,400,400
42_b6,0.0173689882785582,0.0145766308833844,0.0385679006576538,-0.0025600265874527,0.932575282007053,1.0356239530870297,-0.0070144547100032,1.02227923342654,1.03794712595386,0.08667796961815803,-0.000963288825,0.0184932016,0.0925,42,6,support_safe_target_policy_draw,100,data/Z_true.pt,0.0137338610365986,0.3710449337959289,0.3710449337959289,0.0078348456154047,0.0136676700785756,1608,400,400,400,1.0,3.8533958658604206e-05,15.328177452087402,380.513495543376,5.941521644592285,0.2010238021612167,0.7870326638221741,14.841629028320312,10.69492145031542,10.69492145031542,0.0187961924821138,400,400,400
42_b7,0.0224421371424124,0.0190104312263429,0.0444630086421966,0.0021522566257044,0.9084099548772022,1.188536368791613,-0.0223101658941418,0.9543538882694,0.967194790713,0.05990903996204464,-0.00149557344,0.0116421683,0.0275,42,7,support_safe_target_policy_draw,100,data/Z_true.pt,0.0137541648000478,0.3719462454319,0.3719462454319,0.0078348456154047,0.0136676700785756,1608,400,400,400,1.0,3.8533958658604206e-05,15.328177452087402,380.513495543376,5.941521644592285,0.2010238021612167,0.7870326638221741,14.841629028320312,10.69492145031542,10.69492145031542,0.0187961924821138,400,400,400
42_b8,0.0094383039852742,0.0081277976103592,0.0171481668949127,-0.0075954883836675,0.9964708527723516,0.9124643507695964,0.0036489711541843,0.9743052755576,0.9743540908304,0.06527791232423137,-2.44076364e-05,0.0113871647,0.0025,42,8,support_safe_target_policy_draw,100,data/Z_true.pt,0.0039703622460365,0.362847089767456,0.362847089767456,0.0078348456154047,0.0136676700785756,1608,400,400,400,1.0,3.8533958658604206e-05,15.328177452087402,380.513495543376,5.941521644592285,0.2010238021612167,0.7870326638221741,14.841629028320312,10.69492145031542,10.69492145031542,0.0187961924821138,400,400,400
42_b9,0.0134304286468743,0.0110697868518764,0.0305666327476501,0.0011998139630304,0.9697134131580766,1.106867643473514,-0.0125317555561774,0.97400594737489,1.04024875136791,0.08637195171758914,-0.00174291246,0.0198883414,0.17,42,9,support_safe_target_policy_draw,100,data/Z_true.pt,0.016788076609373,0.3649157583713531,0.3649157583713531,0.0078348456154047,0.0136676700785756,1608,400,400,400,1.0,3.8533958658604206e-05,15.328177452087402,380.513495543376,5.941521644592285,0.2010238021612167,0.7870326638221741,14.841629028320312,10.69492145031542,10.69492145031542,0.0187961924821138,400,400,400
43_b0,0.0480766430161328,0.0409592488111229,0.0942644327878952,-0.0277436939888866,0.6120698974512161,0.9567483410829244,-0.0222572020157968,1.01105864524936,1.01699879380056,0.07792532887832473,-0.000375309959,0.015262193,0.0475,43,0,fixed_config,100,data/Z_true.pt,0.0082235103473067,0.3996256291866302,0.3996256291866302,0.0064799260025588,0.0119974976405501,1609,400,400,400,1.0,3.607261399807271e-05,17.41008186340332,381.5245665881312,5.9441752433776855,0.1880665123462677,0.7847148776054382,14.869081497192385,10.079849164814854,10.079849164814854,0.0186576712876558,400,400,400
43_b1,0.0145498304373631,0.0115910433302633,0.0332689732313156,0.009793269180227,0.9904575192680936,1.1725770257793278,-0.0118641664640724,0.9879229241716999,0.9883258273562999,0.05597656671028275,-0.00012706453,0.0079056453,0.005,43,1,fixed_config,100,data/Z_true.pt,0.003637276822701,0.364560604095459,0.364560604095459,0.0064799260025588,0.0119974976405501,1609,400,400,400,1.0,3.607261399807271e-05,17.41008186340332,381.5245665881312,5.9441752433776855,0.1880665123462677,0.7847148776054382,14.869081497192385,10.079849164814854,10.079849164814854,0.0186576712876558,400,400,400
43_b2,0.0200706401509934,0.0166467068833299,0.0412353873252868,0.0132491596206091,0.9764637632669886,1.2235382505199828,-0.0160120182157277,1.018589384623,1.024789363847,0.060768995035173225,-0.00087046111,0.00972822309,0.015,43,2,fixed_config,100,data/Z_true.pt,0.0041110990568995,0.3657873868942261,0.3657873868942261,0.0064799260025588,0.0119974976405501,1609,400,400,400,1.0,3.607261399807271e-05,17.41008186340332,381.5245665881312,5.9441752433776855,0.1880665123462677,0.7847148776054382,14.869081497192385,10.079849164814854,10.079849164814854,0.0186576712876558,400,400,400
43_b3,0.01277151616815,0.0105060682853218,0.0281563401222229,0.0046793959441129,0.977538505336172,1.1394397526655762,-0.0133648575908079,0.98279391389,0.984047177914,0.05814888460516392,-0.000626632012,0.00919939857,0.0025,43,3,fixed_config,100,data/Z_true.pt,0.0040346318855881,0.3647041916847229,0.3647041916847229,0.0064799260025588,0.0119974976405501,1609,400,400,400,1.0,3.607261399807271e-05,17.41008186340332,381.5245665881312,5.9441752433776855,0.1880665123462677,0.7847148776054382,14.869081497192385,10.079849164814854,10.079849164814854,0.0186576712876558,400,400,400
43_b4,0.0431896064547481,0.0370048072843928,0.0863322764635086,-0.0214378123593633,0.7096156315728068,1.099352210135247,-0.0341456188950702,1.00510592617197,1.00988024145497,0.0790962699666101,-0.000355730532,0.0155342091,0.035,43,4,support_safe_target_policy_draw,100,data/Z_true.pt,0.0058082221075892,0.3957212567329407,0.3957212567329407,0.0064799260025588,0.0119974976405501,1609,400,400,400,1.0,3.607261399807271e-05,17.41008186340332,381.5245665881312,5.9441752433776855,0.1880665123462677,0.7847148776054382,14.869081497192385,10.079849164814854,10.079849164814854,0.0186576712876558,400,400,400
43_b5,0.0552961155737016,0.0489934277336578,0.0960529819130897,-0.0487365103873889,0.8473245846721125,0.6880774051443199,-0.008939470877126,0.6770842310621211,0.6805035907995789,0.05088349783368978,-0.000446222955,0.0115273297,0.0375,43,5,support_safe_target_policy_draw,100,data/Z_true.pt,0.0082852188497781,0.3885245025157928,0.3885245025157928,0.0064799260025588,0.0119974976405501,1609,400,400,400,1.0,3.607261399807271e-05,17.41008186340332,381.5245665881312,5.9441752433776855,0.1880665123462677,0.7847148776054382,14.869081497192385,10.079849164814854,10.079849164814854,0.0186576712876558,400,400,400
43_b6,0.0205492620196358,0.017151284085121,0.0467779338359832,-0.0069242190872319,0.909859517078777,0.9857428746012524,-0.0051415045140411,1.0455558482910199,1.0780955109650199,0.08705537678697284,-0.00128306495,0.0204348564,0.11,43,6,support_safe_target_policy_draw,100,data/Z_true.pt,0.0082238633185625,0.3734140992164612,0.3734140992164612,0.0064799260025588,0.0119974976405501,1609,400,400,400,1.0,3.607261399807271e-05,17.41008186340332,381.5245665881312,5.9441752433776855,0.1880665123462677,0.7847148776054382,14.869081497192385,10.079849164814854,10.079849164814854,0.0186576712876558,400,400,400
43_b7,0.0190408229887376,0.0161203604063484,0.0386055409908294,-0.0020645701989997,0.925129505987666,1.1082722211029228,-0.0161127924956187,0.9468913408522,0.9505775328316,0.06112658106144809,-0.000726357102,0.0113113597,0.0175,43,7,support_safe_target_policy_draw,100,data/Z_true.pt,0.0118827801197767,0.369222491979599,0.369222491979599,0.0064799260025588,0.0119974976405501,1609,400,400,400,1.0,3.607261399807271e-05,17.41008186340332,381.5245665881312,5.9441752433776855,0.1880665123462677,0.7847148776054382,14.869081497192385,10.079849164814854,10.079849164814854,0.0186576712876558,400,400,400
43_b8,0.0076587697396804,0.006483426670311,0.0151906311511993,0.0036174231220502,0.9921072418213884,1.0610074238965042,-0.0042193327087907,1.000203338704,1.000203338704,0.05990486437863256,0.000138805131,0.00881524757,0.0,43,8,support_safe_target_policy_draw,100,data/Z_true.pt,0.0041918847709894,0.3628408312797546,0.3628408312797546,0.0064799260025588,0.0119974976405501,1609,400,400,400,1.0,3.607261399807271e-05,17.41008186340332,381.5245665881312,5.9441752433776855,0.1880665123462677,0.7847148776054382,14.869081497192385,10.079849164814854,10.079849164814854,0.0186576712876558,400,400,400
43_b9,0.0187228046822759,0.0160517831071047,0.0363993197679519,0.0015935473603894,0.9346890820732364,1.097751375268409,-0.0109666604019255,1.0581287503471861,1.0875775783036141,0.08696092396127966,-0.00106591079,0.0198783912,0.1125,43,9,support_safe_target_policy_draw,100,data/Z_true.pt,0.0105367302894592,0.3683664202690124,0.3683664202690124,0.0064799260025588,0.0119974976405501,1609,400,400,400,1.0,3.607261399807271e-05,17.41008186340332,381.5245665881312,5.9441752433776855,0.1880665123462677,0.7847148776054382,14.869081497192385,10.079849164814854,10.079849164814854,0.0186576712876558,400,400,400
44_b0,0.0503165652233785,0.0428831312581314,0.0973690077662468,-0.0327735457531525,0.6309870395888671,0.9480139506432008,-0.0261790925078893,0.8820298668192998,0.8820298668192998,0.059120086108715705,5.45397634e-05,0.0108560324,0.0,44,0,fixed_config,100,data/Z_true.pt,0.0066040623933076,0.397503137588501,0.397503137588501,0.0092459392921127,0.0435688905417919,1610,400,400,400,1.0,4.3462604946142847e-05,12.142525672912598,379.4528094651227,5.938730239868164,0.226453885436058,0.7891041040420532,14.778132438659668,12.2438298205751,12.2438298205751,0.0184953473508358,400,400,400
44_b1,0.0131182980190051,0.0105863535788375,0.0309860110282897,0.0068182268354576,0.9831779113183896,1.1356809783637882,-0.0102089646102146,0.985320920847,0.9869180137989999,0.05597774673249214,-0.000464866403,0.0103660766,0.005,44,1,fixed_config,100,data/Z_true.pt,0.0039981948211789,0.3644558191299438,0.3644558191299438,0.0092459392921127,0.0435688905417919,1610,400,400,400,1.0,4.3462604946142847e-05,12.142525672912598,379.4528094651227,5.938730239868164,0.226453885436058,0.7891041040420532,14.778132438659668,12.2438298205751,12.2438298205751,0.0184953473508358,400,400,400
44_b2,0.0185978665952809,0.0158256837131921,0.0392068177461624,0.0103615121392067,0.969454476020712,1.1991519230832175,-0.0157074931618148,1.0031235796085,1.0041757352345,0.056563638332196846,-0.000526077813,0.00889562257,0.0025,44,2,fixed_config,100,data/Z_true.pt,0.0037932274863123,0.3659795522689819,0.3659795522689819,0.0092459392921127,0.0435688905417919,1610,400,400,400,1.0,4.3462604946142847e-05,12.142525672912598,379.4528094651227,5.938730239868164,0.226453885436058,0.7891041040420532,14.778132438659668,12.2438298205751,12.2438298205751,0.0184953473508358,400,400,400
44_b3,0.0126210899871812,0.010485494073946,0.0264825522899627,0.0048172485106624,0.9768957609522094,1.1261391154173988,-0.0115058310685233,0.9949558152339999,0.9949558152339999,0.05759802106919884,0.00015553087,0.00945374463,0.0,44,3,fixed_config,100,data/Z_true.pt,0.0043969508260488,0.3645883202552795,0.3645883202552795,0.0092459392921127,0.0435688905417919,1610,400,400,400,1.0,4.3462604946142847e-05,12.142525672912598,379.4528094651227,5.938730239868164,0.226453885436058,0.7891041040420532,14.778132438659668,12.2438298205751,12.2438298205751,0.0184953473508358,400,400,400
44_b4,0.0445839170302342,0.0383069857943337,0.0839757025241851,-0.0111370995116885,0.6861922575513189,1.356253390229297,-0.056704270635117,1.0635696009984201,1.06415862993138,0.07250371324588631,-0.000190448482,0.0143483514,0.015,44,4,support_safe_target_policy_draw,100,data/Z_true.pt,0.0096284616738557,0.4044321477413177,0.4044321477413177,0.0092459392921127,0.0435688905417919,1610,400,400,400,1.0,4.3462604946142847e-05,12.142525672912598,379.4528094651227,5.938730239868164,0.226453885436058,0.7891041040420532,14.778132438659668,12.2438298205751,12.2438298205751,0.0184953473508358,400,400,400
44_b5,0.0565658593297779,0.0489779389475006,0.1025963425636291,-0.0476663829025346,0.7726573601566602,0.7262271669653758,-0.0127367290948115,0.710506085202,0.710506085202,0.04621653407615993,0.000247173943,0.00790844671,0.0,44,5,support_safe_target_policy_draw,100,data/Z_true.pt,0.0051868995651602,0.3935904204845428,0.3935904204845428,0.0092459392921127,0.0435688905417919,1610,400,400,400,1.0,4.3462604946142847e-05,12.142525672912598,379.4528094651227,5.938730239868164,0.226453885436058,0.7891041040420532,14.778132438659668,12.2438298205751,12.2438298205751,0.0184953473508358,400,400,400
44_b6,0.0206452403769098,0.0173660488263703,0.0447001457214355,-0.0036592662404291,0.9039314464372584,1.0223977127791086,-0.0064598819228137,1.0638813185799,1.0750175310805001,0.0935957305657393,-0.000600674422,0.0248236302,0.0525,44,6,support_safe_target_policy_draw,100,data/Z_true.pt,0.0062700523994863,0.374285876750946,0.374285876750946,0.0092459392921127,0.0435688905417919,1610,400,400,400,1.0,4.3462604946142847e-05,12.142525672912598,379.4528094651227,5.938730239868164,0.226453885436058,0.7891041040420532,14.778132438659668,12.2438298205751,12.2438298205751,0.0184953473508358,400,400,400
44_b7,0.0178990943001783,0.0152393666049465,0.0373640432953834,-0.0035249759908765,0.9297772090029308,1.0545031182310425,-0.0105967060520964,0.971711194024,0.971711194024,0.06265888599444036,1.71018764e-05,0.0117529035,0.0,44,7,support_safe_target_policy_draw,100,data/Z_true.pt,0.009505015797913,0.3687772154808044,0.3687772154808044,0.0092459392921127,0.0435688905417919,1610,400,400,400,1.0,4.3462604946142847e-05,12.142525672912598,379.4528094651227,5.938730239868164,0.226453885436058,0.7891041040420532,14.778132438659668,12.2438298205751,12.2438298205751,0.0184953473508358,400,400,400
44_b8,0.0131522968111492,0.0109447009384166,0.0267601907253265,-0.0104627118387725,0.9901531040683488,0.8951638540450928,0.0030040963891699,0.9528875422359999,0.9528875422359999,0.061302947085728976,0.000251820311,0.011119619,0.0,44,8,support_safe_target_policy_draw,100,data/Z_true.pt,0.006609228439629,0.3635651171207428,0.3635651171207428,0.0092459392921127,0.0435688905417919,1610,400,400,400,1.0,4.3462604946142847e-05,12.142525672912598,379.4528094651227,5.938730239868164,0.226453885436058,0.7891041040420532,14.778132438659668,12.2438298205751,12.2438298205751,0.0184953473508358,400,400,400
44_b9,0.0150400981155621,0.0126985544437775,0.0304074883460998,0.0020167863176902,0.9623048178944942,1.116245513552382,-0.0129197585405873,1.00887166566722,1.0734116288939801,0.09350249434896551,-0.00204002159,0.0249675047,0.1625,44,9,support_safe_target_policy_draw,100,data/Z_true.pt,0.0102996099740266,0.3654864132404327,0.3654864132404327,0.0092459392921127,0.0435688905417919,1610,400,400,400,1.0,4.3462604946142847e-05,12.142525672912598,379.4528094651227,5.938730239868164,0.226453885436058,0.7891041040420532,14.778132438659668,12.2438298205751,12.2438298205751,0.0184953473508358,400,400,400
45_b0,0.0475240618222765,0.0409064871221198,0.0921511277556419,-0.0231123032289906,0.610752976971419,1.1308803382233286,-0.0397145317463823,0.9796530694050001,0.9832879073280001,0.07175535103889712,-0.000333969307,0.0148377065,0.025,45,0,fixed_config,100,data/Z_true.pt,0.0061467350460588,0.4012018144130707,0.4012018144130707,0.0102023447351138,0.091691181063652,1610,400,400,400,1.0,5.34206366609169e-05,8.512123107910156,377.02447447402926,5.932310104370117,0.2783383727073669,0.8120672702789307,14.956193923950195,15.004030948721828,15.004030948721828,0.018550906330347,400,400,400
45_b1,0.0150924942441295,0.0122552934411214,0.0346117615699768,0.0081683365692151,0.981238494422872,1.1703885268997072,-0.013214454907189,0.9835854624715401,0.9867175828283401,0.06078926316949652,-0.000689875626,0.0122603104,0.015,45,1,fixed_config,100,data/Z_true.pt,0.0029742347542196,0.3654971718788147,0.3654971718788147,0.0102023447351138,0.091691181063652,1610,400,400,400,1.0,5.34206366609169e-05,8.512123107910156,377.02447447402926,5.932310104370117,0.2783383727073669,0.8120672702789307,14.956193923950195,15.004030948721828,15.004030948721828,0.018550906330347,400,400,400
45_b2,0.0236701587025344,0.0199112977704498,0.0487666577100753,0.0148706575238611,0.9618931477906834,1.2582799380780505,-0.0189382104532294,1.03129061757754,1.0347945085180599,0.06424474013534065,-0.000529474579,0.012194857,0.0175,45,2,fixed_config,100,data/Z_true.pt,0.0026123628485947,0.3681735396385193,0.3681735396385193,0.0102023447351138,0.091691181063652,1610,400,400,400,1.0,5.34206366609169e-05,8.512123107910156,377.02447447402926,5.932310104370117,0.2783383727073669,0.8120672702789307,14.956193923950195,15.004030948721828,15.004030948721828,0.018550906330347,400,400,400
45_b3,0.0192470897755673,0.0155760987830581,0.0418116301298141,0.0099055095267249,0.9655386956256072,1.231974270185964,-0.0201132079824257,0.9909460029585601,0.9916358121687601,0.06024048311306554,-0.000224876683,0.0126166753,0.0075,45,3,fixed_config,100,data/Z_true.pt,0.0042721019126474,0.367653489112854,0.367653489112854,0.0102023447351138,0.091691181063652,1610,400,400,400,1.0,5.34206366609169e-05,8.512123107910156,377.02447447402926,5.932310104370117,0.2783383727073669,0.8120672702789307,14.956193923950195,15.004030948721828,15.004030948721828,0.018550906330347,400,400,400
45_b4,0.0448596778764367,0.0385996294830692,0.0879302844405174,-0.020890679351869,0.6936615147979018,1.179190083347328,-0.0438102793204579,0.96634886555116,0.97339496082176,0.07688191030689086,-0.000500527443,0.0166980531,0.05,45,4,support_safe_target_policy_draw,100,data/Z_true.pt,0.0037713404744863,0.3988912403583526,0.3988912403583526,0.0102023447351138,0.091691181063652,1610,400,400,400,1.0,5.34206366609169e-05,8.512123107910156,377.02447447402926,5.932310104370117,0.2783383727073669,0.8120672702789307,14.956193923950195,15.004030948721828,15.004030948721828,0.018550906330347,400,400,400
45_b5,0.0456832381754547,0.039473751388723,0.0825198665261268,-0.0380115150392521,0.8491776321492989,0.8143783408999772,-0.0143287404567244,0.7657444611824,0.7680939592244,0.056791983221906914,-0.000242711161,0.0113701355,0.0225,45,5,support_safe_target_policy_draw,100,data/Z_true.pt,0.0150933060795068,0.384733110666275,0.384733110666275,0.0102023447351138,0.091691181063652,1610,400,400,400,1.0,5.34206366609169e-05,8.512123107910156,377.02447447402926,5.932310104370117,0.2783383727073669,0.8120672702789307,14.956193923950195,15.004030948721828,15.004030948721828,0.018550906330347,400,400,400
45_b6,0.0211207212696758,0.0176041737932246,0.0483902618288993,-0.0047478761000093,0.9106852361933792,1.095237147614021,-0.0166563531746057,0.9884786301426001,1.0285405029984,0.08696835189795271,-0.00148557033,0.0203233138,0.1325,45,6,support_safe_target_policy_draw,100,data/Z_true.pt,0.0092682735994458,0.3741876780986786,0.3741876780986786,0.0102023447351138,0.091691181063652,1610,400,400,400,1.0,5.34206366609169e-05,8.512123107910156,377.02447447402926,5.932310104370117,0.2783383727073669,0.8120672702789307,14.956193923950195,15.004030948721828,15.004030948721828,0.018550906330347,400,400,400
45_b7,0.0247092374792445,0.0212105041241738,0.0468629002571105,0.0015767158044036,0.8908835695969496,1.2164569301054466,-0.0265083741733334,0.9542087391301,0.9606066493089,0.06442848167180774,-0.00051265303,0.0121840322,0.0275,45,7,support_safe_target_policy_draw,100,data/Z_true.pt,0.0102215455844998,0.3741214871406555,0.3741214871406555,0.0102023447351138,0.091691181063652,1610,400,400,400,1.0,5.34206366609169e-05,8.512123107910156,377.02447447402926,5.932310104370117,0.2783383727073669,0.8120672702789307,14.956193923950195,15.004030948721828,15.004030948721828,0.018550906330347,400,400,400
45_b8,0.0126044826204637,0.0104568936850409,0.0266760140657424,-0.0097285170166287,0.9956042957320752,0.8536516403210624,0.0090707747383153,0.9821995581784,0.9839717488566,0.07494156953654797,-0.000238708919,0.0182273518,0.015,45,8,support_safe_target_policy_draw,100,data/Z_true.pt,0.0022082997020334,0.3640841245651245,0.3640841245651245,0.0102023447351138,0.091691181063652,1610,400,400,400,1.0,5.34206366609169e-05,8.512123107910156,377.02447447402926,5.932310104370117,0.2783383727073669,0.8120672702789307,14.956193923950195,15.004030948721828,15.004030948721828,0.018550906330347,400,400,400
45_b9,0.0146643618051431,0.012371490059304,0.0340883880853652,0.0020011813932796,0.9651061737565986,1.120841970688737,-0.013525968522417,0.99040761984837,1.13308723889423,0.09754314677820992,-0.00290799094,0.0272789095,0.2325,45,9,support_safe_target_policy_draw,100,data/Z_true.pt,0.0130037069320678,0.3661663234233856,0.3661663234233856,0.0102023447351138,0.091691181063652,1610,400,400,400,1.0,5.34206366609169e-05,8.512123107910156,377.02447447402926,5.932310104370117,0.2783383727073669,0.8120672702789307,14.956193923950195,15.004030948721828,15.004030948721828,0.018550906330347,400,400,400
46_b0,0.0452904613337768,0.0387676577089587,0.0891429111361503,-0.0235607524594524,0.6593674246213092,1.107329331218358,-0.0371755253710676,0.9060077058060001,0.9060077058060001,0.06020893127551009,0.00015051919,0.0119525352,0.0,46,0,fixed_config,100,data/Z_true.pt,0.0049910824745893,0.3948224782943725,0.3948224782943725,0.0080651560685149,0.0285331029444932,1610,400,400,400,1.0,3.715472194798508e-05,16.41236114501953,380.8119047416535,5.942305564880371,0.1935878247022628,0.7842663526535034,14.814996719360352,10.244839342546804,10.244839342546804,0.0188961308449506,400,400,400
46_b1,0.0156789264688651,0.0125190859806025,0.0371390581130981,0.0103220196947222,0.9905942767263998,1.200608158841527,-0.0148531637934162,0.975631824354459,0.981560649941541,0.055574818806804496,-0.00121016032,0.0111618768,0.015,46,1,fixed_config,100,data/Z_true.pt,0.0038356070872396,0.3654764890670776,0.3654764890670776,0.0080651560685149,0.0285331029444932,1610,400,400,400,1.0,3.715472194798508e-05,16.41236114501953,380.8119047416535,5.942305564880371,0.1935878247022628,0.7842663526535034,14.814996719360352,10.244839342546804,10.244839342546804,0.0188961308449506,400,400,400
46_b2,0.0251750285394532,0.0209646225324831,0.0509881973266601,0.018978252497036,0.9833355909684948,1.2938335459229466,-0.0194845860620597,1.0218927823462,1.0342389266542,0.05929423381668229,-0.0021062498,0.0121996347,0.0175,46,2,fixed_config,100,data/Z_true.pt,0.0048768613487482,0.3674109578132629,0.3674109578132629,0.0080651560685149,0.0285331029444932,1610,400,400,400,1.0,3.715472194798508e-05,16.41236114501953,380.8119047416535,5.942305564880371,0.1935878247022628,0.7842663526535034,14.814996719360352,10.244839342546804,10.244839342546804,0.0188961308449506,400,400,400
46_b3,0.0195640308979443,0.0154955967946443,0.0434046387672424,0.0129558951908256,0.9820619875436072,1.252183958391689,-0.0196780646066586,0.99389750589182,1.00254188301198,0.057933964572413794,-0.00179370563,0.0128558427,0.0175,46,3,fixed_config,100,data/Z_true.pt,0.0056460285559296,0.3670285046100616,0.3670285046100616,0.0080651560685149,0.0285331029444932,1610,400,400,400,1.0,3.715472194798508e-05,16.41236114501953,380.8119047416535,5.942305564880371,0.1935878247022628,0.7842663526535034,14.814996719360352,10.244839342546804,10.244839342546804,0.0188961308449506,400,400,400
46_b4,0.0397181325716572,0.0339150078571401,0.0792771577835083,-0.0167033782904036,0.7431788644021388,1.142944939114963,-0.034986983950092,1.0063546827476002,1.0070201937528,0.07763390988181866,-0.00020386884,0.0165834241,0.0075,46,4,support_safe_target_policy_draw,100,data/Z_true.pt,0.0048951208591461,0.392405092716217,0.392405092716217,0.0080651560685149,0.0285331029444932,1610,400,400,400,1.0,3.715472194798508e-05,16.41236114501953,380.8119047416535,5.942305564880371,0.1935878247022628,0.7842663526535034,14.814996719360352,10.244839342546804,10.244839342546804,0.0188961308449506,400,400,400
46_b5,0.060361018129106,0.0537756064999848,0.1047722995281219,-0.0534983847849071,0.8315891403742044,0.6053082373646197,-0.003141136124408,0.6737064962173099,0.6754402709440899,0.05032621651195666,-0.000305603055,0.0101430668,0.02,46,5,support_safe_target_policy_draw,100,data/Z_true.pt,0.0052393116056919,0.3922460079193115,0.3922460079193115,0.0080651560685149,0.0285331029444932,1610,400,400,400,1.0,3.715472194798508e-05,16.41236114501953,380.8119047416535,5.942305564880371,0.1935878247022628,0.7842663526535034,14.814996719360352,10.244839342546804,10.244839342546804,0.0188961308449506,400,400,400
46_b6,0.0210535778342406,0.0175688746594823,0.043449580669403,-0.0002187246805988,0.9038255109804636,1.0782824699827394,-0.0100071845671798,1.0706343423273998,1.1037467948152,0.0901946456642598,-0.0011854698,0.0225944743,0.095,46,6,support_safe_target_policy_draw,100,data/Z_true.pt,0.0106149138882756,0.3748000264167785,0.3748000264167785,0.0080651560685149,0.0285331029444932,1610,400,400,400,1.0,3.715472194798508e-05,16.41236114501953,380.8119047416535,5.942305564880371,0.1935878247022628,0.7842663526535034,14.814996719360352,10.244839342546804,10.244839342546804,0.0188961308449506,400,400,400
46_b7,0.0264644603111399,0.021794337745523,0.0564560294151306,0.0131105865223798,0.9263173089678638,1.2899403388373063,-0.0245089089608762,1.0260291445488998,1.0428428800217,0.06812718365120385,-0.00133302761,0.0161354486,0.035,46,7,support_safe_target_policy_draw,100,data/Z_true.pt,0.0159812085330486,0.3734738230705261,0.3734738230705261,0.0080651560685149,0.0285331029444932,1610,400,400,400,1.0,3.715472194798508e-05,16.41236114501953,380.8119047416535,5.942305564880371,0.1935878247022628,0.7842663526535034,14.814996719360352,10.244839342546804,10.244839342546804,0.0188961308449506,400,400,400
46_b8,0.0123157577491299,0.0108355440606828,0.0269075706601142,0.0108153624820988,0.992358963146732,1.0101670302735055,0.0095093487432889,1.1739173272999999,1.1739173272999999,0.08105533895362899,0.000238459324,0.0168588609,0.0,46,8,support_safe_target_policy_draw,100,data/Z_true.pt,0.009917315095663,0.3654009997844696,0.3654009997844696,0.0080651560685149,0.0285331029444932,1610,400,400,400,1.0,3.715472194798508e-05,16.41236114501953,380.8119047416535,5.942305564880371,0.1935878247022628,0.7842663526535034,14.814996719360352,10.244839342546804,10.244839342546804,0.0188961308449506,400,400,400
46_b9,0.0212797839516776,0.0182568159216316,0.0411468148231506,0.0021724878047825,0.9204028751991692,1.135080829401523,-0.0151842325209444,1.0650405748239,1.1501274992069,0.09352456263849385,-0.00216850825,0.0247148089,0.145,46,9,support_safe_target_policy_draw,100,data/Z_true.pt,0.0107716005295515,0.3703180253505707,0.3703180253505707,0.0080651560685149,0.0285331029444932,1610,400,400,400,1.0,3.715472194798508e-05,16.41236114501953,380.8119047416535,5.942305564880371,0.1935878247022628,0.7842663526535034,14.814996719360352,10.244839342546804,10.244839342546804,0.0188961308449506,400,400,400
47_b0,0.0429064159220129,0.0364837280704523,0.0857992619276046,-0.0209785475253011,0.6819163310802836,1.106594012166488,-0.0345000448914977,0.9106603244489699,0.9121858170300299,0.062465108810380435,-0.000403733924,0.0135209216,0.015,47,0,fixed_config,100,data/Z_true.pt,0.0044811740517616,0.3930840194225311,0.3930840194225311,0.0074130324598833,0.0131428651511669,1609,400,400,400,1.0,3.58550595738194e-05,17.590187072753906,381.3121372441817,5.943618297576904,0.1869322806596756,0.7840062379837036,14.845325469970703,9.964036599019884,9.964036599019884,0.01876069791615,400,400,400
47_b1,0.0199871891266039,0.0164189752173842,0.0420098751783371,0.0160778732801554,0.9972105164355856,1.2370221765092353,-0.0136670624135703,1.02034593841498,1.02547150270622,0.05996662930971954,-0.00094309228,0.0103554772,0.015,47,1,fixed_config,100,data/Z_true.pt,0.0032406691461801,0.3656356036663055,0.3656356036663055,0.0074130324598833,0.0131428651511669,1609,400,400,400,1.0,3.58550595738194e-05,17.590187072753906,381.3121372441817,5.943618297576904,0.1869322806596756,0.7840062379837036,14.845325469970703,9.964036599019884,9.964036599019884,0.01876069791615,400,400,400
47_b2,0.0228018536451093,0.0193532719463109,0.0443340241909027,0.0185066994093358,0.9902232364429804,1.2424715910363588,-0.0132328544659871,1.0361203097533,1.0454175712325,0.06266518058382237,-0.00148699584,0.0117125614,0.0225,47,2,fixed_config,100,data/Z_true.pt,0.0025730645284056,0.3657418489456177,0.3657418489456177,0.0074130324598833,0.0131428651511669,1609,400,400,400,1.0,3.58550595738194e-05,17.590187072753906,381.3121372441817,5.943618297576904,0.1869322806596756,0.7840062379837036,14.845325469970703,9.964036599019884,9.964036599019884,0.01876069791615,400,400,400
47_b3,0.0222667303057831,0.0180585356091614,0.0463837236166,0.0174118892068509,0.9917620012320548,1.2744169940577468,-0.0180991449165715,1.01800989151918,1.0243260072551799,0.06020698747510054,-0.00125303469,0.0109217931,0.015,47,3,fixed_config,100,data/Z_true.pt,0.0048351031728088,0.3668833971023559,0.3668833971023559,0.0074130324598833,0.0131428651511669,1609,400,400,400,1.0,3.58550595738194e-05,17.590187072753906,381.3121372441817,5.943618297576904,0.1869322806596756,0.7840062379837036,14.845325469970703,9.964036599019884,9.964036599019884,0.01876069791615,400,400,400
47_b4,0.0421220329587454,0.0360386445274343,0.0831369906663894,-0.0146673057269072,0.7242183431770864,1.2730322339208373,-0.0495899390730069,0.9458847105360999,0.9486733205941,0.06783134662048851,-0.000335633522,0.0137336385,0.0175,47,4,support_safe_target_policy_draw,100,data/Z_true.pt,0.0044661038555204,0.3972947597503662,0.3972947597503662,0.0074130324598833,0.0131428651511669,1609,400,400,400,1.0,3.58550595738194e-05,17.590187072753906,381.3121372441817,5.943618297576904,0.1869322806596756,0.7840062379837036,14.845325469970703,9.964036599019884,9.964036599019884,0.01876069791615,400,400,400
47_b5,0.0470500186844794,0.04041342708515,0.0864312574267387,-0.0383774258871562,0.824156050004075,0.7524941656635157,-0.0067990803919636,0.82706868974403,0.83181123420657,0.06439322274827931,-0.000369926449,0.0131985173,0.03,47,5,support_safe_target_policy_draw,100,data/Z_true.pt,0.0121482983231544,0.3868686556816101,0.3868686556816101,0.0074130324598833,0.0131428651511669,1609,400,400,400,1.0,3.58550595738194e-05,17.590187072753906,381.3121372441817,5.943618297576904,0.1869322806596756,0.7840062379837036,14.845325469970703,9.964036599019884,9.964036599019884,0.01876069791615,400,400,400
47_b6,0.0202141984658461,0.0170310186897404,0.0402133613824844,-0.0014336113235913,0.9180880362927292,1.1189073151265467,-0.0163018121429303,0.9907027546949,1.0447686629615,0.0881251730781646,-0.00202429388,0.0264976602,0.12,47,6,support_safe_target_policy_draw,100,data/Z_true.pt,0.0134698515757918,0.3729154467582702,0.3729154467582702,0.0074130324598833,0.0131428651511669,1609,400,400,400,1.0,3.58550595738194e-05,17.590187072753906,381.3121372441817,5.943618297576904,0.1869322806596756,0.7840062379837036,14.845325469970703,9.964036599019884,9.964036599019884,0.01876069791615,400,400,400
47_b7,0.0213022609762903,0.018157262627501,0.0425952970981597,0.0081843609618954,0.940301758262987,1.224486744454313,-0.0209425901305797,0.9794984422458,1.0020150318458,0.06492100543163909,-0.00143364025,0.0134825995,0.045,47,7,support_safe_target_policy_draw,100,data/Z_true.pt,0.0097605679184198,0.3698282241821289,0.3698282241821289,0.0074130324598833,0.0131428651511669,1609,400,400,400,1.0,3.58550595738194e-05,17.590187072753906,381.3121372441817,5.943618297576904,0.1869322806596756,0.7840062379837036,14.845325469970703,9.964036599019884,9.964036599019884,0.01876069791615,400,400,400
47_b8,0.0139825304963486,0.0113949640782084,0.0313349366188049,-0.0093158704286906,0.9780741221179856,0.903218697232623,0.0031162466865198,0.97439945198986,0.9762731756861399,0.07280427138269026,-0.00046913838,0.0158125851,0.0075,47,8,support_safe_target_policy_draw,100,data/Z_true.pt,0.0043867956846952,0.3649057149887085,0.3649057149887085,0.0074130324598833,0.0131428651511669,1609,400,400,400,1.0,3.58550595738194e-05,17.590187072753906,381.3121372441817,5.943618297576904,0.1869322806596756,0.7840062379837036,14.845325469970703,9.964036599019884,9.964036599019884,0.01876069791615,400,400,400
47_b9,0.0197696942563927,0.0168578753399197,0.036662571132183,0.0017906774627044,0.9312036293007372,1.127914068825203,-0.014645176004892,1.030622578315512,1.1226696488187118,0.09376423516089569,-0.00265998812,0.0303370468,0.15,47,9,support_safe_target_policy_draw,100,data/Z_true.pt,0.0121755357831716,0.3690620958805084,0.3690620958805084,0.0074130324598833,0.0131428651511669,1609,400,400,400,1.0,3.58550595738194e-05,17.590187072753906,381.3121372441817,5.943618297576904,0.1869322806596756,0.7840062379837036,14.845325469970703,9.964036599019884,9.964036599019884,0.01876069791615,400,400,400
48_b0,0.0464618780201316,0.039566357054864,0.0913230702280998,-0.0268076164118247,0.6541951713635604,1.0311567802466624,-0.030759867701385,0.90318188320936,0.9043912076671601,0.06573649934054723,-0.00014192349,0.0139108161,0.015,48,0,fixed_config,100,data/Z_true.pt,0.0065095177851617,0.3953475654125213,0.3953475654125213,0.0097566697674267,0.0164273865520954,1609,400,400,400,1.0,3.700479370571941e-05,16.590572357177734,380.98917320828326,5.942770957946777,0.1929264813661575,0.7858189940452576,14.854537963867188,10.464575023644064,10.464575023644064,0.018436150625348,400,400,400
48_b1,0.0136263365368302,0.0107639281253796,0.0316458791494369,0.0086863692023325,0.9926517450657152,1.1795489295968518,-0.0138460007361721,0.9665392401188,0.9714911697914,0.05860167670306002,-0.000539939152,0.0111162793,0.0175,48,1,fixed_config,100,data/Z_true.pt,0.0054935971274971,0.3646730780601501,0.3646730780601501,0.0097566697674267,0.0164273865520954,1609,400,400,400,1.0,3.700479370571941e-05,16.590572357177734,380.98917320828326,5.942770957946777,0.1929264813661575,0.7858189940452576,14.854537963867188,10.464575023644064,10.464575023644064,0.018436150625348,400,400,400
48_b2,0.0141051745528429,0.0119961666350718,0.0289189219474792,0.0085499131737742,0.9859627272634838,1.1619869304834602,-0.0126541911305812,0.9781044192813289,0.984908792859329,0.061393634762470686,-0.00113423448,0.0126285208,0.0225,48,2,fixed_config,100,data/Z_true.pt,0.0031004773918539,0.363861620426178,0.363861620426178,0.0097566697674267,0.0164273865520954,1609,400,400,400,1.0,3.700479370571941e-05,16.590572357177734,380.98917320828326,5.942770957946777,0.1929264813661575,0.7858189940452576,14.854537963867188,10.464575023644064,10.464575023644064,0.018436150625348,400,400,400
48_b3,0.0114986995290581,0.0097267920797457,0.023386463522911,0.0048876046581426,0.9832703790758242,1.1276087574773073,-0.0116256545034623,0.9771806265459,0.9798838587719,0.0627831069544178,-0.000796838664,0.0132249836,0.0075,48,3,fixed_config,100,data/Z_true.pt,0.0048317508772015,0.3641010522842407,0.3641010522842407,0.0097566697674267,0.0164273865520954,1609,400,400,400,1.0,3.700479370571941e-05,16.590572357177734,380.98917320828326,5.942770957946777,0.1929264813661575,0.7858189940452576,14.854537963867188,10.464575023644064,10.464575023644064,0.018436150625348,400,400,400
48_b4,0.0473058448639415,0.0407153369497973,0.0903379172086715,-0.0181801649241242,0.666579400148657,1.3258904820862245,-0.0598637187428308,0.9643915061438529,0.9664409869422129,0.06584490105801899,-0.000332421623,0.015588101,0.02,48,4,support_safe_target_policy_draw,100,data/Z_true.pt,0.0078896628692746,0.4056445360183716,0.4056445360183716,0.0097566697674267,0.0164273865520954,1609,400,400,400,1.0,3.700479370571941e-05,16.590572357177734,380.98917320828326,5.942770957946777,0.1929264813661575,0.7858189940452576,14.854537963867188,10.464575023644064,10.464575023644064,0.018436150625348,400,400,400
48_b5,0.0540973132408913,0.0477999869699124,0.0959376096725463,-0.0471181793848518,0.8487456982848717,0.6411868546455886,-0.0013385495729167,0.7346640910686231,0.756575584164997,0.05916250272033976,-0.000661540078,0.013469398,0.1075,48,5,support_safe_target_policy_draw,100,data/Z_true.pt,0.0134549345821142,0.388139545917511,0.388139545917511,0.0097566697674267,0.0164273865520954,1609,400,400,400,1.0,3.700479370571941e-05,16.590572357177734,380.98917320828326,5.942770957946777,0.1929264813661575,0.7858189940452576,14.854537963867188,10.464575023644064,10.464575023644064,0.018436150625348,400,400,400
48_b6,0.0180874895492471,0.0147259582357946,0.0455904603004455,-0.003837707900675,0.9305097904421552,1.0548544815500005,-0.0106967261760279,0.9964398931262199,1.1303066024632398,0.09534641036703691,-0.00210453663,0.0212489516,0.235,48,6,support_safe_target_policy_draw,100,data/Z_true.pt,0.0142532307654619,0.3718183636665344,0.3718183636665344,0.0097566697674267,0.0164273865520954,1609,400,400,400,1.0,3.700479370571941e-05,16.590572357177734,380.98917320828326,5.942770957946777,0.1929264813661575,0.7858189940452576,14.854537963867188,10.464575023644064,10.464575023644064,0.018436150625348,400,400,400
48_b7,0.018144948240829,0.015152880604146,0.0394088774919509,-0.0051542440394405,0.9289900226868634,1.034207342431947,-0.0095926156343461,0.95782082380891,0.9630835439763099,0.06973612541655895,-0.000577563653,0.0159505792,0.0325,48,7,support_safe_target_policy_draw,100,data/Z_true.pt,0.0089782243594527,0.3688772916793823,0.3688772916793823,0.0097566697674267,0.0164273865520954,1609,400,400,400,1.0,3.700479370571941e-05,16.590572357177734,380.98917320828326,5.942770957946777,0.1929264813661575,0.7858189940452576,14.854537963867188,10.464575023644064,10.464575023644064,0.018436150625348,400,400,400
48_b8,0.0045321394349748,0.003661332958145,0.0113110095262527,-0.001320033891825,0.9973420748565268,0.9414497177871562,0.006201087903242,1.0229070616940001,1.023168936796,0.07448333693637225,-0.000130937551,0.0177283864,0.0025,48,8,support_safe_target_policy_draw,100,data/Z_true.pt,0.0066310334950685,0.3624534606933594,0.3624534606933594,0.0097566697674267,0.0164273865520954,1609,400,400,400,1.0,3.700479370571941e-05,16.590572357177734,380.98917320828326,5.942770957946777,0.1929264813661575,0.7858189940452576,14.854537963867188,10.464575023644064,10.464575023644064,0.018436150625348,400,400,400
48_b9,0.0182626281614315,0.0158374843065394,0.037234291434288,0.0009557584795402,0.942483665360632,1.130463183622606,-0.0158076342311355,1.0078559732671901,1.13205050111721,0.09091187344313131,-0.00255469698,0.0219829716,0.2075,48,9,support_safe_target_policy_draw,100,data/Z_true.pt,0.0128791444003582,0.3679903447628021,0.3679903447628021,0.0097566697674267,0.0164273865520954,1609,400,400,400,1.0,3.700479370571941e-05,16.590572357177734,380.98917320828326,5.942770957946777,0.1929264813661575,0.7858189940452576,14.854537963867188,10.464575023644064,10.464575023644064,0.018436150625348,400,400,400
49_b0,0.0493561730124452,0.0416599852970102,0.0963086262345314,-0.0335682667518267,0.648923911339644,0.8503382699960081,-0.0145836104194551,0.9201308657645,0.9363941543238999,0.07381292500329424,-0.000524902367,0.0162296388,0.1025,49,0,fixed_config,100,data/Z_true.pt,0.0067634754814207,0.3960377871990204,0.3960377871990204,0.0083690760220209,0.0168501082807779,1609,400,400,400,1.0,3.878225653863865e-05,15.085699081420898,380.30235452290106,5.940966606140137,0.2021933794021606,0.7853254079818726,14.796272277832031,11.081297133037332,11.081297133037332,0.0182463638484478,400,400,400
49_b1,0.0199558964428372,0.0155944081200868,0.0469352751970291,0.0126056238458841,0.9801052889882818,1.2444650638403267,-0.0180733518954839,0.9837044063873,0.9837044063873,0.056140609596346924,3.19443643e-05,0.0111995935,0.0,49,1,fixed_config,100,data/Z_true.pt,0.0043139467015862,0.3677252531051636,0.3677252531051636,0.0083690760220209,0.0168501082807779,1609,400,400,400,1.0,3.878225653863865e-05,15.085699081420898,380.30235452290106,5.940966606140137,0.2021933794021606,0.7853254079818726,14.796272277832031,11.081297133037332,11.081297133037332,0.0182463638484478,400,400,400
49_b2,0.0229721307728428,0.0189541957981418,0.0493737310171127,0.0143080205575097,0.964797624160236,1.2570678678982643,-0.0193421873200304,1.0129248785614,1.0149999297502,0.05980853518158233,-0.000597746577,0.0121576302,0.015,49,2,fixed_config,100,data/Z_true.pt,0.0039267772808671,0.3679383397102356,0.3679383397102356,0.0083690760220209,0.0168501082807779,1609,400,400,400,1.0,3.878225653863865e-05,15.085699081420898,380.30235452290106,5.940966606140137,0.2021933794021606,0.7853254079818726,14.796272277832031,11.081297133037332,11.081297133037332,0.0182463638484478,400,400,400
49_b3,0.0203025450159516,0.0164278028337867,0.0455823838710784,0.0100087826847448,0.957074922092392,1.2319217784116478,-0.0200031421066467,1.004291268811,1.004291268811,0.058971461401372056,0.000243570656,0.01276924,0.0,49,3,fixed_config,100,data/Z_true.pt,0.004129730630666,0.3681581020355224,0.3681581020355224,0.0083690760220209,0.0168501082807779,1609,400,400,400,1.0,3.878225653863865e-05,15.085699081420898,380.30235452290106,5.940966606140137,0.2021933794021606,0.7853254079818726,14.796272277832031,11.081297133037332,11.081297133037332,0.0182463638484478,400,400,400
49_b4,0.0476293378561054,0.0405743103023269,0.0957417711615562,-0.0293031572984182,0.6939043756120575,1.0356311894941064,-0.0338606227248222,0.90439465199706,0.9124874121033401,0.06812619229477083,-0.000664407387,0.0143983476,0.05,49,4,support_safe_target_policy_draw,100,data/Z_true.pt,0.0033880660776048,0.3975223898887634,0.3975223898887634,0.0083690760220209,0.0168501082807779,1609,400,400,400,1.0,3.878225653863865e-05,15.085699081420898,380.30235452290106,5.940966606140137,0.2021933794021606,0.7853254079818726,14.796272277832031,11.081297133037332,11.081297133037332,0.0182463638484478,400,400,400
49_b5,0.0473178982239961,0.0404489554686006,0.0878088027238845,-0.0385500587557908,0.8224294054708651,0.7211771179852179,-0.0029760880498799,0.8565162122810199,0.8599070275051801,0.0671671186738141,-0.000251292309,0.0147098415,0.04,49,5,support_safe_target_policy_draw,100,data/Z_true.pt,0.0115840379148721,0.3868417739868164,0.3868417739868164,0.0083690760220209,0.0168501082807779,1609,400,400,400,1.0,3.878225653863865e-05,15.085699081420898,380.30235452290106,5.940966606140137,0.2021933794021606,0.7853254079818726,14.796272277832031,11.081297133037332,11.081297133037332,0.0182463638484478,400,400,400
49_b6,0.022706634924146,0.0189419870683923,0.0472330152988433,-0.0014415647927671,0.8964562132109289,1.1295776736815444,-0.0176439899501228,1.0030255448086,1.0386195411019998,0.08404150660294553,-0.00091211102,0.0233768485,0.1075,49,6,support_safe_target_policy_draw,100,data/Z_true.pt,0.0121330404654145,0.37567138671875,0.37567138671875,0.0083690760220209,0.0168501082807779,1609,400,400,400,1.0,3.878225653863865e-05,15.085699081420898,380.30235452290106,5.940966606140137,0.2021933794021606,0.7853254079818726,14.796272277832031,11.081297133037332,11.081297133037332,0.0182463638484478,400,400,400
49_b7,0.0232562461735997,0.0193925148644484,0.0458107441663742,0.0034554881532676,0.8957090672598951,1.1584019808183572,-0.0170970249114245,1.02141532659437,1.02262904375283,0.06856938984879699,-0.000351117284,0.0151741896,0.015,49,7,support_safe_target_policy_draw,100,data/Z_true.pt,0.0100427782163023,0.3725124001502991,0.3725124001502991,0.0083690760220209,0.0168501082807779,1609,400,400,400,1.0,3.878225653863865e-05,15.085699081420898,380.30235452290106,5.940966606140137,0.2021933794021606,0.7853254079818726,14.796272277832031,11.081297133037332,11.081297133037332,0.0182463638484478,400,400,400
49_b8,0.0105546313497186,0.0091538163332734,0.0220837742090225,0.0090699270588811,0.9951367370560684,1.053210448083204,0.0022347377877339,1.0937589928479998,1.0937589928479998,0.07045160851219132,0.000640492479,0.0127968434,0.0,49,8,support_safe_target_policy_draw,100,data/Z_true.pt,0.0061349440366029,0.3632277250289917,0.3632277250289917,0.0083690760220209,0.0168501082807779,1609,400,400,400,1.0,3.878225653863865e-05,15.085699081420898,380.30235452290106,5.940966606140137,0.2021933794021606,0.7853254079818726,14.796272277832031,11.081297133037332,11.081297133037332,0.0182463638484478,400,400,400
49_b9,0.0217816833979337,0.0188927502615842,0.0399146080017089,0.0043485864007379,0.928035352873695,1.1844828512606949,-0.0193558672098234,1.0337260505260002,1.0874705562304001,0.08638947624849766,-0.00127705222,0.0224175528,0.1175,49,9,support_safe_target_policy_draw,100,data/Z_true.pt,0.0100490367040038,0.3697236180305481,0.3697236180305481,0.0083690760220209,0.0168501082807779,1609,400,400,400,1.0,3.878225653863865e-05,15.085699081420898,380.30235452290106,5.940966606140137,0.2021933794021606,0.7853254079818726,14.796272277832031,11.081297133037332,11.081297133037332,0.0182463638484478,400,400,400
4_b0,0.0497082260187975,0.0428024261031532,0.0949251055717468,-0.0242737492133164,0.5917657252398746,1.1994078475897525,-0.049568722459773,0.9357522338319999,0.9357522338319999,0.058301057377338,0.000309010968,0.0107085966,0.0,4,0,fixed_config,100,data/Z_true.pt,0.0041327811777591,0.4039887189865112,0.4039887189865112,0.0075064896594909,0.0133299026638269,1610,400,400,400,1.0,4.527932972564486e-05,11.31191635131836,378.6604093098698,5.936639785766602,0.2359195947647094,0.793472945690155,14.800262451171877,12.665232668401718,12.665232668401718,0.0186273399740457,400,400,400
4_b1,0.0135759515156729,0.0108546953211771,0.0331837087869644,0.0063797698979033,0.9846551505659762,1.1703310619855574,-0.01499581005846,0.9500407760856,0.9589019441428,0.05604983664690936,-0.000883165165,0.0107310228,0.0225,4,1,fixed_config,100,data/Z_true.pt,0.003756271675229,0.3654876351356506,0.3654876351356506,0.0075064896594909,0.0133299026638269,1610,400,400,400,1.0,4.527932972564486e-05,11.31191635131836,378.6604093098698,5.936639785766602,0.2359195947647094,0.793472945690155,14.800262451171877,12.665232668401718,12.665232668401718,0.0186273399740457,400,400,400
4_b2,0.0165057619393169,0.0139309594908263,0.0354411154985427,0.0082318847125861,0.9753144539975676,1.1939809586497057,-0.0171602408619348,0.9694468514054201,0.9773581102462001,0.057871888905887736,-0.000932371244,0.0117433332,0.03,4,2,fixed_config,100,data/Z_true.pt,0.0028063771314918,0.3652949333190918,0.3652949333190918,0.0075064896594909,0.0133299026638269,1610,400,400,400,1.0,4.527932972564486e-05,11.31191635131836,378.6604093098698,5.936639785766602,0.2359195947647094,0.793472945690155,14.800262451171877,12.665232668401718,12.665232668401718,0.0186273399740457,400,400,400
4_b3,0.0160098676009405,0.0130085926284664,0.0362905263900756,0.0059193542305729,0.968696018930238,1.1928700815446065,-0.0190390710689787,0.9595043755575019,0.962529990679702,0.05633271554572668,-0.000346015673,0.0118121067,0.02,4,3,fixed_config,100,data/Z_true.pt,0.0033144885674118,0.3664056956768036,0.3664056956768036,0.0075064896594909,0.0133299026638269,1610,400,400,400,1.0,4.527932972564486e-05,11.31191635131836,378.6604093098698,5.936639785766602,0.2359195947647094,0.793472945690155,14.800262451171877,12.665232668401718,12.665232668401718,0.0186273399740457,400,400,400
4_b4,0.0452213962074604,0.0387311304284958,0.0924009382724762,-0.0054824149206979,0.6836075209570828,1.4410195184607382,-0.0618917359759669,1.1292046291333002,1.1324884278289002,0.08073385592964147,-0.000646814937,0.0157838836,0.015,4,4,support_safe_target_policy_draw,100,data/Z_true.pt,0.0063129998743534,0.4087978005409241,0.4087978005409241,0.0075064896594909,0.0133299026638269,1610,400,400,400,1.0,4.527932972564486e-05,11.31191635131836,378.6604093098698,5.936639785766602,0.2359195947647094,0.793472945690155,14.800262451171877,12.665232668401718,12.665232668401718,0.0186273399740457,400,400,400
4_b5,0.0558928556277378,0.0491536217171233,0.098181813955307,-0.0485568961862009,0.821127068356624,0.6907205654449166,-0.0090970876321098,0.6915446947366,0.6965585490794,0.049394163837254194,-0.000537945307,0.00967056304,0.03,4,5,support_safe_target_policy_draw,100,data/Z_true.pt,0.0080855395644903,0.3902224600315094,0.3902224600315094,0.0075064896594909,0.0133299026638269,1610,400,400,400,1.0,4.527932972564486e-05,11.31191635131836,378.6604093098698,5.936639785766602,0.2359195947647094,0.793472945690155,14.800262451171877,12.665232668401718,12.665232668401718,0.0186273399740457,400,400,400
4_b6,0.0248751782232719,0.0206649552029557,0.0571942403912544,0.0010426816553808,0.8738945353794535,1.1312712208096969,-0.0153715050640921,1.0845002394856,1.094173337706,0.08850785906452477,-0.000625538174,0.0262055192,0.05,4,6,support_safe_target_policy_draw,100,data/Z_true.pt,0.0101312343031167,0.3799003958702087,0.3799003958702087,0.0075064896594909,0.0133299026638269,1610,400,400,400,1.0,4.527932972564486e-05,11.31191635131836,378.6604093098698,5.936639785766602,0.2359195947647094,0.793472945690155,14.800262451171877,12.665232668401718,12.665232668401718,0.0186273399740457,400,400,400
4_b7,0.021651232346337,0.0181144222326111,0.0416225492954254,0.0020112449850421,0.9118039764367176,1.1682649051690193,-0.0198209735512975,0.9699203808628001,0.981801863885,0.06417697153010234,-0.00090042688,0.0148199433,0.0275,4,7,support_safe_target_policy_draw,100,data/Z_true.pt,0.0074438881129026,0.3711773157119751,0.3711773157119751,0.0075064896594909,0.0133299026638269,1610,400,400,400,1.0,4.527932972564486e-05,11.31191635131836,378.6604093098698,5.936639785766602,0.2359195947647094,0.793472945690155,14.800262451171877,12.665232668401718,12.665232668401718,0.0186273399740457,400,400,400
4_b8,0.0074187449487237,0.0058584880467969,0.0185414105653762,-0.0030117857258301,0.9896651179022612,0.9936940595676704,-0.0022017512694362,0.9673432488006001,0.9706705931114,0.06667095678135451,-0.000348969479,0.012761848,0.025,4,8,support_safe_target_policy_draw,100,data/Z_true.pt,0.0049466621130704,0.3628321588039398,0.3628321588039398,0.0075064896594909,0.0133299026638269,1610,400,400,400,1.0,4.527932972564486e-05,11.31191635131836,378.6604093098698,5.936639785766602,0.2359195947647094,0.793472945690155,14.800262451171877,12.665232668401718,12.665232668401718,0.0186273399740457,400,400,400
4_b9,0.017644134251134,0.0146578574849991,0.0389455333352088,-0.0005801419186173,0.9478916469721812,1.1378977226532758,-0.0182988087068787,0.9664654037747,1.0534688429647,0.08798290261469029,-0.00193542044,0.0236444827,0.165,4,9,support_safe_target_policy_draw,100,data/Z_true.pt,0.014325201511383,0.3675346970558166,0.3675346970558166,0.0075064896594909,0.0133299026638269,1610,400,400,400,1.0,4.527932972564486e-05,11.31191635131836,378.6604093098698,5.936639785766602,0.2359195947647094,0.793472945690155,14.800262451171877,12.665232668401718,12.665232668401718,0.0186273399740457,400,400,400
5_b0,0.0511877784790516,0.0433857300109229,0.0981398746371269,-0.0371454710303805,0.6680604055628943,0.8564177350446631,-0.0189319975156224,0.82763353895535,0.83410691781587,0.06267954985497874,-0.00054490054,0.0133598959,0.0425,5,0,fixed_config,100,data/Z_true.pt,0.0036450754851102,0.3941807150840759,0.3941807150840759,0.010222895398091,0.0319901257753372,1610,400,400,400,1.0,4.71624679043714e-05,10.504927635192873,378.4674405470019,5.936130046844482,0.2457313388586044,0.7964473366737366,14.821375846862791,13.058753797081437,13.058753797081437,0.0188173651695251,400,400,400
5_b1,0.0174517263811962,0.0140708211832679,0.0424319505691528,0.0087883088504895,0.974864009811334,1.20746999054302,-0.0172479955070462,0.98005053645537,0.98906691558955,0.06122126149447699,-0.00065420242,0.0106334481,0.05,5,1,fixed_config,100,data/Z_true.pt,0.0050013596192002,0.3674220144748688,0.3674220144748688,0.010222895398091,0.0319901257753372,1610,400,400,400,1.0,4.71624679043714e-05,10.504927635192873,378.4674405470019,5.936130046844482,0.2457313388586044,0.7964473366737366,14.821375846862791,13.058753797081437,13.058753797081437,0.0188173651695251,400,400,400
5_b2,0.0209554750212202,0.0176210743479896,0.0452596247196197,0.0116060566797386,0.962781273238135,1.231538913807453,-0.0187024087269301,1.01488943877839,1.01914829612041,0.06308613222199015,-0.000596168917,0.011639338,0.0175,5,2,fixed_config,100,data/Z_true.pt,0.0043933214619755,0.3673354089260101,0.3673354089260101,0.010222895398091,0.0319901257753372,1610,400,400,400,1.0,4.71624679043714e-05,10.504927635192873,378.4674405470019,5.936130046844482,0.2457313388586044,0.7964473366737366,14.821375846862791,13.058753797081437,13.058753797081437,0.0188173651695251,400,400,400
5_b3,0.0186347067271388,0.0150558405421907,0.0407784879207611,0.0089725393423577,0.9640652041517078,1.2192510091163045,-0.0193997197921675,1.0024243003295998,1.0049802075676,0.062391103206709125,-0.000426779501,0.0114610344,0.0125,5,3,fixed_config,100,data/Z_true.pt,0.0050882874056696,0.3674388527870178,0.3674388527870178,0.010222895398091,0.0319901257753372,1610,400,400,400,1.0,4.71624679043714e-05,10.504927635192873,378.4674405470019,5.936130046844482,0.2457313388586044,0.7964473366737366,14.821375846862791,13.058753797081437,13.058753797081437,0.0188173651695251,400,400,400
5_b4,0.042758831154977,0.0363279413276177,0.0860107243061065,-0.0237739480457094,0.7305499349740052,1.0561268423619443,-0.0309529433919103,0.9793217264252101,0.99898766185131,0.08166073473550448,-0.00114258379,0.0191173907,0.0675,5,4,support_safe_target_policy_draw,100,data/Z_true.pt,0.0050168014131486,0.3942224383354187,0.3942224383354187,0.010222895398091,0.0319901257753372,1610,400,400,400,1.0,4.71624679043714e-05,10.504927635192873,378.4674405470019,5.936130046844482,0.2457313388586044,0.7964473366737366,14.821375846862791,13.058753797081437,13.058753797081437,0.0188173651695251,400,400,400
5_b5,0.0531213035634833,0.0465470158425159,0.0945154577493667,-0.0457800800050608,0.8334466462645054,0.6905053744436533,-0.0062928160343992,0.7533954347609471,0.760480743017907,0.06058750622630308,-0.000452414853,0.0135929864,0.0625,5,5,support_safe_target_policy_draw,100,data/Z_true.pt,0.0090105328708887,0.3885945677757263,0.3885945677757263,0.010222895398091,0.0319901257753372,1610,400,400,400,1.0,4.71624679043714e-05,10.504927635192873,378.4674405470019,5.936130046844482,0.2457313388586044,0.7964473366737366,14.821375846862791,13.058753797081437,13.058753797081437,0.0188173651695251,400,400,400
5_b6,0.0255706582533271,0.0210842490149661,0.0622907131910324,0.0019329205434769,0.8657858389074766,1.1262902134058217,-0.0138584397478271,1.12556598221073,1.1560817734798698,0.09362309952172577,-0.00138032448,0.0229992531,0.0975,5,6,support_safe_target_policy_draw,100,data/Z_true.pt,0.0063173901289701,0.3816838264465332,0.3816838264465332,0.010222895398091,0.0319901257753372,1610,400,400,400,1.0,4.71624679043714e-05,10.504927635192873,378.4674405470019,5.936130046844482,0.2457313388586044,0.7964473366737366,14.821375846862791,13.058753797081437,13.058753797081437,0.0188173651695251,400,400,400
5_b7,0.0224081682183963,0.019069461969193,0.0441717654466629,0.0011014464939944,0.9068549903902908,1.183064379922195,-0.0226509904426695,0.96039601747883,0.9807771931751701,0.0640176549723201,-0.00129907532,0.0125985462,0.0525,5,7,support_safe_target_policy_draw,100,data/Z_true.pt,0.0097495717927813,0.3718913495540619,0.3718913495540619,0.010222895398091,0.0319901257753372,1610,400,400,400,1.0,4.71624679043714e-05,10.504927635192873,378.4674405470019,5.936130046844482,0.2457313388586044,0.7964473366737366,14.821375846862791,13.058753797081437,13.058753797081437,0.0188173651695251,400,400,400
5_b8,0.0049503803307286,0.0035023308789823,0.0165809839963912,0.0026025659509468,0.9960715727580498,0.9861316721811526,0.004384032729199,1.0589427195363,1.0589427195363,0.07531434719772426,8.13284423e-05,0.0158777535,0.0,5,8,support_safe_target_policy_draw,100,data/Z_true.pt,0.0066190520301461,0.3629712164402008,0.3629712164402008,0.010222895398091,0.0319901257753372,1610,400,400,400,1.0,4.71624679043714e-05,10.504927635192873,378.4674405470019,5.936130046844482,0.2457313388586044,0.7964473366737366,14.821375846862791,13.058753797081437,13.058753797081437,0.0188173651695251,400,400,400
5_b9,0.0175480669905983,0.0146133887016912,0.0378987789154052,-9.592894406523557e-05,0.949487462022592,1.144229988292056,-0.0186282371957931,0.9742824907086449,1.110644652298045,0.09026093729496332,-0.00217729295,0.021579653,0.22,5,9,support_safe_target_policy_draw,100,data/Z_true.pt,0.0102810095995664,0.3672610521316528,0.3672610521316528,0.010222895398091,0.0319901257753372,1610,400,400,400,1.0,4.71624679043714e-05,10.504927635192873,378.4674405470019,5.936130046844482,0.2457313388586044,0.7964473366737366,14.821375846862791,13.058753797081437,13.058753797081437,0.0188173651695251,400,400,400
6_b0,0.0460464915333215,0.0386845025816001,0.0912843495607376,-0.0317794509255327,0.7014482173751562,0.8503434749437403,-0.0127954548430721,0.92784925524795,0.97424371915825,0.07737790826194968,-0.00124079559,0.015615928,0.1775,6,0,fixed_config,100,data/Z_true.pt,0.0063111176714301,0.3921508193016052,0.3921508193016052,0.0093932940340435,0.0160083342343568,1610,400,400,400,1.0,4.943763446618732e-05,9.68570041656494,377.69240610924345,5.934080123901367,0.2575856745243072,0.8016544580459595,14.851552963256836,13.858588741503375,13.858588741503375,0.0185867175459861,400,400,400
6_b1,0.0178200344320075,0.0142469190206611,0.0401775240898132,0.0111226051527773,0.9824427473320084,1.2133208977279566,-0.0156479547943788,0.9845691711618001,0.9846134536876001,0.05467183859937385,-2.21412629e-05,0.00858689845,0.0025,6,1,fixed_config,100,data/Z_true.pt,0.0048553431406617,0.3665271699428558,0.3665271699428558,0.0093932940340435,0.0160083342343568,1610,400,400,400,1.0,4.943763446618732e-05,9.68570041656494,377.69240610924345,5.934080123901367,0.2575856745243072,0.8016544580459595,14.851552963256836,13.858588741503375,13.858588741503375,0.0185867175459861,400,400,400
6_b2,0.0203439012479212,0.0170381513168104,0.0437736511230468,0.0127934424183331,0.9734433647051,1.23097047302207,-0.0174406140365261,1.009731835221,1.012035941007,0.059071719880769716,-0.000751514686,0.0109454105,0.01,6,2,fixed_config,100,data/Z_true.pt,0.0051231938414275,0.3665436506271362,0.3665436506271362,0.0093932940340435,0.0160083342343568,1610,400,400,400,1.0,4.943763446618732e-05,9.68570041656494,377.69240610924345,5.934080123901367,0.2575856745243072,0.8016544580459595,14.851552963256836,13.858588741503375,13.858588741503375,0.0185867175459861,400,400,400
6_b3,0.0151513917794901,0.0121508349201758,0.0351965725421905,0.0079769605022738,0.9804475408489156,1.191907635226448,-0.0168569190702048,0.9784091195807,0.9798216834807001,0.05773205960018628,-0.000455268892,0.0103193857,0.005,6,3,fixed_config,100,data/Z_true.pt,0.0066643357276916,0.3656603693962097,0.3656603693962097,0.0093932940340435,0.0160083342343568,1610,400,400,400,1.0,4.943763446618732e-05,9.68570041656494,377.69240610924345,5.934080123901367,0.2575856745243072,0.8016544580459595,14.851552963256836,13.858588741503375,13.858588741503375,0.0185867175459861,400,400,400
6_b4,0.0451910282530898,0.0383366388914873,0.0917430743575096,-0.0265224135894095,0.7090383496004773,1.033400618798329,-0.0307945742316767,0.9630307431582699,0.97159736240313,0.07720661807688715,-0.000708120409,0.015616959,0.055,6,4,support_safe_target_policy_draw,100,data/Z_true.pt,0.0088095646351575,0.3960156440734863,0.3960156440734863,0.0093932940340435,0.0160083342343568,1610,400,400,400,1.0,4.943763446618732e-05,9.68570041656494,377.69240610924345,5.934080123901367,0.2575856745243072,0.8016544580459595,14.851552963256836,13.858588741503375,13.858588741503375,0.0185867175459861,400,400,400
6_b5,0.0556590146815859,0.0494513227068819,0.0960499569773674,-0.0488063780660741,0.8548248704024068,0.6077698086331652,0.0012368079050036,0.7687431262444,0.7804814344809999,0.0644294703136504,-0.00064159045,0.0157793388,0.085,6,5,support_safe_target_policy_draw,100,data/Z_true.pt,0.0092790368944406,0.3897534906864166,0.3897534906864166,0.0093932940340435,0.0160083342343568,1610,400,400,400,1.0,4.943763446618732e-05,9.68570041656494,377.69240610924345,5.934080123901367,0.2575856745243072,0.8016544580459595,14.851552963256836,13.858588741503375,13.858588741503375,0.0185867175459861,400,400,400
6_b6,0.0246045188730335,0.0206726111262105,0.0505256205797195,-0.0001650032703764,0.8759483168973489,1.127785413333298,-0.0161433237395562,1.079834645178289,1.083681119866889,0.08439734549805296,-0.000362530351,0.0206794217,0.04,6,6,support_safe_target_policy_draw,100,data/Z_true.pt,0.0084388442337512,0.3789633512496948,0.3789633512496948,0.0093932940340435,0.0160083342343568,1610,400,400,400,1.0,4.943763446618732e-05,9.68570041656494,377.69240610924345,5.934080123901367,0.2575856745243072,0.8016544580459595,14.851552963256836,13.858588741503375,13.858588741503375,0.0185867175459861,400,400,400
6_b7,0.0182712121071251,0.0156867993075866,0.0361745953559875,0.00080367473769,0.93797140773107,1.153512663811196,-0.0191144538884493,0.9477322697439,0.9636307332993,0.06489661973166845,-0.00134744775,0.0124659501,0.0425,6,7,support_safe_target_policy_draw,100,data/Z_true.pt,0.0143879428505897,0.3693906664848327,0.3693906664848327,0.0093932940340435,0.0160083342343568,1610,400,400,400,1.0,4.943763446618732e-05,9.68570041656494,377.69240610924345,5.934080123901367,0.2575856745243072,0.8016544580459595,14.851552963256836,13.858588741503375,13.858588741503375,0.0185867175459861,400,400,400
6_b8,0.0110286248346765,0.0091229192807804,0.022472009062767,-0.0085612212994601,0.9934561423085676,0.9001264978425196,0.0042681066804743,0.9763524521792999,0.9764917272792999,0.07075921807671902,-6.963755e-05,0.0150920171,0.0025,6,8,support_safe_target_policy_draw,100,data/Z_true.pt,0.0030119195580482,0.363318383693695,0.363318383693695,0.0093932940340435,0.0160083342343568,1610,400,400,400,1.0,4.943763446618732e-05,9.68570041656494,377.69240610924345,5.934080123901367,0.2575856745243072,0.8016544580459595,14.851552963256836,13.858588741503375,13.858588741503375,0.0185867175459861,400,400,400
6_b9,0.0194770439292809,0.0167549275205237,0.0375261753797531,0.0065253116964595,0.95314901112206,1.1964012320829365,-0.0187105509495932,1.00591740574954,1.05079259307746,0.08892738699551686,-0.00155360275,0.0239340942,0.125,6,9,support_safe_target_policy_draw,100,data/Z_true.pt,0.0146898096427321,0.367783635854721,0.367783635854721,0.0093932940340435,0.0160083342343568,1610,400,400,400,1.0,4.943763446618732e-05,9.68570041656494,377.69240610924345,5.934080123901367,0.2575856745243072,0.8016544580459595,14.851552963256836,13.858588741503375,13.858588741503375,0.0185867175459861,400,400,400
7_b0,0.0540249991833809,0.0466618344094604,0.1066813841462135,-0.0131544162612408,0.5288199744420674,1.6641675053304985,-0.097404356680156,1.0553189338409998,1.0553189338409998,0.06275428228821525,0.000437236216,0.0093969712,0.0,7,0,fixed_config,100,data/Z_true.pt,0.0183974299579858,0.4213451445102691,0.4213451445102691,0.0081884978028204,0.069326177239418,1609,400,400,400,1.0,3.992393638085901e-05,14.188021659851074,379.21477080534186,5.938102722167969,0.2081455886363983,0.78402179479599,14.702520370483398,11.43805700455312,11.43805700455312,0.0181976351886987,400,400,400
7_b1,0.0185938766091574,0.0156594941593357,0.0424694120883941,0.0054417937583639,0.948370403077858,1.157168325843286,-0.0142819376415834,0.9797619631972101,0.98267873325239,0.05921374858612551,-0.000556173734,0.0108881639,0.015,7,1,fixed_config,100,data/Z_true.pt,0.0025768692139536,0.3683786392211914,0.3683786392211914,0.0081884978028204,0.069326177239418,1609,400,400,400,1.0,3.992393638085901e-05,14.188021659851074,379.21477080534186,5.938102722167969,0.2081455886363983,0.78402179479599,14.702520370483398,11.43805700455312,11.43805700455312,0.0181976351886987,400,400,400
7_b2,0.02266432596413,0.0190543377329595,0.0469360649585723,0.0095672555756755,0.934374370981606,1.209280142555315,-0.0178275345986243,1.0328703932996999,1.0341123554919,0.06162657335785081,-0.000501257018,0.0104678087,0.0075,7,2,fixed_config,100,data/Z_true.pt,0.0026762606576085,0.3695014119148254,0.3695014119148254,0.0081884978028204,0.069326177239418,1609,400,400,400,1.0,3.992393638085901e-05,14.188021659851074,379.21477080534186,5.938102722167969,0.2081455886363983,0.78402179479599,14.702520370483398,11.43805700455312,11.43805700455312,0.0181976351886987,400,400,400
7_b3,0.0194752770991267,0.0164404725312488,0.0421858876943588,0.0044566885306267,0.9359308757879448,1.178449050874012,-0.0186355778818021,0.9927580864776,0.9937796260372,0.05908352029453721,-0.000479477807,0.00992327183,0.005,7,3,fixed_config,100,data/Z_true.pt,0.0033914777450263,0.3689350485801697,0.3689350485801697,0.0081884978028204,0.069326177239418,1609,400,400,400,1.0,3.992393638085901e-05,14.188021659851074,379.21477080534186,5.938102722167969,0.2081455886363983,0.78402179479599,14.702520370483398,11.43805700455312,11.43805700455312,0.0181976351886987,400,400,400
7_b4,0.0495300877384288,0.0428500533779151,0.0958058983087539,-0.0222896651434712,0.6280637367224488,1.2368506980785767,-0.0525844401155872,1.0315485044415,1.0348608686637,0.07767659295179358,-0.000547084026,0.0153360814,0.03,7,4,support_safe_target_policy_draw,100,data/Z_true.pt,0.0086461156606674,0.4085918366909027,0.4085918366909027,0.0081884978028204,0.069326177239418,1609,400,400,400,1.0,3.992393638085901e-05,14.188021659851074,379.21477080534186,5.938102722167969,0.2081455886363983,0.78402179479599,14.702520370483398,11.43805700455312,11.43805700455312,0.0181976351886987,400,400,400
7_b5,0.0584108721597269,0.0523786201572511,0.0990757197141647,-0.0520870833436492,0.8662272452800697,0.5940598658263522,-0.0002946969473229,0.69240089579951,0.72001022844149,0.05936294442026917,-0.000821979251,0.0138952564,0.145,7,5,support_safe_target_policy_draw,100,data/Z_true.pt,0.0090524833649396,0.3899053633213043,0.3899053633213043,0.0081884978028204,0.069326177239418,1609,400,400,400,1.0,3.992393638085901e-05,14.188021659851074,379.21477080534186,5.938102722167969,0.2081455886363983,0.78402179479599,14.702520370483398,11.43805700455312,11.43805700455312,0.0181976351886987,400,400,400
7_b6,0.0202421650706016,0.0170406215265393,0.0443563908338546,-0.0042353390110656,0.9080639092653268,1.014298678068104,-0.0060232493405638,1.0556985332357,1.1570793473604999,0.09754740352524097,-0.00168419722,0.0250669383,0.2025,7,6,support_safe_target_policy_draw,100,data/Z_true.pt,0.0101708509027957,0.373959481716156,0.373959481716156,0.0081884978028204,0.069326177239418,1609,400,400,400,1.0,3.992393638085901e-05,14.188021659851074,379.21477080534186,5.938102722167969,0.2081455886363983,0.78402179479599,14.702520370483398,11.43805700455312,11.43805700455312,0.0181976351886987,400,400,400
7_b7,0.0261636385410794,0.0221513067837804,0.0494326278567314,-0.0014159015147015,0.8635066122172478,1.1676891660523496,-0.0231734184238514,0.9748241038998,0.9836904671082,0.06152528815077592,-0.00135043217,0.0104910713,0.02,7,7,support_safe_target_policy_draw,100,data/Z_true.pt,0.0111738014966249,0.3755984902381897,0.3755984902381897,0.0081884978028204,0.069326177239418,1609,400,400,400,1.0,3.992393638085901e-05,14.188021659851074,379.21477080534186,5.938102722167969,0.2081455886363983,0.78402179479599,14.702520370483398,11.43805700455312,11.43805700455312,0.0181976351886987,400,400,400
7_b8,0.0066940622184912,0.0055683942767791,0.0166080147027969,0.0054165667365305,0.9973872897606548,1.0388186018887091,0.0004300932015634,1.0397526793545,1.0400821777884999,0.07068321751451759,-0.000164749217,0.0148530984,0.0025,7,8,support_safe_target_policy_draw,100,data/Z_true.pt,0.0105074029415845,0.3624387979507446,0.3624387979507446,0.0081884978028204,0.069326177239418,1609,400,400,400,1.0,3.992393638085901e-05,14.188021659851074,379.21477080534186,5.938102722167969,0.2081455886363983,0.78402179479599,14.702520370483398,11.43805700455312,11.43805700455312,0.0181976351886987,400,400,400
7_b9,0.0145260809106556,0.012228088681004,0.0290166735649108,0.0030344954045722,0.9717289756045,1.1544634609668116,-0.016812725732749,0.9597888169889399,1.0967748239411201,0.09003640014317982,-0.00231574383,0.0205773879,0.215,7,9,support_safe_target_policy_draw,100,data/Z_true.pt,0.0157484747469425,0.3648301362991333,0.3648301362991333,0.0081884978028204,0.069326177239418,1609,400,400,400,1.0,3.992393638085901e-05,14.188021659851074,379.21477080534186,5.938102722167969,0.2081455886363983,0.78402179479599,14.702520370483398,11.43805700455312,11.43805700455312,0.0181976351886987,400,400,400
8_b0,0.043940053986412,0.0372653009323403,0.0865450873970985,-0.0264198848931118,0.6850921787938803,0.9373692362870372,-0.0184751449459466,0.947679503114043,0.9532529173796369,0.07526797786193373,-0.000465994584,0.0175630022,0.0525,8,0,fixed_config,100,data/Z_true.pt,0.0045679928734898,0.3926098048686981,0.3926098048686981,0.0101286853191737,0.0607101060450077,1606,400,400,400,1.0,3.55391297262031e-05,17.747642517089844,381.41579089359817,5.94389009475708,0.1856312751770019,0.7820265293121338,14.819032669067385,10.00359671646046,10.00359671646046,0.0185564532876014,400,400,400
8_b1,0.0128332218005385,0.0107311926403781,0.031045377254486,0.002911077729077,0.9740325165773602,1.1121787287840672,-0.0111667150033509,0.9637479837573,0.9711558040732999,0.06274845449161182,-0.00076276937,0.0140127018,0.025,8,1,fixed_config,100,data/Z_true.pt,0.0028579630888998,0.3654648065567016,0.3654648065567016,0.0101286853191737,0.0607101060450077,1606,400,400,400,1.0,3.55391297262031e-05,17.747642517089844,381.41579089359817,5.94389009475708,0.1856312751770019,0.7820265293121338,14.819032669067385,10.00359671646046,10.00359671646046,0.0185564532876014,400,400,400
8_b2,0.0151222071439194,0.0123472415236756,0.0321452319622039,0.0078837945917621,0.9765119071331964,1.1545501385164891,-0.0123468329506916,1.0136327880733,1.0209170940727001,0.06864610694181543,-0.00105206273,0.0165184215,0.0175,8,2,fixed_config,100,data/Z_true.pt,0.0022748159244656,0.3644429445266723,0.3644429445266723,0.0101286853191737,0.0607101060450077,1606,400,400,400,1.0,3.55391297262031e-05,17.747642517089844,381.41579089359817,5.94389009475708,0.1856312751770019,0.7820265293121338,14.819032669067385,10.00359671646046,10.00359671646046,0.0185564532876014,400,400,400
8_b3,0.0149231737374204,0.0119732922755065,0.0355476588010787,0.0054461136672762,0.9681287383096336,1.153245335708888,-0.0143846565235396,0.9967524833537699,0.9998339410430299,0.0663423424047158,-0.000796325738,0.0166310687,0.0125,8,3,fixed_config,100,data/Z_true.pt,0.0035261302255094,0.3661297261714935,0.3661297261714935,0.0101286853191737,0.0607101060450077,1606,400,400,400,1.0,3.55391297262031e-05,17.747642517089844,381.41579089359817,5.94389009475708,0.1856312751770019,0.7820265293121338,14.819032669067385,10.00359671646046,10.00359671646046,0.0185564532876014,400,400,400
8_b4,0.0398810513267322,0.0342220070102484,0.079031191766262,-0.0162795178993837,0.7396652592393724,1.1517069329794734,-0.0356838406799664,1.00050755088866,1.0047849140138,0.07930854101444987,-0.000439104158,0.0175251774,0.04,8,4,support_safe_target_policy_draw,100,data/Z_true.pt,0.0051547400653362,0.3938220143318176,0.3938220143318176,0.0101286853191737,0.0607101060450077,1606,400,400,400,1.0,3.55391297262031e-05,17.747642517089844,381.41579089359817,5.94389009475708,0.1856312751770019,0.7820265293121338,14.819032669067385,10.00359671646046,10.00359671646046,0.0185564532876014,400,400,400
8_b5,0.0469256874080869,0.0396351818728726,0.0903595611453056,-0.035199143042555,0.7723327531423776,0.865840763144353,-0.0180822668115105,0.8307354894893,0.8307354894893,0.05959492401686286,4.47209459e-05,0.0120132435,0.0,8,5,support_safe_target_policy_draw,100,data/Z_true.pt,0.0125615689903497,0.3907452225685119,0.3907452225685119,0.0101286853191737,0.0607101060450077,1606,400,400,400,1.0,3.55391297262031e-05,17.747642517089844,381.41579089359817,5.94389009475708,0.1856312751770019,0.7820265293121338,14.819032669067385,10.00359671646046,10.00359671646046,0.0185564532876014,400,400,400
8_b6,0.0256615567730769,0.0213345001684501,0.0576729625463485,-0.0019798250589519,0.8692586141358365,1.1487857124049865,-0.0205840282463795,1.018860183915398,1.042672906665838,0.08640547605611686,-0.00116739818,0.0267729685,0.075,8,6,support_safe_target_policy_draw,100,data/Z_true.pt,0.0098034041002392,0.3800591826438904,0.3800591826438904,0.0101286853191737,0.0607101060450077,1606,400,400,400,1.0,3.55391297262031e-05,17.747642517089844,381.41579089359817,5.94389009475708,0.1856312751770019,0.7820265293121338,14.819032669067385,10.00359671646046,10.00359671646046,0.0185564532876014,400,400,400
8_b7,0.0210793463245463,0.0177834431361407,0.0450817719101905,0.0022103662602603,0.9155225032151508,1.1586429308247683,-0.0183734098488023,0.9819912485792001,0.9918354547428799,0.07094627693766623,-0.00113066682,0.0193863884,0.0375,8,7,support_safe_target_policy_draw,100,data/Z_true.pt,0.0107482830062508,0.371294617652893,0.371294617652893,0.0101286853191737,0.0607101060450077,1606,400,400,400,1.0,3.55391297262031e-05,17.747642517089844,381.41579089359817,5.94389009475708,0.1856312751770019,0.7820265293121338,14.819032669067385,10.00359671646046,10.00359671646046,0.0185564532876014,400,400,400
8_b8,0.0117045038654461,0.0091946691193152,0.0280044376850128,-0.0069483473093714,0.9863164870438414,0.8727216162230287,0.0094012959389047,0.9968736164525098,0.9984434685677099,0.07585336197127032,-0.000326241832,0.0152872279,0.0125,8,8,support_safe_target_policy_draw,100,data/Z_true.pt,0.0045769712887704,0.3645786941051483,0.3645786941051483,0.0101286853191737,0.0607101060450077,1606,400,400,400,1.0,3.55391297262031e-05,17.747642517089844,381.41579089359817,5.94389009475708,0.1856312751770019,0.7820265293121338,14.819032669067385,10.00359671646046,10.00359671646046,0.0185564532876014,400,400,400
8_b9,0.0214105164698948,0.0180096752697136,0.0460293143987655,0.0069223094696644,0.9446476849844676,1.2231123962438766,-0.0217457071539,1.01217332903659,1.1089033384947902,0.09982417621951906,-0.00256521069,0.0347011685,0.1525,8,9,support_safe_target_policy_draw,100,data/Z_true.pt,0.0148518830537796,0.3701640367507934,0.3701640367507934,0.0101286853191737,0.0607101060450077,1606,400,400,400,1.0,3.55391297262031e-05,17.747642517089844,381.41579089359817,5.94389009475708,0.1856312751770019,0.7820265293121338,14.819032669067385,10.00359671646046,10.00359671646046,0.0185564532876014,400,400,400
9_b0,0.0427253049027886,0.0358762761545949,0.0864342153072357,-0.0274700153214507,0.7222057311169342,0.9153629127348728,-0.0167337635444699,0.91393663025261,0.9272118092771899,0.07442562011914026,-0.000762633514,0.015948426,0.075,9,0,fixed_config,100,data/Z_true.pt,0.0061943153850734,0.3879843056201935,0.3879843056201935,0.0091774282378109,0.0158287677913904,1608,400,400,400,1.0,5.089431962801427e-05,9.106471061706545,377.2129302425414,5.932809829711914,0.2655052840709686,0.8012134432792664,14.7974214553833,14.399011499041258,14.399011499041258,0.018439132720232,400,400,400
9_b1,0.0158303119581098,0.0127689301717327,0.0356538444757461,0.0120633095473749,0.9969792733416586,1.1994273845121295,-0.012963693475062,1.0034644835835,1.0066628612549,0.05997803818341051,-0.000470385829,0.0117159346,0.0225,9,1,fixed_config,100,data/Z_true.pt,0.0048592654056847,0.3646273016929626,0.3646273016929626,0.0091774282378109,0.0158287677913904,1608,400,400,400,1.0,5.089431962801427e-05,9.106471061706545,377.2129302425414,5.932809829711914,0.2655052840709686,0.8012134432792664,14.7974214553833,14.399011499041258,14.399011499041258,0.018439132720232,400,400,400
9_b2,0.0153921204825373,0.0131208878650795,0.0308185964822769,0.0117606399662327,0.9935295741265144,1.175170331445741,-0.0111691727533389,1.02868135381601,1.04136294490159,0.06613479708371577,-0.0013991351,0.0136648156,0.0325,9,2,fixed_config,100,data/Z_true.pt,0.0028854261618107,0.3633916974067688,0.3633916974067688,0.0091774282378109,0.0158287677913904,1608,400,400,400,1.0,5.089431962801427e-05,9.106471061706545,377.2129302425414,5.932809829711914,0.2655052840709686,0.8012134432792664,14.7974214553833,14.399011499041258,14.399011499041258,0.018439132720232,400,400,400
9_b3,0.0162906887174052,0.0128304169490002,0.0370965301990509,0.0116037857555784,0.9918677024873094,1.2133136619410745,-0.0160001487390456,1.00224169018154,1.01423486961566,0.06294490575551513,-0.00140676787,0.0138136195,0.03,9,3,fixed_config,100,data/Z_true.pt,0.0051329187117516,0.3652504086494446,0.3652504086494446,0.0091774282378109,0.0158287677913904,1608,400,400,400,1.0,5.089431962801427e-05,9.106471061706545,377.2129302425414,5.932809829711914,0.2655052840709686,0.8012134432792664,14.7974214553833,14.399011499041258,14.399011499041258,0.018439132720232,400,400,400
9_b4,0.0395993031618795,0.0337467998164356,0.0802337452769279,-0.0178100343924597,0.7490084001879223,1.1254096342060798,-0.0338507582680049,0.9905517916444699,1.00168261609681,0.07945898202049527,-0.000700642238,0.0176251568,0.0575,9,4,support_safe_target_policy_draw,100,data/Z_true.pt,0.0036502676084637,0.3914521634578705,0.3914521634578705,0.0091774282378109,0.0158287677913904,1608,400,400,400,1.0,5.089431962801427e-05,9.106471061706545,377.2129302425414,5.932809829711914,0.2655052840709686,0.8012134432792664,14.7974214553833,14.399011499041258,14.399011499041258,0.018439132720232,400,400,400
9_b5,0.0615915965115351,0.0554286341101396,0.1020308434963226,-0.0552131841250229,0.8785932683828743,0.5312377362909683,0.0045944432717037,0.72821608574847,0.77210980719909,0.06796147499340999,-0.00128298358,0.0157292988,0.2125,9,5,support_safe_target_policy_draw,100,data/Z_true.pt,0.0118684070184826,0.3933297395706177,0.3933297395706177,0.0091774282378109,0.0158287677913904,1608,400,400,400,1.0,5.089431962801427e-05,9.106471061706545,377.2129302425414,5.932809829711914,0.2655052840709686,0.8012134432792664,14.7974214553833,14.399011499041258,14.399011499041258,0.018439132720232,400,400,400
9_b6,0.0270372067063984,0.0224513725936412,0.0590731501579284,-0.0081793953804299,0.8473697123641127,1.0376682222463018,-0.0128894394367562,1.0646295506852301,1.12348845290423,0.09225673193133818,-0.00161177083,0.0222059358,0.1275,9,6,support_safe_target_policy_draw,100,data/Z_true.pt,0.0083947628736495,0.3803788423538208,0.3803788423538208,0.0091774282378109,0.0158287677913904,1608,400,400,400,1.0,5.089431962801427e-05,9.106471061706545,377.2129302425414,5.932809829711914,0.2655052840709686,0.8012134432792664,14.7974214553833,14.399011499041258,14.399011499041258,0.018439132720232,400,400,400
9_b7,0.0213927957527691,0.0174485809961333,0.0471469014883041,0.0087641530157998,0.9481483345727252,1.2534193702819632,-0.0241167799855285,0.96882873804488,1.01275086026508,0.0660731037143976,-0.00228970405,0.013795604,0.08,9,7,support_safe_target_policy_draw,100,data/Z_true.pt,0.0108464201912283,0.3703849613666534,0.3703849613666534,0.0091774282378109,0.0158287677913904,1608,400,400,400,1.0,5.089431962801427e-05,9.106471061706545,377.2129302425414,5.932809829711914,0.2655052840709686,0.8012134432792664,14.7974214553833,14.399011499041258,14.399011499041258,0.018439132720232,400,400,400
9_b8,0.0075298265400255,0.0064530295971781,0.0162201076745986,0.0048472519451752,0.9925460796807886,0.9889023221818376,0.0062728127342657,1.0967279696999999,1.097043923678,0.07656775855243143,-0.000157976989,0.0147215575,0.0025,9,8,support_safe_target_policy_draw,100,data/Z_true.pt,0.0060277944430708,0.3634923696517944,0.3634923696517944,0.0091774282378109,0.0158287677913904,1608,400,400,400,1.0,5.089431962801427e-05,9.106471061706545,377.2129302425414,5.932809829711914,0.2655052840709686,0.8012134432792664,14.7974214553833,14.399011499041258,14.399011499041258,0.018439132720232,400,400,400
9_b9,0.0269889367391871,0.0227802667283685,0.0564537197351455,0.002819690304459,0.8849378745256187,1.2211847584694726,-0.0256006415078123,1.029155049106786,1.089341200371614,0.08090313160296031,-0.00161437306,0.0203200728,0.1275,9,9,support_safe_target_policy_draw,100,data/Z_true.pt,0.0087421480566263,0.3752923905849457,0.3752923905849457,0.0091774282378109,0.0158287677913904,1608,400,400,400,1.0,5.089431962801427e-05,9.106471061706545,377.2129302425414,5.932809829711914,0.2655052840709686,0.8012134432792664,14.7974214553833,14.399011499041258,14.399011499041258,0.018439132720232,400,400,400
