7.00545439e-04,7.56825204e-04,8.16539046e-04,8.79785046e-04,9.46652202e-04,1.01722160e-03,1.09156081e-03,1.16972823e-03,1.25176809e-03,1.33771007e-03,1.42757117e-03,1.52134849e-03,1.61902676e-03,1.72056968e-03,1.82592229e-03,1.93501369e-03,2.04775133e-03,2.16402090e-03,2.28369306e-03,2.40661390e-03,2.53261440e-03,2.66149850e-03,2.79305736e-03,2.92706350e-03,3.06326454e-03,3.20139830e-03,3.34118120e-03,3.48231592e-03,3.62449163e-03,3.76738235e-03,3.91064817e-03,4.05393960e-03,4.19689761e-03,4.33914922e-03,4.48031630e-03,4.62001236e-03,4.75784484e-03,4.89341049e-03,5.02630230e-03,5.15611097e-03,5.28241787e-03,5.40480157e-03,5.52284438e-03,5.63611602e-03,5.74419042e-03,5.84664242e-03,5.94304595e-03,6.03298191e-03,6.11603307e-03,6.19179476e-03,6.25987537e-03,6.31989259e-03,6.37149066e-03,6.41433382e-03,6.44811708e-03,6.47256477e-03,6.48744404e-03,6.49255887e-03,6.48776582e-03,6.47296617e-03,6.44812034e-03,6.41324278e-03,6.36841310e-03,6.31376728e-03,6.24949578e-03,6.17586216e-03,6.09318027e-03,6.00182125e-03,5.90220839e-03,5.79480827e-03,5.68013592e-03,5.55873709e-03,5.43119013e-03,5.29809110e-03,5.16006071e-03,5.01772203e-03,4.87170415e-03,4.72263061e-03,4.57112258e-03,4.41777753e-03,4.26318729e-03,4.10790741e-03,3.95247852e-03,3.79741052e-03,3.64317931e-03,3.49023286e-03,3.33898677e-03,3.18981893e-03,3.04308161e-03,2.89908517e-03,2.75811437e-03,2.62041972e-03,2.48622010e-03,2.35570688e-03,2.22904189e-03,2.10636063e-03,1.98777136e-03,1.87335955e-03,1.76318747e-03,1.65729458e-03,1.55570311e-03,1.45841436e-03,1.36541226e-03,1.27666432e-03,1.19212398e-03,1.11173128e-03,1.03541487e-03,9.63089871e-04,8.94663273e-04,8.30033561e-04,7.69091130e-04,7.11718923e-04,6.57797325e-04,6.07200142e-04,5.59797743e-04,5.15459804e-04,4.74052300e-04,4.35442867e-04,3.99496901e-04,3.66081716e-04
7.68941944e-04,8.31022218e-04,8.96910846e-04,9.66717955e-04,1.04054250e-03,1.11847301e-03,1.20058667e-03,1.28694670e-03,1.37760211e-03,1.47258630e-03,1.57191569e-03,1.67558505e-03,1.78357749e-03,1.89584936e-03,2.01233616e-03,2.13295803e-03,2.25760834e-03,2.38615600e-03,2.51845364e-03,2.65432592e-03,2.79357843e-03,2.93599209e-03,3.08132707e-03,3.22932680e-03,3.37970513e-03,3.53216426e-03,3.68638663e-03,3.84203531e-03,3.99876060e-03,4.15619742e-03,4.31396300e-03,4.47166851e-03,4.62891161e-03,4.78527835e-03,4.94034821e-03,5.09369327e-03,5.24488138e-03,5.39346598e-03,5.53900329e-03,5.68104116e-03,5.81912510e-03,5.95279643e-03,6.08159788e-03,6.20506471e-03,6.32273871e-03,6.43415470e-03,6.53885677e-03,6.63639046e-03,6.72631059e-03,6.80817571e-03,6.88156905e-03,6.94607990e-03,7.00132316e-03,7.04694353e-03,7.08260853e-03,7.10802525e-03,7.12294551e-03,7.12716207e-03,7.12052220e-03,7.10292533e-03,7.07433280e-03,7.03476742e-03,6.98431907e-03,6.92314655e-03,6.85146451e-03,6.76956587e-03,6.67779893e-03,6.57657906e-03,6.46637287e-03,6.34769863e-03,6.22112583e-03,6.08725334e-03,5.94672142e-03,5.80018293e-03,5.64831961e-03,5.49181597e-03,5.33136027e-03,5.16763516e-03,5.00131585e-03,4.83305566e-03,4.66349535e-03,4.49324492e-03,4.32288740e-03,4.15297691e-03,3.98402615e-03,3.81652336e-03,3.65091627e-03,3.48761259e-03,3.32699320e-03,3.16939317e-03,3.01511958e-03,2.86444183e-03,2.71759718e-03,2.57479376e-03,2.43620318e-03,2.30197329e-03,2.17222213e-03,2.04704097e-03,1.92649837e-03,1.81063812e-03,1.69948302e-03,1.59303623e-03,1.49127841e-03,1.39417709e-03,1.30168139e-03,1.21372624e-03,1.13023433e-03,1.05111231e-03,9.76261334e-04,9.05569177e-04,8.38915410e-04,7.76175060e-04,7.17214367e-04,6.61896542e-04,6.10080198e-04,5.61621622e-04,5.16374595e-04,4.74192580e-04,4.34929592e-04,3.98439210e-04
8.42927722e-04,9.11316951e-04,9.83924838e-04,1.06087408e-03,1.14227273e-03,1.22822274e-03,1.31880632e-03,1.41409622e-03,1.51414413e-03,1.61898555e-03,1.72863877e-03,1.84309739e-03,1.96233811e-03,2.08631204e-03,2.21494446e-03,2.34814268e-03,2.48578424e-03,2.62772013e-03,2.77378294e-03,2.92377151e-03,3.07746604e-03,3.23461671e-03,3.39495321e-03,3.55818262e-03,3.72398179e-03,3.89201567e-03,4.06192336e-03,4.23332676e-03,4.40583425e-03,4.57903370e-03,4.75249579e-03,4.92578791e-03,5.09845978e-03,5.27005084e-03,5.44009730e-03,5.60812280e-03,5.77364769e-03,5.93619095e-03,6.09525619e-03,6.25035306e-03,6.40098518e-03,6.54665567e-03,6.68686815e-03,6.82111736e-03,6.94891252e-03,7.06975255e-03,7.18314340e-03,7.28860218e-03,7.38564739e-03,7.47381104e-03,7.55264191e-03,7.62170181e-03,7.68058421e-03,7.72890449e-03,7.76631059e-03,7.79249007e-03,7.80718168e-03,7.81016517e-03,7.80128129e-03,7.78042851e-03,7.74757145e-03,7.70274224e-03,7.64604751e-03,7.57766329e-03,7.49783497e-03,7.40688853e-03,7.30521278e-03,7.19326781e-03,7.07156537e-03,6.94068335e-03,6.80124480e-03,6.65391237e-03,6.49938500e-03,6.33837981e-03,6.17164560e-03,5.99992927e-03,5.82397869e-03,5.64454170e-03,5.46234986e-03,5.27811563e-03,5.09253470e-03,4.90626367e-03,4.71993722e-03,4.53415234e-03,4.34946269e-03,4.16639540e-03,3.98543198e-03,3.80701316e-03,3.63154733e-03,3.45939584e-03,3.29089048e-03,3.12631973e-03,2.96593970e-03,2.80997413e-03,2.65860953e-03,2.51200516e-03,2.37028860e-03,2.23355996e-03,2.10189330e-03,1.97533611e-03,1.85391493e-03,1.73763337e-03,1.62647257e-03,1.52039644e-03,1.41935225e-03,1.32326863e-03,1.23206223e-03,1.14563387e-03,1.06387318e-03,9.86660947e-04,9.13866155e-04,8.45350500e-04,7.80971081e-04,7.20576441e-04,6.64012914e-04,6.11123221e-04,5.61747293e-04,5.15725522e-04,4.72897023e-04,4.33101726e-04
9.22815409e-04,9.98056144e-04,1.07796281e-03,1.16267195e-03,1.25230546e-03,1.34697335e-03,1.44677050e-03,1.55177305e-03,1.66204106e-03,1.77761214e-03,1.89850293e-03,2.02470762e-03,2.15619570e-03,2.29290896e-03,2.43476639e-03,2.58165668e-03,2.73344014e-03,2.88995099e-03,3.05099390e-03,3.21634207e-03,3.38574406e-03,3.55891930e-03,3.73555860e-03,3.91532900e-03,4.09787195e-03,4.28280374e-03,4.46971832e-03,4.65819100e-03,4.84777987e-03,5.03802020e-03,5.22843748e-03,5.41854464e-03,5.60784014e-03,5.79581363e-03,5.98194869e-03,6.16572192e-03,6.34659920e-03,6.52405294e-03,6.69754623e-03,6.86653750e-03,7.03049498e-03,7.18887057e-03,7.34113064e-03,7.48673314e-03,7.62514817e-03,7.75583740e-03,7.87827466e-03,7.99194165e-03,8.09632521e-03,8.19092523e-03,8.27526394e-03,8.34887754e-03,8.41132645e-03,8.46220925e-03,8.50115251e-03,8.52782466e-03,8.54195002e-03,8.54330137e-03,8.53171386e-03,8.50708317e-03,8.46938323e-03,8.41865316e-03,8.35502055e-03,8.27868842e-03,8.18992592e-03,8.08910094e-03,7.97664188e-03,7.85306003e-03,7.71891931e-03,7.57485535e-03,7.42155313e-03,7.25973910e-03,7.09017599e-03,6.91365683e-03,6.73098722e-03,6.54298672e-03,6.35046884e-03,6.15424197e-03,5.95510378e-03,5.75382309e-03,5.55115286e-03,5.34780091e-03,5.14445361e-03,4.94174520e-03,4.74028615e-03,4.54063388e-03,4.34330292e-03,4.14877618e-03,3.95748252e-03,3.76981497e-03,3.58612766e-03,3.40673281e-03,3.23190680e-03,3.06188525e-03,2.89687491e-03,2.73704529e-03,2.58253468e-03,2.43345462e-03,2.28988449e-03,2.15187739e-03,2.01946218e-03,1.89264398e-03,1.77140522e-03,1.65570877e-03,1.54549757e-03,1.44069525e-03,1.34121301e-03,1.24694256e-03,1.15776819e-03,1.07355753e-03,9.94169735e-04,9.19456419e-04,8.49258853e-04,7.83414871e-04,7.21755670e-04,6.64110295e-04,6.10303658e-04,5.60161483e-04,5.13507810e-04,4.70167462e-04
1.00892212e-03,1.09158782e-03,1.17940817e-03,1.27253472e-03,1.37110252e-03,1.47523440e-03,1.58503233e-03,1.70058489e-03,1.82195345e-03,1.94917968e-03,2.08228244e-03,2.22124904e-03,2.36604689e-03,2.51660845e-03,2.67283642e-03,2.83460668e-03,3.00176069e-03,3.17410380e-03,3.35141923e-03,3.53344716e-03,3.71990446e-03,3.91046889e-03,4.10479354e-03,4.30250308e-03,4.50318633e-03,4.70641488e-03,4.91173100e-03,5.11865318e-03,5.32669062e-03,5.53532084e-03,5.74401021e-03,5.95221482e-03,6.15937915e-03,6.36493228e-03,6.56830333e-03,6.76891534e-03,6.96618436e-03,7.15952786e-03,7.34835444e-03,7.53208157e-03,7.71012437e-03,7.88189471e-03,8.04681983e-03,8.20431579e-03,8.35381076e-03,8.49473476e-03,8.62652436e-03,8.74863006e-03,8.86050425e-03,8.96162167e-03,9.05147288e-03,9.12956707e-03,9.19544324e-03,9.24868044e-03,9.28888004e-03,9.31569934e-03,9.32885054e-03,9.32809711e-03,9.31327045e-03,9.28427186e-03,9.24107991e-03,9.18374956e-03,9.11242981e-03,9.02734883e-03,8.92881118e-03,8.81722476e-03,8.69306363e-03,8.55689216e-03,8.40933342e-03,8.25107936e-03,8.08288809e-03,7.90554658e-03,7.71989347e-03,7.52678327e-03,7.32710212e-03,7.12173432e-03,6.91156462e-03,6.69746613e-03,6.48030033e-03,6.26089517e-03,6.04006369e-03,5.81856538e-03,5.59713645e-03,5.37646655e-03,5.15719550e-03,4.93992772e-03,4.72521968e-03,4.51357523e-03,4.30546654e-03,4.10130667e-03,3.90147814e-03,3.70631344e-03,3.51611013e-03,3.33112525e-03,3.15157766e-03,2.97765294e-03,2.80950218e-03,2.64724344e-03,2.49096588e-03,2.34072958e-03,2.19656806e-03,2.05848948e-03,1.92647590e-03,1.80048845e-03,1.68046693e-03,1.56633288e-03,1.45799061e-03,1.35532487e-03,1.25820865e-03,1.16650201e-03,1.08005258e-03,9.98697942e-04,9.22268431e-04,8.50585988e-04,7.83467840e-04,7.20727781e-04,6.62175356e-04,6.07619935e-04,5.56869782e-04,5.09733916e-04
1.10155728e-03,1.19225611e-03,1.28864171e-03,1.39088079e-03,1.49912445e-03,1.61350716e-03,1.73414464e-03,1.86113012e-03,1.99453346e-03,2.13439995e-03,2.28074379e-03,2.43355613e-03,2.59279157e-03,2.75837327e-03,2.93019228e-03,3.10810306e-03,3.29192402e-03,3.48144071e-03,3.67639819e-03,3.87650635e-03,4.08144016e-03,4.29084105e-03,4.50431183e-03,4.72142594e-03,4.94172657e-03,5.16472617e-03,5.38991019e-03,5.61673846e-03,5.84465591e-03,6.07307907e-03,6.30141050e-03,6.52904715e-03,6.75536506e-03,6.97973743e-03,7.20152725e-03,7.42009794e-03,7.63480598e-03,7.84501061e-03,8.05008039e-03,8.24936759e-03,8.44224729e-03,8.62808246e-03,8.80625285e-03,8.97613913e-03,9.13712941e-03,9.28861648e-03,9.43000335e-03,9.56070889e-03,9.68015660e-03,9.78779048e-03,9.88307688e-03,9.96550173e-03,1.00345816e-02,1.00898724e-02,1.01309633e-02,1.01574995e-02,1.01691810e-02,1.01657659e-02,1.01470891e-02,1.01130540e-02,1.00636482e-02,9.99894645e-03,9.91912559e-03,9.82443895e-03,9.71523020e-03,9.59195010e-03,9.45512578e-03,9.30537563e-03,9.14338417e-03,8.96991137e-03,8.78577586e-03,8.59184656e-03,8.38902500e-03,8.17825459e-03,7.96048064e-03,7.73666380e-03,7.50776008e-03,7.27471197e-03,7.03844335e-03,6.79984596e-03,6.55979104e-03,6.31909212e-03,6.07853895e-03,5.83885983e-03,5.60074858e-03,5.36484970e-03,5.13174571e-03,4.90198983e-03,4.67607146e-03,4.45444090e-03,4.23750421e-03,4.02561901e-03,3.81910289e-03,3.61823104e-03,3.42324306e-03,3.23433662e-03,3.05167749e-03,2.87539582e-03,2.70559220e-03,2.54233065e-03,2.38565053e-03,2.23556370e-03,2.09205388e-03,1.95508427e-03,1.82459154e-03,1.70049199e-03,1.58268516e-03,1.47104671e-03,1.36544427e-03,1.26572547e-03,1.17172534e-03,1.08327135e-03,1.00017735e-03,9.22252366e-04,8.49297619e-04,7.81110779e-04,7.17484334e-04,6.58211764e-04,6.03083754e-04,5.51891862e-04
1.20102696e-03,1.30039954e-03,1.40603562e-03,1.51812145e-03,1.63682515e-03,1.76229270e-03,1.89465308e-03,2.03400780e-03,2.18043337e-03,2.33397726e-03,2.49465834e-03,2.66245590e-03,2.83732219e-03,3.01916897e-03,3.20786471e-03,3.40324920e-03,3.60511662e-03,3.81321390e-03,4.02726233e-03,4.24692826e-03,4.47184639e-03,4.70160507e-03,4.93575959e-03,5.17383404e-03,5.41530037e-03,5.65961795e-03,5.90620376e-03,6.15445618e-03,6.40374795e-03,6.65342808e-03,6.90282835e-03,7.15127541e-03,7.39807589e-03,7.64252990e-03,7.88393896e-03,8.12159758e-03,8.35480541e-03,8.58286023e-03,8.80505983e-03,9.02071875e-03,9.22915153e-03,9.42967553e-03,9.62162856e-03,9.80434753e-03,9.97718144e-03,1.01394905e-02,1.02906432e-02,1.04300277e-02,1.05570406e-02,1.06711006e-02,1.07716499e-02,1.08581558e-02,1.09301126e-02,1.09870629e-02,1.10285813e-02,1.10543072e-02,1.10639278e-02,1.10572046e-02,1.10339727e-02,1.09941484e-02,1.09377289e-02,1.08648203e-02,1.07756127e-02,1.06704021e-02,1.05495723e-02,1.04136206e-02,1.02631301e-02,1.00987777e-02,9.92131326e-03,9.73156467e-03,9.53042880e-03,9.31884069e-03,9.09778848e-03,8.86827521e-03,8.63133557e-03,8.38800333e-03,8.13930202e-03,7.88624305e-03,7.62981968e-03,7.37098418e-03,7.11066462e-03,6.84973272e-03,6.58902619e-03,6.32932642e-03,6.07136358e-03,5.81582217e-03,5.56333503e-03,5.31446934e-03,5.06976666e-03,4.82969359e-03,4.59468737e-03,4.36512846e-03,4.14135866e-03,3.92367691e-03,3.71233630e-03,3.50755500e-03,3.30951205e-03,3.11835110e-03,2.93418206e-03,2.75707943e-03,2.58709118e-03,2.42423313e-03,2.26849108e-03,2.11982778e-03,1.97818037e-03,1.84346165e-03,1.71556522e-03,1.59436220e-03,1.47970917e-03,1.37144362e-03,1.26938929e-03,1.17336004e-03,1.08315563e-03,9.98569769e-04,9.19387268e-04,8.45388684e-04,7.76349800e-04,7.12044071e-04,6.52245886e-04,5.96728351e-04
1.30762719e-03,1.41634594e-03,1.53195509e-03,1.65466010e-03,1.78464502e-03,1.92207529e-03,2.06708815e-03,2.21979897e-03,2.38028774e-03,2.54860870e-03,2.72477488e-03,2.90876580e-03,3.10052163e-03,3.29993945e-03,3.50687373e-03,3.72113800e-03,3.94249754e-03,4.17066924e-03,4.40533226e-03,4.64611268e-03,4.89259232e-03,5.14431344e-03,5.40076848e-03,5.66141866e-03,5.92567958e-03,6.19293144e-03,6.46252651e-03,6.73378352e-03,7.00600073e-03,7.27845030e-03,7.55039230e-03,7.82106444e-03,8.08970258e-03,8.35553184e-03,8.61778297e-03,8.87566991e-03,9.12842993e-03,9.37529095e-03,9.61549673e-03,9.84830130e-03,1.00729614e-02,1.02887545e-02,1.04949633e-02,1.06908856e-02,1.08758351e-02,1.10491356e-02,1.12101352e-02,1.13581754e-02,1.14926444e-02,1.16129341e-02,1.17184632e-02,1.18086832e-02,1.18830809e-02,1.19411806e-02,1.19825527e-02,1.20068248e-02,1.20136905e-02,1.20029086e-02,1.19743226e-02,1.19278645e-02,1.18635520e-02,1.17815109e-02,1.16819665e-02,1.15652485e-02,1.14317965e-02,1.12821525e-02,1.11169619e-02,1.09369550e-02,1.07429633e-02,1.05358791e-02,1.03166746e-02,1.00863660e-02,9.84601397e-03,9.59671196e-03,9.33956075e-03,9.07566585e-03,8.80613457e-03,8.53204075e-03,8.25444702e-03,7.97436666e-03,7.69278035e-03,7.41062360e-03,7.12877605e-03,6.84806891e-03,6.56927889e-03,6.29312592e-03,6.02027727e-03,5.75134670e-03,5.48689393e-03,5.22742420e-03,4.97339945e-03,4.72522667e-03,4.48327418e-03,4.24785586e-03,4.01925296e-03,3.79769900e-03,3.58338980e-03,3.37648345e-03,3.17710452e-03,2.98533682e-03,2.80123670e-03,2.62482697e-03,2.45609856e-03,2.29501538e-03,2.14151549e-03,1.99550809e-03,1.85688306e-03,1.72550383e-03,1.60122011e-03,1.48385810e-03,1.37322990e-03,1.26913586e-03,1.17136037e-03,1.07968214e-03,9.93867754e-04,9.13681171e-04,8.38878506e-04,7.69214937e-04,7.04445702e-04,6.44323707e-04
1.42163993e-03,1.54040998e-03,1.66674808e-03,1.80088205e-03,1.94301340e-03,2.09332607e-03,2.25196965e-03,2.41907150e-03,2.59471778e-03,2.77896505e-03,2.97182752e-03,3.17327748e-03,3.38324532e-03,3.60161276e-03,3.82821262e-03,4.06283326e-03,4.30520717e-03,4.55501629e-03,4.81189461e-03,5.07541839e-03,5.34511963e-03,5.62047772e-03,5.90092316e-03,6.18584827e-03,6.47459319e-03,6.76646410e-03,7.06073176e-03,7.35663250e-03,7.65338354e-03,7.95016438e-03,8.24615546e-03,8.54050461e-03,8.83236341e-03,9.12087318e-03,9.40518454e-03,9.68443602e-03,9.95778758e-03,1.02243992e-02,1.04834456e-02,1.07341232e-02,1.09756319e-02,1.12072006e-02,1.14280647e-02,1.16374781e-02,1.18347201e-02,1.20190894e-02,1.21898884e-02,1.23464558e-02,1.24881472e-02,1.26143387e-02,1.27244378e-02,1.28178839e-02,1.28941489e-02,1.29527599e-02,1.29932771e-02,1.30153373e-02,1.30186304e-02,1.30029256e-02,1.29680857e-02,1.29140504e-02,1.28408698e-02,1.27486940e-02,1.26377912e-02,1.25085311e-02,1.23614008e-02,1.21970018e-02,1.20160384e-02,1.18193151e-02,1.16077242e-02,1.13822445e-02,1.11439181e-02,1.08938441e-02,1.06331669e-02,1.03630498e-02,1.00846775e-02,9.79922991e-03,9.50788148e-03,9.21178237e-03,8.91205668e-03,8.60977732e-03,8.30597989e-03,8.00165720e-03,7.69773405e-03,7.39508960e-03,7.09453970e-03,6.79684710e-03,6.50271354e-03,6.21278817e-03,5.92766097e-03,5.64786931e-03,5.37390308e-03,5.10619627e-03,4.84514097e-03,4.59107803e-03,4.34430875e-03,4.10508830e-03,3.87363113e-03,3.65011301e-03,3.43467318e-03,3.22740735e-03,3.02838371e-03,2.83763325e-03,2.65515386e-03,2.48091179e-03,2.31484696e-03,2.15686718e-03,2.00685882e-03,1.86467904e-03,1.73017068e-03,1.60314888e-03,1.48341351e-03,1.37075188e-03,1.26493291e-03,1.16571854e-03,1.07285788e-03,9.86095751e-04,9.05169174e-04,8.29813245e-04,7.59762595e-04,6.94750226e-04
1.54332968e-03,1.67288643e-03,1.81074324e-03,1.95715111e-03,2.11233273e-03,2.27648905e-03,2.44978606e-03,2.63236230e-03,2.82430928e-03,3.02568940e-03,3.23651452e-03,3.45674925e-03,3.68631375e-03,3.92507203e-03,4.17283317e-03,4.42935573e-03,4.69433703e-03,4.96741664e-03,5.24818152e-03,5.53615484e-03,5.83080482e-03,6.13154843e-03,6.43774541e-03,6.74870750e-03,7.06369663e-03,7.38193281e-03,7.70259509e-03,8.02483317e-03,8.34776275e-03,8.67047906e-03,8.99205729e-03,9.31155588e-03,9.62802954e-03,9.94053297e-03,1.02481246e-02,1.05498573e-02,1.08448137e-02,1.11320745e-02,1.14107486e-02,1.16799679e-02,1.19388727e-02,1.21866427e-02,1.24224601e-02,1.26455510e-02,1.28551517e-02,1.30505301e-02,1.32309729e-02,1.33957956e-02,1.35443332e-02,1.36759635e-02,1.37900738e-02,1.38861034e-02,1.39635261e-02,1.40218632e-02,1.40606835e-02,1.40796304e-02,1.40784048e-02,1.40567934e-02,1.40146725e-02,1.39520168e-02,1.38688954e-02,1.37655055e-02,1.36421463e-02,1.34992441e-02,1.33373346e-02,1.31570864e-02,1.29592652e-02,1.27447415e-02,1.25144934e-02,1.22695696e-02,1.20110950e-02,1.17402496e-02,1.14582526e-02,1.11663556e-02,1.08658075e-02,1.05578732e-02,1.02437986e-02,9.92479362e-03,9.60204378e-03,9.27668717e-03,8.94980971e-03,8.62245262e-03,8.29559285e-03,7.97014777e-03,7.64697837e-03,7.32687768e-03,7.01059075e-03,6.69879327e-03,6.39211247e-03,6.09111506e-03,5.79631934e-03,5.50818909e-03,5.22714155e-03,4.95354366e-03,4.68772277e-03,4.42995317e-03,4.18047607e-03,3.93948425e-03,3.70713323e-03,3.48353595e-03,3.26877413e-03,3.06288828e-03,2.86588492e-03,2.67773634e-03,2.49838526e-03,2.32773833e-03,2.16568168e-03,2.01206631e-03,1.86672725e-03,1.72947079e-03,1.60008413e-03,1.47834118e-03,1.36399560e-03,1.25679153e-03,1.15645956e-03,1.06272602e-03,9.75306728e-04,8.93916353e-04,8.18267348e-04,7.48071237e-04
1.67294103e-03,1.81404897e-03,1.96424546e-03,2.12380732e-03,2.29298044e-03,2.47198180e-03,2.66099791e-03,2.86017568e-03,3.06961872e-03,3.28938826e-03,3.51949781e-03,3.75990057e-03,4.01050597e-03,4.27115941e-03,4.54163924e-03,4.82167397e-03,5.11092413e-03,5.40897762e-03,5.71537018e-03,6.02956349e-03,6.35096477e-03,6.67890953e-03,7.01267738e-03,7.35150836e-03,7.69455545e-03,8.04095436e-03,8.38978589e-03,8.74009449e-03,9.09089483e-03,9.44117922e-03,9.78990458e-03,1.01360399e-02,1.04785338e-02,1.08163338e-02,1.11483987e-02,1.14737041e-02,1.17912367e-02,1.21000009e-02,1.23990271e-02,1.26873748e-02,1.29641369e-02,1.32284211e-02,1.34793911e-02,1.37162181e-02,1.39381085e-02,1.41443089e-02,1.43340807e-02,1.45067312e-02,1.46615896e-02,1.47980228e-02,1.49154244e-02,1.50132366e-02,1.50909321e-02,1.51480511e-02,1.51841724e-02,1.51989544e-02,1.51921241e-02,1.51634850e-02,1.51129430e-02,1.50405047e-02,1.49462782e-02,1.48305008e-02,1.46935219e-02,1.45358182e-02,1.43579915e-02,1.41607644e-02,1.39449816e-02,1.37115866e-02,1.34616308e-02,1.31962467e-02,1.29166329e-02,1.26240570e-02,1.23198126e-02,1.20052341e-02,1.16816452e-02,1.13503793e-02,1.10127470e-02,1.06700268e-02,1.03234649e-02,9.97424219e-03,9.62351542e-03,9.27235093e-03,8.92178062e-03,8.57276469e-03,8.22618790e-03,7.88289309e-03,7.54365465e-03,7.20917713e-03,6.88012643e-03,6.55709486e-03,6.24063052e-03,5.93122980e-03,5.62933367e-03,5.33534586e-03,5.04961051e-03,4.77243541e-03,4.50408179e-03,4.24476387e-03,3.99465952e-03,3.75390262e-03,3.52258934e-03,3.30077438e-03,3.08847288e-03,2.88566551e-03,2.69229943e-03,2.50828499e-03,2.33350741e-03,2.16781255e-03,2.01102812e-03,1.86295272e-03,1.72336213e-03,1.59201608e-03,1.46865111e-03,1.35299587e-03,1.24476058e-03,1.14365201e-03,1.04936410e-03,9.61589802e-04,8.80018983e-04,8.04340292e-04
1.81069213e-03,1.96414161e-03,2.12752819e-03,2.30115582e-03,2.48529459e-03,2.68018246e-03,2.88602174e-03,3.10297450e-03,3.33115179e-03,3.57061811e-03,3.82138137e-03,4.08339268e-03,4.35654074e-03,4.64064535e-03,4.93546529e-03,5.24068763e-03,5.55592449e-03,5.88072091e-03,6.21454883e-03,6.55679964e-03,6.90680835e-03,7.26383040e-03,7.62705877e-03,7.99562689e-03,8.36860668e-03,8.74501839e-03,9.12383478e-03,9.50398389e-03,9.88437608e-03,1.02638714e-02,1.06413225e-02,1.10155819e-02,1.13854799e-02,1.17498636e-02,1.21075790e-02,1.24575039e-02,1.27985235e-02,1.31295659e-02,1.34495813e-02,1.37575567e-02,1.40525252e-02,1.43335406e-02,1.45997191e-02,1.48501992e-02,1.50841577e-02,1.53008243e-02,1.54994503e-02,1.56793315e-02,1.58398002e-02,1.59802232e-02,1.61000099e-02,1.61986127e-02,1.62755232e-02,1.63303036e-02,1.63625572e-02,1.63719635e-02,1.63582824e-02,1.63213518e-02,1.62611175e-02,1.61776207e-02,1.60710197e-02,1.59415938e-02,1.57897621e-02,1.56160453e-02,1.54211167e-02,1.52057717e-02,1.49709238e-02,1.47175947e-02,1.44469086e-02,1.41600855e-02,1.38584031e-02,1.35432091e-02,1.32158753e-02,1.28778070e-02,1.25304051e-02,1.21750645e-02,1.18131600e-02,1.14460355e-02,1.10749807e-02,1.07012345e-02,1.03259925e-02,9.95036587e-03,9.57542937e-03,9.20216087e-03,8.83150846e-03,8.46433081e-03,8.10142420e-03,7.74355326e-03,7.39138527e-03,7.04555912e-03,6.70665083e-03,6.37518615e-03,6.05164329e-03,5.73644368e-03,5.42997057e-03,5.13255922e-03,4.84449510e-03,4.56602266e-03,4.29734495e-03,4.03861282e-03,3.78994248e-03,3.55140655e-03,3.32303345e-03,3.10481642e-03,2.89670844e-03,2.69862474e-03,2.51044729e-03,2.33202428e-03,2.16317573e-03,2.00369325e-03,1.85333972e-03,1.71186030e-03,1.57898013e-03,1.45440502e-03,1.33782881e-03,1.22893520e-03,1.12739811e-03,1.03288528e-03,9.45064530e-04,8.63599591e-04
1.95677043e-03,2.12337938e-03,2.30083405e-03,2.48946762e-03,2.68957717e-03,2.90142489e-03,3.12523032e-03,3.36116925e-03,3.60936159e-03,3.86987510e-03,4.14271327e-03,4.42781765e-03,4.72505856e-03,5.03423344e-03,5.35506755e-03,5.68720605e-03,6.03021169e-03,6.38357364e-03,6.74669631e-03,7.11889798e-03,7.49942940e-03,7.88745843e-03,8.28208029e-03,8.68231989e-03,9.08714533e-03,9.49545298e-03,9.90609825e-03,1.03178862e-02,1.07296016e-02,1.11399703e-02,1.15477247e-02,1.19515816e-02,1.23502538e-02,1.27424691e-02,1.31269554e-02,1.35024833e-02,1.38678392e-02,1.42218545e-02,1.45634003e-02,1.48913870e-02,1.52047826e-02,1.55025972e-02,1.57838911e-02,1.60477832e-02,1.62934214e-02,1.65200233e-02,1.67268310e-02,1.69131495e-02,1.70783121e-02,1.72217190e-02,1.73427816e-02,1.74409896e-02,1.75158549e-02,1.75669845e-02,1.75940059e-02,1.75966509e-02,1.75747164e-02,1.75280795e-02,1.74567383e-02,1.73607841e-02,1.72404312e-02,1.70960203e-02,1.69280246e-02,1.67370345e-02,1.65237989e-02,1.62891783e-02,1.60341691e-02,1.57598685e-02,1.54674817e-02,1.51583068e-02,1.48337046e-02,1.44950934e-02,1.41439270e-02,1.37816733e-02,1.34098046e-02,1.30297802e-02,1.26430281e-02,1.22509431e-02,1.18548591e-02,1.14560649e-02,1.10557862e-02,1.06551796e-02,1.02553461e-02,9.85729415e-03,9.46200453e-03,9.07036290e-03,8.68319720e-03,8.30129813e-03,7.92536885e-03,7.55607290e-03,7.19402311e-03,6.83977362e-03,6.49383478e-03,6.15666481e-03,5.82867768e-03,5.51023940e-03,5.20166894e-03,4.90324246e-03,4.61518671e-03,4.33768239e-03,4.07086546e-03,3.81483114e-03,3.56962392e-03,3.33525194e-03,3.11167771e-03,2.89882161e-03,2.69657024e-03,2.50476971e-03,2.32323632e-03,2.15175375e-03,1.99007569e-03,1.83793320e-03,1.69503421e-03,1.56106858e-03,1.43570907e-03,1.31861796e-03,1.20944518e-03,1.10783766e-03,1.01343577e-03,9.25878237e-04
2.11132807e-03,2.29193387e-03,2.48435745e-03,2.68896553e-03,2.90608057e-03,3.13599338e-03,3.37893981e-03,3.63511289e-03,3.90463811e-03,4.18758951e-03,4.48396523e-03,4.79369285e-03,5.11662662e-03,5.45253651e-03,5.80110541e-03,6.16193842e-03,6.53454522e-03,6.91834465e-03,7.31267454e-03,7.71676935e-03,8.12978856e-03,8.55079945e-03,8.97878781e-03,9.41267144e-03,9.85128433e-03,1.02934036e-02,1.07377460e-02,1.11829825e-02,1.16277514e-02,1.20706502e-02,1.25102680e-02,1.29451770e-02,1.33739579e-02,1.37952007e-02,1.42075224e-02,1.46095604e-02,1.50000034e-02,1.53775848e-02,1.57410782e-02,1.60893314e-02,1.64212342e-02,1.67357549e-02,1.70319118e-02,1.73087865e-02,1.75655205e-02,1.78013220e-02,1.80154368e-02,1.82071812e-02,1.83759220e-02,1.85210649e-02,1.86420772e-02,1.87384784e-02,1.88098382e-02,1.88557934e-02,1.88760329e-02,1.88703388e-02,1.88385639e-02,1.87806468e-02,1.86966434e-02,1.85867120e-02,1.84511263e-02,1.82902999e-02,1.81047637e-02,1.78952049e-02,1.76624302e-02,1.74073838e-02,1.71311367e-02,1.68348681e-02,1.65198650e-02,1.61875058e-02,1.58392265e-02,1.54765137e-02,1.51008945e-02,1.47139039e-02,1.43170664e-02,1.39118982e-02,1.34998774e-02,1.30824381e-02,1.26609569e-02,1.22367544e-02,1.18110823e-02,1.13851354e-02,1.09600229e-02,1.05368001e-02,1.01164570e-02,9.69990715e-03,9.28801484e-03,8.88157822e-03,8.48134607e-03,8.08800384e-03,7.70220486e-03,7.32452935e-03,6.95552584e-03,6.59568654e-03,6.24546595e-03,5.90526359e-03,5.57543663e-03,5.25629008e-03,4.94808750e-03,4.65103751e-03,4.36531007e-03,4.09101695e-03,3.82822915e-03,3.57696880e-03,3.33721330e-03,3.10888933e-03,2.89189350e-03,2.68606935e-03,2.49123364e-03,2.30716099e-03,2.13359622e-03,1.97025854e-03,1.81683945e-03,1.67301064e-03,1.53842452e-03,1.41272228e-03,1.29552966e-03,1.18646678e-03,1.08514994e-03,9.91192530e-04
2.27448228e-03,2.46993639e-03,2.67824903e-03,2.89981952e-03,3.13500245e-03,3.38410772e-03,3.64740146e-03,3.92508227e-03,4.21729544e-03,4.52410756e-03,4.84551815e-03,5.18143922e-03,5.53170312e-03,5.89604909e-03,6.27412042e-03,6.66547054e-03,7.06954859e-03,7.48570682e-03,7.91319646e-03,8.35116487e-03,8.79867468e-03,9.25467350e-03,9.71803721e-03,1.01875542e-02,1.06619215e-02,1.11397728e-02,1.16196871e-02,1.21001871e-02,1.25797428e-02,1.30568109e-02,1.35298176e-02,1.39971897e-02,1.44573534e-02,1.49087617e-02,1.53498966e-02,1.57792643e-02,1.61954407e-02,1.65970474e-02,1.69827808e-02,1.73513945e-02,1.77017227e-02,1.80326775e-02,1.83432400e-02,1.86324734e-02,1.88995041e-02,1.91435479e-02,1.93638634e-02,1.95597988e-02,1.97307467e-02,1.98761616e-02,1.99955609e-02,2.00885162e-02,2.01546662e-02,2.01937072e-02,2.02054027e-02,2.01895963e-02,2.01462135e-02,2.00752765e-02,1.99769102e-02,1.98513456e-02,1.96989439e-02,1.95201822e-02,1.93156917e-02,1.90862175e-02,1.88326612e-02,1.85560454e-02,1.82575230e-02,1.79383550e-02,1.75999086e-02,1.72436312e-02,1.68710314e-02,1.64836664e-02,1.60831269e-02,1.56709980e-02,1.52488621e-02,1.48182726e-02,1.43807437e-02,1.39377490e-02,1.34906834e-02,1.30409002e-02,1.25896670e-02,1.21381935e-02,1.16876122e-02,1.12389922e-02,1.07933441e-02,1.03516001e-02,9.91464406e-03,9.48330574e-03,9.05835442e-03,8.64051096e-03,8.23045336e-03,7.82881118e-03,7.43615720e-03,7.05303438e-03,6.67992746e-03,6.31728442e-03,5.96549688e-03,5.62491547e-03,5.29583730e-03,4.97851009e-03,4.67313174e-03,4.37985035e-03,4.09875251e-03,3.82988853e-03,3.57324956e-03,3.32877971e-03,3.09637818e-03,2.87589547e-03,2.66714301e-03,2.46989587e-03,2.28388980e-03,2.10882723e-03,1.94439013e-03,1.79022807e-03,1.64597458e-03,1.51124795e-03,1.38564804e-03,1.26877322e-03,1.16020942e-03,1.05954357e-03
2.44629872e-03,2.65747285e-03,2.88261147e-03,3.12214997e-03,3.37647554e-03,3.64592741e-03,3.93079082e-03,4.23128530e-03,4.54755966e-03,4.87968745e-03,5.22766169e-03,5.59137296e-03,5.97063825e-03,6.36515860e-03,6.77452702e-03,7.19825039e-03,7.63571030e-03,8.08616914e-03,8.54880456e-03,9.02266055e-03,9.50668380e-03,9.99970455e-03,1.05004692e-02,1.10076265e-02,1.15197198e-02,1.20352423e-02,1.25525966e-02,1.30701456e-02,1.35861989e-02,1.40990363e-02,1.46069126e-02,1.51080955e-02,1.56008545e-02,1.60834789e-02,1.65543016e-02,1.70117058e-02,1.74541343e-02,1.78800989e-02,1.82881989e-02,1.86771005e-02,1.90455820e-02,1.93924960e-02,1.97168030e-02,2.00175475e-02,2.02938523e-02,2.05449369e-02,2.07701046e-02,2.09687352e-02,2.11402737e-02,2.12842338e-02,2.14002021e-02,2.14878265e-02,2.15468239e-02,2.15769783e-02,2.15781387e-02,2.15502437e-02,2.14933064e-02,2.14074384e-02,2.12928578e-02,2.11498868e-02,2.09789686e-02,2.07806919e-02,2.05557551e-02,2.03050058e-02,2.00294238e-02,1.97301283e-02,1.94083489e-02,1.90654173e-02,1.87027920e-02,1.83219817e-02,1.79245602e-02,1.75121576e-02,1.70863960e-02,1.66489221e-02,1.62013508e-02,1.57452598e-02,1.52821997e-02,1.48136513e-02,1.43410359e-02,1.38657028e-02,1.33889457e-02,1.29119689e-02,1.24359149e-02,1.19618699e-02,1.14908386e-02,1.10237869e-02,1.05616050e-02,1.01051386e-02,9.65519808e-03,9.21252370e-03,8.77782982e-03,8.35178047e-03,7.93499313e-03,7.52805686e-03,7.13149691e-03,6.74580690e-03,6.37142779e-03,6.00875169e-03,5.65811945e-03,5.31982165e-03,4.99409484e-03,4.68112295e-03,4.38102102e-03,4.09386307e-03,3.81966378e-03,3.55838193e-03,3.30993114e-03,3.07416474e-03,2.85089854e-03,2.63990206e-03,2.44090310e-03,2.25359714e-03,2.07764655e-03,1.91268697e-03,1.75832957e-03,1.61416875e-03,1.47978100e-03,1.35473709e-03,1.23859709e-03,1.13091758e-03
2.62679672e-03,2.85457051e-03,3.09748109e-03,3.35600600e-03,3.63056432e-03,3.92152928e-03,4.22920333e-03,4.55383165e-03,4.89556277e-03,5.25448099e-03,5.63056534e-03,6.02369383e-03,6.43365225e-03,6.86010253e-03,7.30259623e-03,7.76056992e-03,8.23333114e-03,8.72007105e-03,9.21985414e-03,9.73162148e-03,1.02541959e-02,1.07862856e-02,1.13264807e-02,1.18732788e-02,1.24250744e-02,1.29801743e-02,1.35368165e-02,1.40931774e-02,1.46473860e-02,1.51975341e-02,1.57417096e-02,1.62779819e-02,1.68044455e-02,1.73192322e-02,1.78205147e-02,1.83065217e-02,1.87755730e-02,1.92260575e-02,1.96564626e-02,2.00653970e-02,2.04515513e-02,2.08137482e-02,2.11509094e-02,2.14620680e-02,2.17463635e-02,2.20030453e-02,2.22314466e-02,2.24310122e-02,2.26012450e-02,2.27417592e-02,2.28522085e-02,2.29323544e-02,2.29820143e-02,2.30010692e-02,2.29894854e-02,2.29473095e-02,2.28746720e-02,2.27717906e-02,2.26389952e-02,2.24767197e-02,2.22855061e-02,2.20660437e-02,2.18191445e-02,2.15457436e-02,2.12469157e-02,2.09238622e-02,2.05779020e-02,2.02104542e-02,1.98230278e-02,1.94172114e-02,1.89946406e-02,1.85569748e-02,1.81058962e-02,1.76430736e-02,1.71701405e-02,1.66887064e-02,1.62003096e-02,1.57064553e-02,1.52085470e-02,1.47079444e-02,1.42059196e-02,1.37036927e-02,1.32023878e-02,1.27030872e-02,1.22068143e-02,1.17145171e-02,1.12271216e-02,1.07454853e-02,1.02704316e-02,9.80274379e-03,9.34316590e-03,8.89239926e-03,8.45111720e-03,8.01993534e-03,7.59944413e-03,7.19018560e-03,6.79265475e-03,6.40729070e-03,6.03449019e-03,5.67458570e-03,5.32786036e-03,4.99453209e-03,4.67476435e-03,4.36865538e-03,4.07624710e-03,3.79751693e-03,3.53239290e-03,3.28073744e-03,3.04237427e-03,2.81706825e-03,2.60454137e-03,2.40448187e-03,2.21653539e-03,2.04032101e-03,1.87542953e-03,1.72143267e-03,1.57788163e-03,1.44431833e-03,1.32027559e-03,1.20528135e-03
2.81594810e-03,3.06120235e-03,3.32283811e-03,3.60137247e-03,3.89726134e-03,4.21091262e-03,4.54265205e-03,4.89273900e-03,5.26133832e-03,5.64853009e-03,6.05428591e-03,6.47846516e-03,6.92082429e-03,7.38097867e-03,7.85842910e-03,8.35254416e-03,8.86255223e-03,9.38754529e-03,9.92648955e-03,1.04782004e-02,1.10413656e-02,1.16145574e-02,1.21962018e-02,1.27846366e-02,1.33780707e-02,1.39746331e-02,1.45723661e-02,1.51692564e-02,1.57632250e-02,1.63521692e-02,1.69339757e-02,1.75065156e-02,1.80676952e-02,1.86154675e-02,1.91478338e-02,1.96628664e-02,2.01587323e-02,2.06337199e-02,2.10861955e-02,2.15146895e-02,2.19178163e-02,2.22943705e-02,2.26432346e-02,2.29634624e-02,2.32542045e-02,2.35147495e-02,2.37444937e-02,2.39429493e-02,2.41097137e-02,2.42445022e-02,2.43470855e-02,2.44173389e-02,2.44551990e-02,2.44607031e-02,2.44339351e-02,2.43750811e-02,2.42844038e-02,2.41622627e-02,2.40091048e-02,2.38255002e-02,2.36121137e-02,2.33697519e-02,2.30993312e-02,2.28018966e-02,2.24786215e-02,2.21307985e-02,2.17598323e-02,2.13672053e-02,2.09545121e-02,2.05233842e-02,2.00754981e-02,1.96125675e-02,1.91362817e-02,1.86483357e-02,1.81503668e-02,1.76439770e-02,1.71307083e-02,1.66120380e-02,1.60893612e-02,1.55640123e-02,1.50372414e-02,1.45102469e-02,1.39841419e-02,1.34599973e-02,1.29388198e-02,1.24215707e-02,1.19091673e-02,1.14024924e-02,1.09023862e-02,1.04096625e-02,9.92510002e-03,9.44944471e-03,8.98341183e-03,8.52768030e-03,8.08288623e-03,7.64963264e-03,7.22847413e-03,6.81990525e-03,6.42438559e-03,6.04229607e-03,5.67397336e-03,5.31968568e-03,4.97963419e-03,4.65395441e-03,4.34272038e-03,4.04593302e-03,3.76354065e-03,3.49541707e-03,3.24139395e-03,3.00123752e-03,2.77466560e-03,2.56135804e-03,2.36094627e-03,2.17303424e-03,1.99719053e-03,1.83296506e-03,1.67988241e-03,1.53745757e-03,1.40519440e-03,1.28258998e-03
3.01366113e-03,3.27727501e-03,3.55858565e-03,3.85815324e-03,4.17647418e-03,4.51398455e-03,4.87104105e-03,5.24791935e-03,5.64479502e-03,6.06174767e-03,6.49874145e-03,6.95560733e-03,7.43207335e-03,7.92771392e-03,8.44195206e-03,8.97409767e-03,9.52329114e-03,1.00885089e-02,1.06686130e-02,1.12622855e-02,1.18680745e-02,1.24843754e-02,1.31094642e-02,1.37414960e-02,1.43784685e-02,1.50183281e-02,1.56589039e-02,1.62979588e-02,1.69332195e-02,1.75623484e-02,1.81830078e-02,1.87928770e-02,1.93896592e-02,1.99711006e-02,2.05350127e-02,2.10793205e-02,2.16020308e-02,2.21012980e-02,2.25753896e-02,2.30227280e-02,2.34418940e-02,2.38316115e-02,2.41907872e-02,2.45184600e-02,2.48138215e-02,2.50762161e-02,2.53051165e-02,2.55001225e-02,2.56609619e-02,2.57874615e-02,2.58795377e-02,2.59372108e-02,2.59605628e-02,2.59498097e-02,2.59051807e-02,2.58270390e-02,2.57158000e-02,2.55719796e-02,2.53961831e-02,2.51891278e-02,2.49516144e-02,2.46845763e-02,2.43890677e-02,2.40662303e-02,2.37173550e-02,2.33438257e-02,2.29471233e-02,2.25288086e-02,2.20905244e-02,2.16339566e-02,2.11608112e-02,2.06728186e-02,2.01716814e-02,1.96590871e-02,1.91366635e-02,1.86059922e-02,1.80685762e-02,1.75258648e-02,1.69792082e-02,1.64299048e-02,1.58791747e-02,1.53281651e-02,1.47779696e-02,1.42296236e-02,1.36841210e-02,1.31424218e-02,1.26054324e-02,1.20740514e-02,1.15491394e-02,1.10315299e-02,1.05220443e-02,1.00214733e-02,9.53058153e-03,9.05011129e-03,8.58075917e-03,8.12319014e-03,7.67802168e-03,7.24582234e-03,6.82710623e-03,6.42232643e-03,6.03187643e-03,5.65607706e-03,5.29517559e-03,4.94935364e-03,4.61871782e-03,4.30330401e-03,4.00308194e-03,3.71794356e-03,3.44772544e-03,3.19220242e-03,2.95109022e-03,2.72405869e-03,2.51073181e-03,2.31069326e-03,2.12349370e-03,1.94865966e-03,1.78568985e-03,1.63407042e-03,1.49327703e-03,1.36277615e-03
3.21978587e-03,3.50263296e-03,3.80456122e-03,4.12617810e-03,4.46802238e-03,4.83055785e-03,5.21417940e-03,5.61917108e-03,6.04572846e-03,6.49392279e-03,6.96370564e-03,7.45489262e-03,7.96716474e-03,8.50004610e-03,9.05290246e-03,9.62495804e-03,1.02152470e-02,1.08226528e-02,1.14458976e-02,1.20835220e-02,1.27339214e-02,1.33953141e-02,1.40657956e-02,1.47433151e-02,1.54256802e-02,1.61106009e-02,1.67956892e-02,1.74784735e-02,1.81564428e-02,1.88270286e-02,1.94876716e-02,2.01358031e-02,2.07689069e-02,2.13845298e-02,2.19802931e-02,2.25539226e-02,2.31032893e-02,2.36263946e-02,2.41213944e-02,2.45866403e-02,2.50206366e-02,2.54220963e-02,2.57898886e-02,2.61230934e-02,2.64209546e-02,2.66828872e-02,2.69084573e-02,2.70973891e-02,2.72495449e-02,2.73648966e-02,2.74435356e-02,2.74856593e-02,2.74915509e-02,2.74615847e-02,2.73962095e-02,2.72959601e-02,2.71614548e-02,2.69933864e-02,2.67925430e-02,2.65598055e-02,2.62961406e-02,2.60026269e-02,2.56804544e-02,2.53308881e-02,2.49553211e-02,2.45552398e-02,2.41321977e-02,2.36878283e-02,2.32238155e-02,2.27418821e-02,2.22437438e-02,2.17311438e-02,2.12057680e-02,2.06692759e-02,2.01232545e-02,1.95692498e-02,1.90087035e-02,1.84430107e-02,1.78734642e-02,1.73012912e-02,1.67276561e-02,1.61536597e-02,1.55803412e-02,1.50087038e-02,1.44397095e-02,1.38742896e-02,1.33133568e-02,1.27578108e-02,1.22085232e-02,1.16663668e-02,1.11321956e-02,1.06068477e-02,1.00911399e-02,9.58588161e-03,9.09183826e-03,8.60974472e-03,8.14029016e-03,7.68412510e-03,7.24183302e-03,6.81394013e-03,6.40089996e-03,6.00310089e-03,5.62084187e-03,5.25435852e-03,4.90379939e-03,4.56923572e-03,4.25066100e-03,3.94799467e-03,3.66107980e-03,3.38970427e-03,3.13358242e-03,2.89237732e-03,2.66570412e-03,2.45313183e-03,2.25419062e-03,2.06838385e-03,1.89518475e-03,1.73405383e-03,1.58443325e-03,1.44575874e-03
3.43410531e-03,3.73704778e-03,4.06052358e-03,4.40519070e-03,4.77162842e-03,5.16034756e-03,5.57175418e-03,6.00617286e-03,6.46379124e-03,6.94468943e-03,7.44880084e-03,7.97591545e-03,8.52567237e-03,9.09753609e-03,9.69080720e-03,1.03046130e-02,1.09378938e-02,1.15894023e-02,1.22577250e-02,1.29412496e-02,1.36381947e-02,1.43466089e-02,1.50643671e-02,1.57892127e-02,1.65187363e-02,1.72503889e-02,1.79815609e-02,1.87095292e-02,1.94315165e-02,2.01447066e-02,2.08462924e-02,2.15334557e-02,2.22034492e-02,2.28535887e-02,2.34812927e-02,2.40840949e-02,2.46597007e-02,2.52059717e-02,2.57209465e-02,2.62028854e-02,2.66502444e-02,2.70617083e-02,2.74361484e-02,2.77726892e-02,2.80706286e-02,2.83294860e-02,2.85489373e-02,2.87288576e-02,2.88692713e-02,2.89703384e-02,2.90323403e-02,2.90556904e-02,2.90408880e-02,2.89885234e-02,2.88992859e-02,2.87739225e-02,2.86132768e-02,2.84182541e-02,2.81898398e-02,2.79291216e-02,2.76372358e-02,2.73154229e-02,2.69650221e-02,2.65874397e-02,2.61841770e-02,2.57568117e-02,2.53069736e-02,2.48363540e-02,2.43466683e-02,2.38396563e-02,2.33170483e-02,2.27805451e-02,2.22318061e-02,2.16724426e-02,2.11039837e-02,2.05278881e-02,1.99455321e-02,1.93582214e-02,1.87671632e-02,1.81735028e-02,1.75783206e-02,1.69826448e-02,1.63874552e-02,1.57936942e-02,1.52022876e-02,1.46141341e-02,1.40301362e-02,1.34511869e-02,1.28781768e-02,1.23119997e-02,1.17535582e-02,1.12037342e-02,1.06634106e-02,1.01334564e-02,9.61472280e-03,9.10802092e-03,8.61413032e-03,8.13376997e-03,7.66761787e-03,7.21626682e-03,6.78025791e-03,6.36004331e-03,5.95599366e-03,5.56839211e-03,5.19744260e-03,4.84325085e-03,4.50585224e-03,4.18518111e-03,3.88111291e-03,3.59343248e-03,3.32186045e-03,3.06606316e-03,2.82563874e-03,2.60014716e-03,2.38909922e-03,2.19197618e-03,2.00822600e-03,1.83727720e-03,1.67854549e-03,1.53143378e-03
3.65634449e-03,3.98021704e-03,4.32614610e-03,4.69484134e-03,5.08693047e-03,5.50295133e-03,5.94335748e-03,6.40847394e-03,6.89851679e-03,7.41354749e-03,7.95349292e-03,8.51810910e-03,9.10698995e-03,9.71954223e-03,1.03549799e-02,1.10123418e-02,1.16904508e-02,1.23879304e-02,1.31032160e-02,1.38345268e-02,1.45798996e-02,1.53371710e-02,1.61040127e-02,1.68779306e-02,1.76562686e-02,1.84362363e-02,1.92149468e-02,1.99894123e-02,2.07565855e-02,2.15133801e-02,2.22567152e-02,2.29835063e-02,2.36907620e-02,2.43755504e-02,2.50350777e-02,2.56666746e-02,2.62678694e-02,2.68363766e-02,2.73701232e-02,2.78672781e-02,2.83262432e-02,2.87456959e-02,2.91245207e-02,2.94618849e-02,2.97571830e-02,3.00100408e-02,3.02202832e-02,3.03879585e-02,3.05132847e-02,3.05966381e-02,3.06385309e-02,3.06396168e-02,3.06006540e-02,3.05224881e-02,3.04060690e-02,3.02524120e-02,3.00625991e-02,2.98377872e-02,2.95792036e-02,2.92881243e-02,2.89659128e-02,2.86139883e-02,2.82338411e-02,2.78270245e-02,2.73951553e-02,2.69399025e-02,2.64629703e-02,2.59660836e-02,2.54509971e-02,2.49194428e-02,2.43731178e-02,2.38136854e-02,2.32427549e-02,2.26618405e-02,2.20723916e-02,2.14757659e-02,2.08732262e-02,2.02659685e-02,1.96550880e-02,1.90416258e-02,1.84265506e-02,1.78107992e-02,1.71952676e-02,1.65808275e-02,1.59683507e-02,1.53586986e-02,1.47527466e-02,1.41513841e-02,1.35555118e-02,1.29660489e-02,1.23839406e-02,1.18101230e-02,1.12455450e-02,1.06911557e-02,1.01478770e-02,9.61661711e-03,9.09824111e-03,8.59357137e-03,8.10336880e-03,7.62832630e-03,7.16905762e-03,6.72610011e-03,6.29988825e-03,5.89078246e-03,5.49903279e-03,5.12480224e-03,4.76815365e-03,4.42906329e-03,4.10741521e-03,3.80301941e-03,3.51560139e-03,3.24481935e-03,2.99027469e-03,2.75150756e-03,2.52801226e-03,2.31925142e-03,2.12464295e-03,1.94359384e-03,1.77548418e-03,1.61968579e-03
3.88615020e-03,4.23176633e-03,4.60102735e-03,4.99469740e-03,5.41345170e-03,5.85787510e-03,6.32843887e-03,6.82550250e-03,7.34927831e-03,7.89983291e-03,8.47707223e-03,9.08071827e-03,9.71031655e-03,1.03652040e-02,1.10445125e-02,1.17471730e-02,1.24718864e-02,1.32171325e-02,1.39811886e-02,1.47620868e-02,1.55576747e-02,1.63655616e-02,1.71831865e-02,1.80078167e-02,1.88365187e-02,1.96662396e-02,2.04938091e-02,2.13159434e-02,2.21293066e-02,2.29305346e-02,2.37162281e-02,2.44830549e-02,2.52277348e-02,2.59470940e-02,2.66380943e-02,2.72978656e-02,2.79237460e-02,2.85133012e-02,2.90643387e-02,2.95749456e-02,3.00434865e-02,3.04686110e-02,3.08492556e-02,3.11846286e-02,3.14742625e-02,3.17179002e-02,3.19155529e-02,3.20674665e-02,3.21740694e-02,3.22360024e-02,3.22540514e-02,3.22291404e-02,3.21623273e-02,3.20547558e-02,3.19076627e-02,3.17223705e-02,3.15002427e-02,3.12427152e-02,3.09512690e-02,3.06274351e-02,3.02727893e-02,2.98889577e-02,2.94776019e-02,2.90404223e-02,2.85791643e-02,2.80955620e-02,2.75914036e-02,2.70684529e-02,2.65284590e-02,2.59731170e-02,2.54041106e-02,2.48230100e-02,2.42313221e-02,2.36304887e-02,2.30218060e-02,2.24065185e-02,2.17857361e-02,2.11605113e-02,2.05318145e-02,1.99005287e-02,1.92675162e-02,1.86335798e-02,1.79995149e-02,1.73661206e-02,1.67341810e-02,1.61045194e-02,1.54779702e-02,1.48554146e-02,1.42377652e-02,1.36259571e-02,1.30209802e-02,1.24238320e-02,1.18355323e-02,1.12571102e-02,1.06895836e-02,1.01339566e-02,9.59119201e-03,9.06221755e-03,8.54790024e-03,8.04901682e-03,7.56629417e-03,7.10035069e-03,6.65170141e-03,6.22077566e-03,5.80789475e-03,5.41326590e-03,5.03701018e-03,4.67912666e-03,4.33953479e-03,4.01805714e-03,3.71442991e-03,3.42831691e-03,3.15930834e-03,2.90693995e-03,2.67068669e-03,2.44999072e-03,2.24424666e-03,2.05283077e-03,1.87509542e-03,1.71037787e-03
4.12310520e-03,4.49123792e-03,4.88467049e-03,5.30422432e-03,5.75062260e-03,6.22449210e-03,6.72633853e-03,7.25653861e-03,7.81531539e-03,8.40273313e-03,9.01866890e-03,9.66281071e-03,1.03346556e-02,1.10334586e-02,1.17582679e-02,1.25078922e-02,1.32809049e-02,1.40756331e-02,1.48901753e-02,1.57223716e-02,1.65698472e-02,1.74299944e-02,1.82999913e-02,1.91768315e-02,2.00573094e-02,2.09380742e-02,2.18156576e-02,2.26864684e-02,2.35468578e-02,2.43931394e-02,2.52216272e-02,2.60286797e-02,2.68107317e-02,2.75643319e-02,2.82862093e-02,2.89732832e-02,2.96226833e-02,3.02318297e-02,3.07984017e-02,3.13204192e-02,3.17961946e-02,3.22243795e-02,3.26039754e-02,3.29342745e-02,3.32149118e-02,3.34458202e-02,3.36272120e-02,3.37595493e-02,3.38435359e-02,3.38800997e-02,3.38703282e-02,3.38154696e-02,3.37169170e-02,3.35761495e-02,3.33947465e-02,3.31743397e-02,3.29166502e-02,3.26233990e-02,3.22963670e-02,3.19373608e-02,3.15481946e-02,3.11307143e-02,3.06867696e-02,3.02182101e-02,2.97268983e-02,2.92146746e-02,2.86833607e-02,2.81347446e-02,2.75705587e-02,2.69924682e-02,2.64020599e-02,2.58008204e-02,2.51901411e-02,2.45712865e-02,2.39454377e-02,2.33136527e-02,2.26768795e-02,2.20359825e-02,2.13917680e-02,2.07449496e-02,2.00962424e-02,1.94463078e-02,1.87958218e-02,1.81454532e-02,1.74959190e-02,1.68479849e-02,1.62024349e-02,1.55601399e-02,1.49220033e-02,1.42889991e-02,1.36621501e-02,1.30425207e-02,1.24312118e-02,1.18293324e-02,1.12380069e-02,1.06583461e-02,1.00914249e-02,9.53827891e-03,8.99988506e-03,8.47714581e-03,7.97087420e-03,7.48179248e-03,7.01051252e-03,6.55753817e-03,6.12326106e-03,5.70795871e-03,5.31179085e-03,4.93480731e-03,4.57695546e-03,4.23808116e-03,3.91793251e-03,3.61617724e-03,3.33240745e-03,3.06614535e-03,2.81685498e-03,2.58395541e-03,2.36682035e-03,2.16479693e-03,1.97720807e-03,1.80335972e-03
4.36672196e-03,4.75810561e-03,5.17650414e-03,5.62280091e-03,6.09777123e-03,6.60208054e-03,7.13627273e-03,7.70074222e-03,8.29572044e-03,8.92126467e-03,9.57723055e-03,1.02632660e-02,1.09788012e-02,1.17230220e-02,1.24948686e-02,1.32930344e-02,1.41159426e-02,1.49617624e-02,1.58283971e-02,1.67134814e-02,1.76144093e-02,1.85283199e-02,1.94521286e-02,2.03825422e-02,2.13160459e-02,2.22489852e-02,2.31775679e-02,2.40978748e-02,2.50059254e-02,2.58976929e-02,2.67691743e-02,2.76164114e-02,2.84355357e-02,2.92228200e-02,2.99747400e-02,3.06879692e-02,3.13594490e-02,3.19864415e-02,3.25665139e-02,3.30976024e-02,3.35779861e-02,3.40063535e-02,3.43817398e-02,3.47035676e-02,3.49716172e-02,3.51860113e-02,3.53471898e-02,3.54558975e-02,3.55131328e-02,3.55201438e-02,3.54783684e-02,3.53894271e-02,3.52550708e-02,3.50771695e-02,3.48576717e-02,3.45986038e-02,3.43020186e-02,3.39700095e-02,3.36046591e-02,3.32080796e-02,3.27823535e-02,3.23295593e-02,3.18517350e-02,3.13509144e-02,3.08290571e-02,3.02880947e-02,2.97298972e-02,2.91562453e-02,2.85688359e-02,2.79692635e-02,2.73590237e-02,2.67394576e-02,2.61117984e-02,2.54771560e-02,2.48364992e-02,2.41906792e-02,2.35404577e-02,2.28864774e-02,2.22293399e-02,2.15695724e-02,2.09077075e-02,2.02442259e-02,1.95796713e-02,1.89145878e-02,1.82495918e-02,1.75853651e-02,1.69226509e-02,1.62622854e-02,1.56051805e-02,1.49523299e-02,1.43048083e-02,1.36637362e-02,1.30303036e-02,1.24057103e-02,1.17911957e-02,1.11879800e-02,1.05972663e-02,1.00202132e-02,9.45791788e-03,8.91140476e-03,8.38160049e-03,7.86933675e-03,7.37532508e-03,6.90015964e-03,6.44431124e-03,6.00812258e-03,5.59181673e-03,5.19548822e-03,4.81912307e-03,4.46258951e-03,4.12565516e-03,3.80799733e-03,3.50920460e-03,3.22879641e-03,2.96622189e-03,2.72088381e-03,2.49213097e-03,2.27928441e-03,2.08163774e-03,1.89846428e-03
4.61644400e-03,5.03176218e-03,5.47587126e-03,5.94971376e-03,6.45411620e-03,6.98980084e-03,7.55732972e-03,8.15713406e-03,8.78943596e-03,9.45429411e-03,1.01515381e-02,1.08807692e-02,1.16413562e-02,1.24323936e-02,1.32527146e-02,1.41008878e-02,1.49751781e-02,1.58735737e-02,1.67937819e-02,1.77332107e-02,1.86890122e-02,1.96580496e-02,2.06369571e-02,2.16221288e-02,2.26097517e-02,2.35958137e-02,2.45761834e-02,2.55465973e-02,2.65027210e-02,2.74401847e-02,2.83546429e-02,2.92417891e-02,3.00974455e-02,3.09176017e-02,3.16984430e-02,3.24364118e-02,3.31282653e-02,3.37710865e-02,3.43623385e-02,3.48998830e-02,3.53819877e-02,3.58073525e-02,3.61751020e-02,3.64848003e-02,3.67363915e-02,3.69302221e-02,3.70670110e-02,3.71477976e-02,3.71739268e-02,3.71470116e-02,3.70688699e-02,3.69415320e-02,3.67671810e-02,3.65481004e-02,3.62866558e-02,3.59852985e-02,3.56464684e-02,3.52726430e-02,3.48662660e-02,3.44297662e-02,3.39655094e-02,3.34758312e-02,3.29629891e-02,3.24291587e-02,3.18764374e-02,3.13068330e-02,3.07222251e-02,3.01243924e-02,2.95149647e-02,2.88954489e-02,2.82671899e-02,2.76313778e-02,2.69890577e-02,2.63411105e-02,2.56882794e-02,2.50311866e-02,2.43703313e-02,2.37061419e-02,2.30389573e-02,2.23690961e-02,2.16968525e-02,2.10225582e-02,2.03465559e-02,1.96692608e-02,1.89911723e-02,1.83128696e-02,1.76350474e-02,1.69585068e-02,1.62841622e-02,1.56130195e-02,1.49462055e-02,1.42849190e-02,1.36304172e-02,1.29840225e-02,1.23470826e-02,1.17209479e-02,1.11069484e-02,1.05063859e-02,9.92048997e-03,9.35040414e-03,8.79719853e-03,8.26181099e-03,7.74506852e-03,7.24766031e-03,6.77014980e-03,6.31294958e-03,5.87635394e-03,5.46050305e-03,5.06543182e-03,4.69103735e-03,4.33710590e-03,4.00333153e-03,3.68930120e-03,3.39453481e-03,3.11846775e-03,2.86048767e-03,2.61992170e-03,2.39606411e-03,2.18818057e-03,1.99551322e-03
4.87164967e-03,5.31152450e-03,5.78202121e-03,6.28414657e-03,6.81878626e-03,7.38669559e-03,7.98848551e-03,8.62459280e-03,9.29526333e-03,1.00005353e-02,1.07402112e-02,1.15138404e-02,1.23207262e-02,1.31598674e-02,1.40299862e-02,1.49295088e-02,1.58565305e-02,1.68088563e-02,1.77839771e-02,1.87790617e-02,1.97909903e-02,2.08163597e-02,2.18514763e-02,2.28924286e-02,2.39350479e-02,2.49749757e-02,2.60077193e-02,2.70286463e-02,2.80330498e-02,2.90161856e-02,2.99733393e-02,3.08998749e-02,3.17912772e-02,3.26432101e-02,3.34516093e-02,3.42126526e-02,3.49228941e-02,3.55792604e-02,3.61791030e-02,3.67202125e-02,3.72008532e-02,3.76197770e-02,3.79762165e-02,3.82698588e-02,3.85008827e-02,3.86699028e-02,3.87778953e-02,3.88262868e-02,3.88167687e-02,3.87513749e-02,3.86323668e-02,3.84622253e-02,3.82435806e-02,3.79792005e-02,3.76719087e-02,3.73246148e-02,3.69401984e-02,3.65215428e-02,3.60714830e-02,3.55927870e-02,3.50881480e-02,3.45601588e-02,3.40112858e-02,3.34438868e-02,3.28601673e-02,3.22621986e-02,3.16518769e-02,3.10309418e-02,3.04009449e-02,2.97632534e-02,2.91190594e-02,2.84693446e-02,2.78149135e-02,2.71564126e-02,2.64943168e-02,2.58289594e-02,2.51605697e-02,2.44892798e-02,2.38151792e-02,2.31383145e-02,2.24587619e-02,2.17766017e-02,2.10920125e-02,2.04052404e-02,1.97166372e-02,1.90267041e-02,1.83360446e-02,1.76454335e-02,1.69557668e-02,1.62680820e-02,1.55835506e-02,1.49034299e-02,1.42291002e-02,1.35619724e-02,1.29035302e-02,1.22552617e-02,1.16186356e-02,1.09950956e-02,1.03860162e-02,9.79270041e-03,9.21633374e-03,8.65799375e-03,8.11862107e-03,7.59901758e-03,7.09983660e-03,6.62158523e-03,6.16461877e-03,5.72914537e-03,5.31524094e-03,4.92284354e-03,4.55176365e-03,4.20170836e-03,3.87227768e-03,3.56298266e-03,3.27325449e-03,3.00246524e-03,2.74992152e-03,2.51489482e-03,2.29662214e-03,2.09431397e-03
5.13164839e-03,5.59664285e-03,6.09413953e-03,6.62521273e-03,7.19080353e-03,7.79171567e-03,8.42859223e-03,9.10189468e-03,9.81186982e-03,1.05585437e-02,1.13416873e-02,1.21608023e-02,1.30151138e-02,1.39035285e-02,1.48246288e-02,1.57767013e-02,1.67576727e-02,1.77651308e-02,1.87963415e-02,1.98482238e-02,2.09173802e-02,2.20000837e-02,2.30923407e-02,2.41898913e-02,2.52881981e-02,2.63825394e-02,2.74680275e-02,2.85396427e-02,2.95922738e-02,3.06208264e-02,3.16201746e-02,3.25853229e-02,3.35114151e-02,3.43938023e-02,3.52281034e-02,3.60102765e-02,3.67366672e-02,3.74040194e-02,3.80095989e-02,3.85511331e-02,3.90269049e-02,3.94357145e-02,3.97769101e-02,4.00503799e-02,4.02565338e-02,4.03962620e-02,4.04709056e-02,4.04822379e-02,4.04324047e-02,4.03238796e-02,4.01594080e-02,3.99419665e-02,3.96746956e-02,3.93608697e-02,3.90038341e-02,3.86069864e-02,3.81736718e-02,3.77072394e-02,3.72109301e-02,3.66878919e-02,3.61411460e-02,3.55735570e-02,3.49878222e-02,3.43864672e-02,3.37718204e-02,3.31459828e-02,3.25108580e-02,3.18681337e-02,3.12192366e-02,3.05653885e-02,2.99075618e-02,2.92465147e-02,2.85827853e-02,2.79167164e-02,2.72484906e-02,2.65781116e-02,2.59054974e-02,2.52304655e-02,2.45528016e-02,2.38722600e-02,2.31886413e-02,2.25018021e-02,2.18116920e-02,2.11183708e-02,2.04220563e-02,1.97231155e-02,1.90220866e-02,1.83196850e-02,1.76168121e-02,1.69145055e-02,1.62139945e-02,1.55166257e-02,1.48238512e-02,1.41372308e-02,1.34583656e-02,1.27888871e-02,1.21304234e-02,1.14845764e-02,1.08528826e-02,1.02367783e-02,9.63761378e-03,9.05660447e-03,8.49480648e-03,7.95315020e-03,7.43239606e-03,6.93313032e-03,6.45580236e-03,6.00067666e-03,5.56788500e-03,5.15740598e-03,4.76908311e-03,4.40264074e-03,4.05768864e-03,3.73374205e-03,3.43022542e-03,3.14649753e-03,2.88184662e-03,2.63552298e-03,2.40673497e-03,2.19466467e-03
5.39568998e-03,5.88629441e-03,6.41132798e-03,6.97193155e-03,7.56910490e-03,8.20370018e-03,8.87639541e-03,9.58767254e-03,1.03377849e-02,1.11267418e-02,1.19542815e-02,1.28198471e-02,1.37225799e-02,1.46612832e-02,1.56344157e-02,1.66400969e-02,1.76760592e-02,1.87396891e-02,1.98280029e-02,2.09376495e-02,2.20649224e-02,2.32058093e-02,2.43559405e-02,2.55107023e-02,2.66651679e-02,2.78142337e-02,2.89526060e-02,3.00748497e-02,3.11754737e-02,3.22489142e-02,3.32897007e-02,3.42924446e-02,3.52519304e-02,3.61631587e-02,3.70214880e-02,3.78226005e-02,3.85626405e-02,3.92381884e-02,3.98464128e-02,4.03850041e-02,4.08522598e-02,4.12470549e-02,4.15689014e-02,4.18178923e-02,4.19946872e-02,4.21005227e-02,4.21371013e-02,4.21066433e-02,4.20117155e-02,4.18553352e-02,4.16407548e-02,4.13714871e-02,4.10512537e-02,4.06838693e-02,4.02732231e-02,3.98232602e-02,3.93378437e-02,3.88207994e-02,3.82758193e-02,3.77064310e-02,3.71160060e-02,3.65077108e-02,3.58844735e-02,3.52489837e-02,3.46036591e-02,3.39506678e-02,3.32918689e-02,3.26288715e-02,3.19629684e-02,3.12951840e-02,3.06262486e-02,2.99566537e-02,2.92866342e-02,2.86161900e-02,2.79451683e-02,2.72732154e-02,2.65998859e-02,2.59246528e-02,2.52469629e-02,2.45662425e-02,2.38820147e-02,2.31938437e-02,2.25014575e-02,2.18047053e-02,2.11036392e-02,2.03985013e-02,1.96897313e-02,1.89779960e-02,1.82641745e-02,1.75493378e-02,1.68347526e-02,1.61218438e-02,1.54121872e-02,1.47074433e-02,1.40093751e-02,1.33197606e-02,1.26404008e-02,1.19730495e-02,1.13194147e-02,1.06811095e-02,1.00596258e-02,9.45632812e-03,8.87242611e-03,8.30896292e-03,7.76681118e-03,7.24667078e-03,6.74906233e-03,6.27433136e-03,5.82266646e-03,5.39409649e-03,4.98849526e-03,4.60561318e-03,4.24507493e-03,3.90639994e-03,3.58900824e-03,3.29225068e-03,3.01539968e-03,2.75768200e-03,2.51828297e-03,2.29635509e-03
5.66297304e-03,6.17959909e-03,6.73262402e-03,7.32325157e-03,7.95254484e-03,8.62140302e-03,9.33054369e-03,1.00804642e-02,1.08714206e-02,1.17034083e-02,1.25761377e-02,1.34889679e-02,1.44409752e-02,1.54308509e-02,1.64568909e-02,1.75170638e-02,1.86089128e-02,1.97295733e-02,2.08758228e-02,2.20440049e-02,2.32301299e-02,2.44298149e-02,2.56383400e-02,2.68507153e-02,2.80616097e-02,2.92655081e-02,3.04566827e-02,3.16292718e-02,3.27773541e-02,3.38949561e-02,3.49761806e-02,3.60152423e-02,3.70065682e-02,3.79448272e-02,3.88250574e-02,3.96426804e-02,4.03936282e-02,4.10743766e-02,4.16819416e-02,4.22140136e-02,4.26689163e-02,4.30456437e-02,4.33438718e-02,4.35639173e-02,4.37067747e-02,4.37739864e-02,4.37677167e-02,4.36906368e-02,4.35458422e-02,4.33368497e-02,4.30675112e-02,4.27419432e-02,4.23644483e-02,4.19394411e-02,4.14714329e-02,4.09649238e-02,4.04243246e-02,3.98539826e-02,3.92580517e-02,3.86404842e-02,3.80050205e-02,3.73551063e-02,3.66939157e-02,3.60243097e-02,3.53487916e-02,3.46695520e-02,3.39884125e-02,3.33068632e-02,3.26260366e-02,3.19467224e-02,3.12693976e-02,3.05942241e-02,2.99210884e-02,2.92496458e-02,2.85793170e-02,2.79093869e-02,2.72390023e-02,2.65672654e-02,2.58932244e-02,2.52159890e-02,2.45347228e-02,2.38487255e-02,2.31574383e-02,2.24605072e-02,2.17577945e-02,2.10494027e-02,2.03356631e-02,1.96171924e-02,1.88948400e-02,1.81696955e-02,1.74430832e-02,1.67165045e-02,1.59916431e-02,1.52703030e-02,1.45543870e-02,1.38458461e-02,1.31466426e-02,1.24587193e-02,1.17839575e-02,1.11241369e-02,1.04809273e-02,9.85585339e-03,9.25026089e-03,8.66533257e-03,8.10206495e-03,7.56126316e-03,7.04354933e-03,6.54933741e-03,6.07888680e-03,5.63227851e-03,5.20942640e-03,4.81011067e-03,4.43397043e-03,4.08053678e-03,3.74922808e-03,3.43938917e-03,3.15027754e-03,2.88110320e-03,2.63102562e-03,2.39917100e-03
5.93263796e-03,6.47561857e-03,7.05699483e-03,7.67804869e-03,8.33989773e-03,9.04349238e-03,9.78958514e-03,1.05786975e-02,1.14110857e-02,1.22867282e-02,1.32052777e-02,1.41660646e-02,1.51680466e-02,1.62097849e-02,1.72894746e-02,1.84048563e-02,1.95532851e-02,2.07316559e-02,2.19364725e-02,2.31637899e-02,2.44092699e-02,2.56681740e-02,2.69354191e-02,2.82055959e-02,2.94729583e-02,3.07315625e-02,3.19752283e-02,3.31976451e-02,3.43924649e-02,3.55532542e-02,3.66736725e-02,3.77475731e-02,3.87689658e-02,3.97321954e-02,4.06319648e-02,4.14634719e-02,4.22224253e-02,4.29051369e-02,4.35085669e-02,4.40303907e-02,4.44689728e-02,4.48234342e-02,4.50936481e-02,4.52802218e-02,4.53844368e-02,4.54082824e-02,4.53543589e-02,4.52258326e-02,4.50263545e-02,4.47600596e-02,4.44313921e-02,4.40451130e-02,4.36061658e-02,4.31196317e-02,4.25906405e-02,4.20242958e-02,4.14256230e-02,4.07994613e-02,4.01505046e-02,3.94831412e-02,3.88014652e-02,3.81092429e-02,3.74098718e-02,3.67063731e-02,3.60013396e-02,3.52969542e-02,3.45949903e-02,3.38967927e-02,3.32033038e-02,3.25150378e-02,3.18321809e-02,3.11545301e-02,3.04816067e-02,2.98126359e-02,2.91466266e-02,2.84824278e-02,2.78187655e-02,2.71543059e-02,2.64877118e-02,2.58176979e-02,2.51430850e-02,2.44628489e-02,2.37761494e-02,2.30823942e-02,2.23812405e-02,2.16726400e-02,2.09568180e-02,2.02343091e-02,1.95059534e-02,1.87728442e-02,1.80363636e-02,1.72980987e-02,1.65598486e-02,1.58235505e-02,1.50912693e-02,1.43651320e-02,1.36472732e-02,1.29398294e-02,1.22448625e-02,1.15643423e-02,1.09001147e-02,1.02538606e-02,9.62709356e-03,9.02114157e-03,8.43713246e-03,7.87597988e-03,7.33840279e-03,6.82491250e-03,6.33583451e-03,5.87130850e-03,5.43129444e-03,5.01560280e-03,4.62389924e-03,4.25572321e-03,3.91050009e-03,3.58756725e-03,3.28617264e-03,3.00550926e-03,2.74471589e-03,2.50289147e-03
6.20378507e-03,6.77335961e-03,7.38335960e-03,8.03513546e-03,8.72986764e-03,9.46855918e-03,1.02519942e-02,1.10807139e-02,1.19549809e-02,1.28747504e-02,1.38396341e-02,1.48488833e-02,1.59013700e-02,1.69955343e-02,1.81293935e-02,1.93005316e-02,2.05060653e-02,2.17426326e-02,2.30064690e-02,2.42932923e-02,2.55984329e-02,2.69167833e-02,2.82428470e-02,2.95708030e-02,3.08944695e-02,3.22074257e-02,3.35030667e-02,3.47745828e-02,3.60151716e-02,3.72179411e-02,3.83761451e-02,3.94831635e-02,4.05326560e-02,4.15185951e-02,4.24353816e-02,4.32779528e-02,4.40418124e-02,4.47231494e-02,4.53188233e-02,4.58265357e-02,4.62447181e-02,4.65726443e-02,4.68104184e-02,4.69589122e-02,4.70198095e-02,4.69955429e-02,4.68891636e-02,4.67044227e-02,4.64455634e-02,4.61173542e-02,4.57249023e-02,4.52736393e-02,4.47692201e-02,4.42174003e-02,4.36239913e-02,4.29947451e-02,4.23352867e-02,4.16510552e-02,4.09472324e-02,4.02286537e-02,3.94998230e-02,3.87648083e-02,3.80272381e-02,3.72902714e-02,3.65565941e-02,3.58283632e-02,3.51072662e-02,3.43944803e-02,3.36907133e-02,3.29962149e-02,3.23107876e-02,3.16338725e-02,3.09645515e-02,3.03016156e-02,2.96436157e-02,2.89889239e-02,2.83358060e-02,2.76824720e-02,2.70271599e-02,2.63681654e-02,2.57039387e-02,2.50331070e-02,2.43545361e-02,2.36673653e-02,2.29710434e-02,2.22653467e-02,2.15503871e-02,2.08266303e-02,2.00948734e-02,1.93562377e-02,1.86121464e-02,1.78642813e-02,1.71145536e-02,1.63650513e-02,1.56179965e-02,1.48756951e-02,1.41404774e-02,1.34146726e-02,1.27005400e-02,1.20002339e-02,1.13157891e-02,1.06490664e-02,1.00017507e-02,9.37530771e-03,8.77100695e-03,8.18989053e-03,7.63278361e-03,7.10028969e-03,6.59281155e-03,6.11055223e-03,5.65352198e-03,5.22157084e-03,4.81439056e-03,4.43153782e-03,4.07244172e-03,3.73644265e-03,3.42277787e-03,3.13062710e-03,2.85910792e-03,2.60729739e-03
6.47547701e-03,7.07179867e-03,7.71059236e-03,8.39328393e-03,9.12111532e-03,9.89513751e-03,1.07161766e-02,1.15847923e-02,1.25012379e-02,1.34654595e-02,1.44770201e-02,1.55350892e-02,1.66384485e-02,1.77854057e-02,1.89738013e-02,2.02010423e-02,2.14640014e-02,2.27590632e-02,2.40821578e-02,2.54286788e-02,2.67935861e-02,2.81713922e-02,2.95561776e-02,3.09416819e-02,3.23212631e-02,3.36880349e-02,3.50348987e-02,3.63546014e-02,3.76397893e-02,3.88831794e-02,4.00775224e-02,4.12157737e-02,4.22912091e-02,4.32974249e-02,4.42285575e-02,4.50792350e-02,4.58448045e-02,4.65212874e-02,4.71055359e-02,4.75952029e-02,4.79888730e-02,4.82859686e-02,4.84868363e-02,4.85927016e-02,4.86056432e-02,4.85285521e-02,4.83650416e-02,4.81194220e-02,4.77966219e-02,4.74020429e-02,4.69415225e-02,4.64212187e-02,4.58475091e-02,4.52268831e-02,4.45658602e-02,4.38708700e-02,4.31481898e-02,4.24038470e-02,4.16435562e-02,4.08726223e-02,4.00959179e-02,3.93178612e-02,3.85422744e-02,3.77724841e-02,3.70112062e-02,3.62605788e-02,3.55221704e-02,3.47969793e-02,3.40854451e-02,3.33874784e-02,3.27025317e-02,3.20296101e-02,3.13673392e-02,3.07140294e-02,3.00677400e-02,2.94263344e-02,2.87875887e-02,2.81492304e-02,2.75090281e-02,2.68648509e-02,2.62147356e-02,2.55569573e-02,2.48900522e-02,2.42128875e-02,2.35246848e-02,2.28250381e-02,2.21139323e-02,2.13917494e-02,2.06592605e-02,1.99175850e-02,1.91682093e-02,1.84128992e-02,1.76536832e-02,1.68928094e-02,1.61326583e-02,1.53757287e-02,1.46245491e-02,1.38816386e-02,1.31494664e-02,1.24303894e-02,1.17266336e-02,1.10402480e-02,1.03730801e-02,9.72676929e-03,9.10271890e-03,8.50210898e-03,7.92587455e-03,7.37472158e-03,6.84913481e-03,6.34938758e-03,5.87554649e-03,5.42750536e-03,5.00498386e-03,4.60756198e-03,4.23467997e-03,3.88567802e-03,3.55978915e-03,3.25618195e-03,2.97395769e-03,2.71217129e-03
6.74674241e-03,7.36986520e-03,8.03752150e-03,8.75120983e-03,9.51223914e-03,1.03217084e-02,1.11804819e-02,1.20891351e-02,1.30479224e-02,1.40567664e-02,1.51151801e-02,1.62222609e-02,1.73766837e-02,1.85766164e-02,1.98197383e-02,2.11032424e-02,2.24237666e-02,2.37774253e-02,2.51598228e-02,2.65660267e-02,2.79906038e-02,2.94276793e-02,3.08708753e-02,3.23134996e-02,3.37484218e-02,3.51682603e-02,3.65654379e-02,3.79321836e-02,3.92606817e-02,4.05430980e-02,4.17717770e-02,4.29392494e-02,4.40383330e-02,4.50623147e-02,4.60049883e-02,4.68607321e-02,4.76247147e-02,4.82928418e-02,4.88619022e-02,4.93296161e-02,4.96946499e-02,4.99566570e-02,5.01162447e-02,5.01750112e-02,5.01354598e-02,5.00010066e-02,4.97758277e-02,4.94648702e-02,4.90737408e-02,4.86085676e-02,4.80759367e-02,4.74827699e-02,4.68362197e-02,4.61435318e-02,4.54119742e-02,4.46486920e-02,4.38606255e-02,4.30544131e-02,4.22363095e-02,4.14121188e-02,4.05870900e-02,3.97659391e-02,3.89527492e-02,3.81509289e-02,3.73632610e-02,3.65918241e-02,3.58380452e-02,3.51027101e-02,3.43859605e-02,3.36873680e-02,3.30059603e-02,3.23402956e-02,3.16885002e-02,3.10483836e-02,3.04174591e-02,2.97930818e-02,2.91724838e-02,2.85528842e-02,2.79315710e-02,2.73059383e-02,2.66736187e-02,2.60324776e-02,2.53807455e-02,2.47169733e-02,2.40401477e-02,2.33496781e-02,2.26454083e-02,2.19276305e-02,2.11970750e-02,2.04548836e-02,1.97025836e-02,1.89420301e-02,1.81753840e-02,1.74050294e-02,1.66335367e-02,1.58635862e-02,1.50979105e-02,1.43392328e-02,1.35902362e-02,1.28534893e-02,1.21314069e-02,1.14262365e-02,1.07400091e-02,1.00745242e-02,9.43134259e-03,8.81177746e-03,8.21688958e-03,7.64748687e-03,7.10414536e-03,6.58721477e-03,6.09682128e-03,5.63290669e-03,5.19522931e-03,4.78338916e-03,4.39684419e-03,4.03494015e-03,3.69690754e-03,3.38190631e-03,3.08902375e-03,2.81729526e-03
7.01659173e-03,7.66647281e-03,8.36295541e-03,9.10761300e-03,9.90181603e-03,1.07467193e-02,1.16432179e-02,1.25919115e-02,1.35930516e-02,1.46465246e-02,1.57518107e-02,1.69079229e-02,1.81134213e-02,1.93663388e-02,2.06641834e-02,2.20039170e-02,2.33819485e-02,2.47940980e-02,2.62356531e-02,2.77013220e-02,2.91852951e-02,3.06812450e-02,3.21823694e-02,3.36814970e-02,3.51710021e-02,3.66430096e-02,3.80894132e-02,3.95019278e-02,4.08722237e-02,4.21920121e-02,4.34531234e-02,4.46476415e-02,4.57680039e-02,4.68071252e-02,4.77584824e-02,4.86162156e-02,4.93753180e-02,5.00315689e-02,5.05817644e-02,5.10236397e-02,5.13560250e-02,5.15787750e-02,5.16928323e-02,5.17001823e-02,5.16037866e-02,5.14076129e-02,5.11164591e-02,5.07359393e-02,5.02723753e-02,4.97326627e-02,4.91241701e-02,4.84546348e-02,4.77319956e-02,4.69643176e-02,4.61596251e-02,4.53258008e-02,4.44704890e-02,4.36009355e-02,4.27239761e-02,4.18458730e-02,4.09722924e-02,4.01082374e-02,3.92580107e-02,3.84251401e-02,3.76124159e-02,3.68218571e-02,3.60547192e-02,3.53115462e-02,3.45921703e-02,3.38957682e-02,3.32209319e-02,3.25657278e-02,3.19277719e-02,3.13043147e-02,3.06923315e-02,3.00886035e-02,2.94898171e-02,2.88926512e-02,2.82938778e-02,2.76904162e-02,2.70794537e-02,2.64584571e-02,2.58252826e-02,2.51782071e-02,2.45159548e-02,2.38377191e-02,2.31432132e-02,2.24326383e-02,2.17066817e-02,2.09664814e-02,2.02136226e-02,1.94500461e-02,1.86780412e-02,1.79001484e-02,1.71191096e-02,1.63377989e-02,1.55591471e-02,1.47861112e-02,1.40215755e-02,1.32683162e-02,1.25289671e-02,1.18059721e-02,1.11015346e-02,1.04176439e-02,9.75601748e-03,9.11809970e-03,8.50509759e-03,7.91791175e-03,7.35722808e-03,6.82346895e-03,6.31683087e-03,5.83730778e-03,5.38469804e-03,4.95863240e-03,4.55858465e-03,4.18391218e-03,3.83384642e-03,3.50754196e-03,3.20407352e-03,2.92246114e-03
7.28401681e-03,7.96051230e-03,8.68567731e-03,9.46115889e-03,1.02883950e-02,1.11685824e-02,1.21026682e-02,1.30912522e-02,1.41346045e-02,1.52325723e-02,1.63845830e-02,1.75895672e-02,1.88459866e-02,2.01517157e-02,2.15040743e-02,2.28998344e-02,2.43351273e-02,2.58054752e-02,2.73058545e-02,2.88305860e-02,3.03734653e-02,3.19277346e-02,3.34861241e-02,3.50409672e-02,3.65841500e-02,3.81072536e-02,3.96016501e-02,4.10585329e-02,4.24690545e-02,4.38244119e-02,4.51159514e-02,4.63353097e-02,4.74745370e-02,4.85261418e-02,4.94833291e-02,5.03400043e-02,5.10909669e-02,5.17319180e-02,5.22596203e-02,5.26719131e-02,5.29677644e-02,5.31472936e-02,5.32117710e-02,5.31635955e-02,5.30062653e-02,5.27442992e-02,5.23831546e-02,5.19291572e-02,5.13893813e-02,5.07715195e-02,5.00837713e-02,4.93347012e-02,4.85331006e-02,4.76878472e-02,4.68077697e-02,4.59015109e-02,4.49774042e-02,4.40433547e-02,4.31067646e-02,4.21743691e-02,4.12522294e-02,4.03456576e-02,3.94591466e-02,3.85963283e-02,3.77599820e-02,3.69520448e-02,3.61736044e-02,3.54248993e-02,3.47054340e-02,3.40139866e-02,3.33486572e-02,3.27070206e-02,3.20861377e-02,3.14826816e-02,3.08930464e-02,3.03134266e-02,2.97399368e-02,2.91687082e-02,2.85959579e-02,2.80181281e-02,2.74319183e-02,2.68344022e-02,2.62230597e-02,2.55958382e-02,2.49512084e-02,2.42881719e-02,2.36062761e-02,2.29056198e-02,2.21868511e-02,2.14511082e-02,2.07000282e-02,1.99356433e-02,1.91603564e-02,1.83768719e-02,1.75881013e-02,1.67971179e-02,1.60070658e-02,1.52211143e-02,1.44423693e-02,1.36738177e-02,1.29183140e-02,1.21784983e-02,1.14567708e-02,1.07552968e-02,1.00759566e-02,9.42035485e-03,8.78981501e-03,8.18537455e-03,7.60779949e-03,7.05761602e-03,6.53508771e-03,6.04025926e-03,5.57298400e-03,5.13291964e-03,4.71956423e-03,4.33228863e-03,3.97032872e-03,3.63283860e-03,3.31888208e-03,3.02746566e-03
7.54800858e-03,8.25087819e-03,9.00447555e-03,9.81052220e-03,1.06705185e-02,1.15857236e-02,1.25571070e-02,1.35853030e-02,1.46705611e-02,1.58127137e-02,1.70111358e-02,1.82646737e-02,1.95716694e-02,2.09298506e-02,2.23363675e-02,2.37877388e-02,2.52798535e-02,2.68079359e-02,2.83666123e-02,2.99498308e-02,3.15509737e-02,3.31628248e-02,3.47776599e-02,3.63872945e-02,3.79830934e-02,3.95561010e-02,4.10971642e-02,4.25969251e-02,4.40459922e-02,4.54350747e-02,4.67550196e-02,4.79970127e-02,4.91526574e-02,5.02141602e-02,5.11743873e-02,5.20270243e-02,5.27666993e-02,5.33890426e-02,5.38908392e-02,5.42699695e-02,5.45256361e-02,5.46582118e-02,5.46693318e-02,5.45618497e-02,5.43398000e-02,5.40083051e-02,5.35735264e-02,5.30424975e-02,5.24231121e-02,5.17238975e-02,5.09538949e-02,5.01225293e-02,4.92394790e-02,4.83144671e-02,4.73571271e-02,4.63768803e-02,4.53827977e-02,4.43834104e-02,4.33866903e-02,4.23998795e-02,4.14294042e-02,4.04808782e-02,3.95589694e-02,3.86673957e-02,3.78089398e-02,3.69854122e-02,3.61976773e-02,3.54457013e-02,3.47286202e-02,3.40447612e-02,3.33917551e-02,3.27666141e-02,3.21658440e-02,3.15855220e-02,3.10214311e-02,3.04691643e-02,2.99242418e-02,2.93822084e-02,2.88387425e-02,2.82897577e-02,2.77314913e-02,2.71605775e-02,2.65741218e-02,2.59697493e-02,2.53456533e-02,2.47006193e-02,2.40340363e-02,2.33459100e-02,2.26368327e-02,2.19079405e-02,2.11609099e-02,2.03978699e-02,1.96213499e-02,1.88341942e-02,1.80395041e-02,1.72405429e-02,1.64406747e-02,1.56432744e-02,1.48516754e-02,1.40690878e-02,1.32985739e-02,1.25429900e-02,1.18049281e-02,1.10867405e-02,1.03904773e-02,9.71788727e-03,9.07044951e-03,8.44930857e-03,7.85535108e-03,7.28918379e-03,6.75114989e-03,6.24136254e-03,5.75971417e-03,5.30591095e-03,4.87947138e-03,4.47978592e-03,4.10609879e-03,3.75756086e-03,3.43323522e-03,3.13211465e-03
7.80755095e-03,8.53645336e-03,9.31811891e-03,1.01543562e-02,1.10467272e-02,1.19965412e-02,1.30048078e-02,1.40721789e-02,1.51988957e-02,1.63847804e-02,1.76291335e-02,1.89307313e-02,2.02877894e-02,2.16978993e-02,2.31580064e-02,2.46644206e-02,2.62127444e-02,2.77979113e-02,2.94141918e-02,3.10551468e-02,3.27137485e-02,3.43823060e-02,3.60526182e-02,3.77159864e-02,3.93632315e-02,4.09848802e-02,4.25711833e-02,4.41122726e-02,4.55982015e-02,4.70191501e-02,4.83654663e-02,4.96279001e-02,5.07976301e-02,5.18665090e-02,5.28271087e-02,5.36728762e-02,5.43983020e-02,5.49989529e-02,5.54716215e-02,5.58143072e-02,5.60264289e-02,5.61086424e-02,5.60629703e-02,5.58927767e-02,5.56026138e-02,5.51982746e-02,5.46866171e-02,5.40754795e-02,5.33735491e-02,5.25902063e-02,5.17353937e-02,5.08194454e-02,4.98529002e-02,4.88463491e-02,4.78102788e-02,4.67548855e-02,4.56899628e-02,4.46247123e-02,4.35676649e-02,4.25265357e-02,4.15081494e-02,4.05183844e-02,3.95620801e-02,3.86430360e-02,3.77639867e-02,3.69266123e-02,3.61315534e-02,3.53784673e-02,3.46660949e-02,3.39923091e-02,3.33542228e-02,3.27482931e-02,3.21704373e-02,3.16161178e-02,3.10805012e-02,3.05585414e-02,3.00451703e-02,2.95353122e-02,2.90240999e-02,2.85069160e-02,2.79795080e-02,2.74380669e-02,2.68793143e-02,2.63005439e-02,2.56996714e-02,2.50752512e-02,2.44265217e-02,2.37533730e-02,2.30563451e-02,2.23365743e-02,2.15957761e-02,2.08361633e-02,2.00603884e-02,1.92714445e-02,1.84726100e-02,1.76673457e-02,1.68592259e-02,1.60518456e-02,1.52487587e-02,1.44534018e-02,1.36690484e-02,1.28987692e-02,1.21453581e-02,1.14113512e-02,1.06989723e-02,1.00101409e-02,9.34645906e-03,8.70921649e-03,8.09940603e-03,7.51773175e-03,6.96461415e-03,6.44023670e-03,5.94454631e-03,5.47728827e-03,5.03801554e-03,4.62613767e-03,4.24090913e-03,3.88148730e-03,3.54693132e-03,3.23622511e-03
8.06164742e-03,8.81613791e-03,9.62541159e-03,1.04913507e-02,1.14155859e-02,1.23994751e-02,1.34440688e-02,1.45500368e-02,1.57176219e-02,1.69466045e-02,1.82362571e-02,1.95852574e-02,2.09917072e-02,2.24530362e-02,2.39660162e-02,2.55267061e-02,2.71304678e-02,2.87719034e-02,3.04449331e-02,3.21427286e-02,3.38578299e-02,3.55820879e-02,3.73067968e-02,3.90227288e-02,4.07201760e-02,4.23891135e-02,4.40192297e-02,4.56000455e-02,4.71211448e-02,4.85721268e-02,4.99428771e-02,5.12236431e-02,5.24052456e-02,5.34791276e-02,5.44376001e-02,5.52739017e-02,5.59823699e-02,5.65585233e-02,5.69991693e-02,5.73024899e-02,5.74680679e-02,5.74969053e-02,5.73914573e-02,5.71555495e-02,5.67943640e-02,5.63143343e-02,5.57230748e-02,5.50292097e-02,5.42422794e-02,5.33725657e-02,5.24309017e-02,5.14285304e-02,5.03769033e-02,4.92874831e-02,4.81716245e-02,4.70403172e-02,4.59040664e-02,4.47727405e-02,4.36554253e-02,4.25603166e-02,4.14946079e-02,4.04644497e-02,3.94748412e-02,3.85296233e-02,3.76314893e-02,3.67819592e-02,3.59814391e-02,3.52292471e-02,3.45237255e-02,3.38622555e-02,3.32414433e-02,3.26571688e-02,3.21047269e-02,3.15789729e-02,3.10744140e-02,3.05853952e-02,3.01061980e-02,2.96311677e-02,2.91548483e-02,2.86720768e-02,2.81781238e-02,2.76687294e-02,2.71402113e-02,2.65895240e-02,2.60142982e-02,2.54128817e-02,2.47843210e-02,2.41284128e-02,2.34456286e-02,2.27370933e-02,2.20045764e-02,2.12503616e-02,2.04772130e-02,1.96882822e-02,1.88870169e-02,1.80770811e-02,1.72622390e-02,1.64463203e-02,1.56330969e-02,1.48262205e-02,1.40291974e-02,1.32453032e-02,1.24775348e-02,1.17286155e-02,1.10009611e-02,1.02966353e-02,9.61740501e-03,8.96467920e-03,8.33957270e-03,7.74288736e-03,7.17512984e-03,6.63655857e-03,6.12717541e-03,5.64677129e-03,5.19493548e-03,4.77110129e-03,4.37453948e-03,4.00441373e-03,3.65978340e-03,3.33962613e-03
8.30931030e-03,9.08884872e-03,9.92516149e-03,1.08202025e-02,1.17756696e-02,1.27929775e-02,1.38732092e-02,1.50170596e-02,1.62247680e-02,1.74960978e-02,1.88302398e-02,2.02258229e-02,2.16808151e-02,2.31925026e-02,2.47574504e-02,2.63715181e-02,2.80297659e-02,2.97264904e-02,3.14552709e-02,3.32088657e-02,3.49793881e-02,3.67582180e-02,3.85361388e-02,4.03034166e-02,4.20497619e-02,4.37645987e-02,4.54370454e-02,4.70560789e-02,4.86106910e-02,5.00899702e-02,5.14832921e-02,5.27804643e-02,5.39718755e-02,5.50486296e-02,5.60027286e-02,5.68272397e-02,5.75163551e-02,5.80655411e-02,5.84716871e-02,5.87330908e-02,5.88495806e-02,5.88225164e-02,5.86547628e-02,5.83506823e-02,5.79160787e-02,5.73580600e-02,5.66850193e-02,5.59063852e-02,5.50325848e-02,5.40747717e-02,5.30447364e-02,5.19546308e-02,5.08168265e-02,4.96436991e-02,4.84474376e-02,4.72398214e-02,4.60321046e-02,4.48347852e-02,4.36575301e-02,4.25089896e-02,4.13967185e-02,4.03271094e-02,3.93053144e-02,3.83352190e-02,3.74194421e-02,3.65593433e-02,3.57550569e-02,3.50055732e-02,3.43087874e-02,3.36616300e-02,3.30601335e-02,3.24996151e-02,3.19747366e-02,3.14797275e-02,3.10084503e-02,3.05546019e-02,3.01118307e-02,2.96738781e-02,2.92347018e-02,2.87886001e-02,2.83303317e-02,2.78552026e-02,2.73591131e-02,2.68386789e-02,2.62912493e-02,2.57149376e-02,2.51086205e-02,2.44719777e-02,2.38054171e-02,2.31100619e-02,2.23876983e-02,2.16406938e-02,2.08719373e-02,2.00847127e-02,1.92826409e-02,1.84695721e-02,1.76494885e-02,1.68264173e-02,1.60043668e-02,1.51872076e-02,1.43786585e-02,1.35822138e-02,1.28010754e-02,1.20381620e-02,1.12960599e-02,1.05770109e-02,9.88292135e-03,9.21534467e-03,8.57551023e-03,7.96432793e-03,7.38239195e-03,6.83003664e-03,6.30732812e-03,5.81410434e-03,5.34999417e-03,4.91445744e-03,4.50678449e-03,4.12615016e-03,3.77161521e-03,3.44215566e-03
8.54957756e-03,9.35352966e-03,1.02162063e-02,1.11396387e-02,1.21255917e-02,1.31755378e-02,1.42905917e-02,1.54714724e-02,1.67184193e-02,1.80311706e-02,1.94088742e-02,2.08500586e-02,2.23525949e-02,2.39136145e-02,2.55294926e-02,2.71958541e-02,2.89074928e-02,3.06583997e-02,3.24417837e-02,3.42500210e-02,3.60747725e-02,3.79069485e-02,3.97368371e-02,4.15541455e-02,4.33480516e-02,4.51074168e-02,4.68207560e-02,4.84765023e-02,5.00630774e-02,5.15690334e-02,5.29832505e-02,5.42950667e-02,5.54944724e-02,5.65722138e-02,5.75200431e-02,5.83307780e-02,5.89985140e-02,5.95187210e-02,5.98882996e-02,6.01057336e-02,6.01711236e-02,6.00861534e-02,5.98541461e-02,5.94800264e-02,5.89701943e-02,5.83325028e-02,5.75760864e-02,5.67112528e-02,5.57492711e-02,5.47022484e-02,5.35828844e-02,5.24042919e-02,5.11797555e-02,4.99225371e-02,4.86456938e-02,4.73618023e-02,4.60828058e-02,4.48198952e-02,4.35832627e-02,4.23820205e-02,4.12240513e-02,4.01160121e-02,3.90631743e-02,3.80694568e-02,3.71373780e-02,3.62681262e-02,3.54615785e-02,3.47163603e-02,3.40299346e-02,3.33987288e-02,3.28182578e-02,3.22832055e-02,3.17876451e-02,3.13251466e-02,3.08889318e-02,3.04720588e-02,3.00675277e-02,2.96684690e-02,2.92682648e-02,2.88606603e-02,2.84399129e-02,2.80008633e-02,2.75390316e-02,2.70506702e-02,2.65328474e-02,2.59834379e-02,2.54011489e-02,2.47855354e-02,2.41369400e-02,2.34564692e-02,2.27459539e-02,2.20078193e-02,2.12450586e-02,2.04610936e-02,1.96597166e-02,1.88449621e-02,1.80210117e-02,1.71921123e-02,1.63624771e-02,1.55362105e-02,1.47172436e-02,1.39092859e-02,1.31157404e-02,1.23397252e-02,1.15839979e-02,1.08509827e-02,1.01427315e-02,9.46093537e-03,8.80694948e-03,8.18178989e-03,7.58614717e-03,7.02042878e-03,6.48477115e-03,5.97906532e-03,5.50297974e-03,5.05600823e-03,4.63745976e-03,4.24652314e-03,3.88226658e-03,3.54366377e-03
8.78151786e-03,9.60915349e-03,1.04974248e-02,1.14484373e-02,1.24640204e-02,1.35456994e-02,1.46946358e-02,1.59115642e-02,1.71967279e-02,1.85498446e-02,1.99700147e-02,2.14556865e-02,2.30046138e-02,2.46137846e-02,2.62793917e-02,2.79968362e-02,2.97606327e-02,3.15644704e-02,3.34011950e-02,3.52627933e-02,3.71404849e-02,3.90247144e-02,4.09052446e-02,4.27712798e-02,4.46114093e-02,4.64139171e-02,4.81667779e-02,4.98578139e-02,5.14749251e-02,5.30061014e-02,5.44397272e-02,5.57646900e-02,5.69705479e-02,5.80477417e-02,5.89877106e-02,5.97831309e-02,6.04279339e-02,6.09175973e-02,6.12490773e-02,6.14210591e-02,6.14338890e-02,6.12896048e-02,6.09920360e-02,6.05466254e-02,5.99604286e-02,5.92420176e-02,5.84013276e-02,5.74494973e-02,5.63987009e-02,5.52619621e-02,5.40529378e-02,5.27856611e-02,5.14743552e-02,5.01331836e-02,4.87760156e-02,4.74162437e-02,4.60665524e-02,4.47387211e-02,4.34435084e-02,4.21904474e-02,4.09877673e-02,3.98423560e-02,3.87595892e-02,3.77433971e-02,3.67962345e-02,3.59190777e-02,3.51115167e-02,3.43718305e-02,3.36970426e-02,3.30830887e-02,3.25249135e-02,3.20166349e-02,3.15516852e-02,3.11230123e-02,3.07231843e-02,3.03445980e-02,2.99796406e-02,2.96208225e-02,2.92609464e-02,2.88932100e-02,2.85113733e-02,2.81098131e-02,2.76836529e-02,2.72288062e-02,2.67420262e-02,2.62209810e-02,2.56641842e-02,2.50710715e-02,2.44419165e-02,2.37778071e-02,2.30805892e-02,2.23527625e-02,2.15974096e-02,2.08180975e-02,2.00187713e-02,1.92036442e-02,1.83770992e-02,1.75435841e-02,1.67075340e-02,1.58732664e-02,1.50449295e-02,1.42264459e-02,1.34214181e-02,1.26331579e-02,1.18646128e-02,1.11183701e-02,1.03966389e-02,9.70124640e-03,9.03368182e-03,8.39506555e-03,7.78618501e-03,7.20753288e-03,6.65930891e-03,6.14146423e-03,5.65371104e-03,5.19557763e-03,4.76639858e-03,4.36537713e-03,3.99158942e-03,3.64401285e-03
9.00422875e-03,9.85473488e-03,1.07677337e-02,1.17454091e-02,1.27896564e-02,1.39020579e-02,1.50838112e-02,1.63356811e-02,1.76579095e-02,1.90501958e-02,2.05115974e-02,2.20404863e-02,2.36345194e-02,2.52905283e-02,2.70045251e-02,2.87716892e-02,3.05862837e-02,3.24416757e-02,3.43303643e-02,3.62439491e-02,3.81732211e-02,4.01081294e-02,4.20379564e-02,4.39513586e-02,4.58363853e-02,4.76807281e-02,4.94718067e-02,5.11968657e-02,5.28432168e-02,5.43983653e-02,5.58501557e-02,5.71870357e-02,5.83981462e-02,5.94736040e-02,6.04046099e-02,6.11835644e-02,6.18043914e-02,6.22624829e-02,6.25549331e-02,6.26805574e-02,6.26400113e-02,6.24357052e-02,6.20719120e-02,6.15546629e-02,6.08916655e-02,6.00922182e-02,5.91670312e-02,5.81281185e-02,5.69885485e-02,5.57622723e-02,5.44638634e-02,5.31083047e-02,5.17107435e-02,5.02862334e-02,4.88494858e-02,4.74146642e-02,4.59951535e-02,4.46033515e-02,4.32505459e-02,4.19467092e-02,4.07003723e-02,3.95186506e-02,3.84070203e-02,3.73694189e-02,3.64081934e-02,3.55241299e-02,3.47165391e-02,3.39833274e-02,3.33210938e-02,3.27252708e-02,3.21902521e-02,3.17095742e-02,3.12760696e-02,3.08820195e-02,3.05193756e-02,3.01798955e-02,2.98553314e-02,2.95375921e-02,2.92188972e-02,2.88919155e-02,2.85498947e-02,2.81867757e-02,2.77972687e-02,2.73769405e-02,2.69222744e-02,2.64306683e-02,2.59004850e-02,2.53310222e-02,2.47224886e-02,2.40759254e-02,2.33932100e-02,2.26768907e-02,2.19301581e-02,2.11566966e-02,2.03606095e-02,1.95462797e-02,1.87182687e-02,1.78812463e-02,1.70398392e-02,1.61985904e-02,1.53618576e-02,1.45337610e-02,1.37181226e-02,1.29184388e-02,1.21378386e-02,1.13790780e-02,1.06445253e-02,9.93615016e-03,9.25556198e-03,8.60399939e-03,7.98234716e-03,7.39118131e-03,6.83077564e-03,6.30113762e-03,5.80203021e-03,5.33301290e-03,4.89345193e-03,4.48256824e-03,4.09944914e-03,3.74307437e-03
9.21684410e-03,1.00893173e-02,1.10260835e-02,1.20294075e-02,1.31012471e-02,1.42432433e-02,1.54566383e-02,1.67422183e-02,1.81002412e-02,1.95303820e-02,2.10316572e-02,2.26023681e-02,2.42400710e-02,2.59414650e-02,2.77023818e-02,2.95177884e-02,3.13816853e-02,3.32871377e-02,3.52263227e-02,3.71904336e-02,3.91698293e-02,4.11540121e-02,4.31317575e-02,4.50911894e-02,4.70198132e-02,4.89047430e-02,5.07328287e-02,5.24907485e-02,5.41652776e-02,5.57433441e-02,5.72123416e-02,5.85602261e-02,5.97757660e-02,6.08487427e-02,6.17700517e-02,6.25319853e-02,6.31282926e-02,6.35544062e-02,6.38074875e-02,6.38865307e-02,6.37924671e-02,6.35281131e-02,6.30981997e-02,6.25093132e-02,6.17698282e-02,6.08897582e-02,5.98806292e-02,5.87552786e-02,5.75276762e-02,5.62126897e-02,5.48258387e-02,5.33830188e-02,5.19002937e-02,5.03935851e-02,4.88784276e-02,4.73697521e-02,4.58816402e-02,4.44270931e-02,4.30178978e-02,4.16644290e-02,4.03755605e-02,3.91585715e-02,3.80190685e-02,3.69609594e-02,3.59864980e-02,3.50962803e-02,3.42893265e-02,3.35631743e-02,3.29140015e-02,3.23367529e-02,3.18252854e-02,3.13725583e-02,3.09707895e-02,3.06116547e-02,3.02864648e-02,2.99863573e-02,2.97024585e-02,2.94260941e-02,2.91489139e-02,2.88630500e-02,2.85612680e-02,2.82370448e-02,2.78847143e-02,2.74994895e-02,2.70775557e-02,2.66160946e-02,2.61132661e-02,2.55682524e-02,2.49811765e-02,2.43530534e-02,2.36857664e-02,2.29819138e-02,2.22447775e-02,2.14781612e-02,2.06863005e-02,1.98737532e-02,1.90452617e-02,1.82056874e-02,1.73598751e-02,1.65125523e-02,1.56682990e-02,1.48314377e-02,1.40059879e-02,1.31956376e-02,1.24036996e-02,1.16330935e-02,1.08863404e-02,1.01655610e-02,9.47248656e-03,8.80847313e-03,8.17450229e-03,7.57124042e-03,6.99902978e-03,6.45794347e-03,5.94779011e-03,5.46817249e-03,5.01848152e-03,4.59796377e-03,4.20571445e-03,3.84072354e-03
9.41854808e-03,1.03120049e-02,1.12714963e-02,1.22993588e-02,1.33976238e-02,1.45679871e-02,1.58117339e-02,1.71296820e-02,1.85220949e-02,1.99886430e-02,2.15283036e-02,2.31393129e-02,2.48191319e-02,2.65643243e-02,2.83705629e-02,3.02326027e-02,3.21442038e-02,3.40981372e-02,3.60862352e-02,3.80993225e-02,4.01273556e-02,4.21593599e-02,4.41836268e-02,4.61877584e-02,4.81587239e-02,5.00830710e-02,5.19470796e-02,5.37368767e-02,5.54386750e-02,5.70388958e-02,5.85244000e-02,5.98827414e-02,6.11022785e-02,6.21724427e-02,6.30838871e-02,6.38287067e-02,6.44005835e-02,6.47949055e-02,6.50089458e-02,6.50418773e-02,6.48949072e-02,6.45712316e-02,6.40760511e-02,6.34165257e-02,6.26016483e-02,6.16421811e-02,6.05504028e-02,5.93400225e-02,5.80258779e-02,5.66237420e-02,5.51500320e-02,5.36215976e-02,5.20553477e-02,5.04680946e-02,4.88761738e-02,4.72952500e-02,4.57400717e-02,4.42242399e-02,4.27600183e-02,4.13581990e-02,4.00279388e-02,3.87767181e-02,3.76102142e-02,3.65323499e-02,3.55452597e-02,3.46493497e-02,3.38433571e-02,3.31244767e-02,3.24884579e-02,3.19297686e-02,3.14417519e-02,3.10167950e-02,3.06465384e-02,3.03220525e-02,3.00340224e-02,2.97729876e-02,2.95294784e-02,2.92942300e-02,2.90583428e-02,2.88134255e-02,2.85517685e-02,2.82664057e-02,2.79512778e-02,2.76012663e-02,2.72122640e-02,2.67812144e-02,2.63061039e-02,2.57859658e-02,2.52208523e-02,2.46117376e-02,2.39605065e-02,2.32698061e-02,2.25429907e-02,2.17839722e-02,2.09971219e-02,2.01871525e-02,1.93589963e-02,1.85176861e-02,1.76682621e-02,1.68156605e-02,1.59646589e-02,1.51197836e-02,1.42852440e-02,1.34649184e-02,1.26622953e-02,1.18804649e-02,1.11220991e-02,1.03894603e-02,9.68441181e-03,9.00841970e-03,8.36256985e-03,7.74761243e-03,7.16396701e-03,6.61176862e-03,6.09087665e-03,5.60093671e-03,5.14137046e-03,4.71144449e-03,4.31027217e-03,3.93685047e-03
9.60856024e-03,1.05219400e-02,1.15030240e-02,1.25542320e-02,1.36776585e-02,1.48750581e-02,1.61477625e-02,1.74966268e-02,1.89219210e-02,2.04233136e-02,2.19997484e-02,2.36494094e-02,2.53696572e-02,2.71569472e-02,2.90067885e-02,3.09137497e-02,3.28713395e-02,3.48720588e-02,3.69074121e-02,3.89678702e-02,4.10429724e-02,4.31213155e-02,4.51907031e-02,4.72382270e-02,4.92503159e-02,5.12130000e-02,5.31119741e-02,5.49328290e-02,5.66612184e-02,5.82830571e-02,5.97847290e-02,6.11533187e-02,6.23768196e-02,6.34443164e-02,6.43462241e-02,6.50744438e-02,6.56225383e-02,6.59859404e-02,6.61619604e-02,6.61499724e-02,6.59514666e-02,6.55699745e-02,6.50111958e-02,6.42827973e-02,6.33944571e-02,6.23575971e-02,6.11852966e-02,5.98920658e-02,5.84936030e-02,5.70065826e-02,5.54483160e-02,5.38365170e-02,5.21889925e-02,5.05233742e-02,4.88567613e-02,4.72055674e-02,4.55851778e-02,4.40097675e-02,4.24920768e-02,4.10432704e-02,3.96727845e-02,3.83883007e-02,3.71955819e-02,3.60985287e-02,3.50991711e-02,3.41977403e-02,3.33926976e-02,3.26808989e-02,3.20576914e-02,3.15170810e-02,3.10519077e-02,3.06540243e-02,3.03145051e-02,3.00238263e-02,2.97721010e-02,2.95492709e-02,2.93452851e-02,2.91503202e-02,2.89549418e-02,2.87502557e-02,2.85280664e-02,2.82810032e-02,2.80026160e-02,2.76874471e-02,2.73311157e-02,2.69303210e-02,2.64828652e-02,2.59876549e-02,2.54446436e-02,2.48547643e-02,2.42199022e-02,2.35427469e-02,2.28267014e-02,2.20757928e-02,2.12945156e-02,2.04877257e-02,1.96605250e-02,1.88181214e-02,1.79657415e-02,1.71085224e-02,1.62514336e-02,1.53991878e-02,1.45561928e-02,1.37265045e-02,1.29137905e-02,1.21212946e-02,1.13518527e-02,1.06078647e-02,9.89131816e-03,9.20379534e-03,8.54648184e-03,7.92021304e-03,7.32549001e-03,6.76250691e-03,6.23117900e-03,5.73119055e-03,5.26199816e-03,4.82289353e-03,4.41300590e-03,4.03134059e-03
9.78615507e-03,1.07183205e-02,1.17197921e-02,1.27930641e-02,1.39402989e-02,1.51633099e-02,1.64634828e-02,1.78417005e-02,1.92982573e-02,2.08328124e-02,2.24442966e-02,2.41308324e-02,2.58897152e-02,2.77172793e-02,2.96088941e-02,3.15589383e-02,3.35606895e-02,3.56063992e-02,3.76872756e-02,3.97934206e-02,4.19139862e-02,4.40371446e-02,4.61502373e-02,4.82398681e-02,5.02919517e-02,5.22919632e-02,5.42250797e-02,5.60763478e-02,5.78308813e-02,5.94740883e-02,6.09918684e-02,6.23708852e-02,6.35987371e-02,6.46641850e-02,6.55573830e-02,6.62700683e-02,6.67957067e-02,6.71296865e-02,6.72694221e-02,6.72144517e-02,6.69665188e-02,6.65295422e-02,6.59096241e-02,6.51150048e-02,6.41559213e-02,6.30445331e-02,6.17946237e-02,6.04215227e-02,5.89417592e-02,5.73728532e-02,5.57329729e-02,5.40407263e-02,5.23147285e-02,5.05734123e-02,4.88346592e-02,4.71155606e-02,4.54321280e-02,4.37990837e-02,4.22296189e-02,4.07352746e-02,3.93257663e-02,3.80089395e-02,3.67906541e-02,3.56747918e-02,3.46632972e-02,3.37562077e-02,3.29517499e-02,3.22464444e-02,3.16352658e-02,3.11117768e-02,3.06683443e-02,3.02963071e-02,2.99861897e-02,2.97279339e-02,2.95110736e-02,2.93249916e-02,2.91590896e-02,2.90029999e-02,2.88467761e-02,2.86810286e-02,2.84971334e-02,2.82872748e-02,2.80446429e-02,2.77634598e-02,2.74390634e-02,2.70679202e-02,2.66476385e-02,2.61770058e-02,2.56558638e-02,2.50851084e-02,2.44666077e-02,2.38030721e-02,2.30979770e-02,2.23554317e-02,2.15800516e-02,2.07768306e-02,1.99510120e-02,1.91079862e-02,1.82531551e-02,1.73918381e-02,1.65291894e-02,1.56701151e-02,1.48191992e-02,1.39806783e-02,1.31583884e-02,1.23557383e-02,1.15757063e-02,1.08208293e-02,1.00932252e-02,9.39458422e-03,8.72619636e-03,8.08898360e-03,7.48352241e-03,6.91007124e-03,6.36859657e-03,5.85883064e-03,5.38026122e-03,4.93220426e-03,4.51380806e-03,4.12408821e-03
9.95064247e-03,1.09003885e-02,1.19209634e-02,1.30149350e-02,1.41845392e-02,1.54316463e-02,1.67576969e-02,1.81636065e-02,1.96496993e-02,2.12156344e-02,2.28603315e-02,2.45818645e-02,2.63774656e-02,2.82433704e-02,3.01748067e-02,3.21659893e-02,3.42099965e-02,3.62988263e-02,3.84233817e-02,4.05734591e-02,4.27378230e-02,4.49042656e-02,4.70596366e-02,4.91901115e-02,5.12810908e-02,5.33175282e-02,5.52840866e-02,5.71652688e-02,5.89457005e-02,6.06102832e-02,6.21444508e-02,6.35344163e-02,6.47674277e-02,6.58319220e-02,6.67177811e-02,6.74165785e-02,6.79216683e-02,6.82284236e-02,6.83343038e-02,6.82390481e-02,6.79445863e-02,6.74552247e-02,6.67774677e-02,6.59200549e-02,6.48938194e-02,6.37115687e-02,6.23878054e-02,6.09386042e-02,5.93812913e-02,5.77342175e-02,5.60163930e-02,5.42472154e-02,5.24461195e-02,5.06323129e-02,4.88244072e-02,4.70401421e-02,4.52961400e-02,4.36076336e-02,4.19882685e-02,4.04499322e-02,3.90026048e-02,3.76543105e-02,3.64109799e-02,3.52765135e-02,3.42527591e-02,3.33395936e-02,3.25350091e-02,3.18352282e-02,3.12348567e-02,3.07270680e-02,3.03037688e-02,2.99558155e-02,2.96732374e-02,2.94454433e-02,2.92614438e-02,2.91100908e-02,2.89802533e-02,2.88610607e-02,2.87420601e-02,2.86134183e-02,2.84660608e-02,2.82917954e-02,2.80834343e-02,2.78348885e-02,2.75412183e-02,2.71986667e-02,2.68046651e-02,2.63578445e-02,2.58579645e-02,2.53058504e-02,2.47033630e-02,2.40532346e-02,2.33589783e-02,2.26247869e-02,2.18553897e-02,2.10558940e-02,2.02316921e-02,1.93883311e-02,1.85313877e-02,1.76663436e-02,1.67985409e-02,1.59330592e-02,1.50746629e-02,1.42277498e-02,1.33963274e-02,1.25839524e-02,1.17937606e-02,1.10284118e-02,1.02901459e-02,9.58077330e-03,8.90167244e-03,8.25386122e-03,7.63798412e-03,7.05436757e-03,6.50303159e-03,5.98374894e-03,5.49604557e-03,5.03926072e-03,4.61256318e-03,4.21497971e-03
1.01013882e-02,1.10674426e-02,1.21057667e-02,1.32190036e-02,1.44094508e-02,1.56790540e-02,1.70292985e-02,1.84611436e-02,1.99749451e-02,2.15703752e-02,2.32463386e-02,2.50008795e-02,2.68311705e-02,2.87333578e-02,3.07025630e-02,3.27328369e-02,3.48170809e-02,3.69470380e-02,3.91133688e-02,4.13055457e-02,4.35119979e-02,4.57201116e-02,4.79163527e-02,5.00864051e-02,5.22152185e-02,5.42872585e-02,5.62866703e-02,5.81974648e-02,6.00037426e-02,6.16899505e-02,6.32410645e-02,6.46428689e-02,6.58822507e-02,6.69473261e-02,6.78277314e-02,6.85148314e-02,6.90018982e-02,6.92842528e-02,6.93594366e-02,6.92272857e-02,6.88899904e-02,6.83521405e-02,6.76206350e-02,6.67047128e-02,6.56157359e-02,6.43671006e-02,6.29740283e-02,6.14532754e-02,5.98229505e-02,5.81021495e-02,5.63107021e-02,5.44687435e-02,5.25965318e-02,5.07139377e-02,4.88403067e-02,4.69939895e-02,4.51921895e-02,4.34506349e-02,4.17833962e-02,4.02026996e-02,3.87187824e-02,3.73398401e-02,3.60718928e-02,3.49188596e-02,3.38824913e-02,3.29625420e-02,3.21567841e-02,3.14611718e-02,3.08699906e-02,3.03760245e-02,2.99707688e-02,2.96446513e-02,2.93872152e-02,2.91873924e-02,2.90336963e-02,2.89144833e-02,2.88181268e-02,2.87332796e-02,2.86490321e-02,2.85551026e-02,2.84420103e-02,2.83011775e-02,2.81250887e-02,2.79073380e-02,2.76427157e-02,2.73272544e-02,2.69581899e-02,2.65340265e-02,2.60544047e-02,2.55201086e-02,2.49329582e-02,2.42956989e-02,2.36118883e-02,2.28857864e-02,2.21222024e-02,2.13263687e-02,2.05038171e-02,1.96602345e-02,1.88013446e-02,1.79328062e-02,1.70601178e-02,1.61885396e-02,1.53229907e-02,1.44680403e-02,1.36278495e-02,1.28061231e-02,1.20061338e-02,1.12306755e-02,1.04821138e-02,9.76235420e-03,9.07287747e-03,8.41478538e-03,7.78879877e-03,7.19530508e-03,6.63437927e-03,6.10583648e-03,5.60923619e-03,5.14394837e-03,4.70915530e-03,4.30389913e-03
1.02378093e-02,1.12188365e-02,1.22734886e-02,1.34044774e-02,1.46141769e-02,1.59045868e-02,1.72772557e-02,1.87331885e-02,2.02727728e-02,2.18956973e-02,2.36008633e-02,2.53863093e-02,2.72491463e-02,2.91854665e-02,3.11902687e-02,3.32574770e-02,3.53798047e-02,3.75488214e-02,3.97549234e-02,4.19872999e-02,4.42340598e-02,4.64822203e-02,4.87178601e-02,5.09262457e-02,5.30918725e-02,5.51987439e-02,5.72305210e-02,5.91707267e-02,6.10030070e-02,6.27113134e-02,6.42801896e-02,6.56950623e-02,6.69423938e-02,6.80100247e-02,6.88873306e-02,6.95654750e-02,7.00376183e-02,7.02990592e-02,7.03473315e-02,7.01824203e-02,6.98066801e-02,6.92250133e-02,6.84446618e-02,6.74752891e-02,6.63287640e-02,6.50190562e-02,6.35619909e-02,6.19750209e-02,6.02769293e-02,5.84875681e-02,5.66274635e-02,5.47175333e-02,5.27786799e-02,5.08315340e-02,4.88960370e-02,4.69911695e-02,4.51346561e-02,4.33427021e-02,4.16297913e-02,4.00084667e-02,3.84892300e-02,3.70804295e-02,3.57882082e-02,3.46164592e-02,3.35669331e-02,3.26392390e-02,3.18309627e-02,3.11378129e-02,3.05537954e-02,3.00713517e-02,2.96816174e-02,2.93745939e-02,2.91394144e-02,2.89645512e-02,2.88380794e-02,2.87478715e-02,2.86818817e-02,2.86282934e-02,2.85757799e-02,2.85136383e-02,2.84320079e-02,2.83219609e-02,2.81756371e-02,2.79863495e-02,2.77486444e-02,2.74583176e-02,2.71124430e-02,2.67093629e-02,2.62486357e-02,2.57309657e-02,2.51581445e-02,2.45329123e-02,2.38588620e-02,2.31403001e-02,2.23821346e-02,2.15896927e-02,2.07686163e-02,1.99247301e-02,1.90639086e-02,1.81919560e-02,1.73145272e-02,1.64370406e-02,1.55645739e-02,1.47018526e-02,1.38531756e-02,1.30224014e-02,1.22129321e-02,1.14276865e-02,1.06691401e-02,9.93930455e-03,9.23976116e-03,8.57168622e-03,7.93587789e-03,7.33278412e-03,6.76252879e-03,6.22497452e-03,5.71971387e-03,5.24614006e-03,4.80345963e-03,4.39072493e-03
1.03593618e-02,1.13539742e-02,1.24234669e-02,1.35706272e-02,1.47979008e-02,1.61073543e-02,1.75005924e-02,1.89786684e-02,2.05420163e-02,2.21903417e-02,2.39225645e-02,2.57367007e-02,2.76298411e-02,2.95980051e-02,3.16361189e-02,3.37379836e-02,3.58961783e-02,3.81020568e-02,4.03458290e-02,4.26164009e-02,4.49016020e-02,4.71881218e-02,4.94616665e-02,5.17071187e-02,5.39085343e-02,5.60494997e-02,5.81132248e-02,6.00827783e-02,6.19413294e-02,6.36724159e-02,6.52601644e-02,6.66895807e-02,6.79468066e-02,6.90193400e-02,6.98963553e-02,7.05687702e-02,7.10296482e-02,7.12741986e-02,7.13000074e-02,7.11071044e-02,7.06980675e-02,7.00779483e-02,6.92543834e-02,6.82373866e-02,6.70392811e-02,6.56745583e-02,6.41595945e-02,6.25124723e-02,6.07526079e-02,5.89005090e-02,5.69773912e-02,5.50048389e-02,5.30044325e-02,5.09974360e-02,4.90043759e-02,4.70448136e-02,4.51369807e-02,4.32975180e-02,4.15413119e-02,3.98812145e-02,3.83279659e-02,3.68900970e-02,3.55738476e-02,3.43831591e-02,3.33197415e-02,3.23831029e-02,3.15706842e-02,3.08779981e-02,3.02987769e-02,2.98251864e-02,2.94480175e-02,2.91569121e-02,2.89406255e-02,2.87872422e-02,2.86844093e-02,2.86196005e-02,2.85803378e-02,2.85544135e-02,2.85300985e-02,2.84963250e-02,2.84428503e-02,2.83604302e-02,2.82408968e-02,2.80772951e-02,2.78639067e-02,2.75963396e-02,2.72714812e-02,2.68875398e-02,2.64439676e-02,2.59413887e-02,2.53815614e-02,2.47672182e-02,2.41019633e-02,2.33901646e-02,2.26367787e-02,2.18472295e-02,2.10272614e-02,2.01828238e-02,1.93199199e-02,1.84444934e-02,1.75623409e-02,1.66790262e-02,1.57997757e-02,1.49294529e-02,1.40725058e-02,1.32329185e-02,1.24142263e-02,1.16194598e-02,1.08512072e-02,1.01115815e-02,9.40224994e-03,8.72447155e-03,8.07911064e-03,7.46667758e-03,6.88734977e-03,6.34102663e-03,5.82733564e-03,5.34569891e-03,4.89533832e-03,4.47531929e-03
1.04655623e-02,1.14723109e-02,1.25550963e-02,1.37167852e-02,1.49598867e-02,1.62865408e-02,1.76984072e-02,1.91966072e-02,2.07815934e-02,2.24531330e-02,2.42101513e-02,2.60506533e-02,2.79717296e-02,2.99693495e-02,3.20383757e-02,3.41725163e-02,3.63642052e-02,3.86046693e-02,4.08838876e-02,4.31905761e-02,4.55122627e-02,4.78353687e-02,5.01452573e-02,5.24264574e-02,5.46626449e-02,5.68369888e-02,5.89322858e-02,6.09311685e-02,6.28164187e-02,6.45711049e-02,6.61789924e-02,6.76247105e-02,6.88940361e-02,6.99741989e-02,7.08540827e-02,7.15244561e-02,7.19781891e-02,7.22104460e-02,7.22187757e-02,7.20033050e-02,7.15666935e-02,7.09142312e-02,7.00537711e-02,6.89956844e-02,6.77526966e-02,6.63397387e-02,6.47736788e-02,6.30731657e-02,6.12581819e-02,5.93498200e-02,5.73699437e-02,5.53407222e-02,5.32843582e-02,5.12226820e-02,4.91768010e-02,4.71667834e-02,4.52113338e-02,4.33275253e-02,4.15305793e-02,3.98336984e-02,3.82478237e-02,3.67816947e-02,3.54416408e-02,3.42316814e-02,3.31534967e-02,3.22065465e-02,3.13881375e-02,3.06936298e-02,3.01165413e-02,2.96487771e-02,2.92808600e-02,2.90021189e-02,2.88009699e-02,2.86651328e-02,2.85819136e-02,2.85384133e-02,2.85217892e-02,2.85194609e-02,2.85193436e-02,2.85100229e-02,2.84809433e-02,2.84225419e-02,2.83263717e-02,2.81852186e-02,2.79931482e-02,2.77455486e-02,2.74391510e-02,2.70720255e-02,2.66435090e-02,2.61541680e-02,2.56056897e-02,2.50008050e-02,2.43431274e-02,2.36370470e-02,2.28875764e-02,2.21002214e-02,2.12808140e-02,2.04354096e-02,1.95701234e-02,1.86910275e-02,1.78040452e-02,1.69148762e-02,1.60288792e-02,1.51510555e-02,1.42859770e-02,1.34377563e-02,1.26100387e-02,1.18059814e-02,1.10282646e-02,1.02790995e-02,9.56023671e-03,8.87301378e-03,8.21835920e-03,7.59684201e-03,7.00868666e-03,6.45383634e-03,5.93194738e-03,5.44246612e-03,4.98463586e-03,4.55753226e-03
1.05559770e-02,1.15733594e-02,1.26678376e-02,1.38423461e-02,1.50994649e-02,1.64414030e-02,1.78698841e-02,1.93860829e-02,2.09905151e-02,2.26829629e-02,2.44624056e-02,2.63268575e-02,2.82733887e-02,3.02979574e-02,3.23953666e-02,3.45592648e-02,3.67819779e-02,3.90545949e-02,4.13669422e-02,4.37075123e-02,4.60636541e-02,4.84214686e-02,5.07660657e-02,5.30816466e-02,5.53515218e-02,5.75585030e-02,5.96850067e-02,6.17132746e-02,6.36256784e-02,6.54049218e-02,6.70343861e-02,6.84983283e-02,6.97822422e-02,7.08730072e-02,7.17592910e-02,7.24316388e-02,7.28828087e-02,7.31078014e-02,7.31041878e-02,7.28720799e-02,7.24142343e-02,7.17360750e-02,7.08456859e-02,6.97537065e-02,6.84731752e-02,6.70194179e-02,6.54097423e-02,6.36632368e-02,6.18004166e-02,5.98429181e-02,5.78131005e-02,5.57337031e-02,5.36274873e-02,5.15167862e-02,4.94232401e-02,4.73673642e-02,4.53683212e-02,4.34435718e-02,4.16086987e-02,3.98771502e-02,3.82601507e-02,3.67666185e-02,3.54029946e-02,3.41733769e-02,3.30794603e-02,3.21206823e-02,3.12942713e-02,3.05954441e-02,3.00175641e-02,2.95523386e-02,2.91900430e-02,2.89197583e-02,2.87296157e-02,2.86070406e-02,2.85390243e-02,2.85123456e-02,2.85138395e-02,2.85306051e-02,2.85502579e-02,2.85610631e-02,2.85521820e-02,2.85137556e-02,2.84371134e-02,2.83147786e-02,2.81406026e-02,2.79098097e-02,2.76189521e-02,2.72659734e-02,2.68500969e-02,2.63718124e-02,2.58327667e-02,2.52356417e-02,2.45840587e-02,2.38824282e-02,2.31358111e-02,2.23497599e-02,2.15301942e-02,2.06832476e-02,1.98151395e-02,1.89320501e-02,1.80400256e-02,1.71448812e-02,1.62520930e-02,1.53667890e-02,1.44936554e-02,1.36369225e-02,1.28003499e-02,1.19871851e-02,1.12002166e-02,1.04417400e-02,9.71358269e-03,9.01715923e-03,8.35345872e-03,7.72310421e-03,7.12636439e-03,6.56322390e-03,6.03336794e-03,5.53626847e-03,5.07118274e-03,4.63720039e-03
1.06302183e-02,1.16566857e-02,1.27611998e-02,1.39467595e-02,1.52160209e-02,1.65712554e-02,1.80142559e-02,1.95462611e-02,2.11678334e-02,2.28788219e-02,2.46782154e-02,2.65640728e-02,2.85334736e-02,3.05823609e-02,3.27055119e-02,3.48965190e-02,3.71476449e-02,3.94498669e-02,4.17928770e-02,4.41650152e-02,4.65534031e-02,4.89439517e-02,5.13215214e-02,5.36699891e-02,5.59723899e-02,5.82112297e-02,6.03685267e-02,6.24262094e-02,6.43662810e-02,6.61710948e-02,6.78236485e-02,6.93079010e-02,7.06090108e-02,7.17136115e-02,7.26100802e-02,7.32887611e-02,7.37422258e-02,7.39654228e-02,7.39558041e-02,7.37134516e-02,7.32411817e-02,7.25445375e-02,7.16317296e-02,7.05136061e-02,6.92034587e-02,6.77169412e-02,6.60717040e-02,6.42872229e-02,6.23844452e-02,6.03854433e-02,5.83130606e-02,5.61905205e-02,5.40410317e-02,5.18874153e-02,4.97517586e-02,4.76549976e-02,4.56167124e-02,4.36547138e-02,4.17848937e-02,4.00210135e-02,3.83745283e-02,3.68545242e-02,3.54676060e-02,3.42179500e-02,3.31073068e-02,3.21351103e-02,3.12985405e-02,3.05927470e-02,3.00109666e-02,2.95447577e-02,2.91842241e-02,2.89182197e-02,2.87346691e-02,2.86207404e-02,2.85631698e-02,2.85484754e-02,2.85632182e-02,2.85942238e-02,2.86288336e-02,2.86550540e-02,2.86617856e-02,2.86389478e-02,2.85775997e-02,2.84700841e-02,2.83100549e-02,2.80925464e-02,2.78139841e-02,2.74721626e-02,2.70662140e-02,2.65965313e-02,2.60647200e-02,2.54734140e-02,2.48262305e-02,2.41275802e-02,2.33825520e-02,2.25967467e-02,2.17761360e-02,2.09269319e-02,2.00554337e-02,1.91679243e-02,1.82705410e-02,1.73692089e-02,1.64695140e-02,1.55766830e-02,1.46955196e-02,1.38303498e-02,1.29850339e-02,1.21629238e-02,1.13668870e-02,1.05993059e-02,9.86208115e-03,9.15669184e-03,8.48418567e-03,7.84523599e-03,7.24015944e-03,6.66896999e-03,6.13138452e-03,5.62689686e-03,5.15478011e-03,4.71413415e-03
1.06879557e-02,1.17219184e-02,1.28347613e-02,1.40295532e-02,1.53090172e-02,1.66754965e-02,1.81308500e-02,1.96763780e-02,2.13127136e-02,2.30397452e-02,2.48565227e-02,2.67611407e-02,2.87506972e-02,3.08211483e-02,3.29672620e-02,3.51826064e-02,3.74593884e-02,3.97885144e-02,4.21595722e-02,4.45607863e-02,4.69791144e-02,4.94002961e-02,5.18089309e-02,5.41887097e-02,5.65223992e-02,5.87921739e-02,6.09798133e-02,6.30668998e-02,6.50351048e-02,6.68664798e-02,6.85436949e-02,7.00503960e-02,7.13714510e-02,7.24932104e-02,7.34037980e-02,7.40934014e-02,7.45543614e-02,7.47814775e-02,7.47721046e-02,7.45263025e-02,7.40468577e-02,7.33393505e-02,7.24120960e-02,7.12760612e-02,6.99447468e-02,6.84339926e-02,6.67617694e-02,6.49478361e-02,6.30134791e-02,6.09811544e-02,5.88740855e-02,5.67158610e-02,5.45301549e-02,5.23401462e-02,5.01683243e-02,4.80360277e-02,4.59631421e-02,4.39678580e-02,4.20663655e-02,4.02726866e-02,3.85985039e-02,3.70531045e-02,3.56432572e-02,3.43732275e-02,3.32448706e-02,3.22576351e-02,3.14087197e-02,3.06932218e-02,3.01043112e-02,2.96334624e-02,2.92706210e-02,2.90045291e-02,2.88229175e-02,2.87127811e-02,2.86606438e-02,2.86528133e-02,2.86756363e-02,2.87157129e-02,2.87601650e-02,2.87967678e-02,2.88142227e-02,2.88022179e-02,2.87516452e-02,2.86546275e-02,2.85046715e-02,2.82966439e-02,2.80268304e-02,2.76929028e-02,2.72938963e-02,2.68301237e-02,2.63031125e-02,2.57154740e-02,2.50707846e-02,2.43734568e-02,2.36285888e-02,2.28418056e-02,2.20191311e-02,2.11668350e-02,2.02912837e-02,1.93988197e-02,1.84956826e-02,1.75878815e-02,1.66810919e-02,1.57806389e-02,1.48914242e-02,1.40178585e-02,1.31639019e-02,1.23329787e-02,1.15280449e-02,1.07515538e-02,1.00054769e-02,9.29135177e-03,8.61028023e-03,7.96298590e-03,7.34981894e-03,6.77083014e-03,6.22576103e-03,5.71412407e-03,5.23520913e-03,4.78812354e-03
1.07289040e-02,1.17687285e-02,1.28881484e-02,1.40903005e-02,1.53779741e-02,1.67535804e-02,1.82190463e-02,1.97757445e-02,2.14243680e-02,2.31648739e-02,2.49963645e-02,2.69169807e-02,2.89238654e-02,3.10130026e-02,3.31791714e-02,3.54159288e-02,3.77154686e-02,4.00686599e-02,4.24650013e-02,4.48926389e-02,4.73384261e-02,4.97879311e-02,5.22256270e-02,5.46349734e-02,5.69985397e-02,5.92982508e-02,6.15156442e-02,6.36320040e-02,6.56287447e-02,6.74876124e-02,6.91910163e-02,7.07223043e-02,7.20660612e-02,7.32083991e-02,7.41372034e-02,7.48423859e-02,7.53161609e-02,7.55531266e-02,7.55505413e-02,7.53083304e-02,7.48292506e-02,7.41188377e-02,7.31854737e-02,7.20401332e-02,7.06964731e-02,6.91704676e-02,6.74802586e-02,6.56458363e-02,6.36887401e-02,6.16316795e-02,5.94982207e-02,5.73122576e-02,5.50977476e-02,5.28782718e-02,5.06766103e-02,4.85144295e-02,4.64119539e-02,4.43876646e-02,4.24580164e-02,4.06372994e-02,3.89374197e-02,3.73678692e-02,3.59355733e-02,3.46449651e-02,3.34979706e-02,3.24941203e-02,3.16306651e-02,3.09026986e-02,3.03033944e-02,2.98241433e-02,2.94548608e-02,2.91841812e-02,2.89997142e-02,2.88883317e-02,2.88364217e-02,2.88301278e-02,2.88556349e-02,2.88993791e-02,2.89483014e-02,2.89900154e-02,2.90130209e-02,2.90068667e-02,2.89622508e-02,2.88711675e-02,2.87269503e-02,2.85243429e-02,2.82594860e-02,2.79299635e-02,2.75346972e-02,2.70739179e-02,2.65490897e-02,2.59627700e-02,2.53185015e-02,2.46206839e-02,2.38744058e-02,2.30853111e-02,2.22594440e-02,2.14031115e-02,2.05227342e-02,1.96247175e-02,1.87153667e-02,1.78007521e-02,1.68866403e-02,1.59784369e-02,1.50811113e-02,1.41991666e-02,1.33366389e-02,1.24970255e-02,1.16833551e-02,1.08981477e-02,1.01434337e-02,9.42080934e-03,8.73142295e-03,8.07603542e-03,7.45503791e-03,6.86851004e-03,6.31621480e-03,5.79768373e-03,5.31221833e-03,4.85893339e-03
1.07528493e-02,1.17968684e-02,1.29210716e-02,1.41286654e-02,1.54224997e-02,1.68050565e-02,1.82783343e-02,1.98437683e-02,2.15021316e-02,2.32534446e-02,2.50968747e-02,2.70306282e-02,2.90518980e-02,3.11567094e-02,3.33398841e-02,3.55949961e-02,3.79142426e-02,4.02884707e-02,4.27071825e-02,4.51584198e-02,4.76289988e-02,5.01043797e-02,5.25689051e-02,5.50058968e-02,5.73977493e-02,5.97262122e-02,6.19725846e-02,6.41179532e-02,6.61434904e-02,6.80306926e-02,6.97617233e-02,7.13196620e-02,7.26888403e-02,7.38551170e-02,7.48061910e-02,7.55317062e-02,7.60236904e-02,7.62765482e-02,7.62873739e-02,7.60559663e-02,7.55849853e-02,7.48798698e-02,7.39489347e-02,7.28032216e-02,7.14563504e-02,6.99243695e-02,6.82255179e-02,6.63799196e-02,6.44092634e-02,6.23364672e-02,6.01852722e-02,5.79798259e-02,5.57443649e-02,5.35026789e-02,5.12778498e-02,4.90918010e-02,4.69650403e-02,4.49162982e-02,4.29623015e-02,4.11175564e-02,3.93942147e-02,3.78019549e-02,3.63479033e-02,3.50366384e-02,3.38702127e-02,3.28482911e-02,3.19681764e-02,3.12250443e-02,3.06120738e-02,3.01206931e-02,2.97407899e-02,2.94609591e-02,2.92687733e-02,2.91510262e-02,2.90940199e-02,2.90838052e-02,2.91064642e-02,2.91483123e-02,2.91961618e-02,2.92375050e-02,2.92607248e-02,2.92552132e-02,2.92115659e-02,2.91216318e-02,2.89786216e-02,2.87771691e-02,2.85133030e-02,2.81845033e-02,2.77895927e-02,2.73287315e-02,2.68033054e-02,2.62158159e-02,2.55697668e-02,2.48695202e-02,2.41201576e-02,2.33273059e-02,2.24970281e-02,2.16356479e-02,2.07496155e-02,1.98453851e-02,1.89293027e-02,1.80075038e-02,1.70858093e-02,1.61696859e-02,1.52641814e-02,1.43738622e-02,1.35028288e-02,1.26546435e-02,1.18324002e-02,1.10386731e-02,1.02755483e-02,9.54466872e-03,8.84722359e-03,8.18401854e-03,7.55546661e-03,6.96167722e-03,6.40243245e-03,5.87727921e-03,5.38552972e-03,4.92630294e-03
1.07596274e-02,1.18061379e-02,1.29332989e-02,1.41443685e-02,1.54422717e-02,1.68295465e-02,1.83082689e-02,1.98799465e-02,2.15454176e-02,2.33047903e-02,2.51572989e-02,2.71012187e-02,2.91338116e-02,3.12511697e-02,3.34481634e-02,3.57184149e-02,3.80541608e-02,4.04462554e-02,4.28841971e-02,4.53560501e-02,4.78485562e-02,5.03471531e-02,5.28360792e-02,5.52986003e-02,5.77169359e-02,6.00727350e-02,6.23471364e-02,6.45210445e-02,6.65754527e-02,6.84916377e-02,7.02515468e-02,7.18380287e-02,7.32352287e-02,7.44287595e-02,7.54060596e-02,7.61565864e-02,7.66721293e-02,7.69469142e-02,7.69778192e-02,7.67644718e-02,7.63093904e-02,7.56178573e-02,7.46980980e-02,7.35610500e-02,7.22202733e-02,7.06918091e-02,6.89938962e-02,6.71466812e-02,6.51719198e-02,6.30926341e-02,6.09326735e-02,5.87163530e-02,5.64680360e-02,5.42117357e-02,5.19707091e-02,4.97671291e-02,4.76216972e-02,4.55533601e-02,4.35790978e-02,4.17136289e-02,3.99693176e-02,3.83560471e-02,3.68811451e-02,3.55493575e-02,3.43629159e-02,3.33215967e-02,3.24228592e-02,3.16619650e-02,3.10321897e-02,3.05250064e-02,3.01303547e-02,2.98368596e-02,2.96320952e-02,2.95028426e-02,2.94353850e-02,2.94157527e-02,2.94299461e-02,2.94642448e-02,2.95053907e-02,2.95407902e-02,2.95587461e-02,2.95485649e-02,2.95007415e-02,2.94070449e-02,2.92605814e-02,2.90558841e-02,2.87888944e-02,2.84570009e-02,2.80589424e-02,2.75948010e-02,2.70658899e-02,2.64746416e-02,2.58245077e-02,2.51198206e-02,2.43656076e-02,2.35674977e-02,2.27315258e-02,2.18640361e-02,2.09714845e-02,2.00603381e-02,1.91369858e-02,1.82075985e-02,1.72780454e-02,1.63538437e-02,1.54400840e-02,1.45413931e-02,1.36619238e-02,1.28052980e-02,1.19746579e-02,1.11726262e-02,1.04013337e-02,9.66246426e-03,8.95724725e-03,8.28651246e-03,7.65070459e-03,7.04995403e-03,6.48405962e-03,5.95257990e-03,5.45483362e-03,4.98994906e-03
1.07491426e-02,1.17964186e-02,1.29246749e-02,1.41372327e-02,1.54370656e-02,1.68267842e-02,1.83085296e-02,1.98838860e-02,2.15537716e-02,2.33183708e-02,2.51769945e-02,2.71280110e-02,2.91687567e-02,3.12954001e-02,3.35028954e-02,3.57849263e-02,3.81337889e-02,4.05404046e-02,4.29942980e-02,4.54835519e-02,4.79949303e-02,5.05138487e-02,5.30245453e-02,5.55101968e-02,5.79530075e-02,6.03345037e-02,6.26357347e-02,6.48374707e-02,6.69205636e-02,6.88661411e-02,7.06559420e-02,7.22726956e-02,7.37002864e-02,7.49241412e-02,7.59314597e-02,7.67115131e-02,7.72558376e-02,7.75584504e-02,7.76160136e-02,7.74279237e-02,7.69964904e-02,7.63268396e-02,7.54269734e-02,7.43076727e-02,7.29824007e-02,7.14670345e-02,6.97797388e-02,6.79406226e-02,6.59713969e-02,6.38950765e-02,6.17355332e-02,5.95171303e-02,5.72643504e-02,5.50012738e-02,5.27513288e-02,5.05368002e-02,4.83785830e-02,4.62958291e-02,4.43056710e-02,4.24230583e-02,4.06605527e-02,3.90282460e-02,3.75336632e-02,3.61817479e-02,3.49749252e-02,3.39131504e-02,3.29940245e-02,3.22129764e-02,3.15634049e-02,3.10369059e-02,3.06235198e-02,3.03119440e-02,3.00898254e-02,2.99440138e-02,2.98608150e-02,2.98262741e-02,2.98264138e-02,2.98475176e-02,2.98763011e-02,2.99001466e-02,2.99073216e-02,2.98871025e-02,2.98299138e-02,2.97274608e-02,2.95728054e-02,2.93603931e-02,2.90860999e-02,2.87472308e-02,2.83424538e-02,2.78717633e-02,2.73364075e-02,2.67387498e-02,2.60821916e-02,2.53709853e-02,2.46101320e-02,2.38052197e-02,2.29622591e-02,2.20875628e-02,2.11875979e-02,2.02688426e-02,1.93376821e-02,1.84003077e-02,1.74626280e-02,1.65301859e-02,1.56081095e-02,1.47010721e-02,1.38132647e-02,1.29483519e-02,1.21095162e-02,1.12994192e-02,1.05202291e-02,9.77366231e-03,9.06098261e-03,8.38304125e-03,7.74030620e-03,7.13292323e-03,6.56070653e-03,6.02322165e-03,5.51979616e-03,5.04955603e-03
1.07213557e-02,1.17676500e-02,1.28951222e-02,1.41071370e-02,1.54067315e-02,1.67965740e-02,1.82788745e-02,1.98552981e-02,2.15268321e-02,2.32937522e-02,2.51554549e-02,2.71103997e-02,2.91560218e-02,3.12885791e-02,3.35031226e-02,3.57934311e-02,3.81518863e-02,4.05694917e-02,4.30358462e-02,4.55391034e-02,4.80660722e-02,5.06022200e-02,5.31317778e-02,5.56379482e-02,5.81029281e-02,6.05082177e-02,6.28347844e-02,6.50633574e-02,6.71746731e-02,6.91497549e-02,7.09702149e-02,7.26186261e-02,7.40786865e-02,7.53356591e-02,7.63765350e-02,7.71903768e-02,7.77684674e-02,7.81046078e-02,7.81951770e-02,7.80393630e-02,7.76391923e-02,7.69995302e-02,7.61281699e-02,7.50356540e-02,7.37351924e-02,7.22425058e-02,7.05755502e-02,6.87542707e-02,6.68002665e-02,6.47364557e-02,6.25866279e-02,6.03751354e-02,5.81264235e-02,5.58646359e-02,5.36132418e-02,5.13946265e-02,4.92297970e-02,4.71380353e-02,4.51366492e-02,4.32407707e-02,4.14631478e-02,3.98140736e-02,3.83012891e-02,3.69299427e-02,3.57026644e-02,3.46196294e-02,3.36786360e-02,3.28752957e-02,3.22031900e-02,3.16540934e-02,3.12181879e-02,3.08843125e-02,3.06402594e-02,3.04729678e-02,3.03688552e-02,3.03140506e-02,3.02946512e-02,3.02969776e-02,3.03078070e-02,3.03145442e-02,3.03054638e-02,3.02698482e-02,3.01981084e-02,3.00819390e-02,2.99143475e-02,2.96897441e-02,2.94039510e-02,2.90542040e-02,2.86391117e-02,2.81585939e-02,2.76138298e-02,2.70071067e-02,2.63417568e-02,2.56219618e-02,2.48526726e-02,2.40394138e-02,2.31881607e-02,2.23051906e-02,2.13969517e-02,2.04698853e-02,1.95303932e-02,1.85846686e-02,1.76386163e-02,1.66978072e-02,1.57673918e-02,1.48520619e-02,1.39560420e-02,1.30830314e-02,1.22362347e-02,1.14183528e-02,1.06315771e-02,9.87764914e-03,9.15785227e-03,8.47306289e-03,7.82376248e-03,7.21011311e-03,6.63193734e-03,6.08880538e-03,5.58004528e-03,5.10478811e-03
1.06763039e-02,1.17198601e-02,1.28446463e-02,1.40540721e-02,1.53512293e-02,1.67388488e-02,1.82192009e-02,1.97940208e-02,2.14643832e-02,2.32306514e-02,2.50923187e-02,2.70479396e-02,2.90950574e-02,3.12300436e-02,3.34480591e-02,3.57430056e-02,3.81073728e-02,4.05322686e-02,4.30074260e-02,4.55210768e-02,4.80601452e-02,5.06101623e-02,5.31554557e-02,5.56792691e-02,5.81638403e-02,6.05906993e-02,6.29408136e-02,6.51948974e-02,6.73336387e-02,6.93380013e-02,7.11895227e-02,7.28706270e-02,7.43649155e-02,7.56574646e-02,7.67350718e-02,7.75865912e-02,7.82031044e-02,7.85780996e-02,7.87077397e-02,7.85908997e-02,7.82293081e-02,7.76275396e-02,7.67930672e-02,7.57361352e-02,7.44696483e-02,7.30090588e-02,7.13720098e-02,6.95782453e-02,6.76491261e-02,6.56073540e-02,6.34765849e-02,6.12810403e-02,5.90450540e-02,5.67927435e-02,5.45475483e-02,5.23318909e-02,5.01668453e-02,4.80717532e-02,4.60640863e-02,4.41591144e-02,4.23697494e-02,4.07065116e-02,3.91773172e-02,3.77875566e-02,3.65401022e-02,3.54353376e-02,3.44713144e-02,3.36438604e-02,3.29467952e-02,3.23721021e-02,3.19101773e-02,3.15500647e-02,3.12797241e-02,3.10862847e-02,3.09563167e-02,3.08760852e-02,3.08318269e-02,3.08099762e-02,3.07974014e-02,3.07815969e-02,3.07509080e-02,3.06946486e-02,3.06032691e-02,3.04684732e-02,3.02832723e-02,3.00420672e-02,2.97406241e-02,2.93761510e-02,2.89471988e-02,2.84536183e-02,2.78965142e-02,2.72781122e-02,2.66016349e-02,2.58712247e-02,2.50917356e-02,2.42686383e-02,2.34078392e-02,2.25155633e-02,2.15982068e-02,2.06622016e-02,1.97139028e-02,1.87594984e-02,1.78048778e-02,1.68556236e-02,1.59168914e-02,1.49933780e-02,1.40893329e-02,1.32084610e-02,1.23539986e-02,1.15286550e-02,1.07346494e-02,9.97373741e-03,9.24722012e-03,8.55598785e-03,7.90053327e-03,7.28102401e-03,6.69728825e-03,6.14890084e-03,5.63519262e-03,5.15528396e-03
1.06140925e-02,1.16531411e-02,1.27733294e-02,1.39781116e-02,1.52706178e-02,1.66536346e-02,1.81295034e-02,1.97000206e-02,2.13663615e-02,2.31289454e-02,2.49874014e-02,2.69403718e-02,2.89855264e-02,3.11193578e-02,3.33371647e-02,3.56329717e-02,3.79994139e-02,4.04277556e-02,4.29078639e-02,4.54281121e-02,4.79755551e-02,5.05358689e-02,5.30934930e-02,5.56317940e-02,5.81330955e-02,6.05789870e-02,6.29505366e-02,6.52284473e-02,6.73934668e-02,6.94265068e-02,7.13090748e-02,7.30235204e-02,7.45533407e-02,7.58834854e-02,7.70005807e-02,7.78932571e-02,7.85523728e-02,7.89711699e-02,7.91454986e-02,7.90739357e-02,7.87578449e-02,7.82014802e-02,7.74119198e-02,7.63990432e-02,7.51753971e-02,7.37560391e-02,7.21582770e-02,7.04015046e-02,6.85067624e-02,6.64964691e-02,6.43940344e-02,6.22234307e-02,6.00088574e-02,5.77742755e-02,5.55430427e-02,5.33375479e-02,5.11788279e-02,4.90863323e-02,4.70775701e-02,4.51679453e-02,4.33705375e-02,4.16960344e-02,4.01525907e-02,3.87458093e-02,3.74787897e-02,3.63522172e-02,3.53643671e-02,3.45113613e-02,3.37872803e-02,3.31843644e-02,3.26932818e-02,3.23033109e-02,3.20026726e-02,3.17787230e-02,3.16182375e-02,3.15077044e-02,3.14335413e-02,3.13823521e-02,3.13411541e-02,3.12975943e-02,3.12401187e-02,3.11581418e-02,3.10421996e-02,3.08840405e-02,3.06767002e-02,3.04145906e-02,3.00934818e-02,2.97105461e-02,2.92642862e-02,2.87545044e-02,2.81822290e-02,2.75495946e-02,2.68597715e-02,2.61167791e-02,2.53254212e-02,2.44910531e-02,2.36195214e-02,2.27169823e-02,2.17897650e-02,2.08442397e-02,1.98867340e-02,1.89233925e-02,1.79600902e-02,1.70023795e-02,1.60554182e-02,1.51238982e-02,1.42120682e-02,1.33236432e-02,1.24618616e-02,1.16294501e-02,1.08286329e-02,1.00611756e-02,9.32838954e-03,8.63117073e-03,7.97001831e-03,7.34510366e-03,6.75625494e-03,6.20304886e-03,5.68481209e-03,5.20066172e-03
1.05348965e-02,1.15676774e-02,1.26813613e-02,1.38794295e-02,1.51650636e-02,1.65410955e-02,1.80099215e-02,1.95734203e-02,2.12328304e-02,2.29886919e-02,2.48407032e-02,2.67876498e-02,2.88273115e-02,3.09563261e-02,3.31701264e-02,3.54629159e-02,3.78274806e-02,4.02552672e-02,4.27363068e-02,4.52591591e-02,4.78110611e-02,5.03778532e-02,5.29441684e-02,5.54935113e-02,5.80083542e-02,6.04704469e-02,6.28609359e-02,6.51606470e-02,6.73503652e-02,6.94110543e-02,7.13242367e-02,7.30722100e-02,7.46384114e-02,7.60076791e-02,7.71664977e-02,7.81033039e-02,7.88087249e-02,7.92757198e-02,7.94998556e-02,7.94793293e-02,7.92151839e-02,7.87112266e-02,7.79741406e-02,7.70133585e-02,7.58409798e-02,7.44716227e-02,7.29221702e-02,7.12115541e-02,6.93604276e-02,6.73908368e-02,6.53258190e-02,6.31890744e-02,6.10045157e-02,5.87958954e-02,5.65864146e-02,5.43983355e-02,5.22526763e-02,5.01688384e-02,4.81643900e-02,4.62548286e-02,4.44533601e-02,4.27708477e-02,4.12156358e-02,3.97935845e-02,3.85080501e-02,3.73599604e-02,3.63479219e-02,3.54683362e-02,3.47155929e-02,3.40822525e-02,3.35592665e-02,3.31362560e-02,3.28017026e-02,3.25432532e-02,3.23479734e-02,3.22026126e-02,3.20938230e-02,3.20084505e-02,3.19337249e-02,3.18574756e-02,3.17683183e-02,3.16558182e-02,3.15106250e-02,3.13245654e-02,3.10907643e-02,3.08036618e-02,3.04590520e-02,3.00540850e-02,2.95872446e-02,2.90582627e-02,2.84681227e-02,2.78188717e-02,2.71135867e-02,2.63561998e-02,2.55514011e-02,2.47044601e-02,2.38211267e-02,2.29074676e-02,2.19697300e-02,2.10142247e-02,2.00472008e-02,1.90747604e-02,1.81027390e-02,1.71366539e-02,1.61816385e-02,1.52423680e-02,1.43230781e-02,1.34274792e-02,1.25588076e-02,1.17197875e-02,1.09126456e-02,1.01391459e-02,9.40060616e-03,8.69791768e-03,8.03158246e-03,7.40176952e-03,6.80830795e-03,6.25076564e-03,5.72846737e-03,5.24052372e-03
1.04389824e-02,1.14637390e-02,1.25690158e-02,1.37583194e-02,1.50348600e-02,1.64015181e-02,1.78607497e-02,1.94144938e-02,2.10640747e-02,2.28101108e-02,2.46524327e-02,2.65899114e-02,2.86204983e-02,3.07409596e-02,3.29468995e-02,3.52326855e-02,3.75913121e-02,4.00143974e-02,4.24921997e-02,4.50134948e-02,4.75657396e-02,5.01349904e-02,5.27060851e-02,5.52627593e-02,5.77876903e-02,6.02628030e-02,6.26693964e-02,6.49884790e-02,6.72009438e-02,6.92878291e-02,7.12307096e-02,7.30119050e-02,7.46148154e-02,7.60241821e-02,7.72264078e-02,7.82097280e-02,7.89645314e-02,7.94835389e-02,7.97619671e-02,7.97976777e-02,7.95912892e-02,7.91461766e-02,7.84685463e-02,7.75673166e-02,7.64541328e-02,7.51430541e-02,7.36504346e-02,7.19947368e-02,7.01960921e-02,6.82760775e-02,6.62573203e-02,6.41631037e-02,6.20170012e-02,5.98424859e-02,5.76625094e-02,5.54991513e-02,5.33733182e-02,5.13043441e-02,4.93098050e-02,4.74052355e-02,4.56039608e-02,4.39169891e-02,4.23528552e-02,4.09176648e-02,3.96150276e-02,3.84461693e-02,3.74100134e-02,3.65032814e-02,3.57207023e-02,3.50551978e-02,3.44980545e-02,3.40392515e-02,3.36676165e-02,3.33711505e-02,3.31372358e-02,3.29529382e-02,3.28052342e-02,3.26812379e-02,3.25684473e-02,3.24549414e-02,3.23295519e-02,3.21820416e-02,3.20032127e-02,3.17850336e-02,3.15207243e-02,3.12047992e-02,3.08330860e-02,3.04027572e-02,2.99122613e-02,2.93613076e-02,2.87508070e-02,2.80827284e-02,2.73600444e-02,2.65865922e-02,2.57669520e-02,2.49062851e-02,2.40102224e-02,2.30847243e-02,2.21359506e-02,2.11701151e-02,2.01933868e-02,1.92118026e-02,1.82311404e-02,1.72568671e-02,1.62940733e-02,1.53474109e-02,1.44210886e-02,1.35187907e-02,1.26437414e-02,1.17986593e-02,1.09857535e-02,1.02067944e-02,9.46308114e-03,8.75550974e-03,8.08456913e-03,7.45042507e-03,6.85289968e-03,6.29155897e-03,5.76571142e-03,5.27446577e-03
1.03266789e-02,1.13416836e-02,1.24366693e-02,1.36151658e-02,1.48804113e-02,1.62353236e-02,1.76824145e-02,1.92236789e-02,2.08605137e-02,2.25936491e-02,2.44229920e-02,2.63475776e-02,2.83654630e-02,3.04735936e-02,3.26677412e-02,3.49424742e-02,3.72909978e-02,3.97051498e-02,4.21754234e-02,4.46908474e-02,4.72391360e-02,4.98066060e-02,5.23783639e-02,5.49383983e-02,5.74696511e-02,5.99542707e-02,6.23738132e-02,6.47094548e-02,6.69422522e-02,6.90534264e-02,7.10246041e-02,7.28381872e-02,7.44775832e-02,7.59274811e-02,7.71741644e-02,7.82057568e-02,7.90123940e-02,7.95865506e-02,7.99230933e-02,8.00195336e-02,7.98760206e-02,7.94954896e-02,7.88836107e-02,7.80488029e-02,7.70020559e-02,7.57569149e-02,7.43291453e-02,7.27365837e-02,7.09987804e-02,6.91368058e-02,6.71727583e-02,6.51294440e-02,6.30300045e-02,6.08975291e-02,5.87546639e-02,5.66232763e-02,5.45240343e-02,5.24761938e-02,5.04972748e-02,4.86028157e-02,4.68062274e-02,4.51186299e-02,4.35487628e-02,4.21029292e-02,4.07850295e-02,3.95965874e-02,3.85368317e-02,3.76028717e-02,3.67897786e-02,3.60908583e-02,3.54978219e-02,3.50010023e-02,3.45896445e-02,3.42521295e-02,3.39762382e-02,3.37493978e-02,3.35589536e-02,3.33923474e-02,3.32374126e-02,3.30825187e-02,3.29167619e-02,3.27301510e-02,3.25136818e-02,3.22595127e-02,3.19609866e-02,3.16127352e-02,3.12106274e-02,3.07518877e-02,3.02349534e-02,2.96595022e-02,2.90263891e-02,2.83374935e-02,2.75956988e-02,2.68047322e-02,2.59690341e-02,2.50936598e-02,2.41841041e-02,2.32462231e-02,2.22860407e-02,2.13096775e-02,2.03232002e-02,1.93325672e-02,1.83434691e-02,1.73613206e-02,1.63911507e-02,1.54375611e-02,1.45047298e-02,1.35963084e-02,1.27154971e-02,1.18649863e-02,1.10469768e-02,1.02632130e-02,9.51499119e-03,8.80318973e-03,8.12828727e-03,7.49044213e-03,6.88946526e-03,6.32491009e-03,5.79607766e-03,5.30206785e-03
1.01984041e-02,1.12019517e-02,1.22847930e-02,1.34504754e-02,1.47022521e-02,1.60430763e-02,1.74754933e-02,1.90015696e-02,2.06227768e-02,2.23399177e-02,2.41530389e-02,2.60612741e-02,2.80628335e-02,3.01548392e-02,3.23332474e-02,3.45928259e-02,3.69270146e-02,3.93279120e-02,4.17862572e-02,4.42913771e-02,4.68312651e-02,4.93925437e-02,5.19606359e-02,5.45198396e-02,5.70533648e-02,5.95436990e-02,6.19726554e-02,6.43216670e-02,6.65720031e-02,6.87050745e-02,7.07026795e-02,7.25472867e-02,7.42223561e-02,7.57125914e-02,7.70041719e-02,7.80850947e-02,7.89453164e-02,7.95770288e-02,7.99747705e-02,8.01356733e-02,8.00594017e-02,7.97484294e-02,7.92078525e-02,7.84455091e-02,7.74717852e-02,7.62995481e-02,7.49439001e-02,7.34220669e-02,7.17529207e-02,6.99569434e-02,6.80555627e-02,6.60710856e-02,6.40261546e-02,6.19433858e-02,5.98450676e-02,5.77527136e-02,5.56867868e-02,5.36663532e-02,5.17088287e-02,4.98297364e-02,4.80425134e-02,4.63583879e-02,4.47862595e-02,4.33326475e-02,4.20017131e-02,4.07952815e-02,3.97129394e-02,3.87521312e-02,3.79083678e-02,3.71753462e-02,3.65451947e-02,3.60086970e-02,3.55555229e-02,3.51745002e-02,3.48538421e-02,3.45814079e-02,3.43449228e-02,3.41322571e-02,3.39316055e-02,3.37316766e-02,3.35218944e-02,3.32925431e-02,3.30348834e-02,3.27412635e-02,3.24052274e-02,3.20215076e-02,3.15860882e-02,3.10962200e-02,3.05503756e-02,2.99482103e-02,2.92905066e-02,2.85790842e-02,2.78167203e-02,2.70070061e-02,2.61542760e-02,2.52634250e-02,2.43398324e-02,2.33891960e-02,2.24174317e-02,2.14305092e-02,2.04344057e-02,1.94349587e-02,1.84377860e-02,1.74482036e-02,1.64711848e-02,1.55112641e-02,1.45725720e-02,1.36587173e-02,1.27728591e-02,1.19176600e-02,1.10952910e-02,1.03074759e-02,9.55548789e-03,8.84018838e-03,8.16204306e-03,7.52119301e-03,6.91743707e-03,6.35031192e-03,5.81911299e-03,5.32291876e-03
1.00546591e-02,1.10450843e-02,1.21139735e-02,1.32648693e-02,1.45010436e-02,1.58254709e-02,1.72407385e-02,1.87489614e-02,2.03516800e-02,2.20498014e-02,2.38434467e-02,2.57319026e-02,2.77135316e-02,2.97856126e-02,3.19443159e-02,3.41846310e-02,3.65002304e-02,3.88834924e-02,4.13254462e-02,4.38157246e-02,4.63426560e-02,4.88931946e-02,5.14531061e-02,5.40070422e-02,5.65385967e-02,5.90305664e-02,6.14650920e-02,6.38239086e-02,6.60885721e-02,6.82407320e-02,7.02623650e-02,7.21361041e-02,7.38454834e-02,7.53752217e-02,7.67114684e-02,7.78421164e-02,7.87569135e-02,7.94478208e-02,7.99090564e-02,8.01373124e-02,8.01318586e-02,7.98945725e-02,7.94300288e-02,7.87454024e-02,7.78504238e-02,7.67572597e-02,7.54803270e-02,7.40360841e-02,7.24427477e-02,7.07200170e-02,6.88887462e-02,6.69705570e-02,6.49875253e-02,6.29617721e-02,6.09150976e-02,5.88686652e-02,5.68426065e-02,5.48557788e-02,5.29254377e-02,5.10670245e-02,4.92939763e-02,4.76176292e-02,4.60469797e-02,4.45887707e-02,4.32474017e-02,4.20250073e-02,4.09215279e-02,3.99347991e-02,3.90607119e-02,3.82934250e-02,3.76255214e-02,3.70482430e-02,3.65517661e-02,3.61253694e-02,3.57577503e-02,3.54372337e-02,3.51520255e-02,3.48904245e-02,3.46410386e-02,3.43929864e-02,3.41360494e-02,3.38608399e-02,3.35589163e-02,3.32228802e-02,3.28464657e-02,3.24245766e-02,3.19533199e-02,3.14300172e-02,3.08531616e-02,3.02223917e-02,2.95384564e-02,2.88030971e-02,2.80189775e-02,2.71895751e-02,2.63190735e-02,2.54122335e-02,2.44742669e-02,2.35107336e-02,2.25273855e-02,2.15300750e-02,2.05246340e-02,1.95167977e-02,1.85120571e-02,1.75156482e-02,1.65324509e-02,1.55669330e-02,1.46231540e-02,1.37046715e-02,1.28146000e-02,1.19555527e-02,1.11296717e-02,1.03386482e-02,9.58372373e-03,8.86574294e-03,8.18514545e-03,7.54205370e-03,6.93625025e-03,6.36725873e-03,5.83435688e-03,5.33661572e-03
9.89602134e-03,1.08717103e-02,1.19248880e-02,1.30590871e-02,1.42775821e-02,1.55833671e-02,1.69790611e-02,1.84668228e-02,2.00482570e-02,2.17243563e-02,2.34953463e-02,2.53606532e-02,2.73187738e-02,2.93671750e-02,3.15022394e-02,3.37191820e-02,3.60119380e-02,3.83731723e-02,4.07942384e-02,4.32650894e-02,4.57744040e-02,4.83095422e-02,5.08566350e-02,5.34007400e-02,5.59258163e-02,5.84150814e-02,6.08510450e-02,6.32157773e-02,6.54911846e-02,6.76591769e-02,6.97019845e-02,7.16024190e-02,7.33441561e-02,7.49119446e-02,7.62919709e-02,7.74719715e-02,7.84416348e-02,7.91925937e-02,7.97187611e-02,8.00164640e-02,8.00844878e-02,7.99241811e-02,7.95394927e-02,7.89369494e-02,7.81255960e-02,7.71168321e-02,7.59243220e-02,7.45637640e-02,7.30525777e-02,7.14097172e-02,6.96552843e-02,6.78102449e-02,6.58959895e-02,6.39340803e-02,6.19457960e-02,5.99518344e-02,5.79719879e-02,5.60248084e-02,5.41273504e-02,5.22949547e-02,5.05410098e-02,4.88768667e-02,4.73116636e-02,4.58523072e-02,4.45034504e-02,4.32675257e-02,4.21448052e-02,4.11335118e-02,4.02299985e-02,3.94288376e-02,3.87231186e-02,3.81045789e-02,3.75638939e-02,3.70908715e-02,3.66747193e-02,3.63042913e-02,3.59682776e-02,3.56554724e-02,3.53549533e-02,3.50562818e-02,3.47496383e-02,3.44260186e-02,3.40773016e-02,3.36963832e-02,3.32772434e-02,3.28149609e-02,3.23057957e-02,3.17471549e-02,3.11375782e-02,3.04767136e-02,2.97652632e-02,2.90048923e-02,2.81981528e-02,2.73484048e-02,2.64596771e-02,2.55365800e-02,2.45841537e-02,2.36077942e-02,2.26131063e-02,2.16057692e-02,2.05914844e-02,1.95758455e-02,1.85642242e-02,1.75617486e-02,1.65731963e-02,1.56029621e-02,1.46550052e-02,1.37328338e-02,1.28394971e-02,1.19775590e-02,1.11491149e-02,1.03558172e-02,9.59887821e-03,8.87910463e-03,8.19691923e-03,7.55242072e-03,6.94536697e-03,6.37526670e-03,5.84138371e-03,5.34277130e-03
9.72315110e-03,1.06825521e-02,1.17183207e-02,1.28339734e-02,1.40327830e-02,1.53177520e-02,1.66915189e-02,1.81562882e-02,1.97137203e-02,2.13648807e-02,2.31101122e-02,2.49489546e-02,2.68800706e-02,2.89011039e-02,3.10086478e-02,3.31981666e-02,3.54638547e-02,3.77987027e-02,4.01943699e-02,4.26411889e-02,4.51282188e-02,4.76432219e-02,5.01727536e-02,5.27022965e-02,5.52162491e-02,5.76982647e-02,6.01312593e-02,6.24977164e-02,6.47799149e-02,6.69600964e-02,6.90207630e-02,7.09449649e-02,7.27165341e-02,7.43203387e-02,7.57425651e-02,7.69709200e-02,7.79949054e-02,7.88059682e-02,7.93977380e-02,7.97660947e-02,7.99093768e-02,7.98283964e-02,7.95264617e-02,7.90094659e-02,7.82856569e-02,7.73657039e-02,7.62624592e-02,7.49907866e-02,7.35672861e-02,7.20101148e-02,7.03385621e-02,6.85728416e-02,6.67336509e-02,6.48418814e-02,6.29182458e-02,6.09829463e-02,5.90553172e-02,5.71536086e-02,5.52946106e-02,5.34934849e-02,5.17635532e-02,5.01161627e-02,4.85605262e-02,4.71037254e-02,4.57506105e-02,4.45039161e-02,4.33642566e-02,4.23302539e-02,4.13986742e-02,4.05645855e-02,3.98215614e-02,3.91618647e-02,3.85767072e-02,3.80564444e-02,3.75908390e-02,3.71692963e-02,3.67810540e-02,3.64154391e-02,3.60620245e-02,3.57108563e-02,3.53525765e-02,3.49785835e-02,3.45811248e-02,3.41534242e-02,3.36897261e-02,3.31853405e-02,3.26366723e-02,3.20412554e-02,3.13976966e-02,3.07056457e-02,2.99657695e-02,2.91796699e-02,2.83497889e-02,2.74793506e-02,2.65722405e-02,2.56328899e-02,2.46661790e-02,2.36773193e-02,2.26717386e-02,2.16549598e-02,2.06325222e-02,1.96098629e-02,1.85922328e-02,1.75846163e-02,1.65916979e-02,1.56177534e-02,1.46666802e-02,1.37418816e-02,1.28463488e-02,1.19825872e-02,1.11526297e-02,1.03580952e-02,9.60014481e-03,8.87955911e-03,8.19672644e-03,7.55171757e-03,6.94427127e-03,6.37387903e-03,5.83978230e-03,5.34102693e-03
9.53677949e-03,1.04784081e-02,1.14951450e-02,1.25904828e-02,1.37676829e-02,1.50297470e-02,1.63793303e-02,1.78186689e-02,1.93494745e-02,2.09728833e-02,2.26893499e-02,2.44985241e-02,2.63992306e-02,2.83893012e-02,3.04655340e-02,3.26236449e-02,3.48581336e-02,3.71622629e-02,3.95280793e-02,4.19462919e-02,4.44063582e-02,4.68964726e-02,4.94036414e-02,5.19138165e-02,5.44118844e-02,5.68819344e-02,5.93073629e-02,6.16711229e-02,6.39558509e-02,6.61442056e-02,6.82190061e-02,7.01635703e-02,7.19619244e-02,7.35991001e-02,7.50613287e-02,7.63362795e-02,7.74133503e-02,7.82838017e-02,7.89409354e-02,7.93802887e-02,7.95997232e-02,7.95994848e-02,7.93823004e-02,7.89533034e-02,7.83200413e-02,7.74923563e-02,7.64822736e-02,7.53037855e-02,7.39726424e-02,7.25061223e-02,7.09226876e-02,6.92417249e-02,6.74831867e-02,6.56672567e-02,6.38139993e-02,6.19430616e-02,6.00733273e-02,5.82225956e-02,5.64073958e-02,5.46426661e-02,5.29415980e-02,5.13155088e-02,4.97736745e-02,4.83232699e-02,4.69693877e-02,4.57150079e-02,4.45610844e-02,4.35066335e-02,4.25488465e-02,4.16832790e-02,4.09040079e-02,4.02038395e-02,3.95745449e-02,3.90070640e-02,3.84917408e-02,3.80185582e-02,3.75773273e-02,3.71579491e-02,3.67505401e-02,3.63456644e-02,3.59344557e-02,3.55087481e-02,3.50612141e-02,3.45854126e-02,3.40758972e-02,3.35282162e-02,3.29389796e-02,3.23058367e-02,3.16274799e-02,3.09035778e-02,3.01347710e-02,2.93225925e-02,2.84693949e-02,2.75782589e-02,2.66529098e-02,2.56976094e-02,2.47170497e-02,2.37162616e-02,2.27004867e-02,2.16750633e-02,2.06453670e-02,1.96166672e-02,1.85940638e-02,1.75824165e-02,1.65862776e-02,1.56097980e-02,1.46567868e-02,1.37305576e-02,1.28340153e-02,1.19696027e-02,1.11392904e-02,1.03446413e-02,9.58677568e-03,8.86643212e-03,8.18396080e-03,7.53940828e-03,6.93248818e-03,6.36267103e-03,5.82918059e-03,5.33105014e-03
9.33770649e-03,1.02601582e-02,1.12563260e-02,1.23296725e-02,1.34834377e-02,1.47206103e-02,1.60438586e-02,1.74554400e-02,1.89571157e-02,2.05500890e-02,2.22348999e-02,2.40113325e-02,2.58783549e-02,2.78339852e-02,2.98752431e-02,3.19980942e-02,3.41973305e-02,3.64665501e-02,3.87981534e-02,4.11832407e-02,4.36116979e-02,4.60721925e-02,4.85522039e-02,5.10381646e-02,5.35154901e-02,5.59687428e-02,5.83818555e-02,6.07382432e-02,6.30210117e-02,6.52132109e-02,6.72980398e-02,6.92591295e-02,7.10807443e-02,7.27481022e-02,7.42475241e-02,7.55666643e-02,7.66948760e-02,7.76232034e-02,7.83446878e-02,7.88545236e-02,7.91500956e-02,7.92311281e-02,7.90996775e-02,7.87602216e-02,7.82195106e-02,7.74865970e-02,7.65726119e-02,7.54906684e-02,7.42556155e-02,7.28838295e-02,7.13928938e-02,6.98013380e-02,6.81283176e-02,6.63932338e-02,6.46154806e-02,6.28140941e-02,6.10074140e-02,5.92128187e-02,5.74464537e-02,5.57230376e-02,5.40555641e-02,5.24552912e-02,5.09314984e-02,4.94914651e-02,4.81404662e-02,4.68817353e-02,4.57165428e-02,4.46442738e-02,4.36625667e-02,4.27674539e-02,4.19535264e-02,4.12141532e-02,4.05416712e-02,3.99276204e-02,3.93629447e-02,3.88382338e-02,3.83439325e-02,3.78705151e-02,3.74086797e-02,3.69495526e-02,3.64847742e-02,3.60066667e-02,3.55083346e-02,3.49837169e-02,3.44276950e-02,3.38361003e-02,3.32057364e-02,3.25344205e-02,3.18209194e-02,3.10649406e-02,3.02671175e-02,2.94289179e-02,2.85525825e-02,2.76410710e-02,2.66979393e-02,2.57272739e-02,2.47335844e-02,2.37216949e-02,2.26966534e-02,2.16636155e-02,2.06277575e-02,1.95941944e-02,1.85678452e-02,1.75534301e-02,1.65553614e-02,1.55776655e-02,1.46240396e-02,1.36976950e-02,1.28014516e-02,1.19376704e-02,1.11082578e-02,1.03147086e-02,9.55810025e-03,8.83912202e-03,8.15809332e-03,7.51502253e-03,6.90960046e-03,6.34127622e-03,5.80925355e-03,5.31255547e-03
9.12680943e-03,1.00287665e-02,1.10029252e-02,1.20527018e-02,1.31813111e-02,1.43917259e-02,1.56866107e-02,1.70682408e-02,1.85384154e-02,2.00984068e-02,2.17488352e-02,2.34895926e-02,2.53198035e-02,2.72376779e-02,2.92404499e-02,3.13243419e-02,3.34844366e-02,3.57146710e-02,3.80078182e-02,4.03553769e-02,4.27476987e-02,4.51739207e-02,4.76220027e-02,5.00789434e-02,5.25306314e-02,5.49622178e-02,5.73581606e-02,5.97023591e-02,6.19784370e-02,6.41698837e-02,6.62603304e-02,6.82337359e-02,7.00746775e-02,7.17685223e-02,7.33017474e-02,7.46620893e-02,7.58387893e-02,7.68227577e-02,7.76067972e-02,7.81857744e-02,7.85566047e-02,7.87184834e-02,7.86728710e-02,7.84235224e-02,7.79764205e-02,7.73397759e-02,7.65238404e-02,7.55408332e-02,7.44046718e-02,7.31308088e-02,7.17358813e-02,7.02375397e-02,6.86540976e-02,6.70041442e-02,6.53063580e-02,6.35791123e-02,6.18401542e-02,6.01063818e-02,5.83935566e-02,5.67160584e-02,5.50867021e-02,5.35166301e-02,5.20150848e-02,5.05894423e-02,4.92450967e-02,4.79855314e-02,4.68122996e-02,4.57251891e-02,4.47222404e-02,4.37999479e-02,4.29534428e-02,4.21766527e-02,4.14624773e-02,4.08031009e-02,4.01900709e-02,3.96146215e-02,3.90678123e-02,3.85407358e-02,3.80247310e-02,3.75114530e-02,3.69931348e-02,3.64625864e-02,3.59133668e-02,3.53398249e-02,3.47372144e-02,3.41016389e-02,3.34301367e-02,3.27206887e-02,3.19721736e-02,3.11843455e-02,3.03578395e-02,2.94940434e-02,2.85951272e-02,2.76638977e-02,2.67037675e-02,2.57186238e-02,2.47127786e-02,2.36908626e-02,2.26577278e-02,2.16183122e-02,2.05776058e-02,1.95405278e-02,1.85118411e-02,1.74960960e-02,1.64975338e-02,1.55200865e-02,1.45672876e-02,1.36422655e-02,1.27477339e-02,1.18859624e-02,1.10587897e-02,1.02676433e-02,9.51354112e-03,8.79712403e-03,8.11867230e-03,7.47816358e-03,6.87526120e-03,6.30938821e-03,5.77973761e-03,5.28530916e-03
8.90501868e-03,9.78526473e-03,1.07360752e-02,1.17608234e-02,1.28626814e-02,1.40445996e-02,1.53092295e-02,1.66588612e-02,1.80953201e-02,1.96199249e-02,2.12333966e-02,2.29357295e-02,2.47262064e-02,2.66031884e-02,2.85641477e-02,3.06055546e-02,3.27228010e-02,3.49101461e-02,3.71607654e-02,3.94665673e-02,4.18183580e-02,4.42057513e-02,4.66172621e-02,4.90403920e-02,5.14616221e-02,5.38666658e-02,5.62404990e-02,5.85676096e-02,6.08321503e-02,6.30180612e-02,6.51094392e-02,6.70906380e-02,6.89465404e-02,7.06627667e-02,7.22259358e-02,7.36238733e-02,7.48457834e-02,7.58825168e-02,7.67265856e-02,7.73725808e-02,7.78169632e-02,7.80584514e-02,7.80978426e-02,7.79382437e-02,7.75848329e-02,7.70449787e-02,7.63281286e-02,7.54454806e-02,7.44100586e-02,7.32363313e-02,7.19400197e-02,7.05378577e-02,6.90472350e-02,6.74859583e-02,6.58718944e-02,6.42227232e-02,6.25555664e-02,6.08868189e-02,5.92317730e-02,5.76044731e-02,5.60174845e-02,5.44817969e-02,5.30066080e-02,5.15993163e-02,5.02654426e-02,4.90086824e-02,4.78308685e-02,4.67321239e-02,4.57109138e-02,4.47641984e-02,4.38876301e-02,4.30756770e-02,4.23218794e-02,4.16189730e-02,4.09591794e-02,4.03343812e-02,3.97362635e-02,3.91565822e-02,3.85872908e-02,3.80206518e-02,3.74494605e-02,3.68670523e-02,3.62674966e-02,3.56455483e-02,3.49968225e-02,3.43177654e-02,3.36056426e-02,3.28586213e-02,3.20756994e-02,3.12566981e-02,3.04022450e-02,2.95136981e-02,2.85931062e-02,2.76431628e-02,2.66671032e-02,2.56686453e-02,2.46518999e-02,2.36212909e-02,2.25814395e-02,2.15370953e-02,2.04930454e-02,1.94539949e-02,1.84245352e-02,1.74090285e-02,1.64115820e-02,1.54359508e-02,1.44855622e-02,1.35634057e-02,1.26720928e-02,1.18138026e-02,1.09902909e-02,1.02029145e-02,9.45262797e-03,8.74002464e-03,8.06534197e-03,7.42852222e-03,6.82919798e-03,6.26677321e-03,5.74042369e-03,5.24913706e-03
8.67332146e-03,9.53073706e-03,1.04569774e-02,1.14553571e-02,1.25289969e-02,1.36808176e-02,1.49134574e-02,1.62292011e-02,1.76298954e-02,1.91169251e-02,2.06910465e-02,2.23524123e-02,2.41003931e-02,2.59335618e-02,2.78495885e-02,2.98452117e-02,3.19161117e-02,3.40568945e-02,3.62611078e-02,3.85211036e-02,4.08281460e-02,4.31723557e-02,4.55427691e-02,4.79274578e-02,5.03134727e-02,5.26871234e-02,5.50339632e-02,5.73390536e-02,5.95870912e-02,6.17625713e-02,6.38500229e-02,6.58342242e-02,6.77004233e-02,6.94345310e-02,7.10233524e-02,7.24548176e-02,7.37181455e-02,7.48040900e-02,7.57050142e-02,7.64151514e-02,7.69306272e-02,7.72496164e-02,7.73723498e-02,7.73012340e-02,7.70407021e-02,7.65973181e-02,7.59795457e-02,7.51977637e-02,7.42639825e-02,7.31917173e-02,7.19957501e-02,7.06918240e-02,6.92964494e-02,6.78265542e-02,6.62992224e-02,6.47313669e-02,6.31394908e-02,6.15393855e-02,5.99458814e-02,5.83726242e-02,5.68319224e-02,5.53345531e-02,5.38896360e-02,5.25045656e-02,5.11849709e-02,4.99346927e-02,4.87558506e-02,4.76488881e-02,4.66126576e-02,4.56446074e-02,4.47408631e-02,4.38964702e-02,4.31055240e-02,4.23614308e-02,4.16570269e-02,4.09848318e-02,4.03372236e-02,3.97065990e-02,3.90855409e-02,3.84669453e-02,3.78441736e-02,3.72111499e-02,3.65623869e-02,3.58931385e-02,3.51993740e-02,3.44778784e-02,3.37261781e-02,3.29426490e-02,3.21264118e-02,3.12773474e-02,3.03961039e-02,2.94839833e-02,2.85429806e-02,2.75756363e-02,2.65850332e-02,2.55747046e-02,2.45485622e-02,2.35108044e-02,2.24658605e-02,2.14182343e-02,2.03725100e-02,1.93332005e-02,1.83046777e-02,1.72911417e-02,1.62965227e-02,1.53244119e-02,1.43780941e-02,1.34604331e-02,1.25739360e-02,1.17206732e-02,1.09023089e-02,1.01201292e-02,9.37502645e-03,8.66753608e-03,7.99785182e-03,7.36588100e-03,6.77122967e-03,6.21327478e-03,5.69118233e-03,5.20392880e-03
8.43274035e-03,9.26632993e-03,1.01668965e-02,1.11376923e-02,1.21817887e-02,1.33020720e-02,1.45011358e-02,1.57812815e-02,1.71443503e-02,1.85917802e-02,2.01243963e-02,2.17424333e-02,2.34454181e-02,2.52320766e-02,2.71003023e-02,2.90470775e-02,3.10683735e-02,3.31591591e-02,3.53133418e-02,3.75237204e-02,3.97820324e-02,4.20788899e-02,4.44038883e-02,4.67456616e-02,4.90918681e-02,5.14293760e-02,5.37443943e-02,5.60225546e-02,5.82491308e-02,6.04091696e-02,6.24877065e-02,6.44699708e-02,6.63415790e-02,6.80887625e-02,6.96985871e-02,7.11590722e-02,7.24595338e-02,7.35906288e-02,7.45445937e-02,7.53153861e-02,7.58987591e-02,7.62924105e-02,7.64960200e-02,7.65113086e-02,7.63419941e-02,7.59937689e-02,7.54742697e-02,7.47929215e-02,7.39607662e-02,7.29903802e-02,7.18955398e-02,7.06910715e-02,6.93925098e-02,6.80159405e-02,6.65775761e-02,6.50935844e-02,6.35797903e-02,6.20513409e-02,6.05226085e-02,5.90068027e-02,5.75158857e-02,5.60604483e-02,5.46494685e-02,5.32903112e-02,5.19886799e-02,5.07485569e-02,4.95723076e-02,4.84606586e-02,4.74128611e-02,4.64267805e-02,4.54990715e-02,4.46252897e-02,4.38001528e-02,4.30176519e-02,4.22712639e-02,4.15541939e-02,4.08594608e-02,4.01801318e-02,3.95094194e-02,3.88408788e-02,3.81684527e-02,3.74866053e-02,3.67903896e-02,3.60755026e-02,3.53383310e-02,3.45759764e-02,3.37862596e-02,3.29677425e-02,3.21197063e-02,3.12421080e-02,3.03356200e-02,2.94015221e-02,2.84416936e-02,2.74585783e-02,2.64550988e-02,2.54346021e-02,2.44007893e-02,2.33576708e-02,2.23094188e-02,2.12603472e-02,2.02147923e-02,1.91770680e-02,1.81513466e-02,1.71416141e-02,1.61516387e-02,1.51848365e-02,1.42443515e-02,1.33328987e-02,1.24528809e-02,1.16062453e-02,1.07945632e-02,1.00190612e-02,9.28054005e-03,8.57949536e-03,7.91606959e-03,7.29013467e-03,6.70127058e-03,6.14882959e-03,5.63196652e-03,5.14964759e-03
8.18435010e-03,8.99321400e-03,9.86712798e-03,1.08092688e-02,1.18226521e-02,1.29100997e-02,1.40741961e-02,1.53171970e-02,1.66409891e-02,1.80470087e-02,1.95361692e-02,2.11087689e-02,2.27644797e-02,2.45021936e-02,2.63199974e-02,2.82151233e-02,3.01838499e-02,3.22214663e-02,3.43222767e-02,3.64794955e-02,3.86853330e-02,4.09309417e-02,4.32064347e-02,4.55010347e-02,4.78029959e-02,5.00998124e-02,5.23783043e-02,5.46247177e-02,5.68249300e-02,5.89645244e-02,6.10291101e-02,6.30043596e-02,6.48763329e-02,6.66315928e-02,6.82574511e-02,6.97421432e-02,7.10750297e-02,7.22467601e-02,7.32494444e-02,7.40768015e-02,7.47242644e-02,7.51890689e-02,7.54703656e-02,7.55692124e-02,7.54886121e-02,7.52334744e-02,7.48105347e-02,7.42283240e-02,7.34969378e-02,7.26279691e-02,7.16342255e-02,7.05295280e-02,6.93285391e-02,6.80463910e-02,6.66984618e-02,6.53001517e-02,6.38665408e-02,6.24121763e-02,6.09508604e-02,5.94953671e-02,5.80573194e-02,5.66470399e-02,5.52733541e-02,5.39435893e-02,5.26634417e-02,5.14370501e-02,5.02669811e-02,4.91542295e-02,4.80984151e-02,4.70978320e-02,4.61496115e-02,4.52498272e-02,4.43937667e-02,4.35760356e-02,4.27907743e-02,4.20317948e-02,4.12928164e-02,4.05675322e-02,3.98498587e-02,3.91339213e-02,3.84142995e-02,3.76860164e-02,3.69446389e-02,3.61863337e-02,3.54078971e-02,3.46067809e-02,3.37810777e-02,3.29295769e-02,3.20516974e-02,3.11475061e-02,3.02176941e-02,2.92635001e-02,2.82867700e-02,2.72897910e-02,2.62753554e-02,2.52466295e-02,2.42071189e-02,2.31605880e-02,2.21110098e-02,2.10624728e-02,2.00190730e-02,1.89849064e-02,1.79639421e-02,1.69599578e-02,1.59765184e-02,1.50169032e-02,1.40840625e-02,1.31805995e-02,1.23087550e-02,1.14703868e-02,1.06669795e-02,9.89964232e-03,9.16913990e-03,8.47589690e-03,7.82000460e-03,7.20130280e-03,6.61934400e-03,6.07346930e-03,5.56280883e-03,5.08633396e-03
7.92923663e-03,8.71261023e-03,9.55902599e-03,1.04715815e-02,1.14532225e-02,1.25067197e-02,1.36346109e-02,1.48391426e-02,1.61221921e-02,1.74852200e-02,1.89291909e-02,2.04544943e-02,2.20609158e-02,2.37475075e-02,2.55125538e-02,2.73535326e-02,2.92670000e-02,3.12485788e-02,3.32929604e-02,3.53937894e-02,3.75437327e-02,3.97344530e-02,4.19566333e-02,4.42000628e-02,4.64535914e-02,4.87053692e-02,5.09428084e-02,5.31527922e-02,5.53218313e-02,5.74360751e-02,5.94816767e-02,6.14448264e-02,6.33120313e-02,6.50702044e-02,6.67069629e-02,6.82107508e-02,6.95710555e-02,7.07785413e-02,7.18251765e-02,7.27045536e-02,7.34117329e-02,7.39435777e-02,7.42987245e-02,7.44776055e-02,7.44825155e-02,7.43175894e-02,7.39887506e-02,7.35035613e-02,7.28712454e-02,7.21024051e-02,7.12088495e-02,7.02034831e-02,6.90999925e-02,6.79126009e-02,6.66558295e-02,6.53442666e-02,6.39922619e-02,6.26137257e-02,6.12218827e-02,5.98290451e-02,5.84464371e-02,5.70841134e-02,5.57507351e-02,5.44535071e-02,5.31981662e-02,5.19889370e-02,5.08285314e-02,4.97182645e-02,4.86580506e-02,4.76465896e-02,4.66814525e-02,4.57592718e-02,4.48758639e-02,4.40264344e-02,4.32057455e-02,4.24082689e-02,4.16283533e-02,4.08603810e-02,4.00988720e-02,3.93386185e-02,3.85747924e-02,3.78029644e-02,3.70192304e-02,3.62202339e-02,3.54031585e-02,3.45658362e-02,3.37066315e-02,3.28245647e-02,3.19192037e-02,3.09907272e-02,3.00398432e-02,2.90678069e-02,2.80763544e-02,2.70677023e-02,2.60444805e-02,2.50096694e-02,2.39665881e-02,2.29187924e-02,2.18700208e-02,2.08241139e-02,1.97849683e-02,1.87564343e-02,1.77422632e-02,1.67460330e-02,1.57711133e-02,1.48205888e-02,1.38972625e-02,1.30035747e-02,1.21416450e-02,1.13132102e-02,1.05196536e-02,9.76200402e-03,9.04095173e-03,8.35685991e-03,7.70977838e-03,7.09951203e-03,6.52558217e-03,5.98731451e-03,5.48383174e-03,5.01410104e-03
7.66851008e-03,8.42574611e-03,9.24395025e-03,1.01261325e-02,1.10751670e-02,1.20937638e-02,1.31844152e-02,1.43493330e-02,1.55903883e-02,1.69090591e-02,1.83063615e-02,1.97827592e-02,2.13381480e-02,2.29717214e-02,2.46819761e-02,2.64666006e-02,2.83224285e-02,3.02454308e-02,3.22306566e-02,3.42721716e-02,3.63631174e-02,3.84956561e-02,4.06610109e-02,4.28495705e-02,4.50507738e-02,4.72534075e-02,4.94455099e-02,5.16146049e-02,5.37478179e-02,5.58319166e-02,5.78536093e-02,5.97996153e-02,6.16568811e-02,6.34127557e-02,6.50551617e-02,6.65728003e-02,6.79552779e-02,6.91933036e-02,7.02788308e-02,7.12052211e-02,7.19673187e-02,7.25615993e-02,7.29862005e-02,7.32409507e-02,7.33275339e-02,7.32492954e-02,7.30113313e-02,7.26203695e-02,7.20846653e-02,7.14138746e-02,7.06188604e-02,6.97115734e-02,6.87047318e-02,6.76116496e-02,6.64460137e-02,6.52215406e-02,6.39518872e-02,6.26502708e-02,6.13293499e-02,6.00009114e-02,5.86758330e-02,5.73638231e-02,5.60733303e-02,5.48114739e-02,5.35839722e-02,5.23951016e-02,5.12477420e-02,5.01434319e-02,4.90824096e-02,4.80637290e-02,4.70854267e-02,4.61445972e-02,4.52376306e-02,4.43602912e-02,4.35079448e-02,4.26757187e-02,4.18585762e-02,4.10515554e-02,4.02498133e-02,3.94487642e-02,3.86441574e-02,3.78321484e-02,3.70093323e-02,3.61727960e-02,3.53201739e-02,3.44496295e-02,3.35598215e-02,3.26499902e-02,3.17198671e-02,3.07697393e-02,2.98003722e-02,2.88129952e-02,2.78092921e-02,2.67913714e-02,2.57617310e-02,2.47231741e-02,2.36788318e-02,2.26320364e-02,2.15863120e-02,2.05452610e-02,1.95125379e-02,1.84917897e-02,1.74865071e-02,1.65000800e-02,1.55356787e-02,1.45961856e-02,1.36842551e-02,1.28021576e-02,1.19518749e-02,1.11350417e-02,1.03529189e-02,9.60646290e-03,8.89628287e-03,8.22268426e-03,7.58567732e-03,6.98502827e-03,6.42023236e-03,5.89060225e-03,5.39525365e-03,4.93314816e-03
7.40328338e-03,8.13386030e-03,8.92327167e-03,9.77444369e-03,1.06901685e-02,1.16730882e-02,1.27256410e-02,1.38500081e-02,1.50480410e-02,1.63212325e-02,1.76706333e-02,1.90967750e-02,2.05996577e-02,2.21786238e-02,2.38323249e-02,2.55587026e-02,2.73548570e-02,2.92170625e-02,3.11407447e-02,3.31203789e-02,3.51495668e-02,3.72209549e-02,3.93263251e-02,4.14566360e-02,4.36019450e-02,4.57516350e-02,4.78943996e-02,5.00183925e-02,5.21113575e-02,5.41607104e-02,5.61537109e-02,5.80776185e-02,5.99198714e-02,6.16682582e-02,6.33110255e-02,6.48371428e-02,6.62364066e-02,6.74995929e-02,6.86186478e-02,6.95867836e-02,7.03986287e-02,7.10502937e-02,7.15394616e-02,7.18654692e-02,7.20293000e-02,7.20336288e-02,7.18827248e-02,7.15824813e-02,7.11402446e-02,7.05647394e-02,6.98658973e-02,6.90547153e-02,6.81429431e-02,6.71430230e-02,6.60677403e-02,6.49300367e-02,6.37427866e-02,6.25185445e-02,6.12693503e-02,6.00065179e-02,5.87404892e-02,5.74806482e-02,5.62352240e-02,5.50112091e-02,5.38142473e-02,5.26486747e-02,5.15175276e-02,5.04225232e-02,4.93641868e-02,4.83419485e-02,4.73542437e-02,4.63986397e-02,4.54720370e-02,4.45707664e-02,4.36907858e-02,4.28278185e-02,4.19774763e-02,4.11353968e-02,4.02973928e-02,3.94594409e-02,3.86179052e-02,3.77694480e-02,3.69112156e-02,3.60407382e-02,3.51560526e-02,3.42556313e-02,3.33384722e-02,3.24040279e-02,3.14522088e-02,3.04833800e-02,2.94983648e-02,2.84984130e-02,2.74851341e-02,2.64605656e-02,2.54270490e-02,2.43872404e-02,2.33440567e-02,2.23006513e-02,2.12603062e-02,2.02263873e-02,1.92023348e-02,1.81915350e-02,1.71972793e-02,1.62227266e-02,1.52708376e-02,1.43443206e-02,1.34456428e-02,1.25769293e-02,1.17400177e-02,1.09364185e-02,1.01672923e-02,9.43350513e-03,8.73559434e-03,8.07380676e-03,7.44810840e-03,6.85822777e-03,6.30364753e-03,5.78365475e-03,5.29737119e-03,4.84375376e-03
7.13466434e-03,7.83818308e-03,8.59836210e-03,9.41803213e-03,1.02999005e-02,1.12465406e-02,1.22603318e-02,1.33434096e-02,1.44976098e-02,1.57244243e-02,1.70249455e-02,1.83997396e-02,1.98489297e-02,2.13719793e-02,2.29676962e-02,2.46342607e-02,2.63690315e-02,2.81685814e-02,3.00286803e-02,3.19442265e-02,3.39092463e-02,3.59169021e-02,3.79594937e-02,4.00285386e-02,4.21147011e-02,4.42079902e-02,4.62977216e-02,4.83726934e-02,5.04212864e-02,5.24315313e-02,5.43912426e-02,5.62882945e-02,5.81106059e-02,5.98463789e-02,6.14842586e-02,6.30135015e-02,6.44240975e-02,6.57069534e-02,6.68540150e-02,6.78583905e-02,6.87145218e-02,6.94182068e-02,6.99667260e-02,7.03589022e-02,7.05951303e-02,7.06773698e-02,7.06091598e-02,7.03955516e-02,7.00430349e-02,6.95594177e-02,6.89537302e-02,6.82359710e-02,6.74170554e-02,6.65084496e-02,6.55221045e-02,6.44701570e-02,6.33647144e-02,6.22176640e-02,6.10404275e-02,5.98438084e-02,5.86378351e-02,5.74315265e-02,5.62328920e-02,5.50487489e-02,5.38846888e-02,5.27450815e-02,5.16330451e-02,5.05505204e-02,4.94982637e-02,4.84760292e-02,4.74826545e-02,4.65161614e-02,4.55739386e-02,4.46528569e-02,4.37494181e-02,4.28599492e-02,4.19806503e-02,4.11078110e-02,4.02377658e-02,3.93671505e-02,3.84928435e-02,3.76120731e-02,3.67224291e-02,3.58219184e-02,3.49089503e-02,3.39823700e-02,3.30414400e-02,3.20858210e-02,3.11156213e-02,3.01312953e-02,2.91337334e-02,2.81241667e-02,2.71042008e-02,2.60757450e-02,2.50410344e-02,2.40025744e-02,2.29630917e-02,2.19255239e-02,2.08929460e-02,1.98684856e-02,1.88553501e-02,1.78566966e-02,1.68755911e-02,1.59149617e-02,1.49775678e-02,1.40659288e-02,1.31823374e-02,1.23287607e-02,1.15068946e-02,1.07181240e-02,9.96350683e-03,9.24382173e-03,8.55952967e-03,7.91082159e-03,7.29762018e-03,6.71962369e-03,6.17629196e-03,5.66690369e-03,5.19057689e-03,4.74627456e-03
6.86375517e-03,7.53993681e-03,8.27057287e-03,9.05839633e-03,9.90602933e-03,1.08159566e-02,1.17905084e-02,1.28317606e-02,1.39415376e-02,1.51213184e-02,1.63722038e-02,1.76948477e-02,1.90894268e-02,2.05555353e-02,2.20921692e-02,2.36976761e-02,2.53696777e-02,2.71050483e-02,2.88998969e-02,3.07494998e-02,3.26483399e-02,3.45900394e-02,3.65674347e-02,3.85725796e-02,4.05967534e-02,4.26305234e-02,4.46638875e-02,4.66862768e-02,4.86866571e-02,5.06536998e-02,5.25758602e-02,5.44415116e-02,5.62390946e-02,5.79572991e-02,5.95851652e-02,6.11122288e-02,6.25287369e-02,6.38257340e-02,6.49951845e-02,6.60301819e-02,6.69249669e-02,6.76750839e-02,6.82774261e-02,6.87303618e-02,6.90337196e-02,6.91888183e-02,6.91984668e-02,6.90669343e-02,6.87998608e-02,6.84041902e-02,6.78880289e-02,6.72604814e-02,6.65315390e-02,6.57117888e-02,6.48123473e-02,6.38445243e-02,6.28196895e-02,6.17490336e-02,6.06434047e-02,5.95130697e-02,5.83676100e-02,5.72157241e-02,5.60651273e-02,5.49224913e-02,5.37933260e-02,5.26819974e-02,5.15917316e-02,5.05245961e-02,4.94816117e-02,4.84628305e-02,4.74674590e-02,4.64939438e-02,4.55401167e-02,4.46033813e-02,4.36807796e-02,4.27691899e-02,4.18653898e-02,4.09662351e-02,4.00686562e-02,3.91698405e-02,3.82671915e-02,3.73584591e-02,3.64416987e-02,3.55153494e-02,3.45782004e-02,3.36294174e-02,3.26685272e-02,3.16954441e-02,3.07103936e-02,2.97139864e-02,2.87071522e-02,2.76911333e-02,2.66674832e-02,2.56380457e-02,2.46049408e-02,2.35705115e-02,2.25373153e-02,2.15080846e-02,2.04856694e-02,1.94730051e-02,1.84730366e-02,1.74886920e-02,1.65228099e-02,1.55781163e-02,1.46571547e-02,1.37622580e-02,1.28955245e-02,1.20587768e-02,1.12535628e-02,1.04811471e-02,9.74249467e-03,9.03826859e-03,8.36888514e-03,7.73447054e-03,7.13489670e-03,6.56983955e-03,6.03873655e-03,5.54087246e-03,5.07534668e-03,4.64114547e-03
6.59162505e-03,7.24031683e-03,7.94123393e-03,8.69701058e-03,9.51017253e-03,1.03831347e-02,1.13181444e-02,1.23172430e-02,1.33822057e-02,1.45145170e-02,1.57152899e-02,1.69852134e-02,1.83245502e-02,1.97330043e-02,2.12097280e-02,2.27532610e-02,2.43614651e-02,2.60314867e-02,2.77597755e-02,2.95419730e-02,3.13729793e-02,3.32469046e-02,3.51570658e-02,3.70960757e-02,3.90557572e-02,4.10273261e-02,4.30013686e-02,4.49679308e-02,4.69166487e-02,4.88367602e-02,5.07173352e-02,5.25473170e-02,5.43156974e-02,5.60115837e-02,5.76244555e-02,5.91441952e-02,6.05612732e-02,6.18669204e-02,6.30531758e-02,6.41130954e-02,6.50408044e-02,6.58315942e-02,6.64820522e-02,6.69901073e-02,6.73550665e-02,6.75776303e-02,6.76599443e-02,6.76055104e-02,6.74191713e-02,6.71069995e-02,6.66762590e-02,6.61351532e-02,6.54927641e-02,6.47588894e-02,6.39437139e-02,6.30578101e-02,6.21118098e-02,6.11162372e-02,6.00812994e-02,5.90167716e-02,5.79317845e-02,5.68347014e-02,5.57329580e-02,5.46330549e-02,5.35403825e-02,5.24593219e-02,5.13931327e-02,5.03440686e-02,4.93133441e-02,4.83012944e-02,4.73074764e-02,4.63307016e-02,4.53692675e-02,4.44210544e-02,4.34836112e-02,4.25543413e-02,4.16305885e-02,4.07097302e-02,3.97892632e-02,3.88668738e-02,3.79405282e-02,3.70084047e-02,3.60690467e-02,3.51212546e-02,3.41642089e-02,3.31973881e-02,3.22205760e-02,3.12338937e-02,3.02377418e-02,2.92328205e-02,2.82201339e-02,2.72009186e-02,2.61767190e-02,2.51492821e-02,2.41206270e-02,2.30929591e-02,2.20686663e-02,2.10502706e-02,2.00404339e-02,1.90418512e-02,1.80572495e-02,1.70893259e-02,1.61407087e-02,1.52138909e-02,1.43112140e-02,1.34348236e-02,1.25866383e-02,1.17683234e-02,1.09812915e-02,1.02266790e-02,9.50534269e-03,8.81787483e-03,8.16460326e-03,7.54560949e-03,6.96072681e-03,6.40959991e-03,5.89165278e-03,5.40615944e-03,4.95223003e-03,4.52885684e-03
6.31932169e-03,6.94048405e-03,7.61163281e-03,8.33529700e-03,9.11391526e-03,9.94981267e-03,1.08451713e-02,1.18019702e-02,1.28219491e-02,1.39065720e-02,1.50569761e-02,1.62738711e-02,1.75576042e-02,1.89079829e-02,2.03242768e-02,2.18052361e-02,2.33489387e-02,2.49527842e-02,2.66135652e-02,2.83272676e-02,3.00891884e-02,3.18938941e-02,3.37351896e-02,3.56062129e-02,3.74993496e-02,3.94064113e-02,4.13185582e-02,4.32264656e-02,4.51203994e-02,4.69902195e-02,4.88255508e-02,5.06159328e-02,5.23508713e-02,5.40199876e-02,5.56131266e-02,5.71205653e-02,5.85330464e-02,5.98419756e-02,6.10395148e-02,6.21186905e-02,6.30735457e-02,6.38992116e-02,6.45919591e-02,6.51493222e-02,6.55701458e-02,6.58545494e-02,6.60040230e-02,6.60213903e-02,6.59106821e-02,6.56772107e-02,6.53273389e-02,6.48684576e-02,6.43087849e-02,6.36572391e-02,6.29232377e-02,6.21165596e-02,6.12470955e-02,6.03247359e-02,5.93590811e-02,5.83594069e-02,5.73343970e-02,5.62920310e-02,5.52395061e-02,5.41831218e-02,5.31281754e-02,5.20790219e-02,5.10389470e-02,5.00103459e-02,4.89946231e-02,4.79923896e-02,4.70034741e-02,4.60270979e-02,4.50619720e-02,4.41064052e-02,4.31584194e-02,4.22159433e-02,4.12768126e-02,4.03389335e-02,3.94002981e-02,3.84591073e-02,3.75137888e-02,3.65629978e-02,3.56056578e-02,3.46409865e-02,3.36684845e-02,3.26879397e-02,3.16993669e-02,3.07030957e-02,2.96996925e-02,2.86899433e-02,2.76749060e-02,2.66558435e-02,2.56342646e-02,2.46118642e-02,2.35905424e-02,2.25723740e-02,2.15595718e-02,2.05544960e-02,1.95595846e-02,1.85773242e-02,1.76102277e-02,1.66607760e-02,1.57313570e-02,1.48242610e-02,1.39416279e-02,1.30854044e-02,1.22573618e-02,1.14589809e-02,1.06915543e-02,9.95608512e-03,9.25333519e-03,8.58380925e-03,7.94777088e-03,7.34524382e-03,6.77602692e-03,6.23973878e-03,5.73579269e-03,5.26345801e-03,4.82185138e-03,4.40997863e-03
6.04784628e-03,6.64154766e-03,7.28299934e-03,7.97462650e-03,8.71877093e-03,9.51766595e-03,1.03734266e-02,1.12879649e-02,1.22629926e-02,1.32999374e-02,1.43999401e-02,1.55637600e-02,1.67917814e-02,1.80839170e-02,1.94395799e-02,2.08576731e-02,2.23364774e-02,2.38736849e-02,2.54663490e-02,2.71108076e-02,2.88027655e-02,3.05371992e-02,3.23083922e-02,3.41099910e-02,3.59349288e-02,3.77755538e-02,3.96236479e-02,4.14705053e-02,4.33069356e-02,4.51234430e-02,4.69102785e-02,4.86574695e-02,5.03550880e-02,5.19932248e-02,5.35622127e-02,5.50526120e-02,5.64555228e-02,5.77625372e-02,5.89659363e-02,6.00588135e-02,6.10351413e-02,6.18898682e-02,6.26190379e-02,6.32198304e-02,6.36906475e-02,6.40310794e-02,6.42420426e-02,6.43256456e-02,6.42852187e-02,6.41252846e-02,6.38514236e-02,6.34701774e-02,6.29889444e-02,6.24158196e-02,6.17594495e-02,6.10288382e-02,6.02331907e-02,5.93817271e-02,5.84835187e-02,5.75472750e-02,5.65812662e-02,5.55931404e-02,5.45898154e-02,5.35773598e-02,5.25609888e-02,5.15450165e-02,5.05327731e-02,4.95267399e-02,4.85285148e-02,4.75389287e-02,4.65581156e-02,4.55856435e-02,4.46205847e-02,4.36616689e-02,4.27073948e-02,4.17561308e-02,4.08061855e-02,3.98559496e-02,3.89039069e-02,3.79487202e-02,3.69892195e-02,3.60245220e-02,3.50539237e-02,3.40769999e-02,3.30935717e-02,3.21036763e-02,3.11075915e-02,3.01058143e-02,2.90990509e-02,2.80882027e-02,2.70743761e-02,2.60588545e-02,2.50431020e-02,2.40287613e-02,2.30176318e-02,2.20116675e-02,2.10129153e-02,2.00235713e-02,1.90458689e-02,1.80821028e-02,1.71345547e-02,1.62054989e-02,1.52971009e-02,1.44114560e-02,1.35505022e-02,1.27160121e-02,1.19095566e-02,1.11324992e-02,1.03859706e-02,9.67087224e-03,8.98786541e-03,8.33736081e-03,7.71956984e-03,7.13445712e-03,6.58179121e-03,6.06116746e-03,5.57198329e-03,5.11351740e-03,4.68489015e-03,4.28512646e-03
5.77815203e-03,6.34457497e-03,6.95652002e-03,7.61630852e-03,8.32618587e-03,9.08829365e-03,9.90467239e-03,1.07771698e-02,1.17074586e-02,1.26969330e-02,1.37467356e-02,1.48576479e-02,1.60301141e-02,1.72641184e-02,1.85592063e-02,1.99144334e-02,2.13282872e-02,2.27986872e-02,2.43229754e-02,2.58978214e-02,2.75193006e-02,2.91827861e-02,3.08830272e-02,3.26141492e-02,3.43696252e-02,3.61423269e-02,3.79246362e-02,3.97083908e-02,4.14850377e-02,4.32456508e-02,4.49810475e-02,4.66818511e-02,4.83386219e-02,4.99419793e-02,5.14826365e-02,5.29515818e-02,5.43402061e-02,5.56403436e-02,5.68444021e-02,5.79455681e-02,5.89377619e-02,5.98158427e-02,6.05755933e-02,6.12139292e-02,6.17288202e-02,6.21194094e-02,6.23860247e-02,6.25301450e-02,6.25544488e-02,6.24626763e-02,6.22596629e-02,6.19511567e-02,6.15437739e-02,6.10448085e-02,6.04621544e-02,5.98040931e-02,5.90791442e-02,5.82959056e-02,5.74628599e-02,5.65882437e-02,5.56799099e-02,5.47451489e-02,5.37905842e-02,5.28221279e-02,5.18448502e-02,5.08630201e-02,4.98799905e-02,4.88983542e-02,4.79198471e-02,4.69455272e-02,4.59757857e-02,4.50105071e-02,4.40491214e-02,4.30907533e-02,4.21343036e-02,4.11785766e-02,4.02223058e-02,3.92643586e-02,3.83036211e-02,3.73391770e-02,3.63702960e-02,3.53964604e-02,3.44173200e-02,3.34327817e-02,3.24429572e-02,3.14481296e-02,3.04487813e-02,2.94455923e-02,2.84393914e-02,2.74311807e-02,2.64221057e-02,2.54134778e-02,2.44067200e-02,2.34034285e-02,2.24053096e-02,2.14141812e-02,2.04319675e-02,1.94606762e-02,1.85023714e-02,1.75591428e-02,1.66330691e-02,1.57262143e-02,1.48405358e-02,1.39779439e-02,1.31401690e-02,1.23288082e-02,1.15452753e-02,1.07907858e-02,1.00663248e-02,9.37269814e-03,8.71045142e-03,8.07993673e-03,7.48128816e-03,6.91442844e-03,6.37909397e-03,5.87486150e-03,5.40112006e-03,4.95714694e-03,4.54208115e-03,4.15495783e-03
5.51114231e-03,6.05056807e-03,6.63330685e-03,7.26157473e-03,7.93751702e-03,8.66319798e-03,9.44056362e-03,1.02714142e-02,1.11573478e-02,1.20997550e-02,1.30997561e-02,1.41581604e-02,1.52754467e-02,1.64516866e-02,1.76865291e-02,1.89791732e-02,2.03283001e-02,2.17320509e-02,2.31880359e-02,2.46932339e-02,2.62440648e-02,2.78362967e-02,2.94651128e-02,3.11251059e-02,3.28102335e-02,3.45139429e-02,3.62291075e-02,3.79481614e-02,3.96631248e-02,4.13656533e-02,4.30471152e-02,4.46986929e-02,4.63114791e-02,4.78765778e-02,4.93851118e-02,5.08284904e-02,5.21984138e-02,5.34869470e-02,5.46867326e-02,5.57909533e-02,5.67936040e-02,5.76894209e-02,5.84740452e-02,5.91440685e-02,5.96971586e-02,6.01319931e-02,6.04483783e-02,6.06472306e-02,6.07305430e-02,6.07014038e-02,6.05638959e-02,6.03230260e-02,5.99846430e-02,5.95553145e-02,5.90421855e-02,5.84528409e-02,5.77951521e-02,5.70770949e-02,5.63066453e-02,5.54915220e-02,5.46391755e-02,5.37565574e-02,5.28500304e-02,5.19252941e-02,5.09873182e-02,5.00402749e-02,4.90875877e-02,4.81318869e-02,4.71750684e-02,4.62183692e-02,4.52624448e-02,4.43074554e-02,4.33531553e-02,4.23990339e-02,4.14443724e-02,4.04883549e-02,3.95301506e-02,3.85689698e-02,3.76041569e-02,3.66351567e-02,3.56616080e-02,3.46833207e-02,3.37003171e-02,3.27127501e-02,3.17210071e-02,3.07256021e-02,2.97272075e-02,2.87266560e-02,2.77249012e-02,2.67230049e-02,2.57221758e-02,2.47237328e-02,2.37290710e-02,2.27397401e-02,2.17573512e-02,2.07836051e-02,1.98202934e-02,1.88692734e-02,1.79324299e-02,1.70116443e-02,1.61088258e-02,1.52258324e-02,1.43644325e-02,1.35263298e-02,1.27130887e-02,1.19261164e-02,1.11666843e-02,1.04358513e-02,9.73449275e-03,9.06328950e-03,8.42270162e-03,7.81301036e-03,7.23427953e-03,6.68640016e-03,6.16907189e-03,5.68185560e-03,5.22414129e-03,4.79520019e-03,4.39419178e-03,4.02017031e-03
5.24766324e-03,5.76045830e-03,6.31438941e-03,6.91156834e-03,7.55404076e-03,8.24377406e-03,8.98264721e-03,9.77237802e-03,1.06145311e-02,1.15104523e-02,1.24612488e-02,1.34677468e-02,1.45304576e-02,1.56495273e-02,1.68246999e-02,1.80553142e-02,1.93402171e-02,2.06777658e-02,2.20658183e-02,2.35016495e-02,2.49820054e-02,2.65030228e-02,2.80603059e-02,2.96488814e-02,3.12631950e-02,3.28971744e-02,3.45442556e-02,3.61974090e-02,3.78492102e-02,3.94918509e-02,4.11172882e-02,4.27172333e-02,4.42832708e-02,4.58069704e-02,4.72799838e-02,4.86940220e-02,5.00411391e-02,5.13136908e-02,5.25044575e-02,5.36068156e-02,5.46147004e-02,5.55228554e-02,5.63267395e-02,5.70227690e-02,5.76082207e-02,5.80814295e-02,5.84417135e-02,5.86894415e-02,5.88260219e-02,5.88538758e-02,5.87764084e-02,5.85979000e-02,5.83235249e-02,5.79591058e-02,5.75110912e-02,5.69864064e-02,5.63922971e-02,5.57361655e-02,5.50254360e-02,5.42674027e-02,5.34690917e-02,5.26371188e-02,5.17776012e-02,5.08960336e-02,4.99972627e-02,4.90854159e-02,4.81638871e-02,4.72354144e-02,4.63019870e-02,4.53650355e-02,4.44254279e-02,4.34835963e-02,4.25396040e-02,4.15932387e-02,4.06441316e-02,3.96918319e-02,3.87358628e-02,3.77758369e-02,3.68113928e-02,3.58423814e-02,3.48687395e-02,3.38906050e-02,3.29082571e-02,3.19221467e-02,3.09328772e-02,2.99411453e-02,2.89478153e-02,2.79538501e-02,2.69602910e-02,2.59682983e-02,2.49791052e-02,2.39940342e-02,2.30144635e-02,2.20418796e-02,2.10778210e-02,2.01238804e-02,1.91817116e-02,1.82530247e-02,1.73395351e-02,1.64429769e-02,1.55650470e-02,1.47074200e-02,1.38716847e-02,1.30593572e-02,1.22718271e-02,1.15103498e-02,1.07760299e-02,1.00698024e-02,9.39241704e-03,8.74444842e-03,8.12628493e-03,7.53811048e-03,6.97995862e-03,6.45166403e-03,5.95290773e-03,5.48322918e-03,5.04201697e-03,4.62856144e-03,4.24202392e-03,3.88149242e-03
4.98848967e-03,5.47511596e-03,6.00073626e-03,6.56735571e-03,7.17692543e-03,7.83132203e-03,8.53234436e-03,9.28164274e-03,1.00807259e-02,1.09309023e-02,1.18332682e-02,1.27886450e-02,1.37975896e-02,1.48602957e-02,1.59766078e-02,1.71459839e-02,1.83674283e-02,1.96394958e-02,2.09602788e-02,2.23273225e-02,2.37376913e-02,2.51878649e-02,2.66738366e-02,2.81910617e-02,2.97344308e-02,3.12983654e-02,3.28768007e-02,3.44632380e-02,3.60507667e-02,3.76321375e-02,3.91998440e-02,4.07461077e-02,4.22630236e-02,4.37426530e-02,4.51770537e-02,4.65583503e-02,4.78789210e-02,4.91313897e-02,5.03087677e-02,5.14045469e-02,5.24127409e-02,5.33280373e-02,5.41458018e-02,5.48622534e-02,5.54744042e-02,5.59802242e-02,5.63785769e-02,5.66693768e-02,5.68534695e-02,5.69326654e-02,5.69097102e-02,5.67882508e-02,5.65727502e-02,5.62683791e-02,5.58809340e-02,5.54166958e-02,5.48822992e-02,5.42846173e-02,5.36305644e-02,5.29269949e-02,5.21805398e-02,5.13974987e-02,5.05837351e-02,4.97445576e-02,4.88846712e-02,4.80081514e-02,4.71184142e-02,4.62181866e-02,4.53096293e-02,4.43943143e-02,4.34732996e-02,4.25472558e-02,4.16165330e-02,4.06811982e-02,3.97412032e-02,3.87964100e-02,3.78466845e-02,3.68919335e-02,3.59321646e-02,3.49674821e-02,3.39981429e-02,3.30245569e-02,3.20472568e-02,3.10669057e-02,3.00843176e-02,2.91003697e-02,2.81160660e-02,2.71324795e-02,2.61507537e-02,2.51720957e-02,2.41977852e-02,2.32291240e-02,2.22674888e-02,2.13143025e-02,2.03710143e-02,1.94391329e-02,1.85201839e-02,1.76157430e-02,1.67273674e-02,1.58566218e-02,1.50050363e-02,1.41741131e-02,1.33652529e-02,1.25798183e-02,1.18190181e-02,1.10839652e-02,1.03756171e-02,9.69477650e-03,9.04208701e-03,8.41802638e-03,7.82289263e-03,7.25680729e-03,6.71975454e-03,6.21153088e-03,5.73179219e-03,5.28006814e-03,4.85574780e-03,4.45812941e-03,4.08639340e-03,3.73965246e-03
4.73433919e-03,5.19533269e-03,5.69322007e-03,6.22990541e-03,6.80724345e-03,7.42702326e-03,8.09095614e-03,8.80063232e-03,9.55749396e-03,1.03628207e-02,1.12176826e-02,1.21229105e-02,1.30790733e-02,1.40864272e-02,1.51448939e-02,1.62540432e-02,1.74130313e-02,1.86205897e-02,1.98750272e-02,2.11741421e-02,2.25152951e-02,2.38953009e-02,2.53105089e-02,2.67567765e-02,2.82294266e-02,2.97233425e-02,3.12329307e-02,3.27521898e-02,3.42747383e-02,3.57938483e-02,3.73024903e-02,3.87934297e-02,4.02592532e-02,4.16924842e-02,4.30855714e-02,4.44310829e-02,4.57217135e-02,4.69503738e-02,4.81103025e-02,4.91951182e-02,5.01989387e-02,5.11164442e-02,5.19429334e-02,5.26744314e-02,5.33077680e-02,5.38405553e-02,5.42713366e-02,5.45994900e-02,5.48253879e-02,5.49502894e-02,5.49763292e-02,5.49065582e-02,5.47447875e-02,5.44955507e-02,5.41640520e-02,5.37559390e-02,5.32773063e-02,5.27344868e-02,5.21339215e-02,5.14820255e-02,5.07850982e-02,5.00491038e-02,4.92796563e-02,4.84818928e-02,4.76603881e-02,4.68191393e-02,4.59615439e-02,4.50904071e-02,4.42079790e-02,4.33159359e-02,4.24155705e-02,4.15077321e-02,4.05929945e-02,3.96717452e-02,3.87441702e-02,3.78104523e-02,3.68707143e-02,3.59251574e-02,3.49740870e-02,3.40178572e-02,3.30570042e-02,3.20921429e-02,3.11240312e-02,3.01535446e-02,2.91816480e-02,2.82093789e-02,2.72378586e-02,2.62682606e-02,2.53018048e-02,2.43397448e-02,2.33833678e-02,2.24339850e-02,2.14929339e-02,2.05616038e-02,1.96413584e-02,1.87336206e-02,1.78397968e-02,1.69613268e-02,1.60996374e-02,1.52561152e-02,1.44321527e-02,1.36290826e-02,1.28481425e-02,1.20905302e-02,1.13573158e-02,1.06494417e-02,9.96775925e-03,9.31292865e-03,8.68550874e-03,8.08586739e-03,7.51423230e-03,6.97067240e-03,6.45511039e-03,5.96732087e-03,5.50693367e-03,5.07347519e-03,4.66633262e-03,4.28481074e-03,3.92811932e-03,3.59539478e-03
4.48585441e-03,4.92182001e-03,5.39262965e-03,5.90008963e-03,6.44595595e-03,7.03193434e-03,7.65964761e-03,8.33062269e-03,9.04624257e-03,9.80775151e-03,1.06161833e-02,1.14723807e-02,1.23769213e-02,1.33301020e-02,1.43319350e-02,1.53820729e-02,1.64798088e-02,1.76240578e-02,1.88133121e-02,2.00456195e-02,2.13185940e-02,2.26293840e-02,2.39746701e-02,2.53506694e-02,2.67531406e-02,2.81773806e-02,2.96182632e-02,3.10702492e-02,3.25274691e-02,3.39836702e-02,3.54323126e-02,3.68666649e-02,3.82797904e-02,3.96646485e-02,4.10141312e-02,4.23211902e-02,4.35788482e-02,4.47803177e-02,4.59190533e-02,4.69888411e-02,4.79839370e-02,4.88989837e-02,4.97293025e-02,5.04707657e-02,5.11199720e-02,5.16743138e-02,5.21319360e-02,5.24918698e-02,5.27539849e-02,5.29190451e-02,5.29886447e-02,5.29652573e-02,5.28520793e-02,5.26531003e-02,5.23728803e-02,5.20165525e-02,5.15896752e-02,5.10980636e-02,5.05477116e-02,4.99446653e-02,4.92948107e-02,4.86038588e-02,4.78771776e-02,4.71196920e-02,4.63358797e-02,4.55296747e-02,4.47044522e-02,4.38630357e-02,4.30077612e-02,4.21404578e-02,4.12625410e-02,4.03750688e-02,3.94788533e-02,3.85744683e-02,3.76623869e-02,3.67430076e-02,3.58167440e-02,3.48840505e-02,3.39454375e-02,3.30015235e-02,3.20530459e-02,3.11008375e-02,3.01458165e-02,2.91890353e-02,2.82315835e-02,2.72746496e-02,2.63194367e-02,2.53672004e-02,2.44192183e-02,2.34767795e-02,2.25411709e-02,2.16137152e-02,2.06957236e-02,1.97884981e-02,1.88933704e-02,1.80116519e-02,1.71446502e-02,1.62936840e-02,1.54600479e-02,1.46449935e-02,1.38497474e-02,1.30754923e-02,1.23233311e-02,1.15943030e-02,1.08893355e-02,1.02092447e-02,9.55474097e-03,8.92639253e-03,8.32464918e-03,7.74979778e-03,7.20199617e-03,6.68125506e-03,6.18745573e-03,5.72034344e-03,5.27953170e-03,4.86453995e-03,4.47476003e-03,4.10951208e-03,3.76802287e-03,3.44946049e-03
4.24360996e-03,4.65521123e-03,5.09966630e-03,5.57867996e-03,6.09391741e-03,6.64698891e-03,7.23945163e-03,7.87274819e-03,8.54821503e-03,9.26704239e-03,1.00302547e-02,1.08386641e-02,1.16928797e-02,1.25932377e-02,1.35397948e-02,1.45323193e-02,1.55702168e-02,1.66525412e-02,1.77779850e-02,1.89448185e-02,2.01509111e-02,2.13936791e-02,2.26701405e-02,2.39768699e-02,2.53099892e-02,2.66652051e-02,2.80378368e-02,2.94227973e-02,3.08146514e-02,3.22076380e-02,3.35957035e-02,3.49725597e-02,3.63317430e-02,3.76666449e-02,3.89705896e-02,4.02368754e-02,4.14588824e-02,4.26301211e-02,4.37442698e-02,4.47953343e-02,4.57776301e-02,4.66859192e-02,4.75154147e-02,4.82619815e-02,4.89220209e-02,4.94926944e-02,4.99718487e-02,5.03581539e-02,5.06510660e-02,5.08508906e-02,5.09587154e-02,5.09764776e-02,5.09068631e-02,5.07532693e-02,5.05197421e-02,5.02109006e-02,4.98317704e-02,4.93877158e-02,4.88843136e-02,4.83272001e-02,4.77219373e-02,4.70739491e-02,4.63883765e-02,4.56699729e-02,4.49230708e-02,4.41515446e-02,4.33587357e-02,4.25475165e-02,4.17202637e-02,4.08789329e-02,4.00250629e-02,3.91599126e-02,3.82844470e-02,3.73994820e-02,3.65056805e-02,3.56036797e-02,3.46941017e-02,3.37776206e-02,3.28549519e-02,3.19269150e-02,3.09944171e-02,3.00584640e-02,2.91201491e-02,2.81806197e-02,2.72411071e-02,2.63028741e-02,2.53672153e-02,2.44354419e-02,2.35088784e-02,2.25888286e-02,2.16765981e-02,2.07734909e-02,1.98807605e-02,1.89996958e-02,1.81315280e-02,1.72774997e-02,1.64388195e-02,1.56166889e-02,1.48122748e-02,1.40267108e-02,1.32610863e-02,1.25164399e-02,1.17937354e-02,1.10938651e-02,1.04176383e-02,9.76574887e-03,9.13879368e-03,8.53724219e-03,7.96143431e-03,7.41160056e-03,6.88782567e-03,6.39007380e-03,5.91818430e-03,5.47187356e-03,5.05075231e-03,4.65432694e-03,4.28200001e-03,3.93310841e-03,3.60690081e-03,3.30256927e-03
4.00810689e-03,4.39606607e-03,4.81494702e-03,5.26635768e-03,5.75187337e-03,6.27301726e-03,6.83126878e-03,7.42799975e-03,8.06449447e-03,8.74188915e-03,9.46118589e-03,1.02231838e-02,1.10285031e-02,1.18775079e-02,1.27703156e-02,1.37067670e-02,1.46863870e-02,1.57083701e-02,1.67715717e-02,1.78744663e-02,1.90151669e-02,2.01913454e-02,2.14003194e-02,2.26390008e-02,2.39038598e-02,2.51909848e-02,2.64961142e-02,2.78145671e-02,2.91413497e-02,3.04711498e-02,3.17983814e-02,3.31171788e-02,3.44215259e-02,3.57052386e-02,3.69620472e-02,3.81856151e-02,3.93696614e-02,4.05079946e-02,4.15945351e-02,4.26234752e-02,4.35892642e-02,4.44867387e-02,4.53111306e-02,4.60582376e-02,4.67243232e-02,4.73063663e-02,4.78019565e-02,4.82094511e-02,4.85279486e-02,4.87572998e-02,4.88981828e-02,4.89520356e-02,4.89210486e-02,4.88081202e-02,4.86167930e-02,4.83511910e-02,4.80158776e-02,4.76157777e-02,4.71560620e-02,4.66420092e-02,4.60788533e-02,4.54717427e-02,4.48255837e-02,4.41449769e-02,4.34341170e-02,4.26967926e-02,4.19363417e-02,4.11556326e-02,4.03571017e-02,3.95428017e-02,3.87143902e-02,3.78732644e-02,3.70205827e-02,3.61573100e-02,3.52843180e-02,3.44024226e-02,3.35124396e-02,3.26152295e-02,3.17116678e-02,3.08027565e-02,2.98895277e-02,2.89731491e-02,2.80547980e-02,2.71357559e-02,2.62173433e-02,2.53008772e-02,2.43877228e-02,2.34792400e-02,2.25767568e-02,2.16816049e-02,2.07950808e-02,1.99184660e-02,1.90529805e-02,1.81998610e-02,1.73602737e-02,1.65353790e-02,1.57262925e-02,1.49341179e-02,1.41599039e-02,1.34046627e-02,1.26693677e-02,1.19549185e-02,1.12621607e-02,1.05918618e-02,9.94470622e-03,9.32128355e-03,8.72208178e-03,8.14747624e-03,7.59772910e-03,7.07300007e-03,6.57331385e-03,6.09858939e-03,5.64863672e-03,5.22314850e-03,4.82172240e-03,4.44386620e-03,4.08899412e-03,3.75645468e-03,3.44552402e-03,3.15542263e-03
3.77977663e-03,4.14485764e-03,4.53899242e-03,4.96369693e-03,5.42045664e-03,5.91071276e-03,6.43586228e-03,6.99721370e-03,7.59598985e-03,8.23328737e-03,8.91006924e-03,9.62712802e-03,1.03850830e-02,1.11843254e-02,1.20250192e-02,1.29070822e-02,1.38301328e-02,1.47934947e-02,1.57961845e-02,1.68368518e-02,1.79138277e-02,1.90250445e-02,2.01680865e-02,2.13401597e-02,2.25380883e-02,2.37583034e-02,2.49969177e-02,2.62496732e-02,2.75119655e-02,2.87789088e-02,3.00453380e-02,3.13058384e-02,3.25547829e-02,3.37864161e-02,3.49948332e-02,3.61740775e-02,3.73181999e-02,3.84212919e-02,3.94775234e-02,4.04812992e-02,4.14272025e-02,4.23101820e-02,4.31254841e-02,4.38688584e-02,4.45365161e-02,4.51252572e-02,4.56324592e-02,4.60562110e-02,4.63952832e-02,4.66491804e-02,4.68181558e-02,4.69032116e-02,4.69061136e-02,4.68292832e-02,4.66757976e-02,4.64493297e-02,4.61540148e-02,4.57943529e-02,4.53751534e-02,4.49013263e-02,4.43778113e-02,4.38094959e-02,4.32010628e-02,4.25569378e-02,4.18811962e-02,4.11775410e-02,4.04492840e-02,3.96992750e-02,3.89300250e-02,3.81436385e-02,3.73418890e-02,3.65263075e-02,3.56981829e-02,3.48586254e-02,3.40086930e-02,3.31493467e-02,3.22815627e-02,3.14063579e-02,3.05247493e-02,2.96378676e-02,2.87468676e-02,2.78530084e-02,2.69575920e-02,2.60619354e-02,2.51674484e-02,2.42754929e-02,2.33874749e-02,2.25047749e-02,2.16287356e-02,2.07606908e-02,1.99019257e-02,1.90536864e-02,1.82171613e-02,1.73935313e-02,1.65839009e-02,1.57893486e-02,1.50109138e-02,1.42496005e-02,1.35063510e-02,1.27820782e-02,1.20776230e-02,1.13937911e-02,1.07312929e-02,1.00908056e-02,9.47288983e-03,8.87803640e-03,8.30664020e-03,7.75899598e-03,7.23529281e-03,6.73562195e-03,6.25996524e-03,5.80819184e-03,5.38009126e-03,4.97533800e-03,4.59351717e-03,4.23414260e-03,3.89663526e-03,3.58036719e-03,3.28463409e-03,3.00869183e-03
3.55898263e-03,3.90198943e-03,4.27224766e-03,4.67118714e-03,5.10020088e-03,5.56065934e-03,6.05387194e-03,6.58109365e-03,7.14347232e-03,7.74207432e-03,8.37782212e-03,9.05149244e-03,9.76370368e-03,1.05148684e-02,1.13051953e-02,1.21346572e-02,1.30029675e-02,1.39095634e-02,1.48536004e-02,1.58339012e-02,1.68489888e-02,1.78970378e-02,1.89758763e-02,2.00829916e-02,2.12155133e-02,2.23702285e-02,2.35435683e-02,2.47316565e-02,2.59302873e-02,2.71349698e-02,2.83409357e-02,2.95431726e-02,3.07364650e-02,3.19154225e-02,3.30745354e-02,3.42081934e-02,3.53107527e-02,3.63766141e-02,3.74002084e-02,3.83761115e-02,3.92991006e-02,4.01642136e-02,4.09667641e-02,4.17024978e-02,4.23675589e-02,4.29586172e-02,4.34729047e-02,4.39082682e-02,4.42631952e-02,4.45368849e-02,4.47292291e-02,4.48408425e-02,4.48730886e-02,4.48279753e-02,4.47081514e-02,4.45168763e-02,4.42578830e-02,4.39352877e-02,4.35535237e-02,4.31171879e-02,4.26309295e-02,4.20993716e-02,4.15269956e-02,4.09180336e-02,4.02764529e-02,3.96058746e-02,3.89095433e-02,3.81903425e-02,3.74507904e-02,3.66930515e-02,3.59189883e-02,3.51302400e-02,3.43282074e-02,3.35141569e-02,3.26892510e-02,3.18546072e-02,3.10113318e-02,3.01605444e-02,2.93033998e-02,2.84411125e-02,2.75749397e-02,2.67062187e-02,2.58363076e-02,2.49665957e-02,2.40985192e-02,2.32334789e-02,2.23728959e-02,2.15181634e-02,2.06706226e-02,1.98315922e-02,1.90023426e-02,1.81840714e-02,1.73779558e-02,1.65850930e-02,1.58065483e-02,1.50433192e-02,1.42963752e-02,1.35666104e-02,1.28548946e-02,1.21620186e-02,1.14887413e-02,1.08357528e-02,1.02036735e-02,9.59306397e-03,9.00440011e-03,8.43807030e-03,7.89439864e-03,7.37358723e-03,6.87578553e-03,6.40100753e-03,5.94919175e-03,5.52019244e-03,5.11375209e-03,4.72954381e-03,4.36714618e-03,4.02607676e-03,3.70577187e-03,3.40561336e-03,3.12493136e-03,2.86301156e-03
3.34602012e-03,3.66777787e-03,4.01506061e-03,4.38920781e-03,4.79153031e-03,5.22331754e-03,5.68580767e-03,6.18018489e-03,6.70754816e-03,7.26890564e-03,7.86516070e-03,8.49705562e-03,9.16521437e-03,9.87006817e-03,1.06118424e-02,1.13905845e-02,1.22060804e-02,1.30578624e-02,1.39452210e-02,1.48671381e-02,1.58223137e-02,1.68091189e-02,1.78256277e-02,1.88696049e-02,1.99384224e-02,2.10292060e-02,2.21387111e-02,2.32633967e-02,2.43994351e-02,2.55427007e-02,2.66887825e-02,2.78330762e-02,2.89707333e-02,3.00967395e-02,3.12059261e-02,3.22930366e-02,3.33527438e-02,3.43797207e-02,3.53686512e-02,3.63143347e-02,3.72117274e-02,3.80559452e-02,3.88424285e-02,3.95669229e-02,4.02255431e-02,4.08148915e-02,4.13320400e-02,4.17746715e-02,4.21410277e-02,4.24300469e-02,4.26413044e-02,4.27751020e-02,4.28323857e-02,4.28148359e-02,4.27247062e-02,4.25648764e-02,4.23386991e-02,4.20499407e-02,4.17026877e-02,4.13012207e-02,4.08499092e-02,4.03531455e-02,3.98151837e-02,3.92400958e-02,3.86317112e-02,3.79935727e-02,3.73288728e-02,3.66404727e-02,3.59309055e-02,3.52023914e-02,3.44568714e-02,3.36960480e-02,3.29214334e-02,3.21344137e-02,3.13362442e-02,3.05281635e-02,2.97113769e-02,2.88871061e-02,2.80565917e-02,2.72211246e-02,2.63820440e-02,2.55407151e-02,2.46985517e-02,2.38569789e-02,2.30174419e-02,2.21813731e-02,2.13501975e-02,2.05252711e-02,1.97079722e-02,1.88995562e-02,1.81012806e-02,1.73143111e-02,1.65397655e-02,1.57787111e-02,1.50321359e-02,1.43009806e-02,1.35861216e-02,1.28883906e-02,1.22085577e-02,1.15473391e-02,1.09053915e-02,1.02833193e-02,9.68164206e-03,9.10082925e-03,8.54127388e-03,8.00328515e-03,7.48711638e-03,6.99290121e-03,6.52072486e-03,6.07056171e-03,5.64231258e-03,5.23579121e-03,4.85073263e-03,4.48679598e-03,4.14355472e-03,3.82053480e-03,3.51718371e-03,3.23291309e-03,2.96707032e-03,2.71897577e-03
3.14111589e-03,3.44248116e-03,3.76771344e-03,4.11806814e-03,4.49477695e-03,4.89905290e-03,5.33206109e-03,5.79492515e-03,6.28868025e-03,6.81430101e-03,7.37263821e-03,7.96442945e-03,8.59028101e-03,9.25063621e-03,9.94575582e-03,1.06757227e-02,1.14403972e-02,1.22394105e-02,1.30721610e-02,1.39377685e-02,1.48350978e-02,1.57627240e-02,1.67189166e-02,1.77016743e-02,1.87086649e-02,1.97372660e-02,2.07845494e-02,2.18472965e-02,2.29220036e-02,2.40048915e-02,2.50919331e-02,2.61788443e-02,2.72611529e-02,2.83341836e-02,2.93931291e-02,3.04330271e-02,3.14488821e-02,3.24356370e-02,3.33882235e-02,3.43016721e-02,3.51710878e-02,3.59917879e-02,3.67592275e-02,3.74692306e-02,3.81179303e-02,3.87018509e-02,3.92179862e-02,3.96638550e-02,4.00375463e-02,4.03377265e-02,4.05637473e-02,4.07155827e-02,4.07939032e-02,4.08000201e-02,4.07358631e-02,4.06039394e-02,4.04072776e-02,4.01493013e-02,3.98337729e-02,3.94646861e-02,3.90461423e-02,3.85822691e-02,3.80771458e-02,3.75346541e-02,3.69585156e-02,3.63521464e-02,3.57187130e-02,3.50610241e-02,3.43816318e-02,3.36827859e-02,3.29664797e-02,3.22344825e-02,3.14883962e-02,3.07296738e-02,2.99596842e-02,2.91797444e-02,2.83911340e-02,2.75951512e-02,2.67931167e-02,2.59863567e-02,2.51762532e-02,2.43642274e-02,2.35516932e-02,2.27401033e-02,2.19309013e-02,2.11255103e-02,2.03253459e-02,1.95317715e-02,1.87461004e-02,1.79695990e-02,1.72034670e-02,1.64488349e-02,1.57067813e-02,1.49782971e-02,1.42643321e-02,1.35657582e-02,1.28833847e-02,1.22179650e-02,1.15701966e-02,1.09407026e-02,1.03300670e-02,9.73880198e-03,9.16735828e-03,8.61611962e-03,8.08540545e-03,7.57544767e-03,7.08643766e-03,6.61845086e-03,6.17152825e-03,5.74559812e-03,5.34052448e-03,4.95610712e-03,4.59205685e-03,4.24802722e-03,3.92359821e-03,3.61830089e-03,3.33160092e-03,3.06292297e-03,2.81165028e-03,2.57713092e-03
2.94444081e-03,3.22627602e-03,3.53039731e-03,3.85797746e-03,4.21017129e-03,4.58811410e-03,4.99290740e-03,5.42560546e-03,5.88719686e-03,6.37860317e-03,6.90063741e-03,7.45402463e-03,8.03935062e-03,8.65706243e-03,9.30745993e-03,9.99065023e-03,1.07065579e-02,1.14549026e-02,1.22351758e-02,1.30466297e-02,1.38882715e-02,1.47588523e-02,1.56568438e-02,1.65804438e-02,1.75275803e-02,1.84958801e-02,1.94827020e-02,2.04851180e-02,2.14999504e-02,2.25237254e-02,2.35527307e-02,2.45830491e-02,2.56105270e-02,2.66308337e-02,2.76394617e-02,2.86317952e-02,2.96031013e-02,3.05486042e-02,3.14635038e-02,3.23430188e-02,3.31824683e-02,3.39772739e-02,3.47230621e-02,3.54157016e-02,3.60513218e-02,3.66264693e-02,3.71380523e-02,3.75835001e-02,3.79607342e-02,3.82682644e-02,3.85051928e-02,3.86712849e-02,3.87668721e-02,3.87930423e-02,3.87513600e-02,3.86440530e-02,3.84738147e-02,3.82437482e-02,3.79573330e-02,3.76182757e-02,3.72304134e-02,3.67976464e-02,3.63238342e-02,3.58127169e-02,3.52678485e-02,3.46925892e-02,3.40899862e-02,3.34628560e-02,3.28137204e-02,3.21448557e-02,3.14582773e-02,3.07558253e-02,3.00391503e-02,2.93097738e-02,2.85691433e-02,2.78186370e-02,2.70595904e-02,2.62933690e-02,2.55213156e-02,2.47448087e-02,2.39652563e-02,2.31840760e-02,2.24027205e-02,2.16225889e-02,2.08451618e-02,2.00718343e-02,1.93039738e-02,1.85429510e-02,1.77900195e-02,1.70464236e-02,1.63133144e-02,1.55917825e-02,1.48828551e-02,1.41874729e-02,1.35065299e-02,1.28408317e-02,1.21911205e-02,1.15580931e-02,1.09423716e-02,1.03445062e-02,9.76500381e-03,9.20429919e-03,8.66277702e-03,8.14075209e-03,7.63847446e-03,7.15612201e-03,6.69381581e-03,6.25159685e-03,5.82944695e-03,5.42727392e-03,5.04491013e-03,4.68213204e-03,4.33864351e-03,4.01409157e-03,3.70806269e-03,3.42009543e-03,3.14967590e-03,2.89624673e-03,2.65922188e-03,2.43797712e-03
2.75610154e-03,3.01928585e-03,3.30324448e-03,3.60907568e-03,3.93786188e-03,4.29066317e-03,4.66851704e-03,5.07241627e-03,5.50329499e-03,5.96202677e-03,6.44939393e-03,6.96609309e-03,7.51269842e-03,8.08965787e-03,8.69728718e-03,9.33573302e-03,1.00049637e-02,1.07047772e-02,1.14347534e-02,1.21942582e-02,1.29824346e-02,1.37981866e-02,1.46401571e-02,1.55067537e-02,1.63961202e-02,1.73061192e-02,1.82343666e-02,1.91782098e-02,2.01347526e-02,2.11008191e-02,2.20730156e-02,2.30477322e-02,2.40211189e-02,2.49891691e-02,2.59476844e-02,2.68923305e-02,2.78186724e-02,2.87221987e-02,2.95983423e-02,3.04425620e-02,3.12503576e-02,3.20173055e-02,3.27391736e-02,3.34118977e-02,3.40316817e-02,3.45950499e-02,3.50989141e-02,3.55406143e-02,3.59179713e-02,3.62293608e-02,3.64736840e-02,3.66505124e-02,3.67599577e-02,3.68028134e-02,3.67804058e-02,3.66946459e-02,3.65479514e-02,3.63431349e-02,3.60833928e-02,3.57721485e-02,3.54130119e-02,3.50096375e-02,3.45656909e-02,3.40847448e-02,3.35702226e-02,3.30253541e-02,3.24531347e-02,3.18563245e-02,3.12374216e-02,3.05987094e-02,2.99422294e-02,2.92698462e-02,2.85832584e-02,2.78840568e-02,2.71737054e-02,2.64536515e-02,2.57252753e-02,2.49899644e-02,2.42490992e-02,2.35040728e-02,2.27563065e-02,2.20071953e-02,2.12582015e-02,2.05107052e-02,1.97661575e-02,1.90259255e-02,1.82913486e-02,1.75637566e-02,1.68443639e-02,1.61343701e-02,1.54348854e-02,1.47469519e-02,1.40715456e-02,1.34095550e-02,1.27618145e-02,1.21290749e-02,1.15120206e-02,1.09112803e-02,1.03274165e-02,9.76091251e-03,9.21221264e-03,8.68168194e-03,8.16964637e-03,7.67635321e-03,7.20200082e-03,6.74671354e-03,6.31055981e-03,5.89354429e-03,5.49560878e-03,5.11663361e-03,4.75642644e-03,4.41475166e-03,4.09131078e-03,3.78574198e-03,3.49763897e-03,3.22655565e-03,2.97199329e-03,2.73341825e-03,2.51027150e-03,2.30196235e-03
2.57615233e-03,2.82156258e-03,3.08631221e-03,3.37142474e-03,3.67791182e-03,4.00676485e-03,4.35896078e-03,4.73542651e-03,5.13705099e-03,5.56465704e-03,6.01899577e-03,6.50072657e-03,7.01042265e-03,7.54852919e-03,8.11536238e-03,8.71110521e-03,9.33577586e-03,9.98921972e-03,1.06711108e-02,1.13809062e-02,1.21178785e-02,1.28810573e-02,1.36692580e-02,1.44810714e-02,1.53148230e-02,1.61685999e-02,1.70402601e-02,1.79274026e-02,1.88273750e-02,1.97373051e-02,2.06540730e-02,2.15743445e-02,2.24945843e-02,2.34110635e-02,2.43198760e-02,2.52169725e-02,2.60982066e-02,2.69592945e-02,2.77959388e-02,2.86038090e-02,2.93785874e-02,3.01160514e-02,3.08120586e-02,3.14626843e-02,3.20641994e-02,3.26131769e-02,3.31064984e-02,3.35415006e-02,3.39159220e-02,3.42280194e-02,3.44765745e-02,3.46609652e-02,3.47811356e-02,3.48376147e-02,3.48315239e-02,3.47644985e-02,3.46386954e-02,3.44566554e-02,3.42213064e-02,3.39358263e-02,3.36035639e-02,3.32279690e-02,3.28125060e-02,3.23605724e-02,3.18754464e-02,3.13602611e-02,3.08179148e-02,3.02511062e-02,2.96623185e-02,2.90538147e-02,2.84276400e-02,2.77856849e-02,2.71296743e-02,2.64612325e-02,2.57818550e-02,2.50930209e-02,2.43961364e-02,2.36926079e-02,2.29838379e-02,2.22712085e-02,2.15561204e-02,2.08399948e-02,2.01242287e-02,1.94102116e-02,1.86993293e-02,1.79929193e-02,1.72922965e-02,1.65987164e-02,1.59133747e-02,1.52374096e-02,1.45718912e-02,1.39178047e-02,1.32760657e-02,1.26475347e-02,1.20329671e-02,1.14330733e-02,1.08484775e-02,1.02797514e-02,9.72739421e-03,9.19184089e-03,8.67347233e-03,8.17260332e-03,7.68949231e-03,7.22434279e-03,6.77729817e-03,6.34844275e-03,5.93780400e-03,5.54534839e-03,5.17098466e-03,4.81457543e-03,4.47591487e-03,4.15474921e-03,3.85077437e-03,3.56363715e-03,3.29293730e-03,3.03824083e-03,2.79906695e-03,2.57491088e-03,2.36523454e-03,2.16948055e-03
2.40459363e-03,2.63310713e-03,2.87959562e-03,3.14501487e-03,3.43030831e-03,3.73640307e-03,4.06421116e-03,4.41461010e-03,4.78843087e-03,5.18645253e-03,5.60939312e-03,6.05788268e-03,6.53247815e-03,7.03362003e-03,7.56163010e-03,8.11671838e-03,8.69894121e-03,9.30818915e-03,9.94421449e-03,1.06065590e-02,1.12946052e-02,1.20075047e-02,1.27442190e-02,1.35035049e-02,1.42838517e-02,1.50835700e-02,1.59007125e-02,1.67331062e-02,1.75783522e-02,1.84338260e-02,1.92966629e-02,2.01638173e-02,2.10320204e-02,2.18977965e-02,2.27575414e-02,2.36074701e-02,2.44436860e-02,2.52621733e-02,2.60588489e-02,2.68296078e-02,2.75703333e-02,2.82769687e-02,2.89455503e-02,2.95722503e-02,3.01534384e-02,3.06857508e-02,3.11660971e-02,3.15917991e-02,3.19605693e-02,3.22705805e-02,3.25205289e-02,3.27096507e-02,3.28376964e-02,3.29050533e-02,3.29125896e-02,3.28617319e-02,3.27543877e-02,3.25928442e-02,3.23797800e-02,3.21181417e-02,3.18110324e-02,3.14616822e-02,3.10733728e-02,3.06493267e-02,3.01926695e-02,2.97064185e-02,2.91933864e-02,2.86562033e-02,2.80973148e-02,2.75189430e-02,2.69231405e-02,2.63118017e-02,2.56866645e-02,2.50493549e-02,2.44014151e-02,2.37443205e-02,2.30794959e-02,2.24083494e-02,2.17322819e-02,2.10526567e-02,2.03708913e-02,1.96883287e-02,1.90063715e-02,1.83263663e-02,1.76496319e-02,1.69774853e-02,1.63111947e-02,1.56519394e-02,1.50008937e-02,1.43591231e-02,1.37276547e-02,1.31074172e-02,1.24992831e-02,1.19040553e-02,1.13224406e-02,1.07550938e-02,1.02025922e-02,9.66544449e-03,9.14410409e-03,8.63895472e-03,8.15032236e-03,7.67848128e-03,7.22363358e-03,6.78594178e-03,6.36550086e-03,5.96236018e-03,5.57651743e-03,5.20790322e-03,4.85641276e-03,4.52187657e-03,4.20408417e-03,3.90277687e-03,3.61764268e-03,3.34834075e-03,3.09447641e-03,2.85562943e-03,2.63134087e-03,2.42112740e-03,2.22448050e-03,2.04087212e-03
2.24138843e-03,2.45386874e-03,2.68303556e-03,2.92977691e-03,3.19497194e-03,3.47948633e-03,3.78417363e-03,4.10985108e-03,4.45730751e-03,4.82727401e-03,5.22043230e-03,5.63738914e-03,6.07867818e-03,6.54473202e-03,7.03588314e-03,7.55235320e-03,8.09422508e-03,8.66144709e-03,9.25382599e-03,9.87098273e-03,1.05123892e-02,1.11773135e-02,1.18648456e-02,1.25738792e-02,1.33030908e-02,1.40509373e-02,1.48156872e-02,1.55953784e-02,1.63878202e-02,1.71906203e-02,1.80011783e-02,1.88166648e-02,1.96340792e-02,2.04502288e-02,2.12617330e-02,2.20650677e-02,2.28565950e-02,2.36325320e-02,2.43890341e-02,2.51222197e-02,2.58281603e-02,2.65029930e-02,2.71428917e-02,2.77441721e-02,2.83033270e-02,2.88170483e-02,2.92823389e-02,2.96965092e-02,3.00572719e-02,3.03627662e-02,3.06116045e-02,3.08029074e-02,3.09363380e-02,3.10120806e-02,3.10308263e-02,3.09938081e-02,3.09026930e-02,3.07595581e-02,3.05668414e-02,3.03272437e-02,3.00436579e-02,2.97191124e-02,2.93566864e-02,2.89594159e-02,2.85303053e-02,2.80722287e-02,2.75879074e-02,2.70798989e-02,2.65505835e-02,2.60021538e-02,2.54366491e-02,2.48559434e-02,2.42617838e-02,2.36557983e-02,2.30395310e-02,2.24144645e-02,2.17820108e-02,2.11435873e-02,2.05005687e-02,1.98543165e-02,1.92061812e-02,1.85575187e-02,1.79096553e-02,1.72639005e-02,1.66215412e-02,1.59838218e-02,1.53519548e-02,1.47270905e-02,1.41103165e-02,1.35026686e-02,1.29051078e-02,1.23185217e-02,1.17437197e-02,1.11814532e-02,1.06323874e-02,1.00971181e-02,9.57617722e-03,9.07003321e-03,8.57908744e-03,8.10367707e-03,7.64407869e-03,7.20052980e-03,6.77318545e-03,6.36217324e-03,5.96755603e-03,5.58934780e-03,5.22751315e-03,4.88197012e-03,4.55258461e-03,4.23918199e-03,3.94154014e-03,3.65939178e-03,3.39243840e-03,3.14033264e-03,2.90269800e-03,2.67913053e-03,2.46918853e-03,2.27241800e-03,2.08833138e-03,1.91643194e-03
2.08644499e-03,2.28374824e-03,2.49652006e-03,2.72558467e-03,2.97176023e-03,3.23585328e-03,3.51866102e-03,3.82094854e-03,4.14345507e-03,4.48687235e-03,4.85184323e-03,5.23894792e-03,5.64869866e-03,6.08152105e-03,6.53774664e-03,7.01760780e-03,7.52121676e-03,8.04855768e-03,8.59948806e-03,9.17369872e-03,9.77074727e-03,1.03899976e-02,1.10306554e-02,1.16917416e-02,1.23720840e-02,1.30702946e-02,1.37848258e-02,1.45138968e-02,1.52555266e-02,1.60075258e-02,1.67675242e-02,1.75329261e-02,1.83009617e-02,1.90686770e-02,1.98329352e-02,2.05904581e-02,2.13378444e-02,2.20715404e-02,2.27879286e-02,2.34833360e-02,2.41540391e-02,2.47963611e-02,2.54066512e-02,2.59813629e-02,2.65170988e-02,2.70106830e-02,2.74591837e-02,2.78599337e-02,2.82106865e-02,2.85095591e-02,2.87551135e-02,2.89464071e-02,2.90829930e-02,2.91649047e-02,2.91927047e-02,2.91674137e-02,2.90905219e-02,2.89638862e-02,2.87897196e-02,2.85705123e-02,2.83089243e-02,2.80078072e-02,2.76700240e-02,2.72984598e-02,2.68959552e-02,2.64652632e-02,2.60089952e-02,2.55296305e-02,2.50294749e-02,2.45106891e-02,2.39752699e-02,2.34250687e-02,2.28618160e-02,2.22871490e-02,2.17025857e-02,2.11096164e-02,2.05096286e-02,1.99040249e-02,1.92941651e-02,1.86813679e-02,1.80669557e-02,1.74522419e-02,1.68385040e-02,1.62269976e-02,1.56189622e-02,1.50155835e-02,1.44180106e-02,1.38273425e-02,1.32446084e-02,1.26707908e-02,1.21067921e-02,1.15534458e-02,1.10115130e-02,1.04816975e-02,9.96460672e-03,9.46080405e-03,8.97076726e-03,8.49492196e-03,8.03362485e-03,7.58717395e-03,7.15581235e-03,6.73972769e-03,6.33905316e-03,5.95387677e-03,5.58423251e-03,5.23010781e-03,4.89144772e-03,4.56815027e-03,4.26006364e-03,3.96701042e-03,3.68875731e-03,3.42504075e-03,3.17556364e-03,2.93998909e-03,2.71795248e-03,2.50906823e-03,2.31291377e-03,2.12905766e-03,1.95704098e-03,1.79639575e-03
1.93964294e-03,2.12260964e-03,2.31989427e-03,2.53226352e-03,2.76047597e-03,3.00528668e-03,3.26743210e-03,3.54763609e-03,3.84657923e-03,4.16492391e-03,4.50327108e-03,4.86217439e-03,5.24212513e-03,5.64353727e-03,6.06673816e-03,6.51197089e-03,6.97936630e-03,7.46894022e-03,7.98059534e-03,8.51408485e-03,9.06902831e-03,9.64489114e-03,1.02409702e-02,1.08564077e-02,1.14901522e-02,1.21409865e-02,1.28074894e-02,1.34880645e-02,1.41809210e-02,1.48840658e-02,1.55953206e-02,1.63123086e-02,1.70324836e-02,1.77531000e-02,1.84712820e-02,1.91839486e-02,1.98879298e-02,2.05799043e-02,2.12564617e-02,2.19141506e-02,2.25494504e-02,2.31588688e-02,2.37389151e-02,2.42862105e-02,2.47975048e-02,2.52697226e-02,2.57000197e-02,2.60858107e-02,2.64248811e-02,2.67153513e-02,2.69557759e-02,2.71451566e-02,2.72829495e-02,2.73691081e-02,2.74040326e-02,2.73886006e-02,2.73241103e-02,2.72122249e-02,2.70549580e-02,2.68545877e-02,2.66135857e-02,2.63345707e-02,2.60202475e-02,2.56733224e-02,2.52964944e-02,2.48923637e-02,2.44634356e-02,2.40121000e-02,2.35406104e-02,2.30510384e-02,2.25453507e-02,2.20253784e-02,2.14928128e-02,2.09492724e-02,2.03962680e-02,1.98352486e-02,1.92676149e-02,1.86947137e-02,1.81178842e-02,1.75384078e-02,1.69575643e-02,1.63766183e-02,1.57967974e-02,1.52193038e-02,1.46453157e-02,1.40759563e-02,1.35123245e-02,1.29554523e-02,1.24063147e-02,1.18658328e-02,1.13348560e-02,1.08141676e-02,1.03044817e-02,9.80644021e-03,9.32062045e-03,8.84753000e-03,8.38761497e-03,7.94124976e-03,7.50876032e-03,7.09040090e-03,6.68638851e-03,6.29687216e-03,5.92196407e-03,5.56171406e-03,5.21614077e-03,4.88520367e-03,4.56883525e-03,4.26691491e-03,3.97929037e-03,3.70576605e-03,3.44611169e-03,3.20007093e-03,2.96734413e-03,2.74761207e-03,2.54052109e-03,2.34570238e-03,2.16275686e-03,1.99127104e-03,1.83081836e-03,1.68095634e-03
1.80082687e-03,1.97027274e-03,2.15295679e-03,2.34958902e-03,2.56087212e-03,2.78750830e-03,3.03018303e-03,3.28957103e-03,3.56631353e-03,3.86102125e-03,4.17427300e-03,4.50658472e-03,4.85843141e-03,5.23021352e-03,5.62224863e-03,6.03478961e-03,6.46798313e-03,6.92186318e-03,7.39637716e-03,7.89132714e-03,8.40639882e-03,8.94112326e-03,9.49489698e-03,1.00669665e-02,1.06563866e-02,1.12620788e-02,1.18827652e-02,1.25170005e-02,1.31631624e-02,1.38194403e-02,1.44838300e-02,1.51541643e-02,1.58280972e-02,1.65030882e-02,1.71764661e-02,1.78453848e-02,1.85068808e-02,1.91578511e-02,1.97950993e-02,2.04153657e-02,2.10153423e-02,2.15917043e-02,2.21411698e-02,2.26605162e-02,2.31466331e-02,2.35965680e-02,2.40075830e-02,2.43771989e-02,2.47032251e-02,2.49838289e-02,2.52175797e-02,2.54034176e-02,2.55407672e-02,2.56294776e-02,2.56698467e-02,2.56625954e-02,2.56088711e-02,2.55101603e-02,2.53682863e-02,2.51853205e-02,2.49635428e-02,2.47053839e-02,2.44133677e-02,2.40900386e-02,2.37379186e-02,2.33594906e-02,2.29571462e-02,2.25331802e-02,2.20897365e-02,2.16288492e-02,2.11524349e-02,2.06622668e-02,2.01600194e-02,1.96472518e-02,1.91254709e-02,1.85960997e-02,1.80604979e-02,1.75199844e-02,1.69758536e-02,1.64293479e-02,1.58817135e-02,1.53341424e-02,1.47878164e-02,1.42438896e-02,1.37034589e-02,1.31676085e-02,1.26373684e-02,1.21136950e-02,1.15975328e-02,1.10897236e-02,1.05910730e-02,1.01023046e-02,9.62408632e-03,9.15702060e-03,8.70163180e-03,8.25839024e-03,7.82770105e-03,7.40990322e-03,7.00528501e-03,6.61407551e-03,6.23645633e-03,5.87255321e-03,5.52244624e-03,5.18616894e-03,4.86371620e-03,4.55503445e-03,4.26004315e-03,3.97860957e-03,3.71057121e-03,3.45573714e-03,3.21387593e-03,2.98473076e-03,2.76801689e-03,2.56342115e-03,2.37060781e-03,2.18922412e-03,2.01889244e-03,1.85922487e-03,1.70981791e-03,1.57025747e-03
1.66980992e-03,1.82653288e-03,1.99548015e-03,2.17730645e-03,2.37266440e-03,2.58220453e-03,2.80656503e-03,3.04637360e-03,3.30222910e-03,3.57470382e-03,3.86434165e-03,4.17163176e-03,4.49702609e-03,4.84090811e-03,5.20359119e-03,5.58532961e-03,5.98627608e-03,6.40649255e-03,6.84595434e-03,7.30450312e-03,7.78188137e-03,8.27768818e-03,8.79140012e-03,9.32234991e-03,9.86970216e-03,1.04324874e-02,1.10095609e-02,1.15996189e-02,1.22011863e-02,1.28126182e-02,1.34320762e-02,1.40575813e-02,1.46869691e-02,1.53178992e-02,1.59478951e-02,1.65743195e-02,1.71944033e-02,1.78052634e-02,1.84038971e-02,1.89872589e-02,1.95522234e-02,2.00956631e-02,2.06144750e-02,2.11056005e-02,2.15660930e-02,2.19931249e-02,2.23840866e-02,2.27365904e-02,2.30485220e-02,2.33180970e-02,2.35438831e-02,2.37248465e-02,2.38603428e-02,2.39501670e-02,2.39945054e-02,2.39939671e-02,2.39495523e-02,2.38625817e-02,2.37347092e-02,2.35678088e-02,2.33639851e-02,2.31254902e-02,2.28546485e-02,2.25538611e-02,2.22254880e-02,2.18718778e-02,2.14953069e-02,2.10979506e-02,2.06818786e-02,2.02490520e-02,1.98013224e-02,1.93404071e-02,1.88679453e-02,1.83854587e-02,1.78944152e-02,1.73962042e-02,1.68921426e-02,1.63835175e-02,1.58715751e-02,1.53575148e-02,1.48425307e-02,1.43277561e-02,1.38143227e-02,1.33033236e-02,1.27957929e-02,1.22927539e-02,1.17951734e-02,1.13039557e-02,1.08199753e-02,1.03440220e-02,9.87684913e-03,9.41913109e-03,8.97148624e-03,8.53446964e-03,8.10856838e-03,7.69421225e-03,7.29176775e-03,6.90154452e-03,6.52379636e-03,6.15872489e-03,5.80648705e-03,5.46718435e-03,5.14087640e-03,4.82757716e-03,4.52726567e-03,4.23987722e-03,3.96531960e-03,3.70345637e-03,3.45411967e-03,3.21711856e-03,2.99222488e-03,2.77918740e-03,2.57773302e-03,2.38755904e-03,2.20834604e-03,2.03976012e-03,1.88144343e-03,1.73303217e-03,1.59414648e-03,1.46439951e-03
1.54638011e-03,1.69115444e-03,1.84719916e-03,2.01512198e-03,2.19552778e-03,2.38901516e-03,2.59618205e-03,2.81760516e-03,3.05384723e-03,3.30544706e-03,3.57290823e-03,3.85669549e-03,4.15723491e-03,4.47489787e-03,4.80998727e-03,5.16275316e-03,5.53335901e-03,5.92188118e-03,6.32831827e-03,6.75255340e-03,7.19437329e-03,7.65343336e-03,8.12927820e-03,8.62132479e-03,9.12882574e-03,9.65091772e-03,1.01865735e-02,1.07346103e-02,1.12936916e-02,1.18623180e-02,1.24388188e-02,1.30213667e-02,1.36079779e-02,1.41964974e-02,1.47846257e-02,1.53699229e-02,1.59498211e-02,1.65216196e-02,1.70825273e-02,1.76296849e-02,1.81601681e-02,1.86710265e-02,1.91593543e-02,1.96222514e-02,2.00569294e-02,2.04607174e-02,2.08311249e-02,2.11658627e-02,2.14629211e-02,2.17205640e-02,2.19373908e-02,2.21123789e-02,2.22448558e-02,2.23345608e-02,2.23816074e-02,2.23864913e-02,2.23500803e-02,2.22735591e-02,2.21584048e-02,2.20063329e-02,2.18192674e-02,2.15992741e-02,2.13485193e-02,2.10692324e-02,2.07636245e-02,2.04339121e-02,2.00822428e-02,1.97106935e-02,1.93212274e-02,1.89157333e-02,1.84959956e-02,1.80636719e-02,1.76203530e-02,1.71675086e-02,1.67065710e-02,1.62388794e-02,1.57657191e-02,1.52883222e-02,1.48078930e-02,1.43255834e-02,1.38425305e-02,1.33598167e-02,1.28785102e-02,1.23996446e-02,1.19241923e-02,1.14531182e-02,1.09873256e-02,1.05276601e-02,1.00749396e-02,9.62990243e-03,9.19324253e-03,8.76558758e-03,8.34751129e-03,7.93952588e-03,7.54207838e-03,7.15556275e-03,6.78031007e-03,6.41660066e-03,6.06466318e-03,5.72467176e-03,5.39675727e-03,5.08100726e-03,4.77745943e-03,4.48611705e-03,4.20694379e-03,3.93986795e-03,3.68478987e-03,3.44156404e-03,3.21003422e-03,2.98999995e-03,2.78124213e-03,2.58352119e-03,2.39656679e-03,2.22009746e-03,2.05380609e-03,1.89737673e-03,1.75047410e-03,1.61275419e-03,1.48386334e-03,1.36344100e-03
1.43031112e-03,1.56387861e-03,1.70782767e-03,1.86271756e-03,2.02910625e-03,2.20755092e-03,2.39860010e-03,2.60279630e-03,2.82065850e-03,3.05268611e-03,3.29935807e-03,3.56110721e-03,3.83833842e-03,4.13140375e-03,4.44059772e-03,4.76616388e-03,5.10827452e-03,5.46701066e-03,5.84239699e-03,6.23434409e-03,6.64267922e-03,7.06710713e-03,7.50723481e-03,7.96254352e-03,8.43237527e-03,8.91595334e-03,9.41235758e-03,9.92051419e-03,1.04392162e-02,1.09670954e-02,1.15026217e-02,1.20441299e-02,1.25897890e-02,1.31376050e-02,1.36854723e-02,1.42311193e-02,1.47721618e-02,1.53060965e-02,1.58303119e-02,1.63421463e-02,1.68388635e-02,1.73177030e-02,1.77759230e-02,1.82108134e-02,1.86197404e-02,1.90001838e-02,1.93497762e-02,1.96663663e-02,1.99480131e-02,2.01930627e-02,2.04001740e-02,2.05683149e-02,2.06968207e-02,2.07853839e-02,2.08340548e-02,2.08432376e-02,2.08136886e-02,2.07464490e-02,2.06428468e-02,2.05044430e-02,2.03329921e-02,2.01303922e-02,1.98986530e-02,1.96398310e-02,1.93560012e-02,1.90492366e-02,1.87215582e-02,1.83749329e-02,1.80112422e-02,1.76322721e-02,1.72397345e-02,1.68352351e-02,1.64202936e-02,1.59963351e-02,1.55647416e-02,1.51268067e-02,1.46837626e-02,1.42368013e-02,1.37870777e-02,1.33356797e-02,1.28837023e-02,1.24321626e-02,1.19820768e-02,1.15344143e-02,1.10900877e-02,1.06500015e-02,1.02150002e-02,9.78587009e-03,9.36337654e-03,8.94819945e-03,8.54098704e-03,8.14231765e-03,7.75271980e-03,7.37266568e-03,7.00256834e-03,6.64278073e-03,6.29361114e-03,5.95530681e-03,5.62807266e-03,5.31206047e-03,5.00738388e-03,4.71411087e-03,4.43226565e-03,4.16183984e-03,3.90278851e-03,3.65503388e-03,3.41846910e-03,3.19295470e-03,2.97832466e-03,2.77439225e-03,2.58094305e-03,2.39774073e-03,2.22453545e-03,2.06105248e-03,1.90700474e-03,1.76209328e-03,1.62600237e-03,1.49841397e-03,1.37899374e-03,1.26740686e-03
1.32134941e-03,1.44442881e-03,1.57705776e-03,1.71975209e-03,1.87302590e-03,2.03739549e-03,2.21336703e-03,2.40144343e-03,2.60210689e-03,2.81582354e-03,3.04303807e-03,3.28415865e-03,3.53956735e-03,3.80959758e-03,4.09453129e-03,4.39460808e-03,4.70999675e-03,5.04079415e-03,5.38703427e-03,5.74865704e-03,6.12551812e-03,6.51737116e-03,6.92386832e-03,7.34455884e-03,7.77885178e-03,8.22605845e-03,8.68534204e-03,9.15574003e-03,9.63615347e-03,1.01253372e-02,1.06218895e-02,1.11242859e-02,1.16308471e-02,1.21397367e-02,1.26490081e-02,1.31565612e-02,1.36601916e-02,1.41575690e-02,1.46462722e-02,1.51238143e-02,1.55876456e-02,1.60351954e-02,1.64638925e-02,1.68711990e-02,1.72546450e-02,1.76118594e-02,1.79406181e-02,1.82388835e-02,1.85048189e-02,1.87368505e-02,1.89336892e-02,1.90943275e-02,1.92181040e-02,1.93046890e-02,1.93540715e-02,1.93665884e-02,1.93428788e-02,1.92838646e-02,1.91907547e-02,1.90649442e-02,1.89080331e-02,1.87217649e-02,1.85079817e-02,1.82686020e-02,1.80055387e-02,1.77207440e-02,1.74161047e-02,1.70934889e-02,1.67546589e-02,1.64013281e-02,1.60351209e-02,1.56575758e-02,1.52701512e-02,1.48742180e-02,1.44710997e-02,1.40620377e-02,1.36482166e-02,1.32307783e-02,1.28108170e-02,1.23893805e-02,1.19674969e-02,1.15461340e-02,1.11262426e-02,1.07087381e-02,1.02944756e-02,9.88429692e-03,9.47898906e-03,9.07928124e-03,8.68588500e-03,8.29943176e-03,7.92051759e-03,7.54967937e-03,7.18740141e-03,6.83412142e-03,6.49020867e-03,6.15599519e-03,5.83175197e-03,5.51770721e-03,5.21403924e-03,4.92088264e-03,4.63833380e-03,4.36644396e-03,4.10523172e-03,3.85467429e-03,3.61472275e-03,3.38529330e-03,3.16628022e-03,2.95754196e-03,2.75891740e-03,2.57022399e-03,2.39125569e-03,2.22178712e-03,2.06157984e-03,1.91037392e-03,1.76789798e-03,1.63387263e-03,1.50800124e-03,1.38998555e-03,1.27951696e-03,1.17628183e-03
1.21923501e-03,1.33251410e-03,1.45456695e-03,1.58586842e-03,1.72689348e-03,1.87811558e-03,2.04000412e-03,2.21302430e-03,2.39762128e-03,2.59423256e-03,2.80326721e-03,3.02511360e-03,3.26012471e-03,3.50861647e-03,3.77086457e-03,4.04709391e-03,4.33747051e-03,4.64210659e-03,4.96103801e-03,5.29422890e-03,5.64156007e-03,6.00282708e-03,6.37772400e-03,6.76584616e-03,7.16668274e-03,7.57960603e-03,8.00386630e-03,8.43859091e-03,8.88278522e-03,9.33530368e-03,9.79487970e-03,1.02601098e-02,1.07294498e-02,1.12012252e-02,1.16736209e-02,1.21447146e-02,1.26124462e-02,1.30746746e-02,1.35291526e-02,1.39735565e-02,1.44055421e-02,1.48226842e-02,1.52226090e-02,1.56029332e-02,1.59613546e-02,1.62956547e-02,1.66037511e-02,1.68837216e-02,1.71338469e-02,1.73526257e-02,1.75388288e-02,1.76914949e-02,1.78099684e-02,1.78938992e-02,1.79432388e-02,1.79582518e-02,1.79394912e-02,1.78877711e-02,1.78041700e-02,1.76899415e-02,1.75465513e-02,1.73755810e-02,1.71787329e-02,1.69577692e-02,1.67144705e-02,1.64506435e-02,1.61680654e-02,1.58684775e-02,1.55535508e-02,1.52249066e-02,1.48840863e-02,1.45325474e-02,1.41716879e-02,1.38028283e-02,1.34272156e-02,1.30460514e-02,1.26604559e-02,1.22715235e-02,1.18802954e-02,1.14877634e-02,1.10948989e-02,1.07026137e-02,1.03118094e-02,9.92331747e-03,9.53796878e-03,9.15653165e-03,8.77972785e-03,8.40825960e-03,8.04276019e-03,7.68382382e-03,7.33200088e-03,6.98778313e-03,6.65161991e-03,6.32390147e-03,6.00497518e-03,5.69513859e-03,5.39463945e-03,5.10367891e-03,4.82242368e-03,4.55098413e-03,4.28944267e-03,4.03783889e-03,3.79618048e-03,3.56444367e-03,3.34257167e-03,3.13048065e-03,2.92805792e-03,2.73517286e-03,2.55166320e-03,2.37735780e-03,2.21205503e-03,2.05554347e-03,1.90759590e-03,1.76796655e-03,1.63640233e-03,1.51263981e-03,1.39640423e-03,1.28741388e-03,1.18538470e-03,1.09002565e-03
1.12369587e-03,1.22783310e-03,1.34002126e-03,1.46069680e-03,1.59029767e-03,1.72925880e-03,1.87801546e-03,2.03699362e-03,2.20660912e-03,2.38726614e-03,2.57934583e-03,2.78320722e-03,2.99918489e-03,3.22757708e-03,3.46863922e-03,3.72259272e-03,3.98960384e-03,4.26977500e-03,4.56316303e-03,4.86974232e-03,5.18942159e-03,5.52201737e-03,5.86727168e-03,6.22483063e-03,6.59422530e-03,6.97490247e-03,7.36618228e-03,7.76727637e-03,8.17727856e-03,8.59515369e-03,9.01973527e-03,9.44974273e-03,9.88376141e-03,1.03202388e-02,1.07575199e-02,1.11938193e-02,1.16272513e-02,1.20558217e-02,1.24774501e-02,1.28899980e-02,1.32912649e-02,1.36790257e-02,1.40510583e-02,1.44051565e-02,1.47391763e-02,1.50510482e-02,1.53388176e-02,1.56007083e-02,1.58350877e-02,1.60405487e-02,1.62159353e-02,1.63603220e-02,1.64730642e-02,1.65538192e-02,1.66024957e-02,1.66192967e-02,1.66047066e-02,1.65594388e-02,1.64844431e-02,1.63808689e-02,1.62500292e-02,1.60933696e-02,1.59124546e-02,1.57088954e-02,1.54843405e-02,1.52404690e-02,1.49789369e-02,1.47013692e-02,1.44093437e-02,1.41043756e-02,1.37879280e-02,1.34613933e-02,1.31260892e-02,1.27832582e-02,1.24341119e-02,1.20797809e-02,1.17213391e-02,1.13598173e-02,1.09962048e-02,1.06314402e-02,1.02664419e-02,9.90206189e-03,9.53913853e-03,9.17847175e-03,8.82080756e-03,8.46687239e-03,8.11734609e-03,7.77285499e-03,7.43400538e-03,7.10133370e-03,6.77534658e-03,6.45650085e-03,6.14519883e-03,5.84181026e-03,5.54664386e-03,5.25996974e-03,4.98201465e-03,4.71295929e-03,4.45294520e-03,4.20207530e-03,3.96041898e-03,3.72800673e-03,3.50483623e-03,3.29087721e-03,3.08607356e-03,2.89033726e-03,2.70356447e-03,2.52561900e-03,2.35635275e-03,2.19559600e-03,2.04315805e-03,1.89884217e-03,1.76242844e-03,1.63369149e-03,1.51239114e-03,1.39828236e-03,1.29110820e-03,1.19060825e-03,1.09651790e-03,1.00856787e-03
1.03445153e-03,1.13007287e-03,1.23307342e-03,1.34385494e-03,1.46281766e-03,1.59036450e-03,1.72689336e-03,1.87279971e-03,2.02846713e-03,2.19426583e-03,2.37055495e-03,2.55766464e-03,2.75590969e-03,2.96556810e-03,3.18688340e-03,3.42006539e-03,3.66527401e-03,3.92261613e-03,4.19214973e-03,4.47386550e-03,4.76768799e-03,5.07346448e-03,5.39096445e-03,5.71987871e-03,6.05978724e-03,6.41019270e-03,6.77048368e-03,7.13994261e-03,7.51774665e-03,7.90295843e-03,8.29450414e-03,8.69121496e-03,9.09179542e-03,9.49481782e-03,9.89876129e-03,1.03019839e-02,1.07027395e-02,1.10991960e-02,1.14894304e-02,1.18714627e-02,1.22432653e-02,1.26027707e-02,1.29479216e-02,1.32766766e-02,1.35870473e-02,1.38771031e-02,1.41450455e-02,1.43892011e-02,1.46080563e-02,1.48002952e-02,1.49648264e-02,1.51007641e-02,1.52075021e-02,1.52846789e-02,1.53321866e-02,1.53501881e-02,1.53390877e-02,1.52995102e-02,1.52323125e-02,1.51385181e-02,1.50193116e-02,1.48760155e-02,1.47100473e-02,1.45228961e-02,1.43160773e-02,1.40911387e-02,1.38496142e-02,1.35930367e-02,1.33228619e-02,1.30405230e-02,1.27473958e-02,1.24447905e-02,1.21339587e-02,1.18160769e-02,1.14922905e-02,1.11636696e-02,1.08312396e-02,1.04959691e-02,1.01587968e-02,9.82060377e-03,9.48225148e-03,9.14454367e-03,8.80826358e-03,8.47415254e-03,8.14290717e-03,7.81519804e-03,7.49165472e-03,7.17285974e-03,6.85936678e-03,6.55167364e-03,6.25024131e-03,5.95548982e-03,5.66778751e-03,5.38747199e-03,5.11482498e-03,4.85008955e-03,4.59347153e-03,4.34513204e-03,4.10519913e-03,3.87376035e-03,3.65087367e-03,3.43656261e-03,3.23082157e-03,3.03361402e-03,2.84488313e-03,2.66454159e-03,2.49248766e-03,2.32859235e-03,2.17271061e-03,2.02468364e-03,1.88433181e-03,1.75146502e-03,1.62588223e-03,1.50736887e-03,1.39570190e-03,1.29065232e-03,1.19198137e-03,1.09945005e-03,1.01281062e-03,9.31815768e-04
9.51217138e-04,1.03892002e-03,1.13337836e-03,1.23496051e-03,1.34403398e-03,1.46096805e-03,1.58613152e-03,1.71988481e-03,1.86258287e-03,2.01457017e-03,2.17617420e-03,2.34770612e-03,2.52945535e-03,2.72168196e-03,2.92462017e-03,3.13846278e-03,3.36336438e-03,3.59943369e-03,3.84673104e-03,4.10525501e-03,4.37494367e-03,4.65567224e-03,4.94723674e-03,5.24935452e-03,5.56166563e-03,5.88371186e-03,6.21494092e-03,6.55470788e-03,6.90226443e-03,7.25674396e-03,7.61718117e-03,7.98250362e-03,8.35151505e-03,8.72292090e-03,9.09531489e-03,9.46718641e-03,9.83692892e-03,1.02028595e-02,1.05632050e-02,1.09161343e-02,1.12597886e-02,1.15922485e-02,1.19116213e-02,1.22160213e-02,1.25036016e-02,1.27725927e-02,1.30213108e-02,1.32482126e-02,1.34518929e-02,1.36311231e-02,1.37848752e-02,1.39123304e-02,1.40128955e-02,1.40862120e-02,1.41321672e-02,1.41508682e-02,1.41426697e-02,1.41081158e-02,1.40479635e-02,1.39631340e-02,1.38546973e-02,1.37238493e-02,1.35718808e-02,1.34001533e-02,1.32100582e-02,1.30030243e-02,1.27804754e-02,1.25438208e-02,1.22944303e-02,1.20336367e-02,1.17627382e-02,1.14829531e-02,1.11954659e-02,1.09014008e-02,1.06018186e-02,1.02977408e-02,9.99013241e-03,9.67990700e-03,9.36794747e-03,9.05508362e-03,8.74212105e-03,8.42981134e-03,8.11889116e-03,7.81003153e-03,7.50390161e-03,7.20111234e-03,6.90223835e-03,6.60782913e-03,6.31838012e-03,6.03435934e-03,5.75618492e-03,5.48424013e-03,5.21886814e-03,4.96036420e-03,4.70899185e-03,4.46497370e-03,4.22848994e-03,3.99968727e-03,3.77868116e-03,3.56554706e-03,3.36033013e-03,3.16305063e-03,2.97369459e-03,2.79223081e-03,2.61859805e-03,2.45270948e-03,2.29446939e-03,2.14375136e-03,2.00042268e-03,1.86432817e-03,1.73529994e-03,1.61316246e-03,1.49772340e-03,1.38878520e-03,1.28613913e-03,1.18957344e-03,1.09886611e-03,1.01379643e-03,9.34134761e-04,8.59654217e-04
8.73706944e-04,9.54055402e-04,1.04058255e-03,1.13362446e-03,1.23351847e-03,1.34060322e-03,1.45521481e-03,1.57768861e-03,1.70834863e-03,1.84751116e-03,1.99548202e-03,2.15254608e-03,2.31897365e-03,2.49500968e-03,2.68086558e-03,2.87672994e-03,3.08275037e-03,3.29902698e-03,3.52562591e-03,3.76255158e-03,4.00975952e-03,4.26713191e-03,4.53449786e-03,4.81160823e-03,5.09812962e-03,5.39366016e-03,5.69769507e-03,6.00964995e-03,6.32884260e-03,6.65449072e-03,6.98570488e-03,7.32150767e-03,7.66080711e-03,8.00240878e-03,8.34503118e-03,8.68728105e-03,9.02769249e-03,9.36471298e-03,9.69670527e-03,1.00219985e-02,1.03388689e-02,1.06455628e-02,1.09403310e-02,1.12214377e-02,1.14871841e-02,1.17359282e-02,1.19661354e-02,1.21763656e-02,1.23653188e-02,1.25318654e-02,1.26750357e-02,1.27940634e-02,1.28883934e-02,1.29576726e-02,1.30017679e-02,1.30207650e-02,1.30149564e-02,1.29848234e-02,1.29310396e-02,1.28544206e-02,1.27559314e-02,1.26366569e-02,1.24977669e-02,1.23405019e-02,1.21661350e-02,1.19759878e-02,1.17713623e-02,1.15535622e-02,1.13238692e-02,1.10835219e-02,1.08337235e-02,1.05756260e-02,1.03103425e-02,1.00389132e-02,9.76234861e-03,9.48161073e-03,9.19760019e-03,8.91117752e-03,8.62317719e-03,8.33436940e-03,8.04551039e-03,7.75730237e-03,7.47042429e-03,7.18551408e-03,6.90317061e-03,6.62397081e-03,6.34844834e-03,6.07709447e-03,5.81037765e-03,5.54871699e-03,5.29250316e-03,5.04207937e-03,4.79776040e-03,4.55982005e-03,4.32849349e-03,4.10397910e-03,3.88644170e-03,3.67601495e-03,3.47279641e-03,3.27685406e-03,3.08822817e-03,2.90693110e-03,2.73294840e-03,2.56624259e-03,2.40675453e-03,2.25440413e-03,2.10909685e-03,1.97071466e-03,1.83912786e-03,1.71419454e-03,1.59575720e-03,1.48364773e-03,1.37769163e-03,1.27770205e-03,1.18348631e-03,1.09484815e-03,1.01158221e-03,9.33485106e-04,8.60345084e-04,7.91952596e-04
8.01632996e-04,8.75164056e-04,9.54338349e-04,1.03946379e-03,1.13084924e-03,1.22880342e-03,1.33363693e-03,1.44565385e-03,1.56515406e-03,1.69242977e-03,1.82776107e-03,1.97141082e-03,2.12362991e-03,2.28464371e-03,2.45465199e-03,2.63383030e-03,2.82231625e-03,3.02021042e-03,3.22757615e-03,3.44442204e-03,3.67071247e-03,3.90635338e-03,4.15118318e-03,4.40498674e-03,4.66746325e-03,4.93824668e-03,5.21688443e-03,5.50284470e-03,5.79550676e-03,6.09415863e-03,6.39799098e-03,6.70610322e-03,7.01750116e-03,7.33109610e-03,7.64570478e-03,7.96006154e-03,8.27281456e-03,8.58253893e-03,8.88773985e-03,9.18688346e-03,9.47837904e-03,9.76062659e-03,1.00320168e-02,1.02909552e-02,1.05358781e-02,1.07652918e-02,1.09777646e-02,1.11719836e-02,1.13467528e-02,1.15010161e-02,1.16338832e-02,1.17446408e-02,1.18327523e-02,1.18978908e-02,1.19399158e-02,1.19588729e-02,1.19550219e-02,1.19287772e-02,1.18807340e-02,1.18116215e-02,1.17223123e-02,1.16137676e-02,1.14870630e-02,1.13433246e-02,1.11837089e-02,1.10094268e-02,1.08216796e-02,1.06216725e-02,1.04105808e-02,1.01895630e-02,9.95973498e-03,9.72217228e-03,9.47791617e-03,9.22793616e-03,8.97318590e-03,8.71455856e-03,8.45290348e-03,8.18903092e-03,7.92371295e-03,7.65767368e-03,7.39162136e-03,7.12620327e-03,6.86205178e-03,6.59975968e-03,6.33987971e-03,6.08294271e-03,5.82944136e-03,5.57982549e-03,5.33452630e-03,5.09392610e-03,4.85838018e-03,4.62820567e-03,4.40368429e-03,4.18506982e-03,3.97256715e-03,3.76636442e-03,3.56661016e-03,3.37341661e-03,3.18687456e-03,3.00704385e-03,2.83395546e-03,2.66762078e-03,2.50801910e-03,2.35511595e-03,2.20885291e-03,2.06915382e-03,1.93592743e-03,1.80906232e-03,1.68843986e-03,1.57392316e-03,1.46536552e-03,1.36261364e-03,1.26550067e-03,1.17385725e-03,1.08750351e-03,1.00625784e-03,9.29932052e-04,8.58336571e-04,7.91278610e-04,7.28565559e-04
7.34712696e-04,8.01930903e-04,8.74297926e-04,9.52095084e-04,1.03560439e-03,1.12510833e-03,1.22089067e-03,1.32323045e-03,1.43240171e-03,1.54867361e-03,1.67230319e-03,1.80353201e-03,1.94259197e-03,2.08969251e-03,2.24501663e-03,2.40873056e-03,2.58096331e-03,2.76180799e-03,2.95132794e-03,3.14953760e-03,3.35640530e-03,3.57184978e-03,3.79573228e-03,4.02785465e-03,4.26794868e-03,4.51568468e-03,4.77065286e-03,5.03236800e-03,5.30026481e-03,5.57369925e-03,5.85192675e-03,6.13413099e-03,6.41940441e-03,6.70674583e-03,6.99507911e-03,7.28323776e-03,7.56999664e-03,7.85404351e-03,8.13401304e-03,8.40849988e-03,8.67604744e-03,8.93519074e-03,9.18446481e-03,9.42239445e-03,9.64756589e-03,9.85859800e-03,1.00541823e-02,1.02331117e-02,1.03942947e-02,1.05367480e-02,1.06596611e-02,1.07623627e-02,1.08443564e-02,1.09053226e-02,1.09451236e-02,1.09637836e-02,1.09615140e-02,1.09386863e-02,1.08958157e-02,1.08335586e-02,1.07526919e-02,1.06540881e-02,1.05387112e-02,1.04075838e-02,1.02617629e-02,1.01023512e-02,9.93045233e-03,9.74716898e-03,9.55359265e-03,9.35078785e-03,9.13978927e-03,8.92160274e-03,8.69719312e-03,8.46746657e-03,8.23331065e-03,7.99556542e-03,7.75501877e-03,7.51242833e-03,7.26851774e-03,7.02395802e-03,6.77940855e-03,6.53547142e-03,6.29273150e-03,6.05174014e-03,5.81300352e-03,5.57701243e-03,5.34421811e-03,5.11503266e-03,4.88985330e-03,4.66902787e-03,4.45287907e-03,4.24170168e-03,4.03574342e-03,3.83524015e-03,3.64037394e-03,3.45131871e-03,3.26820416e-03,3.09113390e-03,2.92018568e-03,2.75541190e-03,2.59684096e-03,2.44447775e-03,2.29830155e-03,2.15827790e-03,2.02435092e-03,1.89644832e-03,1.77448278e-03,1.65835139e-03,1.54794136e-03,1.44312647e-03,1.34376890e-03,1.24972756e-03,1.16084772e-03,1.07697211e-03,9.97935305e-04,9.23569896e-04,8.53702892e-04,7.88158854e-04,7.26762461e-04,6.69335830e-04
6.72664319e-04,7.34045694e-04,8.00119771e-04,8.71142605e-04,9.47371824e-04,1.02906511e-03,1.11648242e-03,1.20987743e-03,1.30950205e-03,1.41560240e-03,1.52841373e-03,1.64815830e-03,1.77505019e-03,1.90928113e-03,2.05102074e-03,2.20042397e-03,2.35761004e-03,2.52266717e-03,2.69565778e-03,2.87659490e-03,3.06545594e-03,3.26216919e-03,3.46660940e-03,3.67860124e-03,3.89790372e-03,4.12421161e-03,4.35716100e-03,4.59630974e-03,4.84114233e-03,5.09107066e-03,5.34541905e-03,5.60344104e-03,5.86431054e-03,6.12711068e-03,6.39085844e-03,6.65449724e-03,6.91689551e-03,7.17686117e-03,7.43314764e-03,7.68446736e-03,7.92949647e-03,8.16689804e-03,8.39532167e-03,8.61343648e-03,8.81994516e-03,9.01358016e-03,9.19315498e-03,9.35756788e-03,9.50580556e-03,9.63697862e-03,9.75033827e-03,9.84526146e-03,9.92128532e-03,9.97811556e-03,1.00155966e-02,1.00337509e-02,1.00327516e-02,1.00129154e-02,9.97470412e-03,9.91870090e-03,9.84559022e-03,9.75616276e-03,9.65129398e-03,9.53189842e-03,9.39893629e-03,9.25342087e-03,9.09635238e-03,8.92874412e-03,8.75160098e-03,8.56590085e-03,8.37260392e-03,8.17264058e-03,7.96689931e-03,7.75623042e-03,7.54146138e-03,7.32336426e-03,7.10268179e-03,6.88011805e-03,6.65634032e-03,6.43197866e-03,6.20764215e-03,5.98389003e-03,5.76126203e-03,5.54026570e-03,5.32137090e-03,5.10502467e-03,4.89164377e-03,4.68160724e-03,4.47527179e-03,4.27296385e-03,4.07496979e-03,3.88156180e-03,3.69296432e-03,3.50938784e-03,3.33100255e-03,3.15796095e-03,2.99038063e-03,2.82835448e-03,2.67195283e-03,2.52121966e-03,2.37617851e-03,2.23683286e-03,2.10316037e-03,1.97512843e-03,1.85268268e-03,1.73575513e-03,1.62426475e-03,1.51811354e-03,1.41719787e-03,1.32139993e-03,1.23059272e-03,1.14464480e-03,1.06341357e-03,9.86753614e-04,9.14513541e-04,8.46539217e-04,7.82671035e-04,7.22749042e-04,6.66612177e-04,6.14097575e-04
6.15212601e-04,6.71204296e-04,7.31468317e-04,7.96237960e-04,8.65747279e-04,9.40231839e-04,1.01992709e-03,1.10506674e-03,1.19587930e-03,1.29259028e-03,1.39541365e-03,1.50455663e-03,1.62021141e-03,1.74255471e-03,1.87174685e-03,2.00792588e-03,2.15120311e-03,2.30166549e-03,2.45936681e-03,2.62432359e-03,2.79651769e-03,2.97588529e-03,3.16231418e-03,3.35564488e-03,3.55566340e-03,3.76209593e-03,3.97460163e-03,4.19279048e-03,4.41618683e-03,4.64425376e-03,4.87638265e-03,5.11188805e-03,5.35001559e-03,5.58993686e-03,5.83075173e-03,6.07149350e-03,6.31113164e-03,6.54858258e-03,6.78271102e-03,7.01234024e-03,7.23626977e-03,7.45327165e-03,7.66212819e-03,7.86162075e-03,8.05056375e-03,8.22781771e-03,8.39228649e-03,8.54297448e-03,8.67895223e-03,8.79940856e-03,8.90365522e-03,8.99112038e-03,9.06137563e-03,9.11414158e-03,9.14926454e-03,9.16675199e-03,9.16675478e-03,9.14954022e-03,9.11551621e-03,9.06520057e-03,8.99920706e-03,8.91824160e-03,8.82308558e-03,8.71457532e-03,8.59357696e-03,8.46100226e-03,8.31777416e-03,8.16481281e-03,8.00304115e-03,7.83335324e-03,7.65664084e-03,7.47375516e-03,7.28552043e-03,7.09273247e-03,6.89614564e-03,6.69648405e-03,6.49443502e-03,6.29065000e-03,6.08575298e-03,5.88032603e-03,5.67493076e-03,5.47008775e-03,5.26629528e-03,5.06401341e-03,4.86368546e-03,4.66571562e-03,4.47048200e-03,4.27834317e-03,4.08961298e-03,3.90459108e-03,3.72354733e-03,3.54671455e-03,3.37431021e-03,3.20651452e-03,3.04348883e-03,2.88536563e-03,2.73225037e-03,2.58423039e-03,2.44136667e-03,2.30369414e-03,2.17123539e-03,2.04398879e-03,1.92193734e-03,1.80504529e-03,1.69326307e-03,1.58652628e-03,1.48475787e-03,1.38786947e-03,1.29576237e-03,1.20832864e-03,1.12545188e-03,1.04700821e-03,9.72869631e-04,9.02900589e-04,8.36961961e-04,7.74912653e-04,7.16606446e-04,6.61897415e-04,6.10637420e-04,5.62678382e-04
5.62088680e-04,6.13110955e-04,6.68018474e-04,7.27022765e-04,7.90337101e-04,8.58176150e-04,9.30753711e-04,1.00828370e-03,1.09097385e-03,1.17902795e-03,1.27264508e-03,1.37201080e-03,1.47730322e-03,1.58868474e-03,1.70629949e-03,1.83027668e-03,1.96071947e-03,2.09770561e-03,2.24128785e-03,2.39148247e-03,2.54827575e-03,2.71160458e-03,2.88137607e-03,3.05744587e-03,3.23961466e-03,3.42763471e-03,3.62120476e-03,3.81996017e-03,4.02347231e-03,4.23125690e-03,4.44275374e-03,4.65734303e-03,4.87433840e-03,5.09298034e-03,5.31245349e-03,5.53187635e-03,5.75031573e-03,5.96678350e-03,6.18024264e-03,6.38962863e-03,6.59384532e-03,6.79178443e-03,6.98233629e-03,7.16439169e-03,7.33688055e-03,7.49875512e-03,7.64903519e-03,7.78680434e-03,7.91122206e-03,8.02154839e-03,8.11715517e-03,8.19751434e-03,8.26223567e-03,8.31104629e-03,8.34381022e-03,8.36052094e-03,8.36129673e-03,8.34637508e-03,8.31611548e-03,8.27096961e-03,8.21148697e-03,8.13830271e-03,8.05211533e-03,7.95367360e-03,7.84376543e-03,7.72322016e-03,7.59286480e-03,7.45354826e-03,7.30610732e-03,7.15136901e-03,6.99014356e-03,6.82321656e-03,6.65135169e-03,6.47527725e-03,6.29569450e-03,6.11327402e-03,5.92865050e-03,5.74242836e-03,5.55518176e-03,5.36745228e-03,5.17975772e-03,4.99257492e-03,4.80636861e-03,4.62156255e-03,4.43855394e-03,4.25772369e-03,4.07941733e-03,3.90395126e-03,3.73162655e-03,3.56270815e-03,3.39743868e-03,3.23603675e-03,3.07869399e-03,2.92557664e-03,2.77683209e-03,2.63257301e-03,2.49289931e-03,2.35788687e-03,2.22758832e-03,2.10203975e-03,1.98125606e-03,1.86523481e-03,1.75395980e-03,1.64739531e-03,1.54549570e-03,1.44820020e-03,1.35543942e-03,1.26712897e-03,1.18317874e-03,1.10348943e-03,1.02795323e-03,9.56456526e-04,8.88881972e-04,8.25104886e-04,7.64997676e-04,7.08431471e-04,6.55272626e-04,6.05388195e-04,5.58642496e-04,5.14900719e-04
5.13030507e-04,5.59476495e-04,6.09451439e-04,6.63147832e-04,7.20759446e-04,7.82480929e-04,8.48506519e-04,9.19030688e-04,9.94242379e-04,1.07432867e-03,1.15946820e-03,1.24983245e-03,1.34558266e-03,1.44686631e-03,1.55381765e-03,1.66655227e-03,1.78516505e-03,1.90973049e-03,2.04029423e-03,2.17687292e-03,2.31945282e-03,2.46798433e-03,2.62237573e-03,2.78249756e-03,2.94817402e-03,3.11917928e-03,3.29523371e-03,3.47601133e-03,3.66112450e-03,3.85012641e-03,4.04251227e-03,4.23771515e-03,4.43511223e-03,4.63401573e-03,4.83368197e-03,5.03331469e-03,5.23205521e-03,5.42901503e-03,5.62325632e-03,5.81380539e-03,5.99967502e-03,6.17985521e-03,6.35334058e-03,6.51912950e-03,6.67625153e-03,6.82375999e-03,6.96076034e-03,7.08642416e-03,7.19999103e-03,7.30078761e-03,7.38823973e-03,7.46186730e-03,7.52130663e-03,7.56631419e-03,7.59674748e-03,7.61259720e-03,7.61396205e-03,7.60104228e-03,7.57415546e-03,7.53370486e-03,7.48017384e-03,7.41412770e-03,7.33619602e-03,7.24705076e-03,7.14740064e-03,7.03799585e-03,6.91958517e-03,6.79294299e-03,6.65882742e-03,6.51799655e-03,6.37119077e-03,6.21913373e-03,6.06251974e-03,5.90202771e-03,5.73830307e-03,5.57195861e-03,5.40358154e-03,5.23373298e-03,5.06294239e-03,4.89170570e-03,4.72050393e-03,4.54977667e-03,4.37994488e-03,4.21140296e-03,4.04451834e-03,3.87963257e-03,3.71706160e-03,3.55710252e-03,3.40002123e-03,3.24606011e-03,3.09544429e-03,2.94836820e-03,2.80500483e-03,2.66550691e-03,2.53000250e-03,2.39860080e-03,2.27138656e-03,2.14842823e-03,2.02977471e-03,1.91545300e-03,1.80547871e-03,1.69984787e-03,1.59854360e-03,1.50153378e-03,1.40877569e-03,1.32021308e-03,1.23577868e-03,1.15539867e-03,1.07898714e-03,1.00645435e-03,9.37700795e-04,8.72622593e-04,8.11111648e-04,7.53054395e-04,6.98334537e-04,6.46833971e-04,5.98431041e-04,5.53003571e-04,5.10429265e-04,4.70584404e-04
4.67786158e-04,5.10023267e-04,5.55462146e-04,6.04277826e-04,6.56645279e-04,7.12741632e-04,7.72743893e-04,8.36827036e-04,9.05164343e-04,9.77924210e-04,1.05526904e-03,1.13735581e-03,1.22433051e-03,1.31632690e-03,1.41346827e-03,1.51585927e-03,1.62358675e-03,1.73671870e-03,1.85529608e-03,1.97933568e-03,2.10882491e-03,2.24371837e-03,2.38393457e-03,2.52935453e-03,2.67981924e-03,2.83512147e-03,2.99501442e-03,3.15919146e-03,3.32730822e-03,3.49895423e-03,3.67367454e-03,3.85095202e-03,4.03022161e-03,4.21085814e-03,4.39219130e-03,4.57348907e-03,4.75398358e-03,4.93286503e-03,5.10928314e-03,5.28235687e-03,5.45119774e-03,5.61488606e-03,5.77251334e-03,5.92318224e-03,6.06600335e-03,6.20012777e-03,6.32474897e-03,6.43911632e-03,6.54253922e-03,6.63441094e-03,6.71420526e-03,6.78148726e-03,6.83592772e-03,6.87729148e-03,6.90545375e-03,6.92039309e-03,6.92218635e-03,6.91101560e-03,6.88715372e-03,6.85095135e-03,6.80284621e-03,6.74333982e-03,6.67299097e-03,6.59240410e-03,6.50221761e-03,6.40310487e-03,6.29574759e-03,6.18084474e-03,6.05908316e-03,5.93115389e-03,5.79773868e-03,5.65949176e-03,5.51705295e-03,5.37104625e-03,5.22205979e-03,5.07066119e-03,4.91739484e-03,4.76276688e-03,4.60727280e-03,4.45136847e-03,4.29548742e-03,4.14004829e-03,3.98542732e-03,3.83198541e-03,3.68006644e-03,3.52997542e-03,3.38200363e-03,3.23642325e-03,3.09347338e-03,2.95337685e-03,2.81633623e-03,2.68252753e-03,2.55211000e-03,2.42521847e-03,2.30196910e-03,2.18246179e-03,2.06677034e-03,1.95495877e-03,1.84706738e-03,1.74312352e-03,1.64313696e-03,1.54710456e-03,1.45501003e-03,1.36682321e-03,1.28250429e-03,1.20199984e-03,1.12525141e-03,1.05218659e-03,9.82731115e-04,9.16799298e-04,8.54300975e-04,7.95142667e-04,7.39223615e-04,6.86441315e-04,6.36689365e-04,5.89860138e-04,5.45842631e-04,5.04526601e-04,4.65799792e-04,4.29550360e-04
