run_id,offline_data_id,benchmark_id,projected_bellman_test_risk,RMSE,MAE,Bias
0_b0,0,0,0.0065521150827407,0.0470020908467456,0.0399658699940482,-0.0265480219690653
0_b1,0,1,0.0019219687674194,0.0174776565498218,0.0148576821049209,0.0039042853575665
0_b10,0,10,0.0071783931925892,0.0477479708124866,0.0412973753464757,-0.024531377168314
0_b11,0,11,0.0137054100632667,0.076376752902185,0.0670390761132875,-0.0604986639549315
0_b12,0,12,0.0043153930455446,0.0209534416994185,0.0178547553968382,-0.0061298088979674
0_b13,0,13,0.0100922398269176,0.0310859411683046,0.0263535295939072,-0.0070884370524436
0_b14,0,14,0.0084125744178891,0.0436372259299418,0.0373298781181074,-0.0242527250295825
0_b15,0,15,0.0072088609449565,0.0111043067507934,0.0095698347513098,0.0053630306629929
0_b16,0,16,0.00967438519001,0.0408803623077619,0.0355565815842419,-0.0164148173532157
0_b17,0,17,0.004535331390798,0.0159960193592201,0.0129103412420954,0.0084990561625454
0_b18,0,18,0.0058211963623762,0.0397120064281678,0.0349666877405252,-0.008701455470873
0_b19,0,19,0.010590192861855,0.0411641062038303,0.0351169195036345,-0.0120841805530653
0_b2,0,2,0.005221331026405,0.01592115624155,0.0133493058243766,0.0115001571271568
0_b20,0,20,0.003431873396039,0.0053169113352212,0.0044172006507869,0.0006340534018818
0_b21,0,21,0.0118845785036683,0.0432442664229767,0.0366544990579132,-0.0275188689830247
0_b22,0,22,0.0057636243291199,0.0211986373020765,0.0174669458647258,0.0035026245261542
0_b23,0,23,0.0056165442802011,0.0141386824217338,0.0119137135497294,0.008234077214729
0_b24,0,24,0.0080400081351399,0.0175743137689148,0.0147532137995585,-0.0045869869785383
0_b25,0,25,0.0097726164385676,0.015690087062291,0.013119015811244,0.0041404319705907
0_b26,0,26,0.0035476712509989,0.0798173670684403,0.0702700529608409,-0.0675945855665486
0_b27,0,27,0.008812173269689,0.0105794128337768,0.0088169283827301,0.0064782829221803
0_b28,0,28,0.0030264882370829,0.0212973161642561,0.0178301352262496,-0.012970889902208
0_b29,0,29,0.0048456629738211,0.0859109798038226,0.0775396444098441,-0.0756610729938256
0_b3,0,3,0.0057942662388086,0.0367762571946871,0.0313777412660419,-0.0156993850902654
0_b30,0,30,0.0097049195319414,0.0099588600345023,0.008395422125759,-0.0059384490843513
0_b31,0,31,0.0063800695352256,0.0779676857407964,0.0678590131488454,-0.0580843457423907
0_b32,0,32,0.0083757657557725,0.0785749324151752,0.0685993364302703,-0.0625969990890735
0_b33,0,33,0.004193564876914,0.0192609019355462,0.0164977793535217,-0.0029510936839506
0_b34,0,34,0.0054733706638216,0.0906179336775825,0.0801235257172811,-0.0770758707113418
0_b35,0,35,0.0013087269617244,0.0913844274167175,0.081021466382117,-0.0774721279798905
0_b36,0,36,0.0117493020370602,0.0377654950839517,0.0325719136209227,-0.0028773824009113
0_b37,0,37,0.0083436528220772,0.0239760173567431,0.0200505372602492,0.0063884427770972
0_b38,0,38,0.0131411356851458,0.0627790026623738,0.0543963897845242,-0.0499914001359138
0_b39,0,39,0.007858975790441,0.0143544618986767,0.0121509052830515,-0.0003141423495253
0_b4,0,4,0.0198699757456779,0.0771458323761421,0.0673466549034492,-0.0617096308049076
0_b40,0,40,0.009127371944487,0.0172450597314311,0.0143496667372528,0.0053218156099319
0_b41,0,41,0.0045237676240503,0.0281518539739528,0.0242428778548492,0.0024658187368186
0_b42,0,42,0.0137302540242671,0.0310256525003436,0.0266511635202914,-0.0248903150437399
0_b43,0,43,0.0043267458677291,0.069640805612616,0.0611225335943163,-0.0600363553120405
0_b44,0,44,0.0130503736436367,0.0127627321372281,0.0104514442238723,0.0099193272512638
0_b45,0,45,0.0082346694543957,0.0174096211729649,0.0142743650963529,0.0073977980297058
0_b46,0,46,0.0172931849956512,0.0293292826262051,0.0250559069705195,-0.0068239769781939
0_b47,0,47,0.0120792323723435,0.0435695861136873,0.0367152195808012,-0.0353274637844879
0_b48,0,48,0.0044048386625945,0.0234215642680169,0.0195686146337538,-0.0049409786053001
0_b49,0,49,0.005770793184638,0.0157326501938702,0.0123926522256806,0.010721081518568
0_b5,0,5,0.0092742815613746,0.0491804762285651,0.0427657154627377,-0.0412750364426756
0_b6,0,6,0.0081434939056634,0.0333380843460971,0.0285905132314655,-0.0127155252976808
0_b7,0,7,0.0105448169633746,0.0283568796214002,0.0240236478898441,0.0008919543452793
0_b8,0,8,0.007439486682415,0.0561427261423592,0.0477185913229914,-0.0405486507937166
0_b9,0,9,0.007603243459016,0.0291781375090593,0.0244944144005421,-0.0098284129158128
10_b0,10,0,0.0071357563138008,0.0471129091875985,0.0400647175854828,-0.0271941260488529
10_b1,10,1,0.004075186792761,0.0199088225781172,0.0169991432293318,0.0076751324790529
10_b10,10,10,0.0048328237608075,0.056700083132998,0.049134115922352,-0.0358503049948194
10_b11,10,11,0.0087151415646076,0.0818184999295696,0.072560870002926,-0.0691743396011588
10_b12,10,12,0.0050363023765385,0.0219323773486918,0.0187974250980187,-0.0041283908404875
10_b13,10,13,0.0099704442545771,0.0295603768541489,0.0250369647296611,-0.0061772127647418
10_b14,10,14,0.0077813770622015,0.0430808776126924,0.0368256063167064,-0.0223790921982436
10_b15,10,15,0.0064062234014272,0.011198474768172,0.0092976589361205,-0.0011653323099017
10_b16,10,16,0.0089956074953079,0.0364911958587606,0.0314368312872829,-0.0049930060163023
10_b17,10,17,0.0026163789443671,0.0106179298697728,0.0087070036842487,0.0043411077023483
10_b18,10,18,0.0041975658386945,0.0360663778720522,0.0310797980538336,-0.01575287585787
10_b19,10,19,0.0115969078615307,0.0399652558416694,0.0340632841046317,-0.014952211783675
10_b2,10,2,0.0041258274577558,0.0110920288205765,0.0090958611387759,0.0053487090580165
10_b20,10,20,0.0027543967589735,0.0053681485166966,0.0043820296844933,-0.0016261068789754
10_b21,10,21,0.0075303111225366,0.0505976797883139,0.0432077419364941,-0.040797078309406
10_b22,10,22,0.0069187902845442,0.0150185862726828,0.0124407476867781,-0.0030965771927731
10_b23,10,23,0.0041700806468725,0.0108408339080115,0.0089084321632981,0.0042582426685839
10_b24,10,24,0.0081268912181258,0.0175125127894686,0.0148267997917719,-0.0080152239953167
10_b25,10,25,0.0078521966934204,0.0148020381570338,0.0124958599644014,0.0019232285307953
10_b26,10,26,0.003398418193683,0.0791827869867267,0.0697610512544633,-0.0678222898003878
10_b27,10,27,0.0078738518059253,0.0116007298403273,0.0098424980556592,-0.0031559607107192
10_b28,10,28,0.0025905580259859,0.0198958572348509,0.0166496987041318,-0.0119854655052768
10_b29,10,29,0.0175641514360904,0.0704361740427617,0.0623223912166577,-0.0545314938316732
10_b3,10,3,0.0036958754062652,0.0362147728385503,0.0309104527207091,-0.0165555252949707
10_b30,10,30,0.0054104588925838,0.0221294390652931,0.0188413064158521,-0.0183419857476837
10_b31,10,31,0.0134346177801489,0.0686301037792835,0.0599793144071009,-0.0420619023346807
10_b32,10,32,0.0108630433678627,0.0719607915388198,0.0625493627400283,-0.0553022560044337
10_b33,10,33,0.0037247743457555,0.0210568862065449,0.0178837523469701,0.002293161493726
10_b34,10,34,0.0117817856371402,0.0799352432541501,0.069969646668469,-0.0639914500465965
10_b35,10,35,0.0012670783326029,0.0891647796399994,0.0790289070766266,-0.0765186839394118
10_b36,10,36,0.0063415970653295,0.0322783411398396,0.0277465583733283,-0.0066573287663049
10_b37,10,37,0.0049512209370732,0.0194898092391685,0.016620899355039,0.0015176941594108
10_b38,10,38,0.014995340257883,0.0635941598762517,0.0551941152365179,-0.0498815104534151
10_b39,10,39,0.0087472349405288,0.0130489523312176,0.0106686074461322,-0.0057803645904641
10_b4,10,4,0.0184611678123474,0.0766782984924151,0.0670753710443386,-0.0610401820886181
10_b40,10,40,0.0080132419243454,0.0176437551485779,0.0147024332283763,0.0063278501358581
10_b41,10,41,0.0045559639111161,0.0247365443509211,0.0208566139603499,-0.0074877180729527
10_b42,10,42,0.0060523338615894,0.0318296550120153,0.027979833164718,-0.0276409591990523
10_b43,10,43,0.0042859306558966,0.0657593535935122,0.0575428944526356,-0.0557050837462884
10_b44,10,44,0.0126700056716799,0.0128412635237939,0.0105129716172814,0.0096123335510492
10_b45,10,45,0.0073230238631367,0.0136269012612992,0.0112734407023526,0.0049690202833153
10_b46,10,46,0.0117826033383607,0.0289191703986628,0.0244470171211287,-0.0138434913940727
10_b47,10,47,0.0074993330053985,0.0470310822986396,0.0406892547558527,-0.0401210580568295
10_b48,10,48,0.0041065895929932,0.022218184499728,0.0185996931965928,-0.0038462190504651
10_b49,10,49,0.0058703906834125,0.0133674304688581,0.0105948236747644,0.0088241299963556
10_b5,10,5,0.0083033591508865,0.0496136782553824,0.0434252573596313,-0.0418368983687832
10_b6,10,6,0.008594081737101,0.0317247024505958,0.0272164070885628,-0.0098534434009343
10_b7,10,7,0.008130325935781,0.0267523210103584,0.0227553771150996,-0.0102279652742436
10_b8,10,8,0.0078311720862984,0.0491791212979697,0.0418142180723953,-0.0325747321455855
10_b9,10,9,0.0032587768509984,0.0381500305568347,0.0322880804480519,-0.0204076234332751
11_b0,11,0,0.0055819856934249,0.0469385479927889,0.0395025871591497,-0.0294234003093879
11_b1,11,1,0.0018763956613838,0.0157654234035504,0.0135672650719061,-0.0003248439729213
11_b10,11,10,0.005565358325839,0.0553621902443661,0.0481334025830437,-0.0305600767115538
11_b11,11,11,0.0057783145457506,0.080912210901887,0.0713048909821373,-0.06618642883157
11_b12,11,12,0.0037593911401927,0.02356375088255,0.019574559192406,-0.0126824867923278
11_b13,11,13,0.0086873099207878,0.029921250420534,0.0245608592667849,-0.0138787014904664
11_b14,11,14,0.0060725389048457,0.0498502758205565,0.0425483072680071,-0.0345153109115199
11_b15,11,15,0.0055767237208783,0.0130736411508306,0.0112187835923396,0.0057355274446308
11_b16,11,16,0.0142212696373462,0.0458515673239488,0.0394849338366475,-0.0085758160224941
11_b17,11,17,0.0022267187014222,0.0087315378798189,0.0073392750311177,0.0030804868985433
11_b18,11,18,0.0052807810716331,0.0435428611779976,0.0381630705471616,-0.0088342200720217
11_b19,11,19,0.011812062934041,0.0395050884303687,0.0336031402676599,-0.0109333497105399
11_b2,11,2,0.0050753308460116,0.0141762812464545,0.012138639857294,0.0088760968844871
11_b20,11,20,0.0037136380560696,0.0056700328471476,0.0044043417298235,-0.0026001671585254
11_b21,11,21,0.0090046850964427,0.0428609085229084,0.0357191009121015,-0.0281071077333763
11_b22,11,22,0.0078481342643499,0.0168384789893128,0.0139006044983398,-0.0010365987836848
11_b23,11,23,0.0054405471310019,0.0130446235400164,0.0112055834196507,0.0057141342945396
11_b24,11,24,0.0071275411173701,0.0178776372977847,0.0151469546672888,0.0036539908894337
11_b25,11,25,0.0076468810439109,0.0135198012471367,0.0115045840223319,-0.0034395122271962
11_b26,11,26,0.0060097705572843,0.0769305167623444,0.0675676303514046,-0.0643838807445718
11_b27,11,27,0.0075342785567045,0.0102711717633872,0.0086728017352288,0.0057908650307217
11_b28,11,28,0.0030586614739149,0.0201964035928975,0.0170697206322802,-0.0032313806208549
11_b29,11,29,0.0424268580973148,0.0740252151727287,0.0657495889237543,-0.0491810934846216
11_b3,11,3,0.0033429614268243,0.0345939380543262,0.0294326599512714,-0.0140769216639455
11_b30,11,30,0.0089779049158096,0.0134767535241951,0.0113598747373907,-0.009682366355264
11_b31,11,31,0.0056451028212904,0.0761983373375706,0.0661491488141473,-0.0550115212367381
11_b32,11,32,0.0276868604123592,0.0717499918548096,0.0628811423767547,-0.0434498020874525
11_b33,11,33,0.0028678304515779,0.0230922675033883,0.0191897925041848,-0.0145563310576835
11_b34,11,34,0.0561006739735603,0.0783473946747457,0.0685991459542128,-0.0446932704529899
11_b35,11,35,0.0051515866070985,0.0867300458809947,0.0764939463635164,-0.0719521194168555
11_b36,11,36,0.0116497967392206,0.0422836367984259,0.0363929900794755,-0.000754204619443
11_b37,11,37,0.0035524612758308,0.0207431014253302,0.017873250155244,0.0005407180939801
11_b38,11,38,0.0174097269773483,0.0608655840420303,0.0526287985104136,-0.0437513255397789
11_b39,11,39,0.0069112610071897,0.013344013716957,0.0111255942075513,-0.0019614997925236
11_b4,11,4,0.0388640090823173,0.0759078801867718,0.0660395248132044,-0.0515362513172658
11_b40,11,40,0.0072975512593984,0.0150847590248844,0.0125570351380156,-0.0014687812834745
11_b41,11,41,0.0031398213468492,0.0316526185454549,0.0270591361075639,0.0017395975207909
11_b42,11,42,0.0053887725807726,0.0329505528324389,0.0289333846390945,-0.0285566190135432
11_b43,11,43,0.0029258027207106,0.0682012953627526,0.0592668875593517,-0.0573148106697772
11_b44,11,44,0.011292633600533,0.0091626690813267,0.0074955624452559,0.0044726861902745
11_b45,11,45,0.006244711112231,0.0110380320574223,0.00917068342329,-0.0038006265519652
11_b46,11,46,0.0152750397101044,0.0325996402236305,0.0278597843809984,-0.0047512240079231
11_b47,11,47,0.0103004276752471,0.0394188219529978,0.0332717983715701,-0.0315395332418847
11_b48,11,48,0.0036559007130563,0.0209233141706557,0.0175986236729659,-0.0008915326581336
11_b49,11,49,0.0048358235508203,0.0082881422424516,0.0068739486613776,0.001480715238722
11_b5,11,5,0.0078423330560326,0.0473707375391597,0.0412467326753539,-0.0396590844372985
11_b6,11,6,0.0075143836438655,0.0372611151099758,0.0307504455887828,-0.0244992569138412
11_b7,11,7,0.0106401620432734,0.0283604794280703,0.0243178941321093,-0.0043869984534103
11_b8,11,8,0.0168270301073789,0.052646997383053,0.0457895423060108,-0.021059367464768
11_b9,11,9,0.0055483421310782,0.0347763792630123,0.0294447328924434,-0.0112275115196825
12_b0,12,0,0.0061019891873002,0.0482602775516704,0.0410522889182902,-0.0283125797193497
12_b1,12,1,0.0020042704418301,0.0203891787792082,0.017231143512763,0.0113676939997822
12_b10,12,10,0.0024935666006058,0.0587233027860605,0.0512482243741396,-0.0393073450599331
12_b11,12,11,0.0101597663015127,0.0799609194217982,0.0703798468130116,-0.0642475435363303
12_b12,12,12,0.0052535319700837,0.0201921107449249,0.0171456690336344,-0.0038830238749505
12_b13,12,13,0.010263992473483,0.0314202405138622,0.0267013248696457,0.0025281749910209
12_b14,12,14,0.0111154960468411,0.0435977805065026,0.0376247048601362,-0.0153737239204201
12_b15,12,15,0.0058595333248376,0.0126579372691834,0.0108688531187362,0.0051126193488016
12_b16,12,16,0.0075760353356599,0.0390703424411017,0.0337245869653997,-0.0150879706646082
12_b17,12,17,0.0028074057772755,0.0109179720694794,0.0090103267913218,0.0034938764537218
12_b18,12,18,0.0046368269249796,0.0372274573962374,0.0316335369861917,-0.0180387641099514
12_b19,12,19,0.0322455912828445,0.0543636704551698,0.0451564021533704,-0.0049627408952801
12_b2,12,2,0.0044611748307943,0.0123709999628485,0.0106292126013431,0.0080138864309992
12_b20,12,20,0.0024336245842278,0.0038701763950306,0.0032423084694892,0.0017592997290194
12_b21,12,21,0.0093704471364617,0.044218391089307,0.0375677854624518,-0.0250493635945895
12_b22,12,22,0.0048758834600448,0.0269657979354866,0.0219776121975155,0.0085545889026252
12_b23,12,23,0.0045150308869779,0.0119376655129359,0.0102625639457255,0.0058134270599111
12_b24,12,24,0.0084213204681873,0.017190252739699,0.0139133351342752,0.0076168175274506
12_b25,12,25,0.0071571869775652,0.0125570686429111,0.0106025028578005,0.0012090560165233
12_b26,12,26,0.0112992040812969,0.0762273119651503,0.0664095141450525,-0.0612745034499676
12_b27,12,27,0.0110652232542634,0.0250274166288345,0.0232403142610564,0.023231860618107
12_b28,12,28,0.0024706819094717,0.0178514820660529,0.0149863291229121,-0.0124111802852712
12_b29,12,29,0.0293803885579109,0.0745503103894444,0.0661620186152504,-0.0555726971791227
12_b3,12,3,0.0066874134354293,0.0353591172769596,0.0299283744033891,-0.0066406926780473
12_b30,12,30,0.0068228486925363,0.0180763370770431,0.0154069412284297,-0.014519880178268
12_b31,12,31,0.0079011637717485,0.0731642822106949,0.0635854672160348,-0.0527089382227859
12_b32,12,32,0.0145739279687404,0.0749459275271526,0.0653688741791847,-0.0553622151249874
12_b33,12,33,0.003567638574168,0.0211807598969401,0.0180954513745382,0.0018509012926369
12_b34,12,34,0.0217864979058504,0.0828436750251188,0.0726464638760808,-0.0630314114731299
12_b35,12,35,0.0033221771009266,0.0876956989401871,0.0773662570021406,-0.0730203431654081
12_b36,12,36,0.0059292963705956,0.0322803038384863,0.026977029525442,-0.0151002980989869
12_b37,12,37,0.0067106923088431,0.0150481137450726,0.0128461910411715,-0.0003242461476475
12_b38,12,38,0.0119197033345699,0.0679486307623881,0.0591706765297567,-0.0549646127078449
12_b39,12,39,0.0102750873193144,0.0130278346049731,0.0106139725435059,-0.0072118238860275
12_b4,12,4,0.0184815675020217,0.0822885479396872,0.0723251200629602,-0.0661596815659868
12_b40,12,40,0.0068043190985918,0.0158535610703278,0.0132834373082732,0.0019737068231916
12_b41,12,41,0.0060793473385274,0.0236919769175259,0.0198218281636945,-0.0074802914937026
12_b42,12,42,0.0049666240811347,0.0344840395293862,0.0299921098479535,-0.0293231454899068
12_b43,12,43,0.0035025547258555,0.0702907997313091,0.0629318081951351,-0.0624763211040408
12_b44,12,44,0.0121942358091473,0.0073797905426362,0.0062984859128482,0.0038815974327735
12_b45,12,45,0.0069704595953226,0.0137072978882004,0.0112152721075108,0.0066602103185141
12_b46,12,46,0.0101627390831708,0.0303728888265429,0.0253584214462898,-0.0194072878011502
12_b47,12,47,0.005755397491157,0.0468095461960606,0.0409211372048594,-0.0406465630815364
12_b48,12,48,0.0055261203087866,0.0197714965702031,0.0167078092508018,0.0023260420560836
12_b49,12,49,0.0042749587446451,0.0147255792246177,0.0119328027049778,0.0093527134490432
12_b5,12,5,0.0067798630334436,0.0507851766163092,0.0442716331372503,-0.0422432205372024
12_b6,12,6,0.0109084779396653,0.0331011720515703,0.0284119575616205,-0.0065848349925363
12_b7,12,7,0.0124509464949369,0.0395379522151685,0.0328409382147947,0.0031751320691546
12_b8,12,8,0.0124595463275909,0.052354241059262,0.04492648553467,-0.0293600844238244
12_b9,12,9,0.0030819897074252,0.0421407366191497,0.0359006952872732,-0.0139867746602976
13_b0,13,0,0.0060368520207703,0.0478414536723521,0.0405118966255395,-0.0297612509260943
13_b1,13,1,0.0035571022890508,0.0189256918395441,0.0161702838446944,0.007951797558926
13_b10,13,10,0.0060745347291231,0.0516242998220137,0.0450034293628414,-0.0263444336273823
13_b11,13,11,0.0040533193387091,0.0812623805693694,0.0716642598956241,-0.0678424521491979
13_b12,13,12,0.0053087738342583,0.0217935903154644,0.0185511785675771,-0.0073754706257022
13_b13,13,13,0.0131840333342552,0.0316369997864911,0.0268418099140399,0.0002415238771936
13_b14,13,14,0.0053741806186735,0.0448111956480282,0.0385713272703287,-0.0173054033027438
13_b15,13,15,0.0061430968344211,0.0103488534938164,0.0088310388673562,0.0016002120601478
13_b16,13,16,0.010418102145195,0.0354038086862828,0.0307265075450413,-0.0107053216701024
13_b17,13,17,0.0039010404143482,0.0146205472900651,0.0120437653467524,0.0066515288583468
13_b18,13,18,0.0053277336992323,0.0370637531573061,0.0321716938540339,-0.0135592589480802
13_b19,13,19,0.0086375921964645,0.0385169704858726,0.0329201303435547,-0.0179845587340241
13_b2,13,2,0.0047755353152751,0.0079656991302026,0.0067931547435,-0.0023873641062527
13_b20,13,20,0.0017970917979255,0.0052960602489514,0.0044526261719875,-0.0017788015236146
13_b21,13,21,0.008507115766406,0.0451445116534274,0.0383969009765132,-0.030062402314943
13_b22,13,22,0.0075500877574086,0.019028977453464,0.015507825667737,0.001898227186175
13_b23,13,23,0.0049677100032567,0.0080256198892743,0.0067049303185194,-0.0029518463881686
13_b24,13,24,0.0078782457858324,0.0204990876923161,0.0174068675376474,0.0020080530177801
13_b25,13,25,0.0064385547302663,0.0136158905063305,0.0114821541728451,0.001442167405039
13_b26,13,26,0.0013123642420396,0.0852253117665526,0.0762462818197673,-0.0758857741527026
13_b27,13,27,0.0075261411257088,0.0108982424269946,0.0092865364905446,0.0024686827906407
13_b28,13,28,0.0028407922945916,0.0172209445206524,0.0143947240855777,-0.0109770246531115
13_b29,13,29,0.0163789577782154,0.0751254847558417,0.0667224877012449,-0.0600288362031824
13_b3,13,3,0.005137916188687,0.0388689792060572,0.033241169755347,-0.0136899084108881
13_b30,13,30,0.0059916358441114,0.0146555949167134,0.012044830036757,-0.0112559013473219
13_b31,13,31,0.0056732334196567,0.0751214294535541,0.065110000896675,-0.0550808346582925
13_b32,13,32,0.0129605177789926,0.0775869069037692,0.0679449404375918,-0.0574624668360047
13_b33,13,33,0.0023887665010988,0.0190996965339249,0.0162828923494089,-0.0077770704415161
13_b34,13,34,0.017340674996376,0.0862198021362369,0.0760503560845973,-0.0674661179009126
13_b35,13,35,0.0011307429522275,0.0885302217307424,0.0782313504966805,-0.0753114068380455
13_b36,13,36,0.0084462016820907,0.0309918069688472,0.0264737208315636,-0.008605674895225
13_b37,13,37,0.0056914575397968,0.0180280084720948,0.0152437155670486,-0.0043399206944741
13_b38,13,38,0.0149380918592214,0.0610005468232571,0.0526174280804116,-0.0469386500504333
13_b39,13,39,0.0041997767984867,0.0170525955257256,0.0140224766510073,-0.0092629359161946
13_b4,13,4,0.0124876461923122,0.0790864767251542,0.0692722438965574,-0.0633996980884694
13_b40,13,40,0.0067228209227323,0.0167107481189618,0.0139297629409702,0.0032230057223932
13_b41,13,41,0.0049949488602578,0.024675698113022,0.0211978069890756,-0.0027410185115877
13_b42,13,42,0.0041745956987142,0.0402001944695138,0.036359580864082,-0.0362123493890976
13_b43,13,43,0.0061076302081346,0.058804853895164,0.050591148615058,-0.0479167301135021
13_b44,13,44,0.0062367743812501,0.0057468674362844,0.0047128318372415,0.0028104663797421
13_b45,13,45,0.0081391772255301,0.0136511348611573,0.0115539993718266,0.0013270941330119
13_b46,13,46,0.0138631369918584,0.0275137311411234,0.0236071429110597,-0.0059980308020021
13_b47,13,47,0.010091739706695,0.0459718923481914,0.0388483143807388,-0.0371110755973495
13_b48,13,48,0.0081882383674383,0.0321050102372355,0.0268546263175085,0.0097175349807366
13_b49,13,49,0.0059822932817041,0.0112223838974538,0.0087815316836349,0.006469513925258
13_b5,13,5,0.0043462254106998,0.0579374050563654,0.0510192818043287,-0.0500740280549507
13_b6,13,6,0.0045258272439241,0.0352148147157729,0.0304753795143915,-0.0071576970320893
13_b7,13,7,0.009122347459197,0.026463658553479,0.0227043043967569,-0.0085884344071382
13_b8,13,8,0.0112037016078829,0.0535308265119669,0.0458543632338842,-0.0314483559366635
13_b9,13,9,0.0068761510774493,0.0318882909902302,0.0270907017460558,-0.0053493544843513
14_b0,14,0,0.0079870233312249,0.0416331266694368,0.0354777085715613,-0.0196589871267497
14_b1,14,1,0.0029770878609269,0.0152198196062064,0.0129626408126205,0.0079980747913941
14_b10,14,10,0.011214317753911,0.0481483696381229,0.0407206866340129,-0.0309431814830168
14_b11,14,11,0.0004776988062076,0.0877641433746588,0.0787911929935944,-0.0781305457111011
14_b12,14,12,0.0059642582200467,0.0235531672921496,0.0200932242866838,-0.0055585716624045
14_b13,14,13,0.0114251533523201,0.0293847182328791,0.0249062359106028,0.0020597938814898
14_b14,14,14,0.005654898006469,0.0462124636527544,0.0397627123590791,-0.0242056646343553
14_b15,14,15,0.006995833478868,0.0108525022182145,0.0094468231836799,0.0052979899814818
14_b16,14,16,0.0069727646186947,0.0345176063042327,0.0295393404160859,-0.0182798724604072
14_b17,14,17,0.0032151150517165,0.0121288773667672,0.0097931401757523,0.0070557664195075
14_b18,14,18,0.0046269497834146,0.0330260499552488,0.029062680248171,-0.0079412253806367
14_b19,14,19,0.0115692075341939,0.0356435036745889,0.0301109950459795,-0.022276354432688
14_b2,14,2,0.0046075116842985,0.0107128600794217,0.0089823452243581,0.0079036956140771
14_b20,14,20,0.0028734593652188,0.005377383962745,0.0043716455879621,-0.0018833756889216
14_b21,14,21,0.0109138926491141,0.0430194313009733,0.0364359588193474,-0.024585862729582
14_b22,14,22,0.0050095436163246,0.0194601190165557,0.0163276556751225,-0.0030876546970102
14_b23,14,23,0.004990610294044,0.0109425383683113,0.0093640990008134,0.0074359105492476
14_b24,14,24,0.0092431483790278,0.0206604559752547,0.0171471712947823,0.0104622888355515
14_b25,14,25,0.0097431484609842,0.0157138936624987,0.0131868977932026,0.0043404593499144
14_b26,14,26,0.0080395489931106,0.0738934957699289,0.0643403265747474,-0.0608170329156564
14_b27,14,27,0.0123644694685935,0.0251982071214766,0.0236744689568877,0.0236744689568877
14_b28,14,28,0.002551672514528,0.0168759443244048,0.014007851757633,-0.0101400895082042
14_b29,14,29,0.0154663091525435,0.0642441597372783,0.0564538540987268,-0.049260015760592
14_b3,14,3,0.0029546620789915,0.0326839909109025,0.0277206985466182,-0.0143347064056433
14_b30,14,30,0.0063433819450438,0.0179353790760371,0.0155253932828782,-0.0151220510358689
14_b31,14,31,0.0046649812720716,0.0690943405191796,0.0597284314845455,-0.0475983575516147
14_b32,14,32,0.0010973354801535,0.0777745874844017,0.0679173013951003,-0.0628224434853837
14_b33,14,33,0.0027509578503668,0.0225097819770924,0.0191506368195405,-0.0072525792283704
14_b34,14,34,0.0071396450512111,0.0782645341225126,0.0683940131282725,-0.061163137016847
14_b35,14,35,0.0083131734281778,0.0816581527711416,0.071599142108389,-0.0642148602887027
14_b36,14,36,0.0060135023668408,0.0298851577565049,0.0247413974977098,-0.015124327878002
14_b37,14,37,0.006891110446304,0.0177049986643038,0.0151283642533235,0.0030449264147318
14_b38,14,38,0.0099198231473565,0.0614103263495124,0.0528739639179548,-0.0475003826798638
14_b39,14,39,0.0085913650691509,0.0182579426466336,0.0150938847154611,-0.0081567895371699
14_b4,14,4,0.0156774129718542,0.0744926515000817,0.0648277986788161,-0.057080167673339
14_b40,14,40,0.0084635550156235,0.0182971062191216,0.0153250135609414,0.0024263518024235
14_b41,14,41,0.0050818612799048,0.0228515327135057,0.0197336564492434,0.0036343018012121
14_b42,14,42,0.0091619063168764,0.022595792764421,0.0189737596432678,-0.0168477189517579
14_b43,14,43,0.0057528824545443,0.0579809698967486,0.0498780330293811,-0.0467657173075713
14_b44,14,44,0.0123362652957439,0.0112999772231738,0.0093834073301695,0.008434734049224
14_b45,14,45,0.0086216228082776,0.0151480359990228,0.0123841553076636,0.0081912884407211
14_b46,14,46,0.0170150604099035,0.027078511046739,0.0232418688212055,-0.002090413585538
14_b47,14,47,0.0100262826308608,0.0451717671995952,0.0382808709482196,-0.0372569683718029
14_b48,14,48,0.0060294065624475,0.0247148782590485,0.0210698723909445,0.0080749241705052
14_b49,14,49,0.0039320816285908,0.0115511885833499,0.0097493104066234,0.0058447283704299
14_b5,14,5,0.0086484616622328,0.0523804045646414,0.0454440133692696,-0.0425822624610736
14_b6,14,6,0.0064521329477429,0.0364079485651179,0.0314866306679323,-0.0119341705972328
14_b7,14,7,0.0135819837450981,0.0241609242057548,0.0201829482219181,-0.0141152096237055
14_b8,14,8,0.0021688309498131,0.0519819145859256,0.0439271999927586,-0.0377828907142975
14_b9,14,9,0.0103590730577707,0.0283523358772731,0.023444660763489,-0.0108143272681627
15_b0,15,0,0.0033572171814739,0.0509017670193339,0.0434338030081562,-0.032961391520439
15_b1,15,1,0.0045416774228215,0.0254636418612553,0.0211774263635743,0.0147958420717623
15_b10,15,10,0.0053841997869312,0.0486022695127212,0.0418889236760151,-0.0300485283865418
15_b11,15,11,0.0094453524798154,0.0758209318906674,0.0665973847729037,-0.0608730704561457
15_b12,15,12,0.0046266028657555,0.0226969879489443,0.0193849793577101,-0.0068297363852616
15_b13,15,13,0.0085851587355136,0.0309078458366776,0.0262178954563569,-0.0028001803101506
15_b14,15,14,0.0079674664884805,0.0456224714631323,0.0388466986767161,-0.0300205353493947
15_b15,15,15,0.004878984298557,0.0143420432522969,0.0119010978203732,0.0052870353276375
15_b16,15,16,0.0066680591553449,0.0374185781628196,0.0320379389252048,-0.0227893878321629
15_b17,15,17,0.0042064553126692,0.017502245657927,0.0139756100194063,0.00989682129235
15_b18,15,18,0.004532178863883,0.0372201330016545,0.0321762199752265,-0.0131047051219502
15_b19,15,19,0.0105343805626034,0.0370005685607449,0.0315574108646251,-0.0175192334502935
15_b2,15,2,0.0046238293871283,0.0111185635205705,0.009306782396743,0.0053724361152853
15_b20,15,20,0.0046925032511353,0.0091806820548322,0.0078038712311536,0.0045064413081854
15_b21,15,21,0.0129311457276344,0.0408615592405074,0.0345754251188191,-0.0230876380043628
15_b22,15,22,0.0059143123216927,0.0172410485815014,0.0142469762236578,-0.0011195958562893
15_b23,15,23,0.0048595247790217,0.0107452797363546,0.0091173102031461,0.002627837662585
15_b24,15,24,0.0053066471591591,0.0182990242782221,0.0154018915595952,-0.0057220261881593
15_b25,15,25,0.0068079000338912,0.0148432864727954,0.0125419300317298,0.0003379891894292
15_b26,15,26,0.0038119326345622,0.0742232441772089,0.0652156742650549,-0.0628962638590019
15_b27,15,27,0.0049684452824294,0.0109651740618968,0.0091513368184678,-0.0039915052242577
15_b28,15,28,0.002890155185014,0.0216214967795413,0.0182983098807744,-0.0168043820164166
15_b29,15,29,0.0170754957944154,0.0740936353150077,0.0659133534882858,-0.0594720142024743
15_b3,15,3,0.001369813689962,0.036765767393621,0.0311731989134568,-0.0186121686722617
15_b30,15,30,0.0079059470444917,0.0142642854169443,0.0121289970091311,-0.0109717380831716
15_b31,15,31,0.0099440347403287,0.0733637477461568,0.06380836277458,-0.0503181204591237
15_b32,15,32,0.0085667893290519,0.076406797410199,0.0666461498174612,-0.0595455335849692
15_b33,15,33,0.0039396728388965,0.0207391967380466,0.0176662099338136,-0.0023924565850757
15_b34,15,34,0.0234021283686161,0.081703162757598,0.0716995107695402,-0.061712752458261
15_b35,15,35,0.0021881363354623,0.0855228523061331,0.0754140593532793,-0.0732197780955903
15_b36,15,36,0.0050397417508065,0.0323516371125268,0.0267367010365705,-0.0190881033183541
15_b37,15,37,0.0064566698856651,0.0189443023968022,0.0161617155815474,0.0016944344691
15_b38,15,38,0.0162015091627836,0.0626954320996979,0.0541527900542132,-0.0490347040235064
15_b39,15,39,0.0082941846922039,0.0146746298897654,0.0120639198849676,-0.0057950893993256
15_b4,15,4,0.0130607997998595,0.0798568063442627,0.0701443498409935,-0.0659261421710834
15_b40,15,40,0.0069883107207715,0.0153743958207536,0.0128908931399928,0.0015206494281301
15_b41,15,41,0.003988267853856,0.0270213137184399,0.0230552658101078,2.5254572974517945e-05
15_b42,15,42,0.0077332323417067,0.0304282681201035,0.0269228792085777,-0.0266173769615124
15_b43,15,43,0.0045788129791617,0.0661337672360317,0.0580112411121081,-0.0569454555252741
15_b44,15,44,0.0116080259904265,0.0103697917044963,0.0083807480952236,0.0061863796541001
15_b45,15,45,0.0090989107266068,0.0202344123020559,0.0164330849749967,0.0110300607653334
15_b46,15,46,0.0145281432196497,0.0269681404533406,0.0230100135225802,-0.009020150876604
15_b47,15,47,0.0098661594092845,0.0474604672947197,0.0404606606415472,-0.0394759296043775
15_b48,15,48,0.0023300156462937,0.0229599524449466,0.0191219645540695,-0.0070462458196561
15_b49,15,49,0.0066510858014225,0.0173547620793076,0.0138833769771736,0.012095619078027
15_b5,15,5,0.0090163964778184,0.0506712515272244,0.0441834638779982,-0.0424037584662437
15_b6,15,6,0.0077450256794691,0.0335699474468499,0.0284821610880317,-0.0146595282183261
15_b7,15,7,0.008591366931796,0.0241082676805592,0.0204796447081025,-0.0086877878324594
15_b8,15,8,0.0110890381038188,0.0532955627247119,0.0456114776757749,-0.0325981609644804
15_b9,15,9,0.0053673880174756,0.0302819375187117,0.0254177403415087,-0.0115815671079326
16_b0,16,0,0.0090929809957742,0.0468144082169647,0.0397912707093928,-0.0266299741233524
16_b1,16,1,0.0037284183781594,0.0220262775484698,0.0186121564044151,0.011468495860463
16_b10,16,10,0.0074722785502672,0.0534011233265338,0.0458717545616673,-0.0334598069434287
16_b11,16,11,0.0069143329747021,0.0827661917233185,0.0731415383196144,-0.0689061710935493
16_b12,16,12,0.0066366419196128,0.0211793886131681,0.0182071582553908,-0.0021175610041245
16_b13,16,13,0.0097134802490472,0.0307891350708021,0.0261107001279015,-0.0033241704537067
16_b14,16,14,0.0065691876225173,0.0459084761186063,0.0395837294075317,-0.0210388288691319
16_b15,16,15,0.0086083058267831,0.0157333198280342,0.0134543518954888,0.0081582723511382
16_b16,16,16,0.0096368575468659,0.0380116887705363,0.0330754860147135,-0.012098306234111
16_b17,16,17,0.0048455670475959,0.0176337583421657,0.0141287832322996,0.0122221870732028
16_b18,16,18,0.0044026309624314,0.0361499353887257,0.0308381343638757,-0.017554662512266
16_b19,16,19,0.0126676158979535,0.0435226404506632,0.0370847798710747,-0.0102749064554518
16_b2,16,2,0.0040602376684546,0.0137786000567453,0.0113895398913882,0.0081991157890297
16_b20,16,20,0.0036516254767775,0.0090359711469017,0.0074469816405326,0.0059927309863269
16_b21,16,21,0.0088745336979627,0.04582476049961,0.0388145960889232,-0.0281116769391519
16_b22,16,22,0.0047779493033885,0.0207017760087476,0.0170734299812465,0.0030549207422882
16_b23,16,23,0.0041425372473895,0.0142235965764432,0.0119696085958275,0.0071994055819232
16_b24,16,24,0.0063747661188244,0.0159437917105001,0.0133891460206359,-0.0055929375067353
16_b25,16,25,0.0092146787792444,0.0172161522611034,0.0140857666311785,0.0085408773878589
16_b26,16,26,0.0119602903723716,0.0749771298050792,0.0652799380336364,-0.0599003436088969
16_b27,16,27,0.0071659469977021,0.0105622325723167,0.008795742689399,0.0065875242848414
16_b28,16,28,0.0026330996770411,0.0157060280615346,0.0132465966243762,-0.0098081007285509
16_b29,16,29,0.0316003412008285,0.073108173705756,0.0648685087679769,-0.0534593511032289
16_b3,16,3,0.005509884096682,0.0347332405615027,0.0294434506469406,-0.0139689142582938
16_b30,16,30,0.0055967001244425,0.0181748667841267,0.0162941569049144,-0.0162056758214021
16_b31,16,31,0.007093378342688,0.0725480758236982,0.0628566151253471,-0.0521235073964635
16_b32,16,32,0.0146625218912959,0.0768729333712429,0.0673941979464871,-0.0559194384376314
16_b33,16,33,0.0039979163557291,0.0235913539432729,0.0198482101492118,0.0039260153018403
16_b34,16,34,0.0226714145392179,0.0844716661090807,0.0742534919832542,-0.0641343523333489
16_b35,16,35,0.0086515974253416,0.0845935277898634,0.0745441962109907,-0.0664145333489432
16_b36,16,36,0.0058698775246739,0.0311636208408323,0.0260593539103865,-0.0143791604833677
16_b37,16,37,0.0060470253229141,0.0163471401994598,0.0138175704074092,-0.003297299973201
16_b38,16,38,0.0470057278871536,0.0543040750032086,0.0459849279769696,-0.0190515883849002
16_b39,16,39,0.0074106212705373,0.0166925950950908,0.0138689266564324,-0.0100121723045594
16_b4,16,4,0.040375530719757,0.0752183428000645,0.0654050408837065,-0.05195607497335
16_b40,16,40,0.0088706128299236,0.0168911341233685,0.0141343417332973,0.0058945946919266
16_b41,16,41,0.005646402016282,0.0244439531035042,0.0205129848886281,-0.0077015082119032
16_b42,16,42,0.0034102371428161,0.0366443511159852,0.033211273580091,-0.0331335543480236
16_b43,16,43,0.0036154151894152,0.0664731743167085,0.058706843824184,-0.0578111338420421
16_b44,16,44,0.0109331775456666,0.0092748306175065,0.0074940884928219,0.0062124242004938
16_b45,16,45,0.008638335391879,0.0188793657300726,0.0154281275207176,0.0099529807223007
16_b46,16,46,0.0116161070764064,0.0287289902490364,0.0242775384208653,-0.0137389436981175
16_b47,16,47,0.0158276930451393,0.0366821095875418,0.0304334473458584,-0.0265837796812411
16_b48,16,48,0.0033226278610527,0.0201577413168739,0.0167385615292005,-0.0069650173443369
16_b49,16,49,0.0066328002139925,0.0158899696289441,0.0127134050970198,0.0112324244453338
16_b5,16,5,0.0061564305797219,0.0524263772788246,0.0463422818516846,-0.0457437684235628
16_b6,16,6,0.0070186760276556,0.033754825682966,0.0291075647360412,-0.0097741837537614
16_b7,16,7,0.0097392033785581,0.0307687386232607,0.0259069976327009,0.0030476365308277
16_b8,16,8,0.0101800225675106,0.0540396831694474,0.0464730850431806,-0.0301706349330925
16_b9,16,9,0.0079995347186923,0.0331851425143598,0.0275746915547642,-0.0148633700527716
17_b0,17,0,0.0079315276816487,0.0505738288682178,0.0432391830453707,-0.0286750374165421
17_b1,17,1,0.0043527446687221,0.0201240671177695,0.0170995465235319,0.0123907272808719
17_b10,17,10,0.009827047586441,0.0519859126844193,0.0441490046135732,-0.0352850015801959
17_b11,17,11,0.0075956145301461,0.0857440819977535,0.0760073930810176,-0.0732138557766302
17_b12,17,12,0.0086167007684707,0.0218902113970261,0.0188644160510739,-0.0019159867794951
17_b13,17,13,0.0143963731825351,0.0315494175115912,0.0268877630110364,-0.0007210036029573
17_b14,17,14,0.0089532509446144,0.0404662476676838,0.0344925303476338,-0.019267751751322
17_b15,17,15,0.0067224139347672,0.0085271473276623,0.0070872923766728,0.0007937391090672
17_b16,17,16,0.0090455003082752,0.0366956267310178,0.0316774106462253,-0.0150082199618918
17_b17,17,17,0.0034282861743122,0.0138952487341124,0.0111162794672418,0.0101239350333344
17_b18,17,18,0.004486964084208,0.0387086516312346,0.0329427867900813,-0.018545875037671
17_b19,17,19,0.0088390354067087,0.0379624560429078,0.032172032954113,-0.020951845816744
17_b2,17,2,0.0066350633278489,0.0117372120167278,0.0095716759283095,0.0078453262988477
17_b20,17,20,0.0045692725107073,0.0093231660869727,0.0080712290038354,0.0044903014576993
17_b21,17,21,0.0121943540871143,0.0418151495801818,0.035301652162816,-0.0251478238110576
17_b22,17,22,0.009237416088581,0.0174613929741362,0.0145161533204372,0.0056608435104135
17_b23,17,23,0.0070085250772535,0.0105461748205108,0.0088518592109903,0.0051588176982477
17_b24,17,24,0.0074947290122509,0.0118261601698172,0.0100239411834627,-0.002980960290879
17_b25,17,25,0.0097430385649204,0.0156533357393835,0.0128890488517936,0.0060581758746411
17_b26,17,26,0.0054384022951126,0.0740807345652718,0.0649502274897531,-0.0624059047960327
17_b27,17,27,0.0081197712570428,0.0065654021166747,0.0055370078352279,-0.0008391355560161
17_b28,17,28,0.0048406310379505,0.0137531542130402,0.011616152258357,-0.0030786179017741
17_b29,17,29,0.0126405358314514,0.0776252191543399,0.0691466653606403,-0.0638915242781877
17_b3,17,3,0.0056033204309642,0.0355172832090441,0.0299536347622051,-0.0152402788749896
17_b30,17,30,0.0063459877856075,0.018226619284124,0.0152263654817943,-0.0140227812298689
17_b31,17,31,0.0017507479060441,0.0810106441779999,0.0705042323245288,-0.0652141009511979
17_b32,17,32,0.0102330762892961,0.077412384880928,0.0675625630400463,-0.0586905542833119
17_b33,17,33,0.0030423027928918,0.0196770091795516,0.01663262211252,-0.0083757787710055
17_b34,17,34,0.0121431183069944,0.0865136002329054,0.0761615035081195,-0.06928459673225
17_b35,17,35,0.0026305173523724,0.0843747241479302,0.0742181351160252,-0.0705701478043192
17_b36,17,36,0.00752715440467,0.0301913578823306,0.0254982364061288,-0.010135068942327
17_b37,17,37,0.0065466244705021,0.0157503741892699,0.0135074409795925,0.0008270494872704
17_b38,17,38,0.0132491383701562,0.0639438850057976,0.0552240640658419,-0.050259807211114
17_b39,17,39,0.0112057654187083,0.0104430397183868,0.0086371974699432,-0.0014534325856948
17_b4,17,4,0.0138182090595364,0.0802288327044048,0.0703689100327028,-0.0651777854505053
17_b40,17,40,0.0093241427093744,0.0170842819596959,0.0143269842077279,0.0080065088236005
17_b41,17,41,0.0049132038839161,0.0251352128788491,0.0214781887526623,-0.0035663757589645
17_b42,17,42,0.012272217310965,0.0248973617203973,0.0209996314375894,-0.0176043996895896
17_b43,17,43,0.0046786284074187,0.0637068906114458,0.0560722064200672,-0.0548059000979992
17_b44,17,44,0.0126135982573032,0.0107354853135207,0.0091522501173312,0.0089448506900225
17_b45,17,45,0.0096643781289458,0.0175474403087963,0.0142430202465038,0.0097089278989005
17_b46,17,46,0.0138761922717094,0.023275799750826,0.0196536801755428,-0.0101442067837342
17_b47,17,47,0.0132423117756843,0.0415735054665534,0.0350342190661467,-0.033598116079811
17_b48,17,48,0.0038891511503607,0.0172700369742015,0.0144645240984391,-0.0020503398485016
17_b49,17,49,0.0056949714198708,0.0153288296646488,0.0126443123078206,0.0110420456103747
17_b5,17,5,0.0048786783590912,0.0630176845373726,0.0562676673580426,-0.0559597750764805
17_b6,17,6,0.008973378688097,0.0287333086208366,0.024447463263059,-0.0087754358968231
17_b7,17,7,0.0148806581273674,0.0227508231740382,0.0194137928087729,-0.0042030966479796
17_b8,17,8,0.0103710517287254,0.0534511927440771,0.0457103409843693,-0.0310455823618394
17_b9,17,9,0.0100700818002223,0.0301525193792332,0.0253200102958362,-0.0095471685228403
18_b0,18,0,0.0056131789460778,0.0508739811078513,0.0431996000024082,-0.0342279960682208
18_b1,18,1,0.00294532882981,0.020837065101636,0.017841463984223,0.0070969681290443
18_b10,18,10,0.0089712562039494,0.048469234299222,0.0418911169806961,-0.0248025261808652
18_b11,18,11,0.0098442938178777,0.0781001350722537,0.0686493847167002,-0.0625729132691049
18_b12,18,12,0.007900757715106,0.0218824343315386,0.0185512123850639,-0.005506120811915
18_b13,18,13,0.0111312214285135,0.0308534559281999,0.0262609986262396,-0.005223270272836
18_b14,18,14,0.0047051706351339,0.0451719519911722,0.0389010978204169,-0.0193466782097675
18_b15,18,15,0.005599102936685,0.017736839858722,0.0149558016494847,0.0098860056744888
18_b16,18,16,0.0079366592690348,0.0380925931764553,0.0328137043581227,-0.0076418650613049
18_b17,18,17,0.0026868837885558,0.0140063446146097,0.0113644703757017,0.0068211379367858
18_b18,18,18,0.0037276719231158,0.0372212362863465,0.0325296529056504,-0.0110411342792212
18_b19,18,19,0.0259893797338008,0.0419506270263441,0.0349607060343259,0.0006862181861652
18_b2,18,2,0.0042283087968826,0.0169604788651259,0.0143370297842193,0.009882577889366
18_b20,18,20,0.0041133649647235,0.0124010549563323,0.0104776222573127,0.0101412386831361
18_b21,18,21,0.0155820846557617,0.0384734894071532,0.0327221211128926,-0.019058998030523
18_b22,18,22,0.0066722780466079,0.0268766817207817,0.022162440996035,0.0144606437726179
18_b23,18,23,0.0042664683423936,0.0170962409158841,0.0144807424029568,0.0077643224055645
18_b24,18,24,0.0089097721502184,0.0173110938378245,0.0141530959471128,0.0048277423647232
18_b25,18,25,0.0095567321404814,0.0129575517803554,0.0107274063490331,0.0052110224030911
18_b26,18,26,0.0250099953263998,0.0682039164340292,0.0587598959414754,-0.0496226165781263
18_b27,18,27,0.0096609313040971,0.0182653428532097,0.0152741095703095,0.0148421644000336
18_b28,18,28,0.005832053720951,0.0163741708589687,0.0137924786453368,0.0001899781794054
18_b29,18,29,0.0292351990938186,0.079150589758349,0.0705380290695211,-0.0609440959065432
18_b3,18,3,0.0013314429670572,0.0390896075912577,0.0334136964532081,-0.021408129640622
18_b30,18,30,0.0063011329621076,0.014779844922151,0.0127417498419526,-0.0122365802864078
18_b31,18,31,0.0046654948964715,0.0703234856111078,0.060724292279192,-0.0517292944742075
18_b32,18,32,0.0158041268587112,0.0761181978251871,0.066382798362174,-0.0573088025400647
18_b33,18,33,0.0031983396038413,0.0229546854099345,0.0194960599276237,-0.0069635586789809
18_b34,18,34,0.0181590728461742,0.0875655441064207,0.077278413877575,-0.070136973418048
18_b35,18,35,0.0208910554647445,0.0816104530074772,0.0715042346106202,-0.0601751032327592
18_b36,18,36,0.0072736600413918,0.0332658318893592,0.028801581824664,0.0001084798225201
18_b37,18,37,0.0063839289359748,0.0234581101481812,0.0196027356060221,0.0092554693063721
18_b38,18,38,0.0123837795108556,0.0700474496540561,0.0610185678926063,-0.0565204405103577
18_b39,18,39,0.0074526532553136,0.0160595047385016,0.01338864459889,0.0033684280328452
18_b4,18,4,0.0239033885300159,0.0796578198739967,0.0696639945254719,-0.0624563442463113
18_b40,18,40,0.0102946441620588,0.0125055170502684,0.0105030154652195,0.0010446709993993
18_b41,18,41,0.0037036498542875,0.0282865477180535,0.0243300509318942,-3.248025721404701e-05
18_b42,18,42,0.003495829179883,0.0423631601805059,0.0386167599336477,-0.0385679092613281
18_b43,18,43,0.0056640971451997,0.0590879187536223,0.0511867903149686,-0.0480566210928373
18_b44,18,44,0.0100840982049703,0.015441933951903,0.0130966434127185,0.0129736042849253
18_b45,18,45,0.0086986105889081,0.0184279567749966,0.0151437627314589,0.0087569391564466
18_b46,18,46,0.014686576090753,0.0262858087579172,0.0220766229415312,-0.0172726702969521
18_b47,18,47,0.0147643778473138,0.0401842803376679,0.0334332732856273,-0.0306988408602774
18_b48,18,48,0.0043715145438909,0.0209846641355646,0.0176698034501168,0.0004921255202498
18_b49,18,49,0.0068705887533724,0.0124623649959293,0.0098264650959754,0.0076209305081283
18_b5,18,5,0.009889718145132,0.0446718334525957,0.0384604671742999,-0.0358343317691469
18_b6,18,6,0.0048624947667121,0.0344650267526732,0.0295966075957403,-0.0114413616657839
18_b7,18,7,0.0190154239535331,0.0363017736492325,0.0296363164245849,0.0141379207983845
18_b8,18,8,0.0080813290551304,0.0595230980048214,0.0508660993613011,-0.0408042244856187
18_b9,18,9,0.0093500036746263,0.0292526742172409,0.024717850171728,-0.006868455040967
19_b0,19,0,0.0079146865755319,0.1394744038772862,0.1301537764625573,-0.1301537764625573
19_b1,19,1,0.0293312817811965,0.2967236233528407,0.2746499703475274,-0.2746499703475274
19_b10,19,10,0.0121846236288547,0.1103959497673506,0.1047206031216774,-0.1047206031216774
19_b11,19,11,0.0034136439207941,0.125725490055466,0.1176980783821636,-0.1176950535343348
19_b12,19,12,0.0031444560736417,0.2211240162557372,0.2035645115764054,-0.2035645115764054
19_b13,19,13,0.0154202077537775,0.2235322504367905,0.2036950637913469,-0.2036950637913469
19_b14,19,14,0.006883280351758,0.129319115640428,0.1203866233391454,-0.1203866233391454
19_b15,19,15,0.0259268004447221,0.2719734038983957,0.2483980482767219,-0.2483980482767219
19_b16,19,16,0.0049629416316747,0.1642286090613959,0.1518838562686141,-0.1518838562686141
19_b17,19,17,0.03472301363945,0.3163139339217547,0.2937879803148098,-0.2937879803148098
19_b18,19,18,0.005215679295361,0.1809684200049956,0.1677398898925457,-0.1677398898925457
19_b19,19,19,0.0358656719326972,0.1127221123657306,0.1048236239553079,-0.1048236239553079
19_b2,19,2,0.0145202372223138,0.2766610279669925,0.256099042633723,-0.256099042633723
19_b20,19,20,0.0191767923533916,0.2917955497389695,0.2678967663261574,-0.2678967663261574
19_b21,19,21,0.0192530676722526,0.1058725846628661,0.0978240808233385,-0.0978231083572609
19_b22,19,22,0.0086034443229436,0.1974361241558101,0.1801873641955899,-0.1801873641955899
19_b23,19,23,0.0135532254353165,0.2637924519636573,0.2444463629059464,-0.2444463629059464
19_b24,19,24,0.0088764727115631,0.2326653066199779,0.2127979107676947,-0.2127979107676947
19_b25,19,25,0.0222907662391662,0.2810502821595537,0.2591969244892243,-0.2591969244892243
19_b26,19,26,0.0400501042604446,0.0951663742985019,0.0877763827654416,-0.0877763827654416
19_b27,19,27,0.008485035970807,0.2282729864977803,0.2087538319851592,-0.2087538319851592
19_b28,19,28,0.0061897742561995,0.1823784109924356,0.1683307376242737,-0.1683307376242737
19_b29,19,29,0.017949791625142,0.1187057667970867,0.1111847355518512,-0.111162895616053
19_b3,19,3,0.0019922256469726,0.1948513684376504,0.1796867196421226,-0.1796867196421226
19_b30,19,30,0.0078633856028318,0.1900220212864155,0.1734766284572469,-0.1734766284572469
19_b31,19,31,0.0154959894716739,0.1175807983378158,0.1108023581055022,-0.1108023581055022
19_b32,19,32,0.0124999582767486,0.1111377961974211,0.1036134514456352,-0.1036134514456352
19_b33,19,33,0.0043449131771922,0.2153781249806634,0.1979202676625573,-0.1979202676625573
19_b34,19,34,0.0219375453889369,0.111845563439612,0.1031087789810408,-0.1030289785270724
19_b35,19,35,0.0202844403684139,0.1011946411697755,0.093895411626363,-0.093895411626363
19_b36,19,36,0.0052965451031923,0.1602768969717969,0.1468868941187975,-0.1468868941187975
19_b37,19,37,0.0053010042756795,0.2333387660279,0.2150130877457559,-0.2150130877457559
19_b38,19,38,0.0084972968325018,0.1097893124791065,0.1026809886770206,-0.1026809886770206
19_b39,19,39,0.013524561189115,0.1766500212073909,0.1600532484719588,-0.1600532484719588
19_b4,19,4,0.0096490010619163,0.1095645118385664,0.1017196219482866,-0.101692065019015
19_b40,19,40,0.0212843809276819,0.2605967155156505,0.2361920628875668,-0.2361920628875668
19_b41,19,41,0.0128672700375318,0.2186281209138491,0.1984461160753562,-0.1984461160753562
19_b42,19,42,0.0295307394117116,0.1277006504308831,0.1185554580271127,-0.1185554580271127
19_b43,19,43,0.0298383124172687,0.1134336802894505,0.1062465789655107,-0.1062465789655107
19_b44,19,44,0.0101593099534511,0.2362240324772162,0.2168361940805334,-0.2168361940805334
19_b45,19,45,0.0399509519338607,0.3210408117217104,0.295623628316971,-0.295623628316971
19_b46,19,46,0.0126695996150374,0.1662427253013699,0.1523863900313153,-0.1523863900313153
19_b47,19,47,0.0114931920543313,0.1362876542313366,0.127479146431142,-0.127479146431142
19_b48,19,48,0.0053415587171912,0.2284496882440337,0.2099753240236896,-0.2099753240236896
19_b49,19,49,0.0386253744363784,0.3193817123546715,0.2905534919339698,-0.2905534919339698
19_b5,19,5,0.0195489954203367,0.1141561181397084,0.1061060663472744,-0.1061060663472744
19_b6,19,6,0.0123176835477352,0.1648454248049147,0.1497571118210908,-0.1497571118210908
19_b7,19,7,0.0141504723578691,0.1674635308325708,0.1522696950267709,-0.1522696950267709
19_b8,19,8,0.0148336058482527,0.1232372599383619,0.1155333901139965,-0.115524559176556
19_b9,19,9,0.0075721936300396,0.1476752141432666,0.1355892028748349,-0.1355892028748349
1_b0,1,0,0.0058262441307306,0.0508611740269222,0.0431279415225435,-0.037768561628909
1_b1,1,1,0.0035733359400182,0.0169161463878469,0.0143919760023709,0.0081592573889065
1_b10,1,10,0.0074288193136453,0.0516548429760101,0.0444203376305813,-0.0324265329867193
1_b11,1,11,0.0080688623711466,0.0794438376542332,0.0700893318809539,-0.0650334049772209
1_b12,1,12,0.0043974751606583,0.0200022493655689,0.016827021203353,-0.0068741863587638
1_b13,1,13,0.0149465780705213,0.0270653123326498,0.0228413272235775,-0.0022437488945433
1_b14,1,14,0.0054235141724348,0.0456437416216983,0.0394019703257799,-0.0184250132989109
1_b15,1,15,0.0088475104421377,0.0195623992013537,0.0163796469382941,0.01409931557253
1_b16,1,16,0.0087311509996652,0.0382377297247793,0.0331614299879584,-0.0102699509092781
1_b17,1,17,0.0028730505146086,0.0147273766586012,0.0115875743073411,0.0103491519088856
1_b18,1,18,0.0048543377779424,0.0358681086062067,0.0309783211810281,-0.0153985776792978
1_b19,1,19,0.0115419961512088,0.0354742282726819,0.0302650196797912,-0.0163334667886374
1_b2,1,2,0.0048577319830656,0.0164641174896793,0.013456307137385,0.0119012250797823
1_b20,1,20,0.0051198713481426,0.0140269012189494,0.012245421342086,0.0120113251754082
1_b21,1,21,0.0121951624751091,0.0388929157470895,0.0326826575686573,-0.0234005626160069
1_b22,1,22,0.0063844677060842,0.0188456963276862,0.0157361271546687,0.0025511063972953
1_b23,1,23,0.005580011755228,0.0167086118378436,0.0138380519300699,0.0117268457636237
1_b24,1,24,0.0103181051090359,0.0168352866254554,0.0142400383600033,0.0031668440974317
1_b25,1,25,0.0104695949703454,0.0158968526668571,0.0128888838016428,0.0074905085121281
1_b26,1,26,0.0096283545717597,0.0722952017533098,0.0628303508990211,-0.0580895254825009
1_b27,1,27,0.0096609462052583,0.0096770639071678,0.0080893452547024,0.0070503328402992
1_b28,1,28,0.001982029993087,0.0185150997395652,0.0156181640416616,-0.0090815814730012
1_b29,1,29,0.0231651365756988,0.076870571966661,0.0684860764554469,-0.0580211038078414
1_b3,1,3,0.0055296225473284,0.0361096253138448,0.0307708569685928,-0.0168153415946289
1_b30,1,30,0.016085710376501,0.0132682066258769,0.0109486815455602,0.0107286926283268
1_b31,1,31,0.014564998447895,0.0718059072312417,0.062760426923196,-0.0436043071556196
1_b32,1,32,0.013495129533112,0.0785205368092334,0.0691540455715585,-0.0593741587586555
1_b33,1,33,0.0048067057505249,0.0198285824681928,0.0168489485938334,-0.0034972073935205
1_b34,1,34,0.0181586500257253,0.0875393002921962,0.0774055926917935,-0.0684851444509695
1_b35,1,35,0.0061440672725439,0.0811684226747912,0.0710338119668449,-0.0649955650204356
1_b36,1,36,0.0049223788082599,0.0327062773542048,0.0270848435023799,-0.0170895983278751
1_b37,1,37,0.0056497990153729,0.0189509305252767,0.0160796781117096,-0.0003637515055015
1_b38,1,38,0.0115129016339778,0.0658768395193542,0.057159446751466,-0.0514483263285364
1_b39,1,39,0.0062178946100175,0.0137543204850521,0.0111501265870174,-0.0062786118587246
1_b4,1,4,0.0159017127007246,0.0819861266533476,0.0721324726196326,-0.0656335584844782
1_b40,1,40,0.0108169950544834,0.0169408295129454,0.0141299163649091,0.0059116814081789
1_b41,1,41,0.0056540314108133,0.0229422356310756,0.0195494512910954,-0.0036569731612689
1_b42,1,42,0.0043519483879208,0.0365639663269306,0.0328873327863402,-0.032832600811962
1_b43,1,43,0.0034567031543701,0.0656844733401983,0.0572655491376644,-0.0550519342938787
1_b44,1,44,0.0091552268713712,0.0094496518964097,0.0077195718203438,0.007178090562229
1_b45,1,45,0.0101533364504575,0.017387557472568,0.0140074518113397,0.0101067761774174
1_b46,1,46,0.0156297534704208,0.0278138739773445,0.0239439199795015,-0.0067874857946299
1_b47,1,47,0.0088527165353298,0.0471188175959763,0.0404235352040268,-0.0396034774021245
1_b48,1,48,0.0059613944031298,0.0215177200476294,0.0182434752187691,-0.0002121373428963
1_b49,1,49,0.0069502466358244,0.0155098666549257,0.0125258978636702,0.0094865573762217
1_b5,1,5,0.0063478383235633,0.0566321403169542,0.0499536840774817,-0.0490104929282097
1_b6,1,6,0.0067129787057638,0.0345482156118646,0.0298352113549481,-0.0068018426929484
1_b7,1,7,0.0130214393138885,0.0245765502483778,0.021118973272969,-0.0038044006406562
1_b8,1,8,0.0140615161508321,0.0546918654719029,0.0473837538175575,-0.0271592428071016
1_b9,1,9,0.0098721059039235,0.0319635181320903,0.0265163649583701,-0.0162942408130038
20_b0,20,0,0.0065431524999439,0.0437937661577239,0.0370107138659659,-0.0275287556289549
20_b1,20,1,0.0033235077280551,0.0149585678204991,0.0129643083922564,0.0044767203461378
20_b10,20,10,0.008231945335865,0.0507219477027728,0.043851370862103,-0.0301229080365737
20_b11,20,11,0.0037789938505738,0.0787516367919436,0.0695531899831257,-0.0653005026996834
20_b12,20,12,0.0129659250378608,0.0253273405210221,0.0215339878923259,-0.0014655032753944
20_b13,20,13,0.0099366400390863,0.0285704914572383,0.023752323858207,-0.0138436538295354
20_b14,20,14,0.0088209714740514,0.0441321524069251,0.0372295274027419,-0.0267087015137803
20_b15,20,15,0.0051292809657752,0.0157082826599954,0.0133495635224971,0.0088122881820891
20_b16,20,16,0.0052207857370376,0.0378586754088367,0.0328297049243701,-0.0169101065554423
20_b17,20,17,0.0026070647872984,0.0077746617347954,0.0064096853940282,0.0031275660416577
20_b18,20,18,0.0039529195055365,0.0338051737813348,0.0290919927984941,-0.0149873612693045
20_b19,20,19,0.0086117442697286,0.0421899442054972,0.0359371721105708,-0.0249564255111909
20_b2,20,2,0.0043278932571411,0.0088522464647075,0.0074887795583344,-0.0024813972995616
20_b20,20,20,0.0044016949832439,0.0109848083370174,0.0090630547318141,0.0035874297388363
20_b21,20,21,0.0071816337294876,0.0527343608676984,0.045030448387115,-0.0422542289055127
20_b22,20,22,0.0116328354924917,0.0152141429618835,0.0125686252932064,-0.0042115193582139
20_b23,20,23,0.004364161286503,0.009346090609416,0.0079932583263143,-0.0054412405379116
20_b24,20,24,0.0069216713309288,0.0119053518396356,0.0102509975200518,-0.003689322671853
20_b25,20,25,0.0097899874672293,0.0202120823972018,0.0163000668212771,0.0081265547685325
20_b26,20,26,0.0047879144549369,0.076518571166211,0.0669140201885602,-0.0637517862752429
20_b27,20,27,0.0075748488306999,0.0049808753476387,0.004199601666769,0.000102793861879
20_b28,20,28,0.0035439510829746,0.0149948078030101,0.0126783110812539,-0.0003532841830747
20_b29,20,29,0.0260226856917142,0.0735506859833555,0.0653292618559135,-0.0536513094296606
20_b3,20,3,0.0026400969363749,0.033413067719314,0.0287417185259982,-0.0162414769572205
20_b30,20,30,0.0092115886509418,0.0153546629543756,0.0132372634526109,-0.0085015939496224
20_b31,20,31,0.0182457603514194,0.0677092309368417,0.0592977041914127,-0.0391911497316323
20_b32,20,32,0.0384403467178344,0.0756044475636669,0.0664144642373867,-0.0436638723362557
20_b33,20,33,0.0043887561187148,0.0237110659129188,0.0203854044043691,-0.0046952221525134
20_b34,20,34,0.0506894811987876,0.0828439272495627,0.0728173508527834,-0.0531136156045977
20_b35,20,35,0.0032278730068355,0.0854625775027526,0.075000140231059,-0.0712637131679366
20_b36,20,36,0.004350337665528,0.0314458277157476,0.0264167143811937,-0.0133701741870027
20_b37,20,37,0.0055640647187829,0.0210108565204055,0.0172335095913149,0.0074805644364096
20_b38,20,38,0.015516216866672,0.0627418684971397,0.0540872352174483,-0.0469351677200756
20_b39,20,39,0.0072347940877079,0.0127922290463392,0.0106618943146895,-0.0052795344486366
20_b4,20,4,0.0186875537037849,0.0772980945306158,0.0674459319755988,-0.0593777572208637
20_b40,20,40,0.0077350265346467,0.0177460305535628,0.0147017123590922,0.0038398308813339
20_b41,20,41,0.0048883631825447,0.0228791862476952,0.0187689892778871,-0.0108998071559472
20_b42,20,42,0.0102535635232925,0.0266669225399112,0.0225069361913483,-0.0209139670745935
20_b43,20,43,0.008614738471806,0.0545981509091073,0.0471033016752335,-0.0438432076547178
20_b44,20,44,0.0114731527864933,0.0076473955594736,0.0061419160143123,0.0053683459674357
20_b45,20,45,0.0092813186347484,0.0138526404242341,0.0115991215978283,0.0018268308683764
20_b46,20,46,0.0136595722287893,0.0293665694637909,0.0251709667791146,-0.0045839789381716
20_b47,20,47,0.0065065985545516,0.0546268659149459,0.0487016653921455,-0.0486317010316997
20_b48,20,48,0.0037603850942105,0.0187332310996365,0.0156074362131766,0.001178978413809
20_b49,20,49,0.0049814023077487,0.0123806954181454,0.0102844088186975,0.0060774498817045
20_b5,20,5,0.0042942836880683,0.0587725614102012,0.0528149836673401,-0.0526204909174703
20_b6,20,6,0.0086973505094647,0.0313241465105157,0.0261466265609487,-0.0144852262875065
20_b7,20,7,0.0135704828426241,0.0269604478270972,0.0226387239387258,-0.0123133109649643
20_b8,20,8,0.0284015797078609,0.0573351629137556,0.0495712562001426,-0.015251327556034
20_b9,20,9,0.007088370155543,0.0336783650069006,0.0285221658961381,-0.0150116033561062
21_b0,21,0,0.00746526196599,0.0457271386329913,0.0390800000686431,-0.0220681352895917
21_b1,21,1,0.0025753371883183,0.0145451939981552,0.0124996706168167,-0.0016500167711637
21_b10,21,10,0.0066506043076515,0.0504618478032719,0.0433371252460347,-0.0345097398791404
21_b11,21,11,0.0014921014662832,0.0838468030794707,0.0743829754921171,-0.0717408845423051
21_b12,21,12,0.0063278623856604,0.0199755793937763,0.0170783616323024,-0.0028111088229343
21_b13,21,13,0.0118325557559728,0.0274318199458605,0.023334253784269,-0.002628338872455
21_b14,21,14,0.0091520333662629,0.039939175861343,0.0342425527116574,-0.0163043794380791
21_b15,21,15,0.0058506061322987,0.016928514231132,0.0141663467814214,0.010031191362068
21_b16,21,16,0.011452505365014,0.0415791851373213,0.0354600999361719,-0.0024307190111721
21_b17,21,17,0.0028129420243203,0.0090803436594403,0.0075004671909846,0.002629732962232
21_b18,21,18,0.0061689922586083,0.0356995677033834,0.0314449429494561,-0.0032412721525179
21_b19,21,19,0.0097251692786812,0.0339279300746413,0.028921787305735,-0.0178500640043057
21_b2,21,2,0.0054419599473476,0.0102983037322915,0.0088715872331522,0.0067621829197742
21_b20,21,20,0.0025690984912216,0.0027603448616506,0.0021489737229421,-0.0005879030330106
21_b21,21,21,0.007497847545892,0.0512959951509623,0.0435587992807268,-0.0398738670404418
21_b22,21,22,0.0116679295897483,0.0133058454083303,0.0109559192170854,-0.0003882575070019
21_b23,21,23,0.0057190163061022,0.0101202857623646,0.0088018719491083,0.0049954020173754
21_b24,21,24,0.0092531759291887,0.015421878073065,0.0130836111539974,-0.0036947617447003
21_b25,21,25,0.0083528282120823,0.0140312706375785,0.0117602346104104,0.0029356388060841
21_b26,21,26,0.005240969825536,0.0738626671831996,0.0644395755571895,-0.0612559898258769
21_b27,21,27,0.0109734097495675,0.010967698242156,0.0091495956794824,0.0038638442533556
21_b28,21,28,0.0055081048049032,0.0180015492992014,0.0151489631709409,0.0017597087594913
21_b29,21,29,0.0265281908214092,0.0706035861046631,0.0626775789896783,-0.0491033470114052
21_b3,21,3,0.0019153237808495,0.0343623567800996,0.0292029216315131,-0.0148908836313057
21_b30,21,30,0.0068515897728502,0.0159276350799305,0.0135280932235764,-0.0125345623429166
21_b31,21,31,0.0092642474919557,0.0677461315290671,0.0589938804952544,-0.042389895923261
21_b32,21,32,0.0117194084450602,0.0746721345502975,0.0653245990148934,-0.0550251610514897
21_b33,21,33,0.0045337555930018,0.0195032481440914,0.01672401357966,-0.003711995119811
21_b34,21,34,0.0196335967630147,0.08004198932634,0.0701994545027992,-0.0584300621381407
21_b35,21,35,0.0059483172371983,0.0812291552670161,0.071177585185942,-0.0649561803745746
21_b36,21,36,0.0088099027052521,0.0386054123964874,0.0325661389855667,0.0064704569429159
21_b37,21,37,0.0070292204618453,0.0181279180979759,0.0152928302041254,0.0027127954945899
21_b38,21,38,0.0095172906294465,0.0650647574243499,0.0564132892753696,-0.0506470606609946
21_b39,21,39,0.0074766352772712,0.0138029203847912,0.0113894265762064,-0.0057759467570576
21_b4,21,4,0.01137251034379,0.081452330199295,0.0715463294608707,-0.0659499265517297
21_b40,21,40,0.0073175625875592,0.0159825927879125,0.0132873500086134,0.0020192064804723
21_b41,21,41,0.0080834962427616,0.0249549133018046,0.02132623236801,0.0053525232180254
21_b42,21,42,0.0044940235093235,0.0417185342696374,0.0376231826678849,-0.0375296767917461
21_b43,21,43,0.0061669321730732,0.0598046875289553,0.0519725863533676,-0.0495730567062855
21_b44,21,44,0.0124965710565447,0.0123445582084948,0.0100665609817951,0.0082034253329038
21_b45,21,45,0.0077477553859353,0.0083028999805154,0.0069493078754749,-0.0012477753532584
21_b46,21,46,0.0146644357591867,0.0308280313710767,0.0262520907539874,-0.0027925424883142
21_b47,21,47,0.0107919685542583,0.0456613117182067,0.0390203644242137,-0.0381981963012367
21_b48,21,48,0.003903875593096,0.0205587022977991,0.0173584102652967,0.0005015369690954
21_b49,21,49,0.0051002511754632,0.0058446910355609,0.0047869273414835,-3.129484597593546e-05
21_b5,21,5,0.006832149811089,0.0534883878158432,0.0470145896798931,-0.0459679961041547
21_b6,21,6,0.00910484790802,0.0313737805159054,0.0270418400570633,-0.0046662093765917
21_b7,21,7,0.0142131634056568,0.0211661224983479,0.0180063660081941,-0.0074864819750655
21_b8,21,8,0.0115376124158501,0.051128160497903,0.0441507290053414,-0.0261447218537796
21_b9,21,9,0.0055486010387539,0.031524379558992,0.0266618839727016,-0.0156849839101778
22_b0,22,0,0.0039753005839884,0.0481469199896638,0.0408123458993213,-0.0321032756940985
22_b1,22,1,0.0037011774256825,0.0253907101957259,0.0209144357498735,0.0174532064748927
22_b10,22,10,0.0050536897033452,0.0537728730931066,0.0466749929112847,-0.0323659198812674
22_b11,22,11,0.0006559081375598,0.083399341138878,0.073853923157585,-0.0706009272766823
22_b12,22,12,0.0082375295460224,0.0238688547729488,0.0205031801998848,-0.0035164943203562
22_b13,22,13,0.0131579469889402,0.0289901684188016,0.0248564831638941,0.0021383419440826
22_b14,22,14,0.0064211268909275,0.042712116192702,0.0367151727178134,-0.0228205480636097
22_b15,22,15,0.0064154099673032,0.0269844802267938,0.0224013011378701,0.0196680346166249
22_b16,22,16,0.0129857994616031,0.0435080503488785,0.0367164238997793,9.487455812632108e-05
22_b17,22,17,0.00478778174147,0.0216137726009422,0.0170944748341571,0.0159974161081481
22_b18,22,18,0.0076630767434835,0.041065090221603,0.0354791961872251,0.0029587422095937
22_b19,22,19,0.0084942383691668,0.0376158113112769,0.032106090968009,-0.0178729649120941
22_b2,22,2,0.0091203609481453,0.0314261045954938,0.0263498185202479,0.0252711483417078
22_b20,22,20,0.0026361057534813,0.0046538739151683,0.0039385355100966,0.0018894122471101
22_b21,22,21,0.0111057683825492,0.042784788639114,0.0363906833188957,-0.030154240237025
22_b22,22,22,0.0096375457942485,0.0169458207083313,0.0140135687257861,0.004532699729898
22_b23,22,23,0.0096117611974477,0.0294769887050569,0.0244379270391073,0.0224653762660454
22_b24,22,24,0.0089900083839893,0.0157884003139434,0.0132050982909277,0.0015655311988666
22_b25,22,25,0.0078967474400997,0.0133052556409263,0.0113002943119499,-0.0002458094328176
22_b26,22,26,0.0034755710512399,0.0767836906807286,0.0673710439779097,-0.0651211584132397
22_b27,22,27,0.0103085674345493,0.0125620822426112,0.010592317370465,0.0064134054223541
22_b28,22,28,0.0035312788095325,0.0166698592945463,0.0141245291969971,-0.0045152169821085
22_b29,22,29,0.0281738694757223,0.0771448590858561,0.0688391023078111,-0.0553302214813993
22_b3,22,3,0.0035366201773285,0.0313545569787348,0.0266083032067399,-0.0071855080698151
22_b30,22,30,0.0064773429185152,0.0196550927978015,0.0163490866136271,-0.0159514830459374
22_b31,22,31,0.0148190520703792,0.0735482876085716,0.0644898787015699,-0.0431708426089608
22_b32,22,32,0.0204472355544567,0.0790122361421469,0.0698990139759916,-0.0526949229625825
22_b33,22,33,0.0033010626211762,0.0211568050271529,0.0181110321817686,-0.0023263204930117
22_b34,22,34,0.0279160067439079,0.0877824348011371,0.0774071293373708,-0.0634334307911922
22_b35,22,35,0.0045483577996492,0.0818154809267751,0.071747462399071,-0.0684247074497398
22_b36,22,36,0.0083976313471794,0.0373052386240009,0.0315860091382637,0.0024824924208223
22_b37,22,37,0.0091725140810012,0.0207250683061572,0.0173535027913749,0.0044354363065212
22_b38,22,38,0.0176757127046585,0.0577918043324612,0.0495483893994241,-0.0362018862366676
22_b39,22,39,0.0095434077084064,0.0126905518954101,0.010439858516911,-0.0055637035297695
22_b4,22,4,0.012666493654251,0.0774067971710294,0.0675767702711891,-0.0597893835823197
22_b40,22,40,0.0087481345981359,0.0152982627004915,0.0128880595142254,0.0024097835301654
22_b41,22,41,0.007096261717379,0.0366376374040906,0.0300819620094262,0.0163948268606327
22_b42,22,42,0.0194848030805587,0.0214711815322065,0.0183501078974222,-0.0091670519550098
22_b43,22,43,0.0051179765723645,0.0587131460340494,0.0504321820224868,-0.0473526578611927
22_b44,22,44,0.0113887451589107,0.0115166582066553,0.0093159536158782,0.0087219109685975
22_b45,22,45,0.0125837605446577,0.0220229088367186,0.0176789549947716,0.0142162460903637
22_b46,22,46,0.0134145002812147,0.0269742117753675,0.0227807855361606,-0.0123430378350894
22_b47,22,47,0.0109316688030958,0.0439808009850609,0.0372197077423334,-0.03581806961447
22_b48,22,48,0.0041064629331231,0.0195962487586163,0.0164910607610363,0.0026610732998233
22_b49,22,49,0.0063935373909771,0.0142410071522049,0.0112376353133004,0.0087438636098522
22_b5,22,5,0.008330238983035,0.0498084919320468,0.042981708071311,-0.0408354317379416
22_b6,22,6,0.0064334496855735,0.0313542696536973,0.026869942547928,-0.0126409387236344
22_b7,22,7,0.0123370299115777,0.0254998718196472,0.0218297227896982,-0.0040516529843444
22_b8,22,8,0.0328258201479911,0.0619139803237364,0.0531061419444449,-0.0122838400445471
22_b9,22,9,0.005921134725213,0.0347850212864781,0.0296057756873779,-0.0084937451151199
23_b0,23,0,0.0087967375293374,0.0441002285539819,0.0376153415472799,-0.0213432219399692
23_b1,23,1,0.0036079224664717,0.018143041308341,0.0152871910051908,0.0092932231549639
23_b10,23,10,0.006000549532473,0.0522438411930511,0.0451767661990015,-0.0333670835252269
23_b11,23,11,0.0317625366151332,0.0693939648478296,0.0606518256786512,-0.0470674718846566
23_b12,23,12,0.0073681101202964,0.0235954228406769,0.0202771203732118,-0.0016678204014897
23_b13,23,13,0.0128014758229255,0.0281825063566598,0.0239665626146597,0.0015538657066645
23_b14,23,14,0.008055742830038,0.0450436741756618,0.0386201208529382,-0.0253446311389416
23_b15,23,15,0.0056446492671966,0.0158797728623533,0.0133377403812482,0.0111973023135215
23_b16,23,16,0.007703348994255,0.0303360286552036,0.0258756617712788,-0.0156101151625625
23_b17,23,17,0.0020120698027312,0.0080937946460054,0.0067644673818722,-0.0033955780277028
23_b18,23,18,0.0046900762245059,0.0315784573112348,0.0273025760805467,-0.0123465274233603
23_b19,23,19,0.0133285960182547,0.0422842519275677,0.0361426596107776,-0.0151469206644105
23_b2,23,2,0.0053104409016668,0.0112500902120659,0.0102084706909954,0.0099885113257914
23_b20,23,20,0.0023324494250118,0.0048300661425885,0.0041614810074679,0.000526563602034
23_b21,23,21,0.0099113229662179,0.0474842770876366,0.0404832763889862,-0.029131634907244
23_b22,23,22,0.0038999216631054,0.0208790113508666,0.0174415250704623,-0.0010011623729951
23_b23,23,23,0.0058821626007556,0.0091369377954875,0.0082365716830827,0.0078314674855209
23_b24,23,24,0.0063414541073143,0.0187898233329108,0.015691970330663,0.0007750154100358
23_b25,23,25,0.0052500423043966,0.0142095129587778,0.0120380403974559,-0.000916119221365
23_b26,23,26,0.0065291407518088,0.0783925275104462,0.0687846984861244,-0.0664442202875216
23_b27,23,27,0.0075016519986093,0.0119651480532577,0.0097240148077253,0.0071860257268417
23_b28,23,28,0.0025589861907064,0.0149183378566802,0.0126768600996001,-0.0067574728638282
23_b29,23,29,0.0177171844989061,0.0677918159448383,0.0600054394572362,-0.0549658835437003
23_b3,23,3,0.0128797516226768,0.0361381387533618,0.0305152564891614,0.0011215460160747
23_b30,23,30,0.0050589079037308,0.0202318463351014,0.0172585313371382,-0.0165032916259951
23_b31,23,31,0.0042736213654279,0.070661609213719,0.0610853509954176,-0.0518342639575712
23_b32,23,32,0.0058544990606606,0.0720202100479011,0.0624916791758732,-0.0570441669953288
23_b33,23,33,0.0029165968298912,0.0230881195281106,0.0196634926879778,-0.0014481930201873
23_b34,23,34,0.013407826423645,0.0777596767487304,0.0680287767242407,-0.0612740693608066
23_b35,23,35,0.0048967846669256,0.0854171576235413,0.0749185532048795,-0.0712285800926838
23_b36,23,36,0.004602394066751,0.0279798843454365,0.0233488304237835,-0.0130345050082542
23_b37,23,37,0.0058743418194353,0.0155557137789564,0.0133149518608115,0.0002376311994157
23_b38,23,38,0.0123653775081038,0.0596673730651921,0.0514268114167498,-0.0471239729068474
23_b39,23,39,0.0082822106778621,0.0134963202453264,0.0108593125501647,-0.0057900380273349
23_b4,23,4,0.0132804717868566,0.0746192930827945,0.0651344491759664,-0.0601936389374895
23_b40,23,40,0.0052169756963849,0.0169050729723655,0.0141278465226059,0.00129352154152
23_b41,23,41,0.0051975287497043,0.0194905633881673,0.0167379879555664,-0.0021714024269022
23_b42,23,42,0.006673390045762,0.0337004115942191,0.0296112652309238,-0.0292877904069609
23_b43,23,43,0.0042480709962546,0.0602125902972538,0.0518473678306327,-0.0489735855106846
23_b44,23,44,0.010431001894176,0.0090973811320037,0.0075065887023811,0.007111523495696
23_b45,23,45,0.0093132723122835,0.0100702770120132,0.00816314823227,0.0052068201242946
23_b46,23,46,0.0112119913101196,0.0274987062943734,0.0236198701616376,-0.0081484018219634
23_b47,23,47,0.0151834217831492,0.0393713001937003,0.0327957858284935,-0.0298317262111231
23_b48,23,48,0.0049805799499154,0.026177367275125,0.0219632960890885,0.0061001600290182
23_b49,23,49,0.0056943483650684,0.0071403652194175,0.0058278392697684,0.0008523249183781
23_b5,23,5,0.0099421180784702,0.0471024631310563,0.0406402298662578,-0.0378395161678781
23_b6,23,6,0.0075375912711024,0.0346366622703571,0.0298495320073561,-0.0115220874204533
23_b7,23,7,0.0117482133209705,0.0247346021034298,0.0211360811942722,-0.0038402293564286
23_b8,23,8,0.006922214757651,0.0490043607614961,0.0416613119276007,-0.0363993150810711
23_b9,23,9,0.004988495260477,0.0362359661280871,0.0307001392403617,-0.0138490226864814
24_b0,24,0,0.0093139223754405,0.0490059161834376,0.0419613450710312,-0.0257005760088213
24_b1,24,1,0.0034473754931241,0.0178417652712383,0.0149759758915752,0.0073536521941423
24_b10,24,10,0.0052714166231453,0.0578308742378392,0.0498107562237419,-0.0405556883546523
24_b11,24,11,0.0043349480256438,0.0841718020204042,0.0747023453377914,-0.0722339065600681
24_b12,24,12,0.0045038047246634,0.0261375768027037,0.0220320836588507,-0.0114764780580298
24_b13,24,13,0.0138668566942214,0.0307933038554832,0.0261299354187212,-0.0052343902015127
24_b14,24,14,0.004257115535438,0.0489663686047304,0.0424009970412589,-0.0265938537591137
24_b15,24,15,0.0049952184781432,0.017413313700819,0.0146240667172241,0.0125031987216789
24_b16,24,16,0.0093925576657056,0.0353098555785839,0.0306555018575454,-0.0150972776954586
24_b17,24,17,0.0040034381672739,0.0133462969279761,0.0110667672834824,0.0040861631662119
24_b18,24,18,0.0047698738053441,0.0355972500244968,0.0306792599346954,-0.0161257368943188
24_b19,24,19,0.0125546902418136,0.0378485414560054,0.0318544264008232,-0.0240396894734294
24_b2,24,2,0.0047403112985193,0.0088517662135294,0.0073507481184788,0.0030790831404738
24_b20,24,20,0.0029590246267616,0.006759235699874,0.0058306179568171,0.0018550542136654
24_b21,24,21,0.0102929901331663,0.0445567763816354,0.0374039489648566,-0.0308525807422847
24_b22,24,22,0.0068717971444129,0.0207212318673026,0.0171574885066365,0.0036182077188277
24_b23,24,23,0.0050213038921356,0.0084250372230677,0.0070914760872256,0.001603660286637
24_b24,24,24,0.0076377633959054,0.0190539307541962,0.0161030348856002,-0.008784125233069
24_b25,24,25,0.007503131404519,0.0149356565441369,0.0126084648864343,-0.000874424893409
24_b26,24,26,0.0132500575855374,0.0667748501566607,0.0574959615987609,-0.0522508241419564
24_b27,24,27,0.0086881518363952,0.0120588106661749,0.0100108567683491,-0.0055371006589848
24_b28,24,28,0.0026367872487753,0.0180731616135828,0.0154504776600515,-0.0092634364467812
24_b29,24,29,0.011535907164216,0.0778849321031596,0.0695246929893619,-0.0647082061131368
24_b3,24,3,0.0066968072205781,0.0353908508930303,0.0303924692492,-0.0165051779989153
24_b30,24,30,0.0071668522432446,0.0138734060891005,0.0118002596896258,-0.0107447988845524
24_b31,24,31,0.0083763608708977,0.073117157488781,0.0634944837007788,-0.0526005541466292
24_b32,24,32,0.0044351574033498,0.079648057609755,0.0695201196031484,-0.0663200314737696
24_b33,24,33,0.0042351447045803,0.0242581944933866,0.0207967615022789,-0.0084421481739263
24_b34,24,34,0.0089406538754701,0.0867676384661614,0.0764338196734752,-0.071752818549503
24_b35,24,35,0.0052126329392194,0.081818053532634,0.0714173976132951,-0.0676473729579083
24_b36,24,36,0.0063399611972272,0.0316945306723922,0.0267197126639075,-0.0137757951929233
24_b37,24,37,0.0048497738316655,0.0197564990488404,0.0168163485708646,-0.0057242263038642
24_b38,24,38,0.0138528170064091,0.0602592521947479,0.0516902730474248,-0.0455271625937893
24_b39,24,39,0.0047265402972698,0.0190354500713247,0.0157669524109223,-0.0110044026543619
24_b4,24,4,0.0090183932334184,0.0801567242949974,0.0703191699073067,-0.0666268252962618
24_b40,24,40,0.0087131401523947,0.0164374208438893,0.0138465212733717,0.0034240802569547
24_b41,24,41,0.0044351834803819,0.0232149963929578,0.0196044060774147,-0.0055086396588012
24_b42,24,42,0.0081291059032082,0.0290131589313075,0.0247129800496622,-0.02361639468465
24_b43,24,43,0.0063879759982228,0.0651221432225212,0.0568461383911198,-0.0548444951916462
24_b44,24,44,0.0076467446051537,0.0055473059896022,0.0045576159120537,-0.0017547707702033
24_b45,24,45,0.009294718503952,0.0149903017179484,0.0129357224341947,-0.0034530399658251
24_b46,24,46,0.014907943084836,0.0274477476847106,0.0233588031539693,-0.0112033342802897
24_b47,24,47,0.0081848427653312,0.0554362417296377,0.0490820690616965,-0.048957120552659
24_b48,24,48,0.0035705443006008,0.0227040026124493,0.0190676084219012,-0.0088984801492188
24_b49,24,49,0.0057429540902376,0.0152217543479083,0.0122012918500695,0.0088645466032903
24_b5,24,5,0.0064280088990926,0.0596578544906509,0.0534129340201616,-0.0531235632905736
24_b6,24,6,0.0048459316603839,0.0382096591400176,0.0329113596421666,-0.015191941477824
24_b7,24,7,0.0152696343138813,0.0239352675219213,0.0204617522686021,-0.0057579277298646
24_b8,24,8,0.0080319894477725,0.0520570550453978,0.0440417575013998,-0.0350749100091343
24_b9,24,9,0.0073232343420386,0.035285871986035,0.0294991673465119,-0.015452350283158
25_b0,25,0,0.0059651639312505,0.0504489542475927,0.0428106628104433,-0.0345348349588311
25_b1,25,1,0.0034347772598266,0.0161509696708739,0.0138574786763638,0.0066154861589893
25_b10,25,10,0.0075184665620327,0.0517725986727956,0.0447469380473194,-0.0285824280440283
25_b11,25,11,0.0032614690717309,0.084360161261994,0.0749151029749918,-0.0722700492366129
25_b12,25,12,0.0052432944066822,0.0220747775079172,0.0188889907556585,-0.0051986675779335
25_b13,25,13,0.0162488743662834,0.0303997908346179,0.0257051324349595,0.0004878766631009
25_b14,25,14,0.0047489255666732,0.0453297327292606,0.0391515761946357,-0.0222459601012087
25_b15,25,15,0.0052270670421421,0.0099504655300975,0.0085062292683869,0.0030269896052777
25_b16,25,16,0.010701173916459,0.0337593194515149,0.0290688123105792,-0.0148479458055226
25_b17,25,17,0.0044886786490678,0.0126850719733506,0.0103193493094295,0.0063372569624334
25_b18,25,18,0.0053919330239295,0.0341928572152174,0.0293320041772676,-0.014778018912184
25_b19,25,19,0.0125767746940255,0.0326826049942555,0.027598881390586,-0.0184139271007734
25_b2,25,2,0.0050641694106161,0.0079219904594262,0.0067570893035735,0.0011758925544563
25_b20,25,20,0.0030349020380526,0.0053284568999282,0.0046185652317944,0.0019000465783756
25_b21,25,21,0.008406619541347,0.0449926806821311,0.0378505783368018,-0.0329673696428653
25_b22,25,22,0.0098951878026127,0.0168175027349229,0.013821895943256,0.0035076302371453
25_b23,25,23,0.0052773058414459,0.0085143219292082,0.0072551728924736,-0.001186030935496
25_b24,25,24,0.0077594588510692,0.0135422858121408,0.0116214474628213,-0.000758663584711
25_b25,25,25,0.008263356052339,0.0120468526527747,0.0102028934971895,0.001837592854863
25_b26,25,26,0.0282718501985073,0.0600829091416136,0.0515032128512393,-0.0377524411946069
25_b27,25,27,0.0069215591065585,0.0054101330954716,0.0046466328774113,0.0013713233068119
25_b28,25,28,0.0014495244249701,0.0228443310358994,0.0191329673674772,-0.0171130961968447
25_b29,25,29,0.0117176566272974,0.0755282162487481,0.0674599060945183,-0.0633533420511957
25_b3,25,3,0.0055270502343773,0.0352067854076678,0.0299771700997371,-0.0158918746036943
25_b30,25,30,0.007400257512927,0.0132209196431319,0.0111396260233595,-0.0099175640707835
25_b31,25,31,0.0086756236851215,0.0709219113805139,0.0610711926339718,-0.0523459887063654
25_b32,25,32,0.0078197726979851,0.075807621190709,0.0661010015460851,-0.0596722239286827
25_b33,25,33,0.0031278538517653,0.0188114269425658,0.0160289094795007,-0.0056083391152787
25_b34,25,34,0.0120061188936233,0.0828393972354223,0.0727628996137355,-0.0662689956517715
25_b35,25,35,0.0113298762589693,0.0776924839200457,0.0680054999608546,-0.0589470543339848
25_b36,25,36,0.007607331033796,0.0302934709227961,0.0253950677823741,-0.0122938496398273
25_b37,25,37,0.0039962688460946,0.0183810588104502,0.0157845072145573,-0.0021789259254001
25_b38,25,38,0.0085754692554473,0.0663126938358777,0.057986306787352,-0.0546972202387405
25_b39,25,39,0.0062368903309106,0.0137551134490283,0.0116597511433064,-0.0029018402728252
25_b4,25,4,0.009727326221764,0.0800532165124391,0.0704485967644723,-0.0668006821168819
25_b40,25,40,0.0103794522583484,0.0116543656988383,0.0097638935077702,7.661789597477764e-05
25_b41,25,41,0.0039447951130568,0.0229913183801138,0.0195351679285522,-0.0038596436183433
25_b42,25,42,0.0033847708255052,0.0401087498072904,0.0357167332048993,-0.0354837863601278
25_b43,25,43,0.0011991981882601,0.0782631049233292,0.0702401809765433,-0.0699427642113005
25_b44,25,44,0.0102046206593513,0.0085780427739064,0.0073850553308147,0.0072154688031878
25_b45,25,45,0.0093829054385423,0.0191672786263452,0.0155410210264381,0.0115150825318414
25_b46,25,46,0.0155802145600318,0.0258574595743785,0.0222077135858125,-0.0061594499624334
25_b47,25,47,0.0132105918601155,0.0462761478455221,0.039068450591294,-0.0378424715425353
25_b48,25,48,0.004806944169104,0.0190032642094288,0.0160484374023508,0.0005156455293763
25_b49,25,49,0.0065740076825022,0.008684183614234,0.0069120189687237,0.0047136272257193
25_b5,25,5,0.0051697348244488,0.0611165480553046,0.0543023976823315,-0.0539029732299968
25_b6,25,6,0.0055810175836086,0.0323839463547017,0.0278146534721599,-0.0126428299146937
25_b7,25,7,0.0170049779117107,0.0208072981852473,0.0177305613266071,-0.0055571476736804
25_b8,25,8,0.0064036566764116,0.0530034414591648,0.0450709859842027,-0.0370074356983241
25_b9,25,9,0.0088896127417683,0.0328343332244901,0.0281056080880807,-0.0046460030303569
26_b0,26,0,0.006145472638309,0.0507469088028036,0.043220319168613,-0.0342518917894631
26_b1,26,1,0.0045624636113643,0.0203700909984012,0.0173332268791273,0.0082419168762862
26_b10,26,10,0.0049726115539669,0.053960986412982,0.0470681508515554,-0.028894322153792
26_b11,26,11,0.0071454523131251,0.0812551695318528,0.071923405205016,-0.0680075266840867
26_b12,26,12,0.0049761203117668,0.0188634380920482,0.0159892279596533,-0.004856429224601
26_b13,26,13,0.0124684544280171,0.0313907157491875,0.0267613456980325,-0.0002642236719839
26_b14,26,14,0.0128289833664894,0.0393879975570532,0.0337662774842465,-0.0189736176241422
26_b15,26,15,0.0071004508063197,0.0133363831124169,0.0112866692827083,0.0045952194673009
26_b16,26,16,0.0075939148664474,0.0355529819820873,0.0306511091768334,-0.016598815764446
26_b17,26,17,0.0026614058297127,0.0102468008755419,0.0084418118942994,0.0043882554129231
26_b18,26,18,0.004749484360218,0.0351216525500918,0.03019865471113,-0.0142375312809599
26_b19,26,19,0.0206951200962066,0.0500753244690278,0.0420717731269542,-0.0081090482359286
26_b2,26,2,0.0049710092134773,0.0115096369524242,0.0096395937399938,0.0068046008842065
26_b20,26,20,0.0044665713794529,0.0095037517472475,0.0082048090687021,0.0081799322878941
26_b21,26,21,0.0128870271146297,0.0392917920744728,0.0335142770608945,-0.018660568177147
26_b22,26,22,0.0045023439452052,0.0220613570456757,0.0179812648473307,0.006822730009444
26_b23,26,23,0.0053581092506647,0.0112379935612466,0.0095051782671362,0.005119457677938
26_b24,26,24,0.0074862400069832,0.0177653976711204,0.0148345818324014,-0.0118990900926291
26_b25,26,25,0.0086848624050617,0.0151964743013781,0.0125789280061144,0.0072407230909448
26_b26,26,26,0.0054780803620815,0.075662293417195,0.0663584992103278,-0.0632728596869856
26_b27,26,27,0.0080459238961339,0.0051928857817338,0.0043392085505183,-0.0009578247915487
26_b28,26,28,0.0029206222388893,0.015931440500364,0.0132979009125847,-0.0074333816056605
26_b29,26,29,0.0171010922640562,0.0688915258204622,0.0608555714184331,-0.054347900523935
26_b3,26,3,0.0031118388287723,0.0363677505668406,0.0309910598676651,-0.0190292034693993
26_b30,26,30,0.0112322783097624,0.0087356920978305,0.0073541927387122,-0.0061392271149088
26_b31,26,31,0.0044500967487692,0.0719316766708005,0.0621590691650635,-0.0532662428295589
26_b32,26,32,0.0099814347922801,0.0720754506537859,0.0626101193750946,-0.0559151393302454
26_b33,26,33,0.0039496822282671,0.0166095510555274,0.0140696824167389,-0.0047810107574332
26_b34,26,34,0.0158730223774909,0.078060136244047,0.0682194293312204,-0.0605370263916847
26_b35,26,35,0.0036266443785279,0.0801603642183673,0.0702110802511379,-0.0651609217411532
26_b36,26,36,0.0058557046577334,0.0313870407133413,0.0263691461994312,-0.0120767156896181
26_b37,26,37,0.0055216988548636,0.0179911401065941,0.0154491408471949,0.0017551755555905
26_b38,26,38,0.0050143795087933,0.0688933395940618,0.0608069356682244,-0.059029442515457
26_b39,26,39,0.0081438776105642,0.0129330906822324,0.0103344810236012,-0.0068699547013966
26_b4,26,4,0.0140420403331518,0.0753651819357676,0.0658296194658032,-0.0608273467989056
26_b40,26,40,0.0083322487771511,0.0160827953841718,0.0133411125658312,0.0063730758434394
26_b41,26,41,0.004988252185285,0.0239872912022619,0.0205351830035215,-0.001852771564736
26_b42,26,42,0.0107613578438758,0.0255767911659736,0.0219735421461518,-0.0198884823883418
26_b43,26,43,0.0030037278775125,0.0656481185246793,0.057283219442761,-0.055729078426084
26_b44,26,44,0.0117566026747226,0.0090539280188599,0.0074470558445318,0.006388926593645
26_b45,26,45,0.0072929570451378,0.0149132296066228,0.0122816469857934,0.0065077546040993
26_b46,26,46,0.0135316411033272,0.0296747636093707,0.0254886855278164,-0.0088955559721216
26_b47,26,47,0.0123583059757947,0.0422918960199711,0.0355898115807212,-0.0344747085333801
26_b48,26,48,0.0035686010960489,0.022005765978777,0.0184172642580233,-0.0127523349388502
26_b49,26,49,0.0068172016181051,0.0109420097667916,0.008539834896801,0.0074992731970269
26_b5,26,5,0.004906790331006,0.0584890928610357,0.0514585155376698,-0.0506095858232583
26_b6,26,6,0.0129388831555843,0.029289150734898,0.0249424010669463,-0.0109754029070609
26_b7,26,7,0.0090727712959051,0.0326573276324974,0.0273116210341686,0.0015619321673875
26_b8,26,8,0.0111838709563016,0.0470066453850428,0.039964685037994,-0.0290711551871208
26_b9,26,9,0.0046264473348855,0.0421048938662747,0.0358092118368949,-0.0103003283485304
27_b0,27,0,0.004671286791563,0.0466024965887587,0.0395386308522574,-0.0303175367016956
27_b1,27,1,0.003816376440227,0.0225870815607718,0.01878694051411,0.0128886570129543
27_b10,27,10,0.0077200937084853,0.0504748401087154,0.0435886877246957,-0.0311904600712296
27_b11,27,11,0.0038351113907992,0.0843133915567656,0.0747985997440991,-0.0720916571991983
27_b12,27,12,0.0056226616725325,0.022051916667052,0.018535382412374,-0.0072613684926182
27_b13,27,13,0.0106433751061558,0.0264816325818675,0.0222765316499862,-0.0081730091117788
27_b14,27,14,0.0088256942108273,0.0418208364782264,0.0353528144941083,-0.0245075623490265
27_b15,27,15,0.0076284608803689,0.0181276821074712,0.0152509032771922,0.0104847869114018
27_b16,27,16,0.0119300121441483,0.0396340657515709,0.0343768174463184,-0.0096408265718491
27_b17,27,17,0.002874999307096,0.0107015495340202,0.0083469587564468,0.0061329633556306
27_b18,27,18,0.0037770972121506,0.0377473190274903,0.0326280024537118,-0.0168803822650806
27_b19,27,19,0.0105389673262834,0.0353664077825166,0.0298474367317976,-0.018172265268513
27_b2,27,2,0.0060343472287058,0.0154437121612404,0.0130885169457178,0.010623563445406
27_b20,27,20,0.0034265571739524,0.0072488749166982,0.0062220031348988,0.004227027692832
27_b21,27,21,0.0109168430790305,0.0444941939851202,0.0378401876866701,-0.0260189778704079
27_b22,27,22,0.0085461549460887,0.0142337520994469,0.0117989719763863,0.0002082063711713
27_b23,27,23,0.0062664523720741,0.0140466002752816,0.0120146518154069,0.0078613500669598
27_b24,27,24,0.0101525085046887,0.0150545924984216,0.0127855503000319,-0.0028695861157029
27_b25,27,25,0.0095766065642237,0.0143705895946119,0.0120713524427264,0.0040524924080818
27_b26,27,26,0.0056531159207224,0.0721577127966177,0.0629551942046964,-0.0597791949525708
27_b27,27,27,0.010504170320928,0.0098620023208161,0.0082051944057457,-0.0006805709213949
27_b28,27,28,0.0017834426835179,0.0188968290921905,0.0157687061431352,-0.0123718192323576
27_b29,27,29,0.0098483003675937,0.0781597208887171,0.0699283568184182,-0.0656919116347853
27_b3,27,3,0.0053882878273725,0.0341905124262533,0.0289251019654329,-0.0094972450996283
27_b30,27,30,0.0078285858035087,0.0109895370694546,0.0093831370552652,-0.0076939605982624
27_b31,27,31,0.0119955372065305,0.0702897485111624,0.0613652796424867,-0.0447932652510644
27_b32,27,32,0.0034575033932924,0.0797962209209722,0.0698113133973674,-0.0652105393988313
27_b33,27,33,0.0032504184637218,0.0197283841462951,0.0167378002137411,-0.0012784004129935
27_b34,27,34,0.0096286637708544,0.0859947010966712,0.0758201165558421,-0.0694764624364324
27_b35,27,35,0.0036066772881895,0.0826333176057349,0.072230903343152,-0.0676467232730647
27_b36,27,36,0.0112195555120706,0.0354167371372378,0.0307063848013058,-0.0044129445031285
27_b37,27,37,0.0037961469497531,0.0175795395610613,0.0146382228657603,-0.0058893839269876
27_b38,27,38,0.0207068212330341,0.0587956803959573,0.0504936679906677,-0.0420325080200564
27_b39,27,39,0.0064049265347421,0.0124385476612945,0.0099774028960382,-0.0073373247327981
27_b4,27,4,0.0083361761644482,0.0812422957576967,0.0717832946383714,-0.0692161458546615
27_b40,27,40,0.0098631996661424,0.0137346127321446,0.0115644524787785,0.001241404985194
27_b41,27,41,0.0032376104500144,0.0259265549016762,0.0218095188518054,-0.0089280713326297
27_b42,27,42,0.0070086056366562,0.0326991746876444,0.0280300676240585,-0.0274080252158455
27_b43,27,43,0.0108300326392054,0.0584701376282199,0.0501025885590934,-0.0454261171692633
27_b44,27,44,0.0090460088104009,0.0100850536464257,0.0082232547935564,0.0077551667566876
27_b45,27,45,0.0088659217581152,0.0133012328905125,0.0109818729292601,0.0063192069018259
27_b46,27,46,0.0152404597029089,0.0300832456615549,0.0255987378722056,-0.0124763588141649
27_b47,27,47,0.0098721729591488,0.0450682426754965,0.0390382643195334,-0.0386394234152976
27_b48,27,48,0.0054668961092829,0.020187185861377,0.0170822465117089,0.0014830209990032
27_b49,27,49,0.0069355145096778,0.0122427116686123,0.0097861951997037,0.0076333760551642
27_b5,27,5,0.0073288027197122,0.0550844101388673,0.0483457641204586,-0.0472614517057081
27_b6,27,6,0.0087380008772015,0.0297192868641771,0.024683118276298,-0.0132869210746139
27_b7,27,7,0.0148802772164344,0.0218354328488445,0.0187276508030481,-0.0040671882336027
27_b8,27,8,0.0044185295701026,0.0572190744418194,0.0487227586134395,-0.0400038586994924
27_b9,27,9,0.0073200184851884,0.0319104153312589,0.0267605902499053,-0.0142592051543761
28_b0,28,0,0.004720299039036,0.0510466014444344,0.0433990336122951,-0.0390733971849113
28_b1,28,1,0.0021782303228974,0.0140906536333004,0.0120432150107808,0.0003672119253315
28_b10,28,10,0.0069197248667478,0.0505065181996633,0.0437400695677206,-0.0295152077493548
28_b11,28,11,0.0093133859336376,0.0777213432961374,0.0683563729011075,-0.0626769936180062
28_b12,28,12,0.0074882078915834,0.0239877960775639,0.0205048673367127,0.0012031217152252
28_b13,28,13,0.0117597915232181,0.0285787075398952,0.0240888501273002,-0.0024704824842046
28_b14,28,14,0.0081531926989555,0.0439130468373049,0.0370636422191455,-0.0297627498213842
28_b15,28,15,0.0062179765664041,0.0103322373923002,0.0086072553379926,0.0012639188778121
28_b16,28,16,0.0070348130539059,0.036645073984867,0.0317004946499946,-0.0164831730976584
28_b17,28,17,0.0029830369167029,0.0113446586532258,0.0093326536752283,0.0048493718914687
28_b18,28,18,0.0055916002020239,0.0372722101076404,0.0325225456798216,-0.0106601583067094
28_b19,28,19,0.0066092126071453,0.0387758419767813,0.0332384696183726,-0.022569291118998
28_b2,28,2,0.005331790074706,0.0155700207526525,0.0132846550154499,0.0123787013464607
28_b20,28,20,0.0028009924571961,0.0068044157317001,0.0054972890508361,0.0038859764044173
28_b21,28,21,0.0115908300504088,0.0417636929729484,0.0354778239156439,-0.0238392303816363
28_b22,28,22,0.0056889029219746,0.0162901442205953,0.0137334145250497,-0.0042749342060415
28_b23,28,23,0.0057236398570239,0.014940646508244,0.0127615682175382,0.0105374790821224
28_b24,28,24,0.008420648984611,0.0153838779141641,0.0127810007729567,0.0039891416556201
28_b25,28,25,0.0087864883244037,0.0213700417428161,0.0174352889962028,0.0113871982821729
28_b26,28,26,0.0119939111173152,0.0699620847856572,0.0606408222412574,-0.0553273210601764
28_b27,28,27,0.0070292521268129,0.0067503359097155,0.0057117137848399,0.001471263251733
28_b28,28,28,0.0021407166495919,0.0180553999405147,0.0149946745819761,-0.0119992881649523
28_b29,28,29,0.0089638624340295,0.0796340073225013,0.0710525204996156,-0.0663943370848937
28_b3,28,3,0.0024061880540102,0.0351268390880714,0.029698345689103,-0.0179904863960109
28_b30,28,30,0.0051817316561937,0.0183012980951594,0.0159348763531306,-0.015835916060605
28_b31,28,31,0.0054895733483135,0.0749563220813804,0.0648505386508623,-0.0565237480759242
28_b32,28,32,0.019003789871931,0.0737729261418971,0.06482687476102,-0.0521261679801318
28_b33,28,33,0.0042521832510828,0.0207078859412921,0.0176450750720687,-0.0011269044806249
28_b34,28,34,0.0207624994218349,0.0836343660507364,0.0737575581283454,-0.0640889313942898
28_b35,28,35,0.0079161087051033,0.0790679279971613,0.069049502899943,-0.0629583932087552
28_b36,28,36,0.0057671130634844,0.0317653719365715,0.0269131521030794,-0.0100379128369968
28_b37,28,37,0.0061134798452258,0.0202027722351152,0.0171862905938178,0.0023447427898645
28_b38,28,38,0.0144502073526382,0.0638516209741601,0.055168973035179,-0.0494653630955144
28_b39,28,39,0.007044558878988,0.0154423131283395,0.0129462638206314,-0.0083932771475519
28_b4,28,4,0.0156117491424083,0.0802988822313116,0.0705226716030301,-0.0643634648368606
28_b40,28,40,0.0085094887763261,0.0209988433770606,0.0172558955656131,0.0104029265366261
28_b41,28,41,0.0055178292095661,0.0271677364424783,0.0230380907969083,0.0026447049819398
28_b42,28,42,0.0234472509473562,0.0186760457064031,0.0158933154353871,-0.0040588159463368
28_b43,28,43,0.0038256938569247,0.0628261930220336,0.0546424773545004,-0.0530758765735663
28_b44,28,44,0.0084567088633775,0.006401743448773,0.0051011701492825,0.0043688286974793
28_b45,28,45,0.009999981150031,0.0189164270637548,0.0152104975935071,0.0115800332743674
28_b46,28,46,0.0143817346543073,0.0275256280466473,0.0235765659133903,-0.0038082901597954
28_b47,28,47,0.0080172158777713,0.0473094839796725,0.0405139735201373,-0.0397659384133294
28_b48,28,48,0.0080630918964743,0.0259904659309388,0.0220723687415011,0.0116222671535797
28_b49,28,49,0.0059663928113877,0.0171452254609234,0.013797042016522,0.0124691469309618
28_b5,28,5,0.0092577710747718,0.0513277824363224,0.0442987458594143,-0.0418153030099347
28_b6,28,6,0.0077501153573393,0.0307823481527181,0.0259521209663944,-0.0137042745976941
28_b7,28,7,0.0087210480123758,0.0240857488774816,0.0206119648419553,-0.0052525715396041
28_b8,28,8,0.0179475285112857,0.0511522019158022,0.0443202719536202,-0.0236576594373036
28_b9,28,9,0.0060408166609704,0.0312585638036016,0.0263540025718975,-0.0114841560984496
29_b0,29,0,0.0069666029885411,0.0675782816777413,0.0595096664405355,-0.0590157156782152
29_b1,29,1,0.0017783557996153,0.0803521594674141,0.0748716188163962,-0.0748716188163962
29_b10,29,10,0.0045713828876614,0.0684689103824532,0.0618613957748311,-0.0618258314760896
29_b11,29,11,0.0108835622668266,0.0952189189594708,0.0854193022090839,-0.0842205596651547
29_b12,29,12,0.002398527925834,0.0744122121869282,0.0687225281947758,-0.0687225281947758
29_b13,29,13,0.0097440369427204,0.0639750336540097,0.0587830135453259,-0.0587830135453259
29_b14,29,14,0.0126954037696123,0.0666933779657054,0.0621908214295399,-0.0621032980995369
29_b15,29,15,0.0090261008590459,0.0774778804765172,0.0716152443824103,-0.0716152443824103
29_b16,29,16,0.0086027365177869,0.0574828458458834,0.0517459365105605,-0.0517051368797547
29_b17,29,17,0.0044192024506628,0.0927356369189152,0.0865573906200006,-0.0865573906200006
29_b18,29,18,0.0043500876054167,0.0606702436203855,0.0557470343413297,-0.0557470343413297
29_b19,29,19,0.0134843094274401,0.0591291902050447,0.0521997271366853,-0.0507433874444541
29_b2,29,2,0.0059713264927268,0.0843738485784068,0.0777826866088435,-0.0777826866088435
29_b20,29,20,0.0050184736028313,0.0931977513360607,0.0848811655974714,-0.0848811655974714
29_b21,29,21,0.0149327339604496,0.0560885528643122,0.049641283222736,-0.0485882320751261
29_b22,29,22,0.0047155832871794,0.0659396822506988,0.0615308956138324,-0.0615308956138324
29_b23,29,23,0.0057382062077522,0.0799788890923031,0.074086104442249,-0.074086104442249
29_b24,29,24,0.0073461662977933,0.0804204764113152,0.0737919398816302,-0.0737919398816302
29_b25,29,25,0.0097070978954434,0.0890776650135122,0.0823418573386152,-0.0823418573386152
29_b26,29,26,0.0150089161470532,0.0805633313751018,0.0711776564375031,-0.069877110599773
29_b27,29,27,0.0061763101257383,0.077232968911517,0.0697875839087646,-0.0697875839087646
29_b28,29,28,0.0025580604560673,0.0685032884628257,0.0632916048399056,-0.0632916048399056
29_b29,29,29,0.0129612768068909,0.0914271039699268,0.0826432023693632,-0.0813764108480245
29_b3,29,3,0.0028144218958914,0.0685601879494485,0.0629733938694698,-0.062969416162814
29_b30,29,30,0.0072197020053863,0.0709563124625355,0.0638881800997478,-0.0638881800997478
29_b31,29,31,0.0093386629596352,0.0799695628010238,0.0694101525412406,-0.0659125205350574
29_b32,29,32,0.0106345582753419,0.0883149252415705,0.0778311346320697,-0.0756912284892314
29_b33,29,33,0.0032859314233064,0.0782786745553639,0.0731375144206686,-0.0731375144206686
29_b34,29,34,0.0101573262363672,0.0972525680141577,0.0865165944586624,-0.0849994073392008
29_b35,29,35,0.0064353132620453,0.0893927751107702,0.0797228990236908,-0.0789035951367259
29_b36,29,36,0.0064119808375835,0.0537498726872869,0.0492696613178122,-0.0492696613178122
29_b37,29,37,0.0066194334067404,0.0698389228708046,0.0649651266279397,-0.0649651266279397
29_b38,29,38,0.0147881247103214,0.0771363912924894,0.0681776645380887,-0.0663216250084224
29_b39,29,39,0.0095758102834224,0.0659696547777513,0.0603894905158085,-0.0603894905158085
29_b4,29,4,0.0231879465281963,0.0893247056018056,0.0792255818620469,-0.0753141964026872
29_b40,29,40,0.0090112937614321,0.0828115723238145,0.0756148806892451,-0.0756148806892451
29_b41,29,41,0.0048520173877477,0.0639395764466248,0.0596454562677536,-0.0596454562677536
29_b42,29,42,0.0214851535856723,0.0478181984342368,0.0426612395455595,-0.0424642534309532
29_b43,29,43,0.0062833270058035,0.0750994113363981,0.0687658830627333,-0.0687582285038661
29_b44,29,44,0.0114950854331254,0.0733691846748721,0.0670126745595189,-0.0670126745595189
29_b45,29,45,0.0089886393398046,0.0944419720203738,0.0875631216082547,-0.0875631216082547
29_b46,29,46,0.0139401638880372,0.0528240518871101,0.0486493163893465,-0.0486440633668098
29_b47,29,47,0.0075674979016184,0.0784729519097856,0.0734216525591909,-0.0734216525591909
29_b48,29,48,0.0039673019200563,0.0714720901651363,0.066498356576194,-0.066498356576194
29_b49,29,49,0.010569660924375,0.1017877571217228,0.0932248486844764,-0.0932248486844764
29_b5,29,5,0.0138727221637964,0.0653710144149437,0.0591560083732474,-0.059018250881927
29_b6,29,6,0.0109229991212487,0.0650286501388482,0.0603459698986262,-0.0603268138971179
29_b7,29,7,0.0072897896170616,0.0584655575057756,0.0542739795625675,-0.0541806007188279
29_b8,29,8,0.0096794515848159,0.0698609295890227,0.0612297896124073,-0.0601578701284597
29_b9,29,9,0.0045303143560886,0.0580968791506675,0.0539753492118325,-0.0539399879646953
2_b0,2,0,0.0063841817900538,0.0466529443112524,0.039662709004624,-0.0289248194162792
2_b1,2,1,0.0054553588852286,0.022013296726918,0.0182554786768741,0.0140383573924191
2_b10,2,10,0.009565245360136,0.049445528634455,0.042035670310579,-0.0341605259080824
2_b11,2,11,0.0105751566588878,0.079208182690128,0.0697462635634292,-0.0647945398140291
2_b12,2,12,0.0071330382488667,0.0247641945146022,0.0208481679216492,-0.009021483984543
2_b13,2,13,0.0108327586203813,0.0278701237956644,0.023598457534681,-0.0011608549969969
2_b14,2,14,0.0081459060311317,0.0414670134567166,0.0352959665325761,-0.0244096181025088
2_b15,2,15,0.0060571003705263,0.0216850488216079,0.0177538728818763,0.0125095835106913
2_b16,2,16,0.0060159778222441,0.0338362095757067,0.0292959657672327,-0.008528585153399
2_b17,2,17,0.0033836313523352,0.0160393159416998,0.0126103436609264,0.01064443753683
2_b18,2,18,0.0039291302673518,0.0347570075758656,0.0305932737735565,-0.0053841803211253
2_b19,2,19,0.0119132557883858,0.0357374831663451,0.0301079258142272,-0.0202226129715563
2_b2,2,2,0.0049981256015598,0.0177025526533313,0.0149933662777766,0.0143856333522126
2_b20,2,20,0.0035169562324881,0.0093405812192827,0.008143219249323,0.0065359640261158
2_b21,2,21,0.0092881741002202,0.0439698091814287,0.037128612464221,-0.031261796038525
2_b22,2,22,0.008857506327331,0.016149963946073,0.0135614474967587,-0.0031347099982667
2_b23,2,23,0.0052474080584943,0.0171105603118203,0.0145408070739358,0.0132741829450242
2_b24,2,24,0.0088197197765111,0.0131691940610601,0.0109258076699916,0.0012244378810282
2_b25,2,25,0.0084990691393613,0.0151068667132295,0.0127723715285537,0.002784374730545
2_b26,2,26,0.0191044490784406,0.0638582350557692,0.0546100784974987,-0.0451493442102218
2_b27,2,27,0.0094732977449893,0.0109795403221649,0.0093665654526557,0.0093665654526557
2_b28,2,28,0.0047881994396448,0.0147800899852199,0.0123673864803276,-0.0063118825643323
2_b29,2,29,0.0091997869312763,0.0779562749738461,0.0695635113338357,-0.0648016183843719
2_b3,2,3,0.0031126062385737,0.0329156427804226,0.0278186785557772,-0.0139042519137728
2_b30,2,30,0.0062823216430842,0.014997042332774,0.0129891336441505,-0.0123468716547358
2_b31,2,31,0.0048416424542665,0.069728592579326,0.0604068469576304,-0.0483916398923611
2_b32,2,32,0.015578681603074,0.0806067705267653,0.070930829895442,-0.0605127495944179
2_b33,2,33,0.0022911562118679,0.0215426772472055,0.0179116296162828,-0.0118416863353922
2_b34,2,34,0.0179666690528392,0.0882814578349426,0.0781599543131596,-0.0698819657070271
2_b35,2,35,0.0021765516139566,0.0867868285136455,0.0763484454630997,-0.0732739400501486
2_b36,2,36,0.0041373032145202,0.029578496728747,0.0251618450693786,-0.0091310306452214
2_b37,2,37,0.0075856759212911,0.0181635140453292,0.0153637799830175,0.002338289481122
2_b38,2,38,0.0045101465657353,0.075024686425686,0.0661502849243697,-0.0641273778237518
2_b39,2,39,0.0061979172751307,0.0222316533735903,0.0179769661586033,-0.017560529478942
2_b4,2,4,0.00540601182729,0.0868536511133828,0.0773533644537383,-0.075565489235887
2_b40,2,40,0.0090478155761957,0.014823349552196,0.0124617690598825,0.0007706487114774
2_b41,2,41,0.0044057951308786,0.0278531848049802,0.0236046653747325,0.0071996324328938
2_b42,2,42,0.0092146079987287,0.0317354642522305,0.0268150668247835,-0.0248154451075242
2_b43,2,43,0.0025164524558931,0.0662940837771935,0.0590312980269664,-0.0586239576121443
2_b44,2,44,0.0094343023374676,0.0062458143151247,0.0051109630239079,0.0023733974251081
2_b45,2,45,0.0100963916629552,0.0170258879189093,0.0137074027227936,0.0100912839436205
2_b46,2,46,0.011386826634407,0.0281916298916575,0.0234692368959076,-0.0160274279653094
2_b47,2,47,0.0114702237769961,0.042542148249094,0.0354810974071733,-0.0328650541487149
2_b48,2,48,0.0041240863502025,0.0197134635381766,0.0165916159679181,-0.0020309708290733
2_b49,2,49,0.0059603014960885,0.0115619683203994,0.0094991675537312,0.0058837996044894
2_b5,2,5,0.0058283149264752,0.0567200849996853,0.0498778319207485,-0.0490430228307377
2_b6,2,6,0.0063905147835612,0.032601782395577,0.0276268003432778,-0.0157198384328512
2_b7,2,7,0.0166919082403183,0.0231488248243143,0.0189206514856778,-0.0134286570898257
2_b8,2,8,0.0172471515834331,0.0569228514225591,0.0493511960280739,-0.0266202276366675
2_b9,2,9,0.0098521644249558,0.0305095116375366,0.0252356335520744,-0.0172210234077647
30_b0,30,0,0.0041482225060462,0.0472050994434202,0.0397528347140178,-0.0326360966381616
30_b1,30,1,0.0020002019591629,0.0148757931030073,0.0125628227274864,0.006462608394213
30_b10,30,10,0.0069084740243852,0.0544702168601805,0.0468596772904857,-0.0353019721349119
30_b11,30,11,0.0039407331496477,0.0818876510219836,0.0722503737742226,-0.0686184448426502
30_b12,30,12,0.0093814628198742,0.0255795970376635,0.0219732910528546,-0.0028230744443135
30_b13,30,13,0.011423535645008,0.0289587387589554,0.0243827820406295,-0.0013359855557791
30_b14,30,14,0.0046928981319069,0.047308294529218,0.0406909651753085,-0.0244843614172714
30_b15,30,15,0.0072356881573796,0.0091384754224811,0.008019790300168,0.0057318824063986
30_b16,30,16,0.0149135272949934,0.0448169604306962,0.0375833003346633,0.0028096239703882
30_b17,30,17,0.0038921474479138,0.0156492447402501,0.0124948840867728,0.0098985174018889
30_b18,30,18,0.003671312239021,0.0378663190291518,0.0334179242252139,-0.0032582239684415
30_b19,30,19,0.010015495121479,0.0385841920080984,0.0328363535867538,-0.0143923595186788
30_b2,30,2,0.0042682364583015,0.01475157840858,0.0120327834645286,0.009597999039106
30_b20,30,20,0.0054827667772769,0.0161452810139637,0.0136654613981954,0.0118329038633964
30_b21,30,21,0.0101605160161852,0.0476960637336847,0.0403510480871045,-0.0314456351877743
30_b22,30,22,0.0096230693161487,0.0171086420868157,0.0140271658019628,-0.0025518361234571
30_b23,30,23,0.004794149659574,0.0150553584680024,0.0125527336227241,0.0084055286145303
30_b24,30,24,0.0077168960124254,0.016797924390774,0.0137889833864755,0.0057936934870667
30_b25,30,25,0.0093690659850835,0.0169776786948515,0.014042861686903,0.0056823644525138
30_b26,30,26,0.0066633061505854,0.0735971475135097,0.0642201952327741,-0.0602503340755356
30_b27,30,27,0.0090088536962866,0.0190626230219189,0.0168554787465836,0.0168496040848549
30_b28,30,28,0.0017686686478555,0.0174436505528934,0.0147481646516826,-0.0098461031948681
30_b29,30,29,0.0394159778952598,0.0749055346799563,0.0666556768454029,-0.0490027341686072
30_b3,30,3,0.0044221431016922,0.0345534029881499,0.029356687903637,-0.0151335644896607
30_b30,30,30,0.0075290706008672,0.0114247812004043,0.0093567968957358,-0.0085990364855388
30_b31,30,31,0.0125542916357517,0.0724497024323423,0.0636054869958025,-0.0401396874648344
30_b32,30,32,0.0079686176031827,0.07775990008571,0.0684779603412243,-0.0562370083998757
30_b33,30,33,0.0047055096365511,0.0254020202043949,0.021581872558454,-0.0004037590010557
30_b34,30,34,0.0208387374877929,0.0864293004024495,0.0762507656391244,-0.0642411650286521
30_b35,30,35,0.0041116643697023,0.085341875991046,0.0749129639818966,-0.0699054620761126
30_b36,30,36,0.0078272335231304,0.0360335714711187,0.030852291455958,0.0049008883186616
30_b37,30,37,0.0046876017004251,0.0205623975892392,0.0173184290621429,0.0060262548085302
30_b38,30,38,0.01570450887084,0.0608845481535513,0.0525421877816552,-0.0448121031332993
30_b39,30,39,0.0046030557714402,0.018180637268147,0.0147318077494855,-0.0101130417699459
30_b4,30,4,0.0172543115913867,0.079901494576681,0.0698756852707083,-0.062154504766986
30_b40,30,40,0.0095559265464544,0.0179499592311869,0.0150606306776171,0.0060390413895947
30_b41,30,41,0.0044712014496326,0.0252427664543654,0.0216525634762365,0.0008839640894439
30_b42,30,42,0.0038057570345699,0.0378680821529414,0.0346407390123931,-0.0346010145376203
30_b43,30,43,0.0066690943203866,0.0592994180128343,0.0512137964810244,-0.0473353685322217
30_b44,30,44,0.0079277101904153,0.0097372347943472,0.0083674917870666,0.0073227498133201
30_b45,30,45,0.0076704719103872,0.019836321777881,0.0159529410896357,0.010931350790197
30_b46,30,46,0.0146131534129381,0.0272564813034711,0.0233079375163652,-0.0029433317179791
30_b47,30,47,0.0111072668805718,0.047753404381441,0.0403215057682245,-0.0387728580925613
30_b48,30,48,0.0044530108571052,0.0203545490027817,0.0171728533133864,-0.000309827402234
30_b49,30,49,0.0068636639043688,0.0175831321210051,0.0143664381018606,0.0121283878927351
30_b5,30,5,0.0093311686068773,0.047121517863856,0.0408634660462848,-0.0385161816771142
30_b6,30,6,0.0047487299889326,0.0365427279263594,0.0313134956633439,-0.0148030771309277
30_b7,30,7,0.012507202103734,0.0257574671637505,0.0220775343180866,-0.0040310705528827
30_b8,30,8,0.0114201493561267,0.0559425975575637,0.0486014787094609,-0.0248553012280899
30_b9,30,9,0.007600225508213,0.0350342247332482,0.0292181406414601,-0.0173137938429135
31_b0,31,0,0.0068156979978084,0.0469532159042168,0.0400859479697828,-0.0258456443132308
31_b1,31,1,0.0028328271582722,0.015582756609327,0.013361035848502,0.0047492976370267
31_b10,31,10,0.003701647510752,0.0571253367653905,0.0497795177387888,-0.0309657900963793
31_b11,31,11,0.0023117195814847,0.0882667454950792,0.078896855237981,-0.0776183404964103
31_b12,31,12,0.0056047486141324,0.0211006511004169,0.0180312053568195,-0.0051055407791864
31_b13,31,13,0.0126387309283018,0.0276058706196159,0.0234309081116225,-0.0026461087062489
31_b14,31,14,0.0072238147258758,0.0442316349113716,0.0380105060465575,-0.0231328524403215
31_b15,31,15,0.0070583526976406,0.0155410622726363,0.0133751886873506,0.0087787473807111
31_b16,31,16,0.0094022992998361,0.0368612954937093,0.0319777940945641,-0.011669820415409
31_b17,31,17,0.0030319285579025,0.0113858569144012,0.0098865646321792,-0.0024518384609837
31_b18,31,18,0.0048787193372845,0.0378106310812438,0.0326007371710147,-0.0159443478181492
31_b19,31,19,0.0108621343970298,0.0398507825388044,0.0340554528756183,-0.0141634193484787
31_b2,31,2,0.005409475415945,0.0151971729365284,0.0126277934107929,0.0103259609267115
31_b20,31,20,0.0025815349072217,0.0068612952536071,0.0057473461772315,0.0017845831834711
31_b21,31,21,0.0104960398748517,0.0405511158164814,0.0339838328443875,-0.0257105453171243
31_b22,31,22,0.0072169150225818,0.0177248192529369,0.014693023582804,-0.0004275246540782
31_b23,31,23,0.0056683262810111,0.0141738310108526,0.0118770407978445,0.0082513432065024
31_b24,31,24,0.0067960061132907,0.0175400234050306,0.0148928141733631,0.0019346014922484
31_b25,31,25,0.006342171691358,0.014852910783871,0.0126304080401314,-0.0002433048078091
31_b26,31,26,0.0012575208675116,0.0839015102041024,0.0746751147913164,-0.0735247754896408
31_b27,31,27,0.0088722575455904,0.0196424919669048,0.0173213552299421,0.0171056733338627
31_b28,31,28,0.0031822454184293,0.0183882331109248,0.0154731403692858,-0.0074388273322256
31_b29,31,29,0.0424284413456916,0.0674091696865638,0.0594426944438964,-0.043484412878206
31_b3,31,3,0.0032219998538494,0.0346750326161253,0.0294340768794063,-0.018244340516394
31_b30,31,30,0.0051225153729319,0.0174301109240466,0.0155843041790649,-0.0155131683638319
31_b31,31,31,0.005140446126461,0.0756104573585831,0.06578179246957,-0.0552735701038182
31_b32,31,32,0.0136426044628024,0.0757009540517761,0.0660936051543467,-0.0562209485174753
31_b33,31,33,0.0036257551982998,0.0194257225063348,0.0164068200590554,0.0017998101131524
31_b34,31,34,0.0309429634362459,0.0815302218418485,0.0714907426239369,-0.0585161500602407
31_b35,31,35,0.0019764569588005,0.0878192393130146,0.0775191079962496,-0.0739609899229799
31_b36,31,36,0.0057598077692091,0.0332460367084263,0.0280769216851331,-0.0114440047810785
31_b37,31,37,0.007754516787827,0.0210330149723865,0.0178318366012536,0.0037558027985505
31_b38,31,38,0.0306497365236282,0.0553079009081879,0.0471432930795708,-0.0328303793264785
31_b39,31,39,0.0080184303224086,0.0129382634094644,0.0109973530803108,-0.0022812878555851
31_b4,31,4,0.0223039407283067,0.0753201620608179,0.0654845997537631,-0.0577518783938285
31_b40,31,40,0.0075329160317778,0.0160536437903049,0.0135290809243451,0.0022060341597534
31_b41,31,41,0.005781119223684,0.0256559104597108,0.0220456750656012,-0.0025437873613554
31_b42,31,42,0.01250721514225,0.0228723222187724,0.0193856664205668,-0.0134377140545984
31_b43,31,43,0.0015737665817141,0.0739272973190759,0.0653271749845589,-0.0644219663224066
31_b44,31,44,0.012607367709279,0.0069937995882951,0.0058203223199234,0.0012836883365525
31_b45,31,45,0.0099593605846166,0.0163438829273214,0.013364005718613,0.0070841842179652
31_b46,31,46,0.0103766545653343,0.0314677028610921,0.0264082288416102,-0.0160143821220845
31_b47,31,47,0.008085411041975,0.0498790988517698,0.0431912648491561,-0.0425732076913118
31_b48,31,48,0.0049906214699149,0.0223283302928281,0.0188682958704885,0.0012045804003719
31_b49,31,49,0.005819896236062,0.0182609565387586,0.0144225790840573,0.0122874435945414
31_b5,31,5,0.0116031216457486,0.045025837243948,0.0387403962475946,-0.0350605195522075
31_b6,31,6,0.0069394055753946,0.0323772805424722,0.0276851603994146,-0.0128570303833112
31_b7,31,7,0.0092880949378013,0.0324974780860206,0.0274318266444606,0.0006080120831029
31_b8,31,8,0.0245279818773269,0.0533965750457442,0.0463477322025573,-0.0184185320153483
31_b9,31,9,0.0047934567555785,0.0373263047227431,0.0316700542997568,-0.0105822004983201
32_b0,32,0,0.0031765585299581,0.0513934788782799,0.0439245588575431,-0.0322165855146886
32_b1,32,1,0.0054780081845819,0.0255812397878173,0.0211798639653716,0.0162413430295418
32_b10,32,10,0.0083528384566307,0.0478555931097826,0.0409326687101565,-0.0344055688632943
32_b11,32,11,0.0027369200251996,0.0834746875076876,0.0740568087343126,-0.0710969445150112
32_b12,32,12,0.0058707315474748,0.0215854938168435,0.0181512461527017,-0.0087628495605895
32_b13,32,13,0.0101187964901328,0.0315527013224938,0.0266789845883613,-0.0020952477300306
32_b14,32,14,0.0068021407350897,0.0381128187320804,0.0326782453218766,-0.0145193040343292
32_b15,32,15,0.0065316660329699,0.0106472752197341,0.0090068421920295,0.0016914823406841
32_b16,32,16,0.0120739182457327,0.0375120947613518,0.0323474190704291,-0.0078145508043235
32_b17,32,17,0.002930037677288,0.0105019775232899,0.0086060157080646,0.0050238458218518
32_b18,32,18,0.0065392004325985,0.0373015291933899,0.0326137804426252,-0.0098867622530087
32_b19,32,19,0.0119179775938391,0.0311017265658125,0.0265563113859388,-0.0183841783960815
32_b2,32,2,0.004802128765732,0.0069467414405124,0.0059527846425771,-0.001648276085034
32_b20,32,20,0.0031816828995943,0.0051620613242663,0.0044048296869732,0.0009986671456135
32_b21,32,21,0.0148350019007921,0.0398203362867117,0.0336002287410519,-0.0242126506802014
32_b22,32,22,0.0074890493415296,0.0162121099217349,0.0135250730148982,-0.0074963936477433
32_b23,32,23,0.0051019275560975,0.0076843408878014,0.0065116287348791,-0.0009982665721327
32_b24,32,24,0.0062833554111421,0.0187517350590621,0.0156040945951826,-0.009670396016445
32_b25,32,25,0.0065113357268273,0.0136485400285872,0.0115341766923666,0.0008439703611657
32_b26,32,26,0.0048862798139452,0.0755511828786633,0.0662126690254081,-0.0641429101035464
32_b27,32,27,0.0072888610884547,0.012238820007441,0.0101910186221357,-0.0053463055787142
32_b28,32,28,0.004645365756005,0.0150834581824724,0.0128606496896827,-0.0072853847389342
32_b29,32,29,0.0297680515795946,0.0725166754791347,0.0641971106025448,-0.0554086781015212
32_b3,32,3,0.0023231750819832,0.0372262090404451,0.031614304917166,-0.0158947023551445
32_b30,32,30,0.0064757391810417,0.0147558595257767,0.012509630897548,-0.0112039781059138
32_b31,32,31,0.0065183797851204,0.0757165902364539,0.0658706908000749,-0.0550157971566659
32_b32,32,32,0.0257014147937297,0.0740676463156382,0.0647972415397816,-0.0522316543721535
32_b33,32,33,0.0037404517643153,0.0201987232257935,0.0169466153159737,-0.0100916721951216
32_b34,32,34,0.0300498642027378,0.0827722468064842,0.07276854226664,-0.0630584284273936
32_b35,32,35,0.003260652301833,0.0816765034385222,0.0715836274405592,-0.0680722672367119
32_b36,32,36,0.0079044289886951,0.0307898960631927,0.0264062304468825,-0.0072177270427346
32_b37,32,37,0.0067294081673026,0.0181528621032376,0.0155548097984865,0.0016173879848793
32_b38,32,38,0.0189766641706228,0.0635144299394682,0.0548723739141132,-0.0486166031507309
32_b39,32,39,0.0056805489584803,0.0221876594562491,0.0178382723493268,-0.0169681868230691
32_b4,32,4,0.0435330606997013,0.0725329493455686,0.0628567751716764,-0.0510116858278343
32_b40,32,40,0.005835460498929,0.0145020232514089,0.0120216203707968,-0.0001807000400731
32_b41,32,41,0.006533645093441,0.0264591588611965,0.0226692743622697,0.0027905906667001
32_b42,32,42,0.0098406691104173,0.0360792572524988,0.0312671923695597,-0.0299736908532213
32_b43,32,43,0.0058446153998374,0.0597898931915036,0.0515514152470859,-0.0489467442288878
32_b44,32,44,0.009660817682743,0.0074477708614379,0.0059323378751287,0.0046427737263729
32_b45,32,45,0.0081393560394644,0.0115607059718397,0.0098087778082117,0.0002582590002566
32_b46,32,46,0.0150075228884816,0.0248617631179443,0.0214144088630564,-0.0061748510389588
32_b47,32,47,0.0086044808849692,0.0498055874564365,0.0426077866868581,-0.0417124475107993
32_b48,32,48,0.0036297659389674,0.0228899032854453,0.0191541011480148,-0.0002186256402637
32_b49,32,49,0.0045482702553272,0.0087814763025664,0.007137884721742,0.0041211088228737
32_b5,32,5,0.0049941558390855,0.0596820153049211,0.0530711514060385,-0.0523658348224125
32_b6,32,6,0.0068170404992997,0.0315554557745737,0.0272235380398342,-0.0058382157894084
32_b7,32,7,0.0154555859044194,0.0192209356032439,0.0160310121224028,-0.0114913909294409
32_b8,32,8,0.0206396076828241,0.0529749810188962,0.0456327564001549,-0.0277453249966492
32_b9,32,9,0.0090089067816734,0.0288977798341026,0.0240901767113246,-0.0183908058959059
33_b0,33,0,0.0051185428164899,0.0479874080606735,0.0411313861909002,-0.0183321699171938
33_b1,33,1,0.0099234180524945,0.0678351799412162,0.0585106544941663,0.0582424373272806
33_b10,33,10,0.0062573631294071,0.0512355462178965,0.0442923202653764,-0.0192940036169602
33_b11,33,11,0.0029340675100684,0.0824822530374413,0.0729281153788179,-0.0686219901750882
33_b12,33,12,0.0151709215715527,0.0487089522247512,0.0383888354280497,0.0336289447324816
33_b13,33,13,0.0151312928646802,0.0521469072990025,0.0421408480004174,0.0301953491364838
33_b14,33,14,0.013434275984764,0.0401192065824482,0.0345991509540181,-0.0129866596909414
33_b15,33,15,0.0082545764744281,0.0659367769965266,0.0565726468083448,0.0560554991755634
33_b16,33,16,0.0076469965279102,0.0379277392336613,0.0315205210160638,0.0068222203764889
33_b17,33,17,0.0076489769853651,0.0650079223654191,0.0585423726844601,0.0585407913825474
33_b18,33,18,0.0052357008680701,0.0402532739973523,0.034374722612556,0.0068822854268364
33_b19,33,19,0.0079931616783142,0.0448829227799896,0.0374025622913904,0.0007825112021237
33_b2,33,2,0.0050520794466137,0.0552393865476093,0.04973286237102,0.0496759084844961
33_b20,33,20,0.005169600713998,0.0552379228072234,0.0500247860653325,0.0500247860653325
33_b21,33,21,0.0072484808042645,0.0467697343545418,0.0400454956304747,-0.0278959992353338
33_b22,33,22,0.0055407164618372,0.0442393869746329,0.0360837063280632,0.0314294353040168
33_b23,33,23,0.0051646060310304,0.0504600190258498,0.0447168839978985,0.0446314938063733
33_b24,33,24,0.0071973442099988,0.0334546420454448,0.0270574283390305,0.0245354375545866
33_b25,33,25,0.0121986549347639,0.0654969434263595,0.0564615804690402,0.0563102329883258
33_b26,33,26,0.0013108033454045,0.0790500749183869,0.0692081726744072,-0.0655101337219821
33_b27,33,27,0.0077238790690898,0.0316920114643874,0.0289889700722415,0.0289879666373599
33_b28,33,28,0.0029509589076042,0.0247401201315366,0.0194633325564791,0.0150654208820196
33_b29,33,29,0.0163176134228706,0.0632812948846359,0.0557218917934369,-0.043521479379633
33_b3,33,3,0.0032963869161903,0.0373767238232714,0.0313185974978841,0.0024812593962997
33_b30,33,30,0.0043039517477154,0.0053174050053472,0.00394962438324,0.0029868861247086
33_b31,33,31,0.0047685741446912,0.0682429033612014,0.0595214962578029,-0.0409606776750297
33_b32,33,32,0.011026794090867,0.0761764308723623,0.067012469750407,-0.0524865062493336
33_b33,33,33,0.0055924588814377,0.0438554977681388,0.0351838554820278,0.0294691196916392
33_b34,33,34,0.0194598231464624,0.0787717207479542,0.0690693453873973,-0.0538765202218201
33_b35,33,35,0.0015202753711491,0.0840173154626122,0.0739539314480134,-0.0672014331956961
33_b36,33,36,0.0053139999508857,0.0346236846471004,0.0291628601483535,0.0076429867802653
33_b37,33,37,0.0082171075046062,0.0438015224225031,0.0356653357669711,0.0336427945783361
33_b38,33,38,0.0214236713945865,0.055368988772268,0.0473394309019204,-0.0340911537443753
33_b39,33,39,0.00812469702214,0.0195178924665586,0.0161478790896944,0.0101684135524556
33_b4,33,4,0.0099612763151526,0.0774749899351468,0.0677974788419669,-0.0615168749046279
33_b40,33,40,0.0125243887305259,0.0649424504993268,0.0543334842956392,0.0536527253518579
33_b41,33,41,0.005470560863614,0.0442706450316287,0.0356330420769518,0.0268394763494143
33_b42,33,42,0.0079546552151441,0.0179206794667686,0.0151051089889369,-0.0011088126339018
33_b43,33,43,0.0027616759762167,0.0592579214452452,0.0511914378948858,-0.048580957193335
33_b44,33,44,0.0088963145390152,0.0450134157930542,0.0413515820092288,0.0413507934409426
33_b45,33,45,0.0139635317027568,0.0672455747466891,0.0588068871258292,0.058710326970322
33_b46,33,46,0.0106725106015801,0.0319427729260988,0.0263112399727106,0.0090789083531126
33_b47,33,47,0.0109102539718151,0.0382687748074424,0.031680673151277,-0.0256669517932459
33_b48,33,48,0.0033015829976648,0.03706756436997,0.0303855964378453,0.0238394608511589
33_b49,33,49,0.0106541253626346,0.0777703173350141,0.0679285730735864,0.0679194898356218
33_b5,33,5,0.0063940333202481,0.0463602613209289,0.0397887559758964,-0.0353600880282465
33_b6,33,6,0.0105329770594835,0.0327862037585685,0.0282476564339594,0.000732426882605
33_b7,33,7,0.0091018564999103,0.0412916139033382,0.0333692775981035,0.0159729368484113
33_b8,33,8,0.0135564114898443,0.0521081101253556,0.044996842178516,-0.0107639445672975
33_b9,33,9,0.0083176419138908,0.0384765419404194,0.0323773971095215,0.007968888055766
34_b0,34,0,0.0125369951128959,0.0488123536123159,0.0419223117394358,-0.0191757277966462
34_b1,34,1,0.0044374484568834,0.0275244149778694,0.0229016947338823,0.0164576070185285
34_b10,34,10,0.0090360837057232,0.0505678379376089,0.0434477560193045,-0.0312527905235765
34_b11,34,11,0.0208697617053985,0.0761233212314371,0.0667770190576266,-0.0565524045737402
34_b12,34,12,0.0090408269315958,0.0275968698472427,0.0235013441526098,-0.0053351132356328
34_b13,34,13,0.0115753477439284,0.0339581628484828,0.0286937756542465,-0.000443285976944
34_b14,34,14,0.0080809537321329,0.0455305513557415,0.0391364174174668,-0.0287630630868079
34_b15,34,15,0.0086440220475196,0.0102509519204903,0.0085985868354327,0.0041076763346791
34_b16,34,16,0.0056555978953838,0.0398998843810956,0.034645564356324,-0.0110948353125422
34_b17,34,17,0.0026907389983534,0.0163010592364834,0.0132596697425469,0.008466315367259
34_b18,34,18,0.0027475883252918,0.0410145875789553,0.0357277339143911,-0.013490136876353
34_b19,34,19,0.0117040295153856,0.041283497741084,0.0353327981186157,-0.0101577196795551
34_b2,34,2,0.0058801993727684,0.0188461561923644,0.0152966050244867,0.0132480508554726
34_b20,34,20,0.0043880557641386,0.0135986970465895,0.01145572663052,0.0079837067355401
34_b21,34,21,0.0091322865337133,0.0475939036395619,0.0404833286417124,-0.0294246277328056
34_b22,34,22,0.0068206223659217,0.0216419391856169,0.0178498363611288,0.0033545838925056
34_b23,34,23,0.0057228184305131,0.0172257923778441,0.0143368452601134,0.01060822842177
34_b24,34,24,0.0085633881390094,0.0193163502852583,0.0161926649196539,-0.0025649620557669
34_b25,34,25,0.0103152077645063,0.0221855124911887,0.0181034818728221,0.0085469051793916
34_b26,34,26,0.0115226339548826,0.0711583844350527,0.0615964643660117,-0.0552542262992938
34_b27,34,27,0.0089262593537569,0.0139385428712315,0.0115375845588278,0.0085655539587605
34_b28,34,28,0.0020758514292538,0.0184098505599721,0.0156280378688825,-0.0064874722872627
34_b29,34,29,0.0273522045463323,0.0656404937552119,0.0580739348964561,-0.0433830594702885
34_b3,34,3,0.0057380413636565,0.041573206956991,0.0353085199114866,-0.0135055486485362
34_b30,34,30,0.0055971392430365,0.0187143787873279,0.0159172173033584,-0.0157055817826767
34_b31,34,31,0.0029602688737213,0.0764821662976453,0.0665635442384518,-0.0550895957485772
34_b32,34,32,0.0083489716053009,0.0744498475220434,0.0648535755639022,-0.0557461917529872
34_b33,34,33,0.0025457558222115,0.0213244577261616,0.0182248514931416,-0.0056637514702742
34_b34,34,34,0.0215941332280635,0.0795934180182448,0.0699198481665371,-0.0576890821374399
34_b35,34,35,0.0153509136289358,0.0792931934122635,0.0694439383078133,-0.0600438670575385
34_b36,34,36,0.0035781897604465,0.0351036893447078,0.0297767334373202,-0.0103171084157656
34_b37,34,37,0.0054167159833014,0.0259199442295341,0.0220222537778317,0.0052527370909228
34_b38,34,38,0.0168578028678894,0.0576612662421639,0.0494251123123103,-0.0415654650755459
34_b39,34,39,0.0085334936156868,0.016075641084429,0.0134566621494013,-0.0011233978078234
34_b4,34,4,0.0335669368505477,0.0704970056254906,0.0612256917105696,-0.0481939021828293
34_b40,34,40,0.008830614387989,0.0205397342556598,0.0171393327153055,0.0047840987093513
34_b41,34,41,0.0043948213569819,0.0282992590002502,0.0242767901718616,-0.0007244633464142
34_b42,34,42,0.0078503405675292,0.024978114833318,0.0215090293984394,-0.0202152225829195
34_b43,34,43,0.0045034857466816,0.0602875030673525,0.051864125100983,-0.047962977267889
34_b44,34,44,0.0109447864815592,0.0155823438991618,0.013076741064433,0.0127718275482766
34_b45,34,45,0.010475106537342,0.0212450892533678,0.0173505688353907,0.0102269590005744
34_b46,34,46,0.0117972195148468,0.0291551776054961,0.0244617242109961,-0.0159369909227825
34_b47,34,47,0.0147915743291378,0.0438063733373924,0.0364727927371859,-0.0313987546414136
34_b48,34,48,0.0040078489109873,0.0264622493355019,0.0223745821451302,-0.0054813710448797
34_b49,34,49,0.0047918548807501,0.0148680401609623,0.0120359230512985,0.0089991597033804
34_b5,34,5,0.0068542407825589,0.0522303002346871,0.045808471092605,-0.044227008689777
34_b6,34,6,0.0071577364578843,0.0347677713761166,0.0295536974340211,-0.0170287664688657
34_b7,34,7,0.0109312161803245,0.028911562277398,0.0247459967789473,-0.0002254266274394
34_b8,34,8,0.0072935242205858,0.0496868428003395,0.0426518457875499,-0.027575904113255
34_b9,34,9,0.0079338438808918,0.0321631362347781,0.0270181308255996,-0.0114679664827417
35_b0,35,0,0.0079843159765005,0.0490491758251181,0.042016936577711,-0.024268570307031
35_b1,35,1,0.0037374687381088,0.019785919760299,0.0169622351124417,0.0075030850118491
35_b10,35,10,0.006370784714818,0.0507837655338914,0.0436345921225438,-0.0311185461377317
35_b11,35,11,0.0075971819460392,0.0776527942555238,0.0682315884960553,-0.0620351347332325
35_b12,35,12,0.0048096533864736,0.0204828812767017,0.0175314932741457,-0.00246929143148
35_b13,35,13,0.011369957588613,0.0321578608156925,0.0273464345466345,-3.5420944914221764e-06
35_b14,35,14,0.0088942125439643,0.0413071553403764,0.0349541175602644,-0.024092095108208
35_b15,35,15,0.0062531232833862,0.0101729771585613,0.0085540707793552,0.002317220774712
35_b16,35,16,0.0086230458691716,0.0366752724761062,0.0317049140130984,-0.014934338221501
35_b17,35,17,0.0046859718859195,0.0154614326759987,0.0125097246828954,0.0087048159551341
35_b18,35,18,0.004391636699438,0.0377677247706677,0.0331832995946751,-0.0084013907873304
35_b19,35,19,0.0068569364957511,0.0438689349336258,0.0376088319033442,-0.0191868282332143
35_b2,35,2,0.0055975737050175,0.0076807959298727,0.00667855732725,-0.0004985337203834
35_b20,35,20,0.0032085329294204,0.0064571383863703,0.0050264827359933,0.0036424786353018
35_b21,35,21,0.0105191357433795,0.0450190804936815,0.038168379340932,-0.0274267480360867
35_b22,35,22,0.004775355104357,0.0206966760345116,0.0171335179684683,0.0062376719387248
35_b23,35,23,0.0058538867160677,0.0088482674688792,0.0076502278656698,-0.0010604921146295
35_b24,35,24,0.0063515701331198,0.0149000223383456,0.0127270108787342,-0.0041386894369497
35_b25,35,25,0.0092560928314924,0.0165297276313816,0.0135954860318452,0.0080757302325218
35_b26,35,26,0.0067964261397719,0.0763302224840914,0.066671166618762,-0.0627767890164977
35_b27,35,27,0.0061098895967006,0.0077115562808766,0.0066229539923369,-0.0007650929875671
35_b28,35,28,0.0031063011847436,0.015087797611647,0.0126732816215371,-0.0075999009603401
35_b29,35,29,0.0146457199007272,0.0750805141028132,0.0667262718169149,-0.0591951295506805
35_b3,35,3,0.0031959726475179,0.0379110809044034,0.0322610670409631,-0.0174653773813042
35_b30,35,30,0.0066904267296195,0.0112454266596586,0.0093198358628433,-0.0083319912932347
35_b31,35,31,0.0062765898182988,0.0734866354901209,0.0638352834630495,-0.050549706463862
35_b32,35,32,0.007572473026812,0.0750887800406435,0.0653320442944095,-0.0577463932906539
35_b33,35,33,0.0024261113721877,0.0174781827616503,0.0149186741455923,-0.0016251536260824
35_b34,35,34,0.0117891188710927,0.0832098563064237,0.073213306038815,-0.0645427672957885
35_b35,35,35,0.0084629375487566,0.0824878547315348,0.0725017477502478,-0.065314401018004
35_b36,35,36,0.0061733582988381,0.0312530880875446,0.0266053563344758,-0.0089856391900684
35_b37,35,37,0.0062197679653763,0.0163235872001639,0.0141990303294733,0.0006624791724607
35_b38,35,38,0.0124796405434608,0.0579119474442951,0.0497144718107301,-0.0429340193246025
35_b39,35,39,0.0078435726463794,0.0115663249315037,0.0094729524222202,-0.003759414202068
35_b4,35,4,0.0225446671247482,0.0746431308493092,0.0649057469122635,-0.0555573074521089
35_b40,35,40,0.0088065359741449,0.0180309560695803,0.0149551850196439,0.0086464641441125
35_b41,35,41,0.0047838971950113,0.0264030638963465,0.0226131419080775,0.0001135633664671
35_b42,35,42,0.0042494311928749,0.0485215997638842,0.0430916355876252,-0.0428413701965473
35_b43,35,43,0.002025244757533,0.0695194145684176,0.0610511462995782,-0.059759191875346
35_b44,35,44,0.010289866477251,0.0090165596975583,0.0074393762432737,0.0067161600693361
35_b45,35,45,0.006965207401663,0.0149329365602458,0.0124291529401671,0.0079021976387593
35_b46,35,46,0.0144911333918571,0.025540372839381,0.0216141769196838,-0.0093211447866633
35_b47,35,47,0.0068153119646012,0.0473762152397716,0.0407202702923677,-0.0397659168555401
35_b48,35,48,0.0032710705418139,0.0206133354747136,0.0173067899455782,-0.0039997956284787
35_b49,35,49,0.0067420843988657,0.0164150668289976,0.0131325297849252,0.0125009030336514
35_b5,35,5,0.0039905859157443,0.0614434236072979,0.0545210183341987,-0.054030311286915
35_b6,35,6,0.0088301254436373,0.0290421002291878,0.0245586871376144,-0.0113501803038525
35_b7,35,7,0.0075894724577665,0.0287689799968816,0.0246352022176142,-0.003924222526839
35_b8,35,8,0.0064887530170381,0.0526675869253017,0.0447939092385058,-0.0361965120797685
35_b9,35,9,0.0068028960376977,0.0309483596324413,0.0262062389374477,-0.0064298754482297
36_b0,36,0,0.009882740676403,0.0442039694885406,0.037814452344246,-0.0180431128164491
36_b1,36,1,0.0044841757044196,0.0223188776418672,0.0185877194139175,0.0132552153221331
36_b10,36,10,0.0125635731965303,0.055516010507675,0.0480327690689591,-0.0187959340185625
36_b11,36,11,0.0090059842914342,0.0783690210477185,0.068893755887766,-0.0631791576356772
36_b12,36,12,0.0052794096991419,0.0226159501246765,0.0192458103125682,-0.0049804290191968
36_b13,36,13,0.013342261314392,0.0322781442087999,0.0274620576400775,0.0040424025745596
36_b14,36,14,0.0076368805021047,0.0430112838107035,0.037055080082282,-0.0163010239377763
36_b15,36,15,0.007007879205048,0.0182330193527648,0.01525633452693,0.0124274685536511
36_b16,36,16,0.0095739299431443,0.0328217178235333,0.0283175208838656,-0.0135672208899632
36_b17,36,17,0.0039808107540011,0.0121429867195374,0.0102210655802628,0.0026101614354411
36_b18,36,18,0.0073325792327523,0.03054272154059,0.0257664937665686,-0.0149039867054671
36_b19,36,19,0.0158915035426616,0.0406141423708631,0.0343310662513249,-0.0059485792779014
36_b2,36,2,0.0056547280400991,0.0188699265691107,0.0160930405394174,0.0155325662880204
36_b20,36,20,0.0036659762263298,0.0095380496260803,0.0078347086545545,0.0062510306097101
36_b21,36,21,0.0107877636328339,0.0415268319387564,0.0354117685866367,-0.0230798781228077
36_b22,36,22,0.0054291347041726,0.0192351285016345,0.0159702403348637,0.0014630025281803
36_b23,36,23,0.0064667183905839,0.0190525998283001,0.0162666895939037,0.0152257580775767
36_b24,36,24,0.0068550556898117,0.0134535514127003,0.0112330798991024,-0.0035164832323789
36_b25,36,25,0.0092000747099518,0.0187873766896047,0.0154094943340169,0.0095260180701734
36_b26,36,26,0.0079459249973297,0.0733452907460787,0.0641085741769347,-0.0614826281189743
36_b27,36,27,0.0073854839429259,0.0094132196758695,0.0077537805470637,0.0068410403956659
36_b28,36,28,0.001381961395964,0.0189667793005135,0.0158827396298875,-0.0141044539169524
36_b29,36,29,0.0243779085576534,0.0696448865064875,0.0617084263432479,-0.0501239838699984
36_b3,36,3,0.0097988927736878,0.034387680494199,0.0291378244571387,-0.0002161879767663
36_b30,36,30,0.0093503464013338,0.0090078249541506,0.007606407685962,-0.0058831580754485
36_b31,36,31,0.0053572594188153,0.0719834343080291,0.0618461567486519,-0.0555777601382578
36_b32,36,32,0.0061003430746495,0.0763167834408429,0.06655267923481,-0.0588274383625685
36_b33,36,33,0.0030386103317141,0.0214349459850046,0.0182994209160096,-0.0055760196805931
36_b34,36,34,0.0166594646871089,0.0814001379610696,0.0714609836268937,-0.0616413768375059
36_b35,36,35,0.0057950103655457,0.0835269876020266,0.0731418308338106,-0.068611060399744
36_b36,36,36,0.0068503627553582,0.0295688121414745,0.0241682636551558,-0.0175814867904409
36_b37,36,37,0.0060382392257452,0.0157542704369898,0.013342329962179,-0.0009135425090789
36_b38,36,38,0.0137946289032697,0.0631721838845734,0.0545169947488466,-0.0470918216003337
36_b39,36,39,0.0088246222585439,0.0128958579771296,0.0107038933178409,-0.0030649455124512
36_b4,36,4,0.0107149202376604,0.0796823349957303,0.0700396913139411,-0.06494154044085
36_b40,36,40,0.0086712138727307,0.0163251347062102,0.0137093962944345,0.004186673083459
36_b41,36,41,0.0057750362902879,0.0202624945594613,0.0173552463424857,-0.0013823239493649
36_b42,36,42,0.010645093396306,0.0205190195781021,0.0175242007058113,-0.013669138662517
36_b43,36,43,0.003422386245802,0.0656618091760652,0.0577047340050921,-0.0563296670877025
36_b44,36,44,0.011942752636969,0.007327683412889,0.0061529304896248,0.0035023849020944
36_b45,36,45,0.0100715598091483,0.022723756546859,0.018426717557013,0.0160566020477563
36_b46,36,46,0.0182517301291227,0.0286137598202635,0.0240819130465388,0.0041646101651713
36_b47,36,47,0.0126627450808882,0.0416321993795288,0.0347071103623602,-0.0318454151286277
36_b48,36,48,0.0040270518511533,0.0185711540222478,0.0155839600483886,-0.0001384417596273
36_b49,36,49,0.0046604927629232,0.0114342943369787,0.0093796049832599,0.0054027273989049
36_b5,36,5,0.0151642663404345,0.0441943746826022,0.0379105710517615,-0.0330874327057972
36_b6,36,6,0.0072201853618025,0.0331968813128648,0.0287710795114981,-0.0083476471650647
36_b7,36,7,0.0100095402449369,0.0302038603210729,0.0258404867397621,-0.0026652691187337
36_b8,36,8,0.0137038556858897,0.0501819634299448,0.0434925298028247,-0.020570419560172
36_b9,36,9,0.0077155930921435,0.0407241051590515,0.0344047690718434,-0.0002418136154301
37_b0,37,0,0.0072339959442615,0.0431227308938845,0.0369097132583556,-0.0209773716049676
37_b1,37,1,0.0043176775798201,0.0195104430715186,0.0161878254835028,0.0103632223128806
37_b10,37,10,0.0065408893860876,0.0474516047215778,0.0411093962556333,-0.026061031561403
37_b11,37,11,0.0157921463251113,0.0787341545244555,0.0692671377799706,-0.0625409385119564
37_b12,37,12,0.0114593915641307,0.0259997440002267,0.022208326816326,0.0021146596188191
37_b13,37,13,0.012057015672326,0.0291371391549004,0.0247791382204741,0.0038340099761262
37_b14,37,14,0.0069990530610084,0.042919386774994,0.0367215274214686,-0.029231737054506
37_b15,37,15,0.006638569291681,0.0106112140713855,0.0086336065630894,-0.0033329655474517
37_b16,37,16,0.0090824235230684,0.0346420789298791,0.0298309662489919,-0.0079727849102346
37_b17,37,17,0.0037647713907063,0.0122070188636418,0.0102427210239693,0.0029002493293955
37_b18,37,18,0.0065527120605111,0.030124016300288,0.0259657312178751,-0.0113293917424743
37_b19,37,19,0.0092676756903529,0.0380088498949187,0.0327743274751992,-0.0250866523395234
37_b2,37,2,0.0054671317338943,0.004489120456748,0.0037379260314628,-0.0003295915760099
37_b20,37,20,0.0034559848718345,0.0076469729032895,0.0062582860758993,-0.0007598844601307
37_b21,37,21,0.0049501070752739,0.0551297785245217,0.0479593763532466,-0.0457431193892261
37_b22,37,22,0.0083461655303835,0.0160147211998052,0.0132155452232109,-0.0089723690535174
37_b23,37,23,0.0057441350072622,0.0055218273438922,0.0045166747691109,-0.001473609060049
37_b24,37,24,0.0104808723554015,0.0171509012458769,0.0138266126695089,0.0088918474060483
37_b25,37,25,0.0089444573968648,0.0177672263588908,0.0146451441867975,0.0053791346139041
37_b26,37,26,0.0076341503299772,0.0711035211263949,0.061993231177912,-0.0597424196178326
37_b27,37,27,0.0113293146714568,0.0180945681248888,0.0166651901986915,0.0166250680049415
37_b28,37,28,0.0025097294710576,0.0174612920932447,0.0148202691052574,-0.0136880207492504
37_b29,37,29,0.0194291491061449,0.078089872440594,0.0695127328531089,-0.0612552273470646
37_b3,37,3,0.0081648724153637,0.0321633549558508,0.0272122176655102,-0.0060102322266902
37_b30,37,30,0.0078026074916124,0.0131128596475757,0.011266179587692,-0.008292411873117
37_b31,37,31,0.0072500393725931,0.0664749839417128,0.0576486901554744,-0.0425362418859731
37_b32,37,32,0.0053201187402009,0.0815366061470947,0.0716144439247727,-0.0653181377048895
37_b33,37,33,0.0020454123150557,0.0213808598150961,0.0181938736001029,-0.008700067824684
37_b34,37,34,0.0090676043182611,0.089802733796167,0.0795356072184222,-0.0735524106609227
37_b35,37,35,0.0053969132713973,0.077682558796918,0.0676944537000963,-0.0635797449579695
37_b36,37,36,0.0062674833461642,0.0278075807340137,0.0231113310786895,-0.0119699173909612
37_b37,37,37,0.0067740958184003,0.0133471616871754,0.0113465244974941,-0.0025438989512622
37_b38,37,38,0.025163821876049,0.0627358809792705,0.0540205776161747,-0.0453221018362091
37_b39,37,39,0.007480664178729,0.0170713122962319,0.0141831391141749,-0.0133026133757084
37_b4,37,4,0.0183514207601547,0.0830535636469876,0.0731715120963781,-0.066983671361304
37_b40,37,40,0.0072972550988197,0.0167716974227976,0.0138892411341657,0.0033173360623186
37_b41,37,41,0.0064802411943674,0.0188792770567718,0.0159525391028728,-0.0039220334484707
37_b42,37,42,0.0054336423054337,0.0354290522469294,0.0306330183631507,-0.0293339917663251
37_b43,37,43,0.0038313213735818,0.0616062627824005,0.0542847200506366,-0.0535853709676302
37_b44,37,44,0.0087564699351787,0.0067406110690843,0.0052712410021922,0.0025319267451413
37_b45,37,45,0.0085989395156502,0.0103260674715842,0.0086499885062221,0.0029779042385052
37_b46,37,46,0.0139138083904981,0.0266067704670918,0.0228397578408475,-0.0062433036870788
37_b47,37,47,0.0083800330758094,0.0463641152921788,0.0391444964159745,-0.0379973690223414
37_b48,37,48,0.0055061066523194,0.0202749588042018,0.0171816878614481,0.0033359884249512
37_b49,37,49,0.0042905281297862,0.0104728934268126,0.0084739047806942,0.0050880966888507
37_b5,37,5,0.0063043902628123,0.0563819717084495,0.0490928547066869,-0.0465013032994465
37_b6,37,6,0.0076955538243055,0.0326142679280248,0.0271113041709759,-0.0201916674073436
37_b7,37,7,0.0115470346063375,0.0208998344479757,0.0177523414709139,-0.0086681297526229
37_b8,37,8,0.004614376462996,0.0581121382320344,0.0496593411643698,-0.039696084967436
37_b9,37,9,0.0051194336265325,0.030792483509358,0.0261555627465713,-0.0150250247924122
38_b0,38,0,0.0058137932792305,0.0447805193656026,0.03795915036535,-0.0267495990249153
38_b1,38,1,0.0031579888891428,0.0137125158376254,0.0117071189847774,0.002397031194996
38_b10,38,10,0.0055484585464,0.0566131265083818,0.0488781302887946,-0.0373833676753565
38_b11,38,11,0.0032304329797625,0.0794822836148766,0.0700258254694199,-0.0663320486210432
38_b12,38,12,0.0108934706076979,0.0259743028507838,0.0220260262023657,0.0028369180578738
38_b13,38,13,0.0141363944858312,0.0292710286341163,0.0249904607085045,0.0031559690565336
38_b14,38,14,0.0055912025272846,0.0487852485963801,0.0422368061190354,-0.0232718147357809
38_b15,38,15,0.0074943108484148,0.0211338362740858,0.0177676679159048,0.0148282019828911
38_b16,38,16,0.0106326891109347,0.0307923251789692,0.0262616944960609,-0.0111244887667999
38_b17,38,17,0.0049369279295206,0.0154424531706229,0.0120451910083647,0.0100203481840435
38_b18,38,18,0.005145888775587,0.0340066497508057,0.0299549295974429,-0.0040079866338055
38_b19,38,19,0.0139920301735401,0.0383771106826934,0.0328659979572694,-0.0173108879772189
38_b2,38,2,0.005990742240101,0.0096502195836154,0.0079823702899739,0.0067858293140307
38_b20,38,20,0.0052621094509959,0.0154486628043708,0.0132900445419363,0.012487242387142
38_b21,38,21,0.0117422565817832,0.0439678261808128,0.0370811238224268,-0.0280719448058516
38_b22,38,22,0.0055478811264038,0.0192212899974945,0.0162777287029894,-0.0056198208668502
38_b23,38,23,0.0062863049097359,0.0087903070610284,0.0074927903106436,0.0052481425413861
38_b24,38,24,0.0093838684260845,0.0174055525045656,0.0145546434540301,-0.0117591120488941
38_b25,38,25,0.0091381054371595,0.0168369407359351,0.0138486016419483,0.0081502026057569
38_b26,38,26,0.0119192656129598,0.0699632840858412,0.0604757997242268,-0.0554726078303065
38_b27,38,27,0.0094109075143933,0.0117879028603253,0.0095355009112972,-0.0074480018916074
38_b28,38,28,0.0021647792309522,0.0142010462616047,0.0118616817495785,-0.0093583304155617
38_b29,38,29,0.0175916571170091,0.0711289162912491,0.0628588998544728,-0.0536314874986419
38_b3,38,3,0.002295043785125,0.033692439392302,0.0283695236511994,-0.0161995981947984
38_b30,38,30,0.0072353198193013,0.0141136079117905,0.0120338646433083,-0.0113959285261807
38_b31,38,31,0.0136147756129503,0.0706864907612466,0.0617187565749191,-0.0420508937349222
38_b32,38,32,0.0103449802845716,0.0770684678420897,0.0675933070290193,-0.0562003351697057
38_b33,38,33,0.0047054244205355,0.0241699115962545,0.0208656822593184,-0.0046632601023884
38_b34,38,34,0.0140636656433343,0.0839294302925724,0.073925714171346,-0.0639410268048231
38_b35,38,35,0.0098258722573518,0.0860095615146242,0.0757940737613535,-0.0682874064696079
38_b36,38,36,0.0080412765964865,0.0261642773053772,0.022163324248977,-0.00734894819092
38_b37,38,37,0.0062302108854055,0.0165522627714773,0.0140841552638448,0.0043906034319661
38_b38,38,38,0.0081623587757349,0.0622626027573912,0.0537011831486597,-0.0480035074008628
38_b39,38,39,0.0064372797496616,0.016756320188021,0.0139114800735842,-0.0093247041816357
38_b4,38,4,0.0179114863276481,0.0751410232132102,0.0653902149614441,-0.0564065080014552
38_b40,38,40,0.0094655575230717,0.0174166506229022,0.0146377745387144,0.0059643999510444
38_b41,38,41,0.0040346989408135,0.0258828721391255,0.0221023206738755,0.0054255487862974
38_b42,38,42,0.0072948820888996,0.0331805687120171,0.0292426660051569,-0.0290386434877291
38_b43,38,43,0.0149945467710495,0.0532370944031173,0.0452468988363398,-0.0359720021736575
38_b44,38,44,0.0101895658299326,0.0055831990619177,0.0047134409194404,0.0010856700873409
38_b45,38,45,0.0120343919843435,0.0196337654297255,0.0157586979691404,0.0135273399099241
38_b46,38,46,0.0170579683035612,0.0221115268807773,0.0187820407492108,-0.0076550960144959
38_b47,38,47,0.0134255792945623,0.041081304801685,0.0344232006859965,-0.0324837774899788
38_b48,38,48,0.003239418612793,0.0207439174542286,0.0174201446922961,-0.0046139177272561
38_b49,38,49,0.0063638314604759,0.0156695842939506,0.0126760100550018,0.0097679861285723
38_b5,38,5,0.0083272904157638,0.052604494694342,0.0457161874615121,-0.0433622396097052
38_b6,38,6,0.0070693409070372,0.0368770219743712,0.0318454356666188,-0.0122199979599099
38_b7,38,7,0.0119787380099296,0.0283356641409958,0.023835807282594,-0.0157051758450688
38_b8,38,8,0.0081880213692784,0.0533538212058136,0.045942580887131,-0.0293678137605456
38_b9,38,9,0.0070187263190746,0.0355917777034255,0.0298387357185129,-0.0165157890052068
39_b0,39,0,0.0166868418455123,0.0551197749975365,0.0472993519018928,-0.0444154539263399
39_b1,39,1,0.0033657755702733,0.0990014412618781,0.0919341196259483,-0.0919341196259483
39_b10,39,10,0.008245138451457,0.0656214617519645,0.059442975254642,-0.0594123369631415
39_b11,39,11,0.0046273698098957,0.0941285585928309,0.085526119312708,-0.0851431332853098
39_b12,39,12,0.0015642489306628,0.0825632180570468,0.0762249088057433,-0.0762249088057433
39_b13,39,13,0.0089263617992401,0.0716595280766435,0.0659555510708014,-0.0659555510708014
39_b14,39,14,0.008797189220786,0.0590362943248845,0.0531886981319257,-0.0529246027938643
39_b15,39,15,0.0072170863859355,0.0890356401118578,0.0824285676525323,-0.0824285676525323
39_b16,39,16,0.0070984638296067,0.0659488545454795,0.0612462105856684,-0.0612401504463923
39_b17,39,17,0.0051255873404443,0.106467181717736,0.0987996905401814,-0.0987996905401814
39_b18,39,18,0.0045567019842565,0.0756633489863449,0.0713320869533345,-0.0713320869533345
39_b19,39,19,0.0142283691093325,0.056253404304033,0.0509610999005963,-0.05089483693504
39_b2,39,2,0.0068945391103625,0.0977110678342522,0.0902604943775804,-0.0902604943775804
39_b20,39,20,0.0042668599635362,0.100711023342248,0.0921700271114241,-0.0921700271114241
39_b21,39,21,0.012659921310842,0.058275356814734,0.0520200264405139,-0.051528840306928
39_b22,39,22,0.0098007433116436,0.0623364876313468,0.0582470139977522,-0.0582470139977522
39_b23,39,23,0.0070029282942414,0.0953586074276208,0.0883569391668425,-0.0883569391668425
39_b24,39,24,0.005840023048222,0.0777782516125912,0.0723833398090209,-0.0723833398090209
39_b25,39,25,0.0089501161128282,0.0999055902182829,0.0921714528836309,-0.0921714528836309
39_b26,39,26,0.0095979571342468,0.0886199821651596,0.0793992361449636,-0.0790648263623006
39_b27,39,27,0.0069788605906069,0.0711997715010227,0.0654058988683391,-0.0654058988683391
39_b28,39,28,0.0047241505235433,0.0682325263672324,0.0637226867165009,-0.0637226867165009
39_b29,39,29,0.0141202919185161,0.0830537714320831,0.0751348987629171,-0.0739818710880354
39_b3,39,3,0.0040054777637124,0.0642380751413822,0.0589786438143346,-0.058974061406916
39_b30,39,30,0.0066687650978565,0.0753810157515081,0.0687126783377607,-0.0687126783377607
39_b31,39,31,0.0059708766639232,0.0811530457004745,0.0721081034135568,-0.0716452305153507
39_b32,39,32,0.014942486770451,0.0774984207289931,0.0675340673744358,-0.0650857369227014
39_b33,39,33,0.004129790700972,0.0766549836006121,0.0714424109942046,-0.0714424109942046
39_b34,39,34,0.0203115139156579,0.0831957089501269,0.0729321526701096,-0.0694279401295352
39_b35,39,35,0.0196602866053581,0.08676577422636,0.0762782325594526,-0.072472096942256
39_b36,39,36,0.0053867138922214,0.0644563419541989,0.0595941983489319,-0.0595898366998881
39_b37,39,37,0.0069369804114103,0.0767368241272122,0.0719034173351246,-0.0719034173351246
39_b38,39,38,0.0041289618238806,0.0875451237483082,0.0799525781450211,-0.0798207439910038
39_b39,39,39,0.0084304194897413,0.0622599004789631,0.0574815774676972,-0.0574815774676972
39_b4,39,4,0.0130225345492362,0.0859959592076801,0.0764618220552802,-0.0748211673297919
39_b40,39,40,0.0089955916628241,0.0887550237054477,0.0810168986293138,-0.0810168986293138
39_b41,39,41,0.0072911195456981,0.083735219687434,0.077674045170861,-0.077674045170861
39_b42,39,42,0.0090233702212572,0.0659993422130565,0.06131082191132,-0.06131082191132
39_b43,39,43,0.0066749583929777,0.0844081439354332,0.0776024849820532,-0.0775955015901126
39_b44,39,44,0.0114428773522377,0.081768192845202,0.0751001083705341,-0.0751001083705341
39_b45,39,45,0.0112196002155542,0.1066594007260672,0.0986531440090038,-0.0986531440090038
39_b46,39,46,0.0119825126603245,0.0649941564865894,0.0600656161131337,-0.0600628197332844
39_b47,39,47,0.006793457083404,0.0836705606208613,0.077745568701066,-0.077745568701066
39_b48,39,48,0.0029794857837259,0.0752817327243981,0.0704524944111472,-0.0704524944111472
39_b49,39,49,0.0095124645158648,0.1040606162686473,0.0953222530367202,-0.0953222530367202
39_b5,39,5,0.0160389952361583,0.0649590649941058,0.0581459312723018,-0.0578307592705823
39_b6,39,6,0.0101507073268294,0.0606157961756978,0.0563157152821077,-0.056290092372219
39_b7,39,7,0.0122614502906799,0.0569982002495474,0.0541350779152708,-0.0541350779152708
39_b8,39,8,0.0081993490457534,0.0672677002969734,0.0602865047101659,-0.0597210451571299
39_b9,39,9,0.0077983792871236,0.058136336413254,0.0545052886428311,-0.0545012200064957
3_b0,3,0,0.0090481806546449,0.0490087896811391,0.0418827569781569,-0.027530668042018
3_b1,3,1,0.0048160040751099,0.0193837495663375,0.0165923675592057,0.0070454386132769
3_b10,3,10,0.0079781040549278,0.049171698147022,0.0421382312220521,-0.0296358169591985
3_b11,3,11,0.0072800945490598,0.0783312443358222,0.0689354664610436,-0.0638839586922404
3_b12,3,12,0.0074775842949748,0.0222029886146724,0.0190754976461175,-0.0015422095276881
3_b13,3,13,0.0140721956267952,0.0317299899620023,0.0269837370992172,0.0011622920667286
3_b14,3,14,0.0086031425744295,0.0405697830430359,0.0346994750725571,-0.0194036480376962
3_b15,3,15,0.0053564961999654,0.0200057354684779,0.0168792304454837,0.0122568352229427
3_b16,3,16,0.0072173532098531,0.0393213694091492,0.0333285633521154,-0.0275344732170924
3_b17,3,17,0.0041584554128348,0.0125121156675653,0.0100090521050151,0.0079257634060923
3_b18,3,18,0.0039508519694209,0.0372083244374836,0.032243032787228,-0.0135463232465554
3_b19,3,19,0.0094105042517185,0.0368588478760739,0.0314035401452565,-0.0147061340726213
3_b2,3,2,0.005878310650587,0.0064094557864202,0.0053793676709756,0.0015200501540675
3_b20,3,20,0.0036195698194205,0.0061679372144191,0.0053335011703893,0.0020320057542994
3_b21,3,21,0.0055176434107124,0.0483689268303094,0.0409564689549006,-0.0359669384083099
3_b22,3,22,0.0078342519700527,0.0149913374788704,0.0124520930706057,0.0008216483832802
3_b23,3,23,0.006087745539844,0.0071004708287397,0.0060189709765836,-0.0009574712300673
3_b24,3,24,0.0072323507629334,0.014809944975818,0.0124385578138753,0.0023216926725581
3_b25,3,25,0.0111262258142232,0.0213177582409949,0.0174369962897617,0.0106730684370268
3_b26,3,26,0.0086278151720762,0.0704550963871563,0.0612592675507767,-0.0573035619285656
3_b27,3,27,0.0080831367522478,0.0159646025091953,0.0146835104783531,0.0146383884840179
3_b28,3,28,0.0032157879322767,0.0165463057104442,0.0140376337023917,-0.0055559515056665
3_b29,3,29,0.0077935555018484,0.0785424476372841,0.0700209868560341,-0.0663945862849504
3_b3,3,3,0.005398066714406,0.0333943635837123,0.0285226928314659,-0.012971927531762
3_b30,3,30,0.0079469941556453,0.012063761161618,0.0103618001987342,-0.0063925554094021
3_b31,3,31,0.0085020624101161,0.0716835670218457,0.0623071917553898,-0.0498619568103458
3_b32,3,32,0.005655959714204,0.0792163540470044,0.0692796915955841,-0.0623744616797193
3_b33,3,33,0.0027379873208701,0.0199950066917423,0.0170977852668147,-0.0001921649638097
3_b34,3,34,0.0083418264985084,0.0861613831716037,0.0758556265868537,-0.0695359047381498
3_b35,3,35,0.0077017676085233,0.0778833276718462,0.0680380277263611,-0.0606239337681472
3_b36,3,36,0.0060779238119721,0.0343723768527247,0.0280870747845619,-0.0226839140709489
3_b37,3,37,0.005187090486288,0.019743208103345,0.0168925345735624,0.0018250009790062
3_b38,3,38,0.0093012368306517,0.0664165093273182,0.0574091572899487,-0.0521778793193516
3_b39,3,39,0.008301137946546,0.0123230095678167,0.010232748062117,-0.0074062208260875
3_b4,3,4,0.0127259669825434,0.078313120192786,0.0684465913498934,-0.0627851971845302
3_b40,3,40,0.0118196308612823,0.0258581716831939,0.020816393852001,0.0140883079066406
3_b41,3,41,0.0042231972329318,0.0265565683886789,0.0228429190278984,0.0008576197572983
3_b42,3,42,0.0064493352547287,0.034241868438073,0.0295262624591123,-0.0285540295566897
3_b43,3,43,0.0563070848584175,0.048863913080108,0.0414519253314938,0.0010836342780385
3_b44,3,44,0.0130227506160736,0.0087413833084909,0.0072524262237129,0.0043852442671777
3_b45,3,45,0.0065143527463078,0.0137227468677755,0.0115335569146554,0.0022226142382714
3_b46,3,46,0.0163214802742004,0.0276735714205102,0.0237446546694263,-0.0041575292497873
3_b47,3,47,0.0100686289370059,0.0446304206558333,0.0383861076098401,-0.0377384322148282
3_b48,3,48,0.0032143285498023,0.0211838916290088,0.0175797470402903,-0.0047396788676269
3_b49,3,49,0.0066079166717827,0.0229733619957839,0.0183623753453139,0.0171702553739305
3_b5,3,5,0.0049960454925894,0.0586478993053911,0.0516225975879933,-0.0509790711605455
3_b6,3,6,0.0088359927758574,0.0299736642342121,0.0256969409267185,-0.0082233621104387
3_b7,3,7,0.0131368581205606,0.0245217843080316,0.0209906063886592,0.0013924993103137
3_b8,3,8,0.0065292469225823,0.0550941307315575,0.046917084094166,-0.0352377658711338
3_b9,3,9,0.0060828104615211,0.0324197045915326,0.0274147974711377,-0.0092840990202967
40_b0,40,0,0.0069609354250133,0.0458678153878227,0.0388215766509529,-0.0281494740734342
40_b1,40,1,0.0032610453199595,0.0157322636091252,0.0134324640326667,0.0058826946502085
40_b10,40,10,0.0078325606882572,0.0492688994511347,0.0421970823325682,-0.0304290224204305
40_b11,40,11,0.0043060453608632,0.0788899073041935,0.0695435491300304,-0.0664366852070088
40_b12,40,12,0.0035079973749816,0.0228023229517196,0.0188276034867158,-0.0121648979088058
40_b13,40,13,0.0123731419444084,0.0275533990708344,0.0231613133387872,-0.0021364291716599
40_b14,40,14,0.0057660778984427,0.0468347543311185,0.0402045796488528,-0.0291452964537893
40_b15,40,15,0.0063600004650652,0.01105245539512,0.009485114099225,0.0058864144410472
40_b16,40,16,0.0111383954063057,0.0313052703452471,0.0266046394564909,-0.0152120263845426
40_b17,40,17,0.0029036528430879,0.0089456778845508,0.0074842005327809,0.0023330658383201
40_b18,40,18,0.0065495814196765,0.0316055393679208,0.0273011714301537,-0.011369907449698
40_b19,40,19,0.0071363952010869,0.0409941998117569,0.0350435805952292,-0.0256982996643637
40_b2,40,2,0.0063762702047824,0.0054800514364533,0.0045912607852369,-7.012020796537399e-07
40_b20,40,20,0.0029915319755673,0.0052951891714514,0.0042487850924953,-0.001315045771189
40_b21,40,21,0.0097761051729321,0.0490199475597143,0.0417034609291295,-0.0327463550727407
40_b22,40,22,0.0073389736935496,0.0169444607082785,0.0142246785480529,0.0009405425656586
40_b23,40,23,0.0067663984373211,0.0059845736620542,0.0050564376590773,-0.0018493411061353
40_b24,40,24,0.0079623432829976,0.0128157886653299,0.0108026364224497,0.0024556036747526
40_b25,40,25,0.0089117120951414,0.0113256602068585,0.0095374263008125,0.0007322068535722
40_b26,40,26,0.0029560949187725,0.0825135235352595,0.0729251874281908,-0.0711534523262525
40_b27,40,27,0.0081405639648437,0.0077341263206464,0.0065736180439125,0.006174741248833
40_b28,40,28,0.0040650716982781,0.0136333794072789,0.0116600538877537,-0.0052431177155813
40_b29,40,29,0.0051852129399776,0.0794190664591843,0.0714319907248136,-0.0700495795640745
40_b3,40,3,0.0046530459076166,0.0323988931513545,0.0274307812796905,-0.0122132406360469
40_b30,40,30,0.005875889211893,0.0195536036294801,0.0171453501185169,-0.016814567259862
40_b31,40,31,0.0109012816101312,0.0672648206040807,0.0582011334241542,-0.04332779201839
40_b32,40,32,0.0114089343696832,0.067808452577542,0.058481305186724,-0.0503678850793221
40_b33,40,33,0.0021932586096227,0.0222493473734447,0.0187203979043988,-0.0119700798409758
40_b34,40,34,0.0102880448102951,0.0789503872536361,0.0688629390017013,-0.0633239121592487
40_b35,40,35,0.004381276667118,0.0914704630328689,0.0809799783162088,-0.0770773470259519
40_b36,40,36,0.0096777528524398,0.026932831323916,0.0224213393288664,-0.010549963384401
40_b37,40,37,0.0068183960393071,0.0188333104789482,0.0159216145682148,0.0040462352964095
40_b38,40,38,0.0032843961380422,0.0706704002456328,0.0627420914254617,-0.0615281292691361
40_b39,40,39,0.0061362227424979,0.0166064156970872,0.0139771249820478,-0.0041773661598563
40_b4,40,4,0.0058648567646741,0.0785323834489401,0.0690810036248876,-0.0668102025039843
40_b40,40,40,0.0092083904892206,0.0167361151692981,0.0140545565920183,0.0069554456445621
40_b41,40,41,0.0054220957681536,0.020862835859991,0.0177540326165035,-0.0021934668533504
40_b42,40,42,0.0039973109960556,0.0401778678775452,0.035688422761159,-0.0354619056743104
40_b43,40,43,0.0089506488293409,0.0543716512196095,0.0460786669251683,-0.0413380576965573
40_b44,40,44,0.0102481991052627,0.010186853324827,0.0089300006028497,0.0084985243243863
40_b45,40,45,0.0086600566282868,0.0131824848499891,0.0110736685770098,0.0033709980116691
40_b46,40,46,0.0134763438254594,0.0263765227477963,0.0221341255225706,-0.0149138385208789
40_b47,40,47,0.0082862339913845,0.0487300721838073,0.0421853027259931,-0.0417964453762397
40_b48,40,48,0.0047867721877992,0.0192580181263924,0.0163626191252842,0.0018095071008428
40_b49,40,49,0.0057635246776044,0.0092411982818015,0.0074520559608936,0.0053306189365684
40_b5,40,5,0.0101515278220176,0.0492564658092988,0.0421628685598261,-0.0390189920621924
40_b6,40,6,0.0054468503221869,0.0364816222818309,0.031031036292552,-0.0180466117890318
40_b7,40,7,0.0102787725627422,0.0276538519868783,0.02362895262253,0.0005954248661873
40_b8,40,8,0.0075527154840528,0.0479907739802127,0.0404647352543543,-0.0341560726778698
40_b9,40,9,0.0091372849419713,0.0288282252971638,0.0239948615414323,-0.0127486039354698
41_b0,41,0,0.0067943139001727,0.0463718288214662,0.0394352531949698,-0.0273633771603636
41_b1,41,1,0.0038302417378872,0.015318613409879,0.0130305600888095,0.0088757466408424
41_b10,41,10,0.0062407846562564,0.0530880092571833,0.0454110235179541,-0.0358062411349965
41_b11,41,11,0.0043422617018222,0.0783538282406858,0.0690842183367931,-0.0660493685965775
41_b12,41,12,0.0061236685141921,0.0244532675568693,0.0208974148042034,-0.0065187603596132
41_b13,41,13,0.0102210920304059,0.027651797197013,0.0233011212246492,-0.0052244847919791
41_b14,41,14,0.0096540711820125,0.0425492967062553,0.0358046912518329,-0.02439525477821
41_b15,41,15,0.0055496804416179,0.0060763715794538,0.0049639052490238,0.0010108385619241
41_b16,41,16,0.006450573913753,0.0347076006429924,0.0296082956859027,-0.0200650467679952
41_b17,41,17,0.0053806700743734,0.0169211745388853,0.0136169606511248,0.0096022454212652
41_b18,41,18,0.0056696231476962,0.0312389987489277,0.0272354212251957,-0.0096894042368512
41_b19,41,19,0.0084541533142328,0.0401612060972033,0.0341153267590561,-0.0206344238697784
41_b2,41,2,0.0069410670548677,0.0123869157132821,0.0097859452385455,0.0084002675209194
41_b20,41,20,0.0043368977494537,0.0097037989188079,0.0081216174550354,0.0052493694750592
41_b21,41,21,0.014452532865107,0.0444009728664955,0.0373095893606659,-0.0284667751778033
41_b22,41,22,0.0116629237309098,0.0150801300257716,0.012529365326045,0.0009122103278059
41_b23,41,23,0.0070375334471464,0.009772091399829,0.0078551870281808,0.0049694834998808
41_b24,41,24,0.009014630690217,0.0183732850889258,0.0154663054854609,-0.0123183192987926
41_b25,41,25,0.009218187071383,0.0194439519591342,0.0159173764684237,0.0076696039759553
41_b26,41,26,0.0273841023445129,0.0638675583607919,0.0550847480027005,-0.0449979875842109
41_b27,41,27,0.0109678758308291,0.0152556395223372,0.0129289435048121,-0.0116276285250205
41_b28,41,28,0.0042624548077583,0.0130219918734478,0.0110576234816107,-0.0046881600341293
41_b29,41,29,0.0014003849355503,0.0862748464335473,0.0777584416851095,-0.0761234787317153
41_b3,41,3,0.0039927535690367,0.0326116148198587,0.0276514410751406,-0.0139146957208868
41_b30,41,30,0.0061088874936103,0.0221719338214025,0.0190819863986689,-0.0190100761794019
41_b31,41,31,0.010905934497714,0.0679666351870327,0.0590734590962529,-0.0437003232166171
41_b32,41,32,0.0119805168360471,0.0744634334195984,0.0650619756928063,-0.0550861933347187
41_b33,41,33,0.0028791581280529,0.0215514412282588,0.0181482822989346,-0.0085915844963165
41_b34,41,34,0.0066176755353808,0.0887426768654237,0.0784052046510623,-0.0732087462843628
41_b35,41,35,0.0099964616820216,0.0801856389133616,0.0700199125384824,-0.0640415156962262
41_b36,41,36,0.0049046608619391,0.0304194109941,0.0253508520754985,-0.0154244505264796
41_b37,41,37,0.0066282921470701,0.016544354366761,0.0141370129538699,5.50835020840168e-05
41_b38,41,38,0.018965883180499,0.0573168188491578,0.0490054579282877,-0.0412317779863951
41_b39,41,39,0.0101749477908015,0.0124732603500337,0.0103023548953933,-0.0041471273143542
41_b4,41,4,0.0162590444087982,0.0744158127848965,0.0646508582872047,-0.0584511399855546
41_b40,41,40,0.0084993382915854,0.0168771445204078,0.0140771274513099,0.0050672316853888
41_b41,41,41,0.0064776777289807,0.0202242658658483,0.0173206573771312,0.000756841097027
41_b42,41,42,0.0069652968086302,0.031400220523263,0.0272433600097429,-0.0260522502858657
41_b43,41,43,0.0059998333454132,0.0589513228696631,0.0510098599694902,-0.0485545292735332
41_b44,41,44,0.0126356268301606,0.0110268896530464,0.0094127056380966,0.0091264852456515
41_b45,41,45,0.010219806805253,0.0191242279203024,0.0153329012217,0.0111697875196114
41_b46,41,46,0.0090589774772524,0.0313793168133822,0.0260778202256187,-0.0203698912588879
41_b47,41,47,0.0079245353117585,0.0525350263969107,0.0459448176820296,-0.0456437365536112
41_b48,41,48,0.003693837672472,0.021711527791147,0.0180806556378956,-0.0111464612779673
41_b49,41,49,0.0065770419314503,0.0176963340324937,0.0144179186795372,0.0131081327365245
41_b5,41,5,0.0077580399811267,0.0540439369980594,0.047935804700246,-0.0473945168766658
41_b6,41,6,0.008774334564805,0.0314717941574572,0.0262777637029648,-0.0140538426852435
41_b7,41,7,0.0115444120019674,0.0250770452779295,0.021385628041462,-0.0069824447861174
41_b8,41,8,0.0029018681962043,0.0573036017408962,0.0486609640812093,-0.042207664631569
41_b9,41,9,0.0086935805156826,0.0309569228058084,0.0258355394564569,-0.0112627141131088
42_b0,42,0,0.0070466175675392,0.0461963757345386,0.039043720311165,-0.0297413921590487
42_b1,42,1,0.0027975444681942,0.0148558708132608,0.0127052028360776,0.0018766631814651
42_b10,42,10,0.0045411605387926,0.0525566172805543,0.0455545043479651,-0.0303029117314144
42_b11,42,11,0.0174675416201353,0.0695880865544283,0.0609208087188017,-0.0507144240081834
42_b12,42,12,0.0057406723499298,0.0233263433444615,0.0199571221473161,-0.0026816515123937
42_b13,42,13,0.0144942495971918,0.0270670893818526,0.0227427925757365,-0.0046383369044633
42_b14,42,14,0.0046506328508257,0.046137153461559,0.0397187925698381,-0.0196434325734298
42_b15,42,15,0.0070664593949913,0.0103924775559365,0.0087031510367523,-0.0023115369316656
42_b16,42,16,0.0086517101153731,0.0411265529903101,0.0356086817310279,-0.0098513266929512
42_b17,42,17,0.0026269888039678,0.0126812492692116,0.0103238925233017,0.0066995630750898
42_b18,42,18,0.006366821937263,0.0398028741446262,0.034989231606014,-0.0063120649941265
42_b19,42,19,0.0132869090884923,0.0352516823865716,0.0300092094136925,-0.018119100472104
42_b2,42,2,0.0065124193206429,0.0151315264458371,0.0122491588140837,0.009062925686594
42_b20,42,20,0.0043196827173233,0.0073532450100363,0.006038352122996,0.0028873055125586
42_b21,42,21,0.0101220831274986,0.0411172125458562,0.0345940945381153,-0.0254866387871879
42_b22,42,22,0.0113844070583581,0.0133809948247581,0.0106457001680973,-0.0029188312368933
42_b23,42,23,0.0067940815351903,0.0145551389101002,0.012006163035985,0.0070912269386462
42_b24,42,24,0.0101947989314794,0.0127925455352913,0.0109703460533637,-0.0028178079158533
42_b25,42,25,0.008190382272005,0.0147579448729039,0.0121035109634976,0.0058225301571656
42_b26,42,26,0.0180344842374324,0.0619238050315325,0.053189141684561,-0.0477428071381291
42_b27,42,27,0.0107456538826227,0.0152272578866419,0.0133395613741595,0.0130188388458918
42_b28,42,28,0.0056493268348276,0.0195397168384309,0.0166317203181097,-0.002667736497824
42_b29,42,29,0.0160932783037424,0.0842956228183485,0.0755271885127695,-0.0684545908125983
42_b3,42,3,0.0039955731481313,0.0333203259744377,0.0278897302725818,-0.0180967309291008
42_b30,42,30,0.0089422306045889,0.0143574273476568,0.0124084120197221,-0.0121190223796293
42_b31,42,31,0.0063143549486994,0.0766229129457821,0.0669600493260804,-0.0511493914746824
42_b32,42,32,0.0208736024796962,0.0796113131349183,0.0703954267992958,-0.0560114453246205
42_b33,42,33,0.0047558294609189,0.0229540920152045,0.0192511886567808,0.00470703138737
42_b34,42,34,0.0210234224796295,0.0908668928841243,0.0806336465015192,-0.0712401788358693
42_b35,42,35,0.0060265334323048,0.0796170098461004,0.0691591751977102,-0.0650022937107132
42_b36,42,36,0.0062307817861437,0.0352652250214887,0.0301864748192019,-0.0061816247156821
42_b37,42,37,0.009180280379951,0.0240002211547472,0.0197688510082662,0.0075420196959748
42_b38,42,38,0.0098419748246669,0.068830302372231,0.0601137079196632,-0.0557403950477601
42_b39,42,39,0.0107303038239479,0.0102149536020924,0.0082717267144471,-0.0013819390255957
42_b4,42,4,0.0138546358793973,0.0818533584761829,0.0719982377324049,-0.0661048828438652
42_b40,42,40,0.0098803043365478,0.0133014311754731,0.0111345304426504,0.0026912311295745
42_b41,42,41,0.006751300767064,0.0295252359525197,0.0251318430854007,0.0040977867878973
42_b42,42,42,0.0096483137458562,0.0254679928222988,0.0219790560018736,-0.020295207175659
42_b43,42,43,0.0021759667433798,0.0747228555177026,0.0659118652161851,-0.0650676248226955
42_b44,42,44,0.0131116900593042,0.0129610148166733,0.0107983570679789,0.0093336390663171
42_b45,42,45,0.0100135272368788,0.0167971249593022,0.013854181576753,0.0064483357302378
42_b46,42,46,0.0134472958743572,0.0254796622670744,0.0218835787079297,-0.0077684386377222
42_b47,42,47,0.0144431358203291,0.0388494462435925,0.0323142377613112,-0.0296629577828571
42_b48,42,48,0.0053464965894818,0.0188680861626814,0.016019576920662,0.0013072169548831
42_b49,42,49,0.0069492696784436,0.0148887294994573,0.0117209467216162,0.0104127060325117
42_b5,42,5,0.0072190323844552,0.0525510453457436,0.0464361371600534,-0.0457162119203712
42_b6,42,6,0.0069585870951414,0.0347215829494483,0.0298784310172777,-0.0071383660181891
42_b7,42,7,0.0150895006954669,0.0214410739723225,0.0181615536962635,-0.0069335265760309
42_b8,42,8,0.011577233672142,0.0589549677387512,0.0510461187757755,-0.0331210363381978
42_b9,42,9,0.0045503140427172,0.0346267856625712,0.0292374266486149,-0.0166222166211809
43_b0,43,0,0.0034764332231134,0.0513663242478666,0.0435072824051894,-0.0365838069790334
43_b1,43,1,0.0040568392723798,0.0184716817959534,0.0156477814901154,0.008595544087002
43_b10,43,10,0.0041992478072643,0.0617377588131571,0.0537483193419029,-0.038844040699405
43_b11,43,11,0.0050706090405583,0.0852645957396931,0.0755450737170758,-0.0717147408254095
43_b12,43,12,0.0027013290673494,0.0252370200108176,0.0211728088726522,-0.0124434776214184
43_b13,43,13,0.0122502660378813,0.0321903420702265,0.0272925747628323,0.0004645727458409
43_b14,43,14,0.007423457223922,0.0470915436386395,0.0407000721345684,-0.0200283667358598
43_b15,43,15,0.0070619969628751,0.0219990421446169,0.0184982015099376,0.0160073689580895
43_b16,43,16,0.0061996760778129,0.0399795767727358,0.0339700855374394,-0.0280317840784846
43_b17,43,17,0.0044963946565985,0.01631741539107,0.0132036594720557,0.0088662004237994
43_b18,43,18,0.0040854518301784,0.0366554188417339,0.0312881761111202,-0.0172798596715438
43_b19,43,19,0.0094435708597302,0.0447503762828528,0.038394893349614,-0.0177000937750563
43_b2,43,2,0.0045925858430564,0.0115612516727437,0.009687100345036,0.0036184653511736
43_b20,43,20,0.0032124347053468,0.0082311484075745,0.0068333810160402,0.0028749001573305
43_b21,43,21,0.0078560039401054,0.0477456733547411,0.0403108011908625,-0.0328367909673397
43_b22,43,22,0.0043272972106933,0.021082516314287,0.017635477403528,0.0024390435178065
43_b23,43,23,0.0048543037846684,0.0116079202945002,0.0098296793445479,0.0010685268684756
43_b24,43,24,0.007098089903593,0.015417338478001,0.0129905213136225,-0.003675460354425
43_b25,43,25,0.0072009810246527,0.0153885911096172,0.0129257863922975,-0.0004136157245375
43_b26,43,26,0.0428867936134338,0.0619200204860713,0.0531502498849295,-0.0318608550238423
43_b27,43,27,0.0075012594461441,0.0108855840555935,0.0091827393742278,0.0077794665703549
43_b28,43,28,0.0025431867688894,0.0204701990927078,0.0171109125018119,-0.0132278575189411
43_b29,43,29,0.018365629017353,0.0720001927416438,0.0641698764257307,-0.0605893038427166
43_b3,43,3,0.0034181447699666,0.035882068418063,0.0302779111475683,-0.0158453478990122
43_b30,43,30,0.0081477481871843,0.0084316563590031,0.0075302864110562,-0.0072362243069801
43_b31,43,31,0.0047979080118238,0.0727292686758841,0.0627176323073217,-0.0558593555918196
43_b32,43,32,0.0073594064451754,0.0776313384093814,0.0675886090171116,-0.0628453768628242
43_b33,43,33,0.0029128422029316,0.0203912264378206,0.0173545635445043,-0.0045330409845337
43_b34,43,34,0.0198576170951128,0.0797666203212858,0.0696561778288742,-0.0625866733396833
43_b35,43,35,0.0224062521010637,0.0792103534967479,0.0692042046906681,-0.0555862620314837
43_b36,43,36,0.0039135618135333,0.0325954584517434,0.0271210190351121,-0.0160884807049296
43_b37,43,37,0.0062129516154527,0.0208678063997734,0.0177525858883745,0.0002371737523935
43_b38,43,38,0.0088751800358295,0.0649646742708032,0.0562059071246767,-0.0517778944928431
43_b39,43,39,0.0083631630986928,0.01224520758598,0.010255538993515,-0.0024662707676179
43_b4,43,4,0.0041782869957387,0.0857976577489214,0.0761086902720126,-0.0743272263067046
43_b40,43,40,0.0073312404565513,0.0156463852874365,0.0130562929343432,-0.0007995057268999
43_b41,43,41,0.0047536343336105,0.0254376227917606,0.0217762525845319,-0.0030305735906586
43_b42,43,42,0.0033813300542533,0.0453128557900528,0.0414022666460368,-0.0413467990385834
43_b43,43,43,0.0030915492679923,0.0706398980740567,0.062302081548114,-0.0612371125356003
43_b44,43,44,0.0105591900646686,0.009890033619446,0.0083558486314723,0.0080821865139296
43_b45,43,45,0.0093337371945381,0.0223857214836705,0.0180259163322625,0.0116344428790034
43_b46,43,46,0.014608290977776,0.0265323028231943,0.022658600048162,-0.009957205755636
43_b47,43,47,0.0135167110711336,0.0409778168143935,0.0341209547210019,-0.0293783595401328
43_b48,43,48,0.0036796466447412,0.0204071780825193,0.0170309456519316,-0.0068167760118376
43_b49,43,49,0.0044710328802466,0.0092565631507134,0.0073349957086611,0.0037312465778086
43_b5,43,5,0.0041222115978598,0.06130554927664,0.0542856697895331,-0.0534574080229504
43_b6,43,6,0.0082335192710161,0.0357203474450553,0.0309196801643702,-0.0048256893429788
43_b7,43,7,0.0100948885083198,0.0309102588092679,0.026372434674995,0.002498328135116
43_b8,43,8,0.0084915962070226,0.0551018167645628,0.0469518028286984,-0.0404984676628373
43_b9,43,9,0.004879374988377,0.0401959176816489,0.0341230434947647,-0.0141915039415471
44_b0,44,0,0.0106192622333765,0.0651725142120841,0.0524422487039555,0.0164397892909619
44_b1,44,1,0.0143192810937762,0.1571740348088375,0.1397008694405667,0.1396845442731864
44_b10,44,10,0.0045079616829752,0.0696853944044599,0.0564593770392821,-0.0019594620997668
44_b11,44,11,0.0084037352353334,0.0713181914305526,0.0623338682479516,-0.0435628732237091
44_b12,44,12,0.0183920636773109,0.1031476996849783,0.0875685230368981,0.0872319063061149
44_b13,44,13,0.019786873832345,0.1105832466872683,0.0887205396918579,0.0833677071984857
44_b14,44,14,0.0065522813238203,0.070373103487938,0.0539929040572315,0.0284614947201043
44_b15,44,15,0.0068969679996371,0.1355627782753732,0.1204962572304066,0.1204789394640829
44_b16,44,16,0.0160146113485097,0.0835608746637523,0.0646968818284221,0.0490557460844866
44_b17,44,17,0.0108014410361647,0.1640859895840619,0.1510343534324784,0.1510343534324784
44_b18,44,18,0.0051255668513476,0.0817243764383319,0.0636930945189669,0.0473274620063602
44_b19,44,19,0.0065735690295696,0.0707618879149284,0.0532832031152793,0.0371262068030773
44_b2,44,2,0.0098274955525994,0.1412222567689336,0.1286859877128154,0.1286775185726583
44_b20,44,20,0.0141570307314395,0.1547461685352899,0.1413863920979201,0.1413863920979201
44_b21,44,21,0.0109590720385313,0.0482282270578246,0.0406675744588574,0.0111508265071461
44_b22,44,22,0.0056816358119249,0.1175753526155223,0.1022948920796625,0.102101621881593
44_b23,44,23,0.0102718453854322,0.1318532520065704,0.1190369214245583,0.1190278727572877
44_b24,44,24,0.0077287442982196,0.1145386273726249,0.0999020961346104,0.0998531768145039
44_b25,44,25,0.0235359910875558,0.1469917248686046,0.1315648305055219,0.1315648305055219
44_b26,44,26,0.0054046483710408,0.0614834466605532,0.0527664457113132,-0.0360989666954265
44_b27,44,27,0.0088436305522918,0.1180542691117934,0.1082053531345445,0.1082053531345445
44_b28,44,28,0.0019951499998569,0.0796244980824989,0.0672753269269014,0.067002500789531
44_b29,44,29,0.0329544246196746,0.0675126433847683,0.0587132440737332,-0.0341433434872305
44_b3,44,3,0.009942328557372,0.0893491225769712,0.0696320621215272,0.0578532597667071
44_b30,44,30,0.0062426566146314,0.0788664751156878,0.0715194461331702,0.0715186078078113
44_b31,44,31,0.0032821954227983,0.0744896900508107,0.0654761190734279,-0.0341111686661315
44_b32,44,32,0.0041002389043569,0.0728470080256348,0.064007124499476,-0.0467469538786099
44_b33,44,33,0.0069714435376226,0.113436021790425,0.0973656152072362,0.0971460852981545
44_b34,44,34,0.0086170528084039,0.0808652440548847,0.0709339439022733,-0.0573468998485623
44_b35,44,35,0.0112578906118869,0.071535320002935,0.0621237771942833,-0.039220867220647
44_b36,44,36,0.0068975356407463,0.0793685892817834,0.0624698660848662,0.0504833207372576
44_b37,44,37,0.0076058213599026,0.1165788927615739,0.0995501693338155,0.0993358782492578
44_b38,44,38,0.0111453868448734,0.0557516671803609,0.04777779421187,-0.0285969714855309
44_b39,44,39,0.0082973567768931,0.0873780859513162,0.0755177067354088,0.0754444971709745
44_b4,44,4,0.0172988437116146,0.0730892487168338,0.0634768999401785,-0.0486557111201182
44_b40,44,40,0.0179277211427688,0.1389187124905034,0.1216325489600421,0.1216325489600421
44_b41,44,41,0.0046232677996158,0.1023178426966213,0.0827903349150437,0.0784291216486599
44_b42,44,42,0.0027821720577776,0.0203201922119193,0.0173364009644137,-0.0031089248420903
44_b43,44,43,0.002405425067991,0.0549223647227391,0.0467681814884417,-0.0361846448635333
44_b44,44,44,0.0126771023496985,0.1327846802947112,0.121408859018411,0.1214083401000243
44_b45,44,45,0.0214132908731699,0.1637036027518285,0.147239753465401,0.1472296925552655
44_b46,44,46,0.0133069362491369,0.0668756978274869,0.0538655383768491,0.0451223586522974
44_b47,44,47,0.0108533324673771,0.037306952548301,0.0303754157410003,0.0129022926441393
44_b48,44,48,0.0071445354260504,0.1156293183388959,0.0987965410924516,0.0983421076158992
44_b49,44,49,0.0190175529569387,0.1837871898645299,0.1639471078466158,0.1639471078466158
44_b5,44,5,0.0073455851525068,0.0395832443273545,0.0330875750177074,-0.0047155582776758
44_b6,44,6,0.0072063887491822,0.0839224232993152,0.0643407187669072,0.0558644793124403
44_b7,44,7,0.0162838101387023,0.0916144932853751,0.0727991117851343,0.0691609070694539
44_b8,44,8,0.003400070592761,0.053594613513333,0.0462348642983124,-0.0109029551522689
44_b9,44,9,0.0038857727777212,0.0889717483942917,0.0677988420927431,0.051836370184319
45_b0,45,0,0.0055491519160568,0.0527336389266689,0.0448658894323307,-0.0350533733348856
45_b1,45,1,0.005411276128143,0.0244230119179435,0.0205518526141531,0.0113066998519934
45_b10,45,10,0.0039475299417972,0.057894085426697,0.0502046082918241,-0.036885410282266
45_b11,45,11,0.0040504178032279,0.0881202813170315,0.0785178634073236,-0.0762164210583432
45_b12,45,12,0.0064920177683234,0.0228789752351737,0.0195696794160176,-0.0044346095912624
45_b13,45,13,0.0125579852610826,0.031415900266288,0.0269060089730192,-0.0007290174684021
45_b14,45,14,0.0113048264756798,0.0421756556367397,0.0358854715002235,-0.0210989547276403
45_b15,45,15,0.006350063253194,0.017682640158954,0.0151486768363975,0.008888680038508
45_b16,45,16,0.0069883265532553,0.0355954865045856,0.0304070824891096,-0.0204984009399777
45_b17,45,17,0.0024665244854986,0.0128865052648606,0.0103848365682642,0.0071937043045181
45_b18,45,18,0.0043298322707414,0.034880040263093,0.0304969246918335,-0.0111058509349823
45_b19,45,19,0.00754533149302,0.0482491492610226,0.0414867922212579,-0.0269721854003728
45_b2,45,2,0.0035147329326719,0.0118093271152384,0.0096955111948773,0.0045524275954812
45_b20,45,20,0.0033337641507387,0.0081873833832611,0.0069354242319241,-0.000539156566374
45_b21,45,21,0.0118103269487619,0.0427510872425732,0.0360650791169609,-0.0287790730164852
45_b22,45,22,0.0059606079012155,0.0195593998525299,0.0161477204289985,0.0015530397120164
45_b23,45,23,0.0036293768789619,0.0110826370042876,0.0091068001533858,0.0014217660645954
45_b24,45,24,0.0073479586280882,0.0162249519070871,0.0136665731074754,0.0019145599601324
45_b25,45,25,0.0070342775434255,0.0160618651677384,0.0136106417211703,-0.0025938189146108
45_b26,45,26,0.0124657992273569,0.0729699313557623,0.0633348512032535,-0.0581612290011253
45_b27,45,27,0.0076655377633869,0.0074413208406511,0.0060235916066449,0.0047008594695944
45_b28,45,28,0.0029760533943772,0.0181542984161316,0.0153320367747801,-0.0091569007767247
45_b29,45,29,0.0143555738031864,0.0774897604873226,0.069120004867218,-0.0638016717389837
45_b3,45,3,0.0026920232921838,0.0394727164486016,0.0332147876441013,-0.0246237909758929
45_b30,45,30,0.0083469972014427,0.023101319558811,0.019217405966774,-0.0170042081925203
45_b31,45,31,0.0077111879363656,0.0714036757528883,0.0615130387915996,-0.0525000032706884
45_b32,45,32,0.0075539113022387,0.0789786051572739,0.0691451824834075,-0.062169092759068
45_b33,45,33,0.0024762037210166,0.0188179298646981,0.0160615255974698,-0.0033536962338257
45_b34,45,34,0.012858965434134,0.0864952170208823,0.0762511716876906,-0.0693506967882422
45_b35,45,35,0.0131276445463299,0.0809084452425232,0.0707404551840591,-0.0620462576578575
45_b36,45,36,0.0069597251713275,0.0303397442185203,0.0260807572607882,-0.0068713423493318
45_b37,45,37,0.0052244309335947,0.0190243626392795,0.0162104303739033,0.0014318071654997
45_b38,45,38,0.0201172679662704,0.0631925408341512,0.0545463982317596,-0.0488135889172554
45_b39,45,39,0.0111524853855371,0.0132171815732069,0.0110337087576044,-0.0055028929252875
45_b4,45,4,0.009852772578597,0.0842873817945795,0.0745830572445629,-0.0722877471407628
45_b40,45,40,0.0072997836396098,0.0178050948571346,0.0146865203959168,0.0022922475571976
45_b41,45,41,0.0033911000937223,0.0254992333587268,0.0220639613387174,-0.0003790104831568
45_b42,45,42,0.0090406518429517,0.0284444545801877,0.0246422243642155,-0.0231668879452627
45_b43,45,43,0.0100472476333379,0.0606289461595753,0.0520540579660155,-0.0488339972375251
45_b44,45,44,0.0134337376803159,0.013229760201896,0.0108630234914016,0.0085872972218203
45_b45,45,45,0.0078621450811624,0.0182732059732124,0.0148995535087306,0.0093037346319761
45_b46,45,46,0.0117230834439396,0.0296374834657506,0.0251525072637014,-0.0173641628515906
45_b47,45,47,0.0122540723532438,0.0383396130025895,0.0321241026162169,-0.0302958798757754
45_b48,45,48,0.0043386649340391,0.0196687571958235,0.0163297310599591,-0.0019372280442621
45_b49,45,49,0.0065373424440622,0.0219902979076802,0.0176793803635519,0.0162615299189928
45_b5,45,5,0.0190536752343177,0.0392343995862712,0.0333723686751909,-0.0266853694082237
45_b6,45,6,0.0114185567945241,0.0299663509500889,0.0253890345868421,-0.0105202281445963
45_b7,45,7,0.008390980772674,0.0319651383619467,0.0274575349263614,-0.0064075623586541
45_b8,45,8,0.0085822390392422,0.0553398199768719,0.0474238882905774,-0.0341884810593182
45_b9,45,9,0.0041843252256512,0.037347910602336,0.0316226350300712,-0.015863341402146
46_b0,46,0,0.0086070857942104,0.0451068301837554,0.0384781856396875,-0.0235224894438579
46_b1,46,1,0.0018208139808848,0.0151706050980821,0.0125007317960262,-0.0037758771004155
46_b10,46,10,0.0074172085151076,0.0544767273801578,0.0465218382209423,-0.0383133061343687
46_b11,46,11,0.0021171565167605,0.08552066945244,0.076132790994161,-0.0743855627604352
46_b12,46,12,0.0043956176377832,0.0242174621066968,0.0205069523490965,-0.0090913806483149
46_b13,46,13,0.0086653660982847,0.0302321379499343,0.0253472703864099,-0.0117273141472833
46_b14,46,14,0.0075723268091678,0.0436450148657679,0.0371888066956307,-0.025330497365212
46_b15,46,15,0.0048047201707959,0.0126725690717857,0.0106786614505108,-0.0013934087718371
46_b16,46,16,0.0084558511152863,0.0406146409759723,0.0345778308974695,-0.0020005721764755
46_b17,46,17,0.0040391078218817,0.0109806500938289,0.0090633894177153,0.00406934897881
46_b18,46,18,0.0051365294493734,0.0428304955839169,0.0370040726556908,0.0036742691474501
46_b19,46,19,0.0127900075167417,0.0363642302304477,0.0309351132214942,-0.0148532736986817
46_b2,46,2,0.0038134129717946,0.0128792359462229,0.0111953523638658,0.0084937877417542
46_b20,46,20,0.0030200127512216,0.0071853752231586,0.0058442440081853,-0.0025166268099565
46_b21,46,21,0.0124883465468883,0.0474057779509597,0.0401377229762874,-0.0318827380610309
46_b22,46,22,0.0071677388623356,0.0191681557020613,0.0157646318455226,0.0053969392436556
46_b23,46,23,0.004237562417984,0.0124388434804978,0.0108550276828464,0.0061599416926037
46_b24,46,24,0.0078207431361079,0.0145565562932232,0.0122931029438041,0.0015572716505266
46_b25,46,25,0.0113507034257054,0.0222456310742954,0.0180282446433557,0.0115424123377306
46_b26,46,26,0.003572168527171,0.0766976470383606,0.0678998528790543,-0.0666222155184368
46_b27,46,27,0.0084572667255997,0.0093908593310198,0.007894573402591,0.0046306415647268
46_b28,46,28,0.0032821267377585,0.0120584597546403,0.0100883383915061,-0.0031659341003978
46_b29,46,29,0.0194479692727327,0.076882817906193,0.0683016711963864,-0.0588065327693766
46_b3,46,3,0.0018272745655849,0.0362151450706404,0.0302396956284064,-0.0215980158548336
46_b30,46,30,0.0041534267365932,0.0266522603937251,0.0230963248822081,-0.0228514730806637
46_b31,46,31,0.0491878613829612,0.0776071207043154,0.067546631519508,-0.0198343061681953
46_b32,46,32,0.0130263231694698,0.0789169878466415,0.0694583757163491,-0.058201538947178
46_b33,46,33,0.0021226862445473,0.0251872852883286,0.0212457587220706,-0.0154933481127955
46_b34,46,34,0.0263447370380163,0.0870119715352458,0.076737277873035,-0.0650258483245852
46_b35,46,35,0.0078075006604194,0.0775434773172794,0.0676153172837803,-0.0620670383429387
46_b36,46,36,0.0068093356676399,0.0349234038868155,0.0302083908033091,0.0020959263795521
46_b37,46,37,0.0047981776297092,0.0178217627319209,0.015328327040188,0.0067629878083243
46_b38,46,38,0.0016366795171052,0.0736529863467203,0.0650079541376908,-0.0634893114029546
46_b39,46,39,0.0073157963342964,0.0177656054095178,0.0149271633289754,-0.0138137432187795
46_b4,46,4,0.0030002989806234,0.0853842420636077,0.0756055640645354,-0.0737160835468239
46_b40,46,40,0.0117359813302755,0.0265356739099747,0.0213840455369791,0.0144323753908975
46_b41,46,41,0.0029147993773221,0.034773249221224,0.0289920472993981,0.0117788662167731
46_b42,46,42,0.0077647035941481,0.0354405670505091,0.0306658412126125,-0.0298712788411648
46_b43,46,43,0.019247829914093,0.0487450282083863,0.041599863381416,-0.0256442897536908
46_b44,46,44,0.0092223174870014,0.0048384481962876,0.0040088743498199,-0.0009797634431743
46_b45,46,45,0.0065062306821346,0.011668420373836,0.0098361626907717,-0.0003736247133929
46_b46,46,46,0.0128805320709943,0.026577851901224,0.0226266224239952,-0.0040061736456118
46_b47,46,47,0.0080623142421245,0.0547303790177539,0.0488909426995087,-0.0487987846427131
46_b48,46,48,0.0049464274197816,0.0231683518912036,0.0198406034556683,0.0079806249740067
46_b49,46,49,0.0068462393246591,0.0208363004449981,0.0168710620765341,0.0141265186929376
46_b5,46,5,0.00702161854133,0.0590566598705141,0.0525973354198504,-0.0521696647547651
46_b6,46,6,0.0069855535402894,0.0334862033043147,0.0282584984088316,-0.0175870836293324
46_b7,46,7,0.0141276586800813,0.0247602146471277,0.0206602818501414,-0.013187634179485
46_b8,46,8,0.0158802513033151,0.0581083020427883,0.05036418522257,-0.0270746980917465
46_b9,46,9,0.0067277755588293,0.0359043340258176,0.0300413124554324,-0.019345053700963
47_b0,47,0,0.0075715957209467,0.0414218803064507,0.0352265189385798,-0.0227418697539542
47_b1,47,1,0.0028631398454308,0.0151183934559738,0.0128856580960564,0.0085672972607426
47_b10,47,10,0.0103248581290245,0.0493435437705084,0.0426762864959891,-0.0229657670750748
47_b11,47,11,0.0056512160226702,0.0762665449747341,0.0672440555234789,-0.06342019065778
47_b12,47,12,0.0047483607195317,0.024044835124945,0.0201690803479868,-0.0095210472610779
47_b13,47,13,0.0094542792066931,0.0255047303358036,0.0212696849135681,-0.0099080401659011
47_b14,47,14,0.0094808312132954,0.0442814668704258,0.0379415224766125,-0.0220686078717699
47_b15,47,15,0.0053750304505229,0.0144831108456998,0.0121278751501813,0.008780948142521
47_b16,47,16,0.0091279279440641,0.0290502785722121,0.0247951392112008,-0.0117943449811718
47_b17,47,17,0.0030192201957106,0.0089411828696854,0.007078831057297,0.0055173151579219
47_b18,47,18,0.0053843390196561,0.0295884310430737,0.0249651042197365,-0.0156505268497858
47_b19,47,19,0.0095031904056668,0.0403681259351644,0.0344201441406039,-0.0171536391688277
47_b2,47,2,0.0058712596073746,0.0048845701416533,0.0040685187233611,0.0014206685358658
47_b20,47,20,0.0035176947712898,0.0065584731947653,0.0054078713152557,-0.0001303931884467
47_b21,47,21,0.0134194698184728,0.0388490706107735,0.0331388008698559,-0.0178394996665156
47_b22,47,22,0.0047693713568151,0.0206278462246562,0.0171426713649998,0.0009728624115814
47_b23,47,23,0.0062087103724479,0.0046444662672124,0.0039431020291522,-0.0003632821701467
47_b24,47,24,0.0070842155255377,0.0156798299418603,0.0132260069670155,0.0041974041098728
47_b25,47,25,0.0080094188451766,0.0144071310797303,0.0119926634477451,0.0011798557685688
47_b26,47,26,0.0202898047864437,0.0659663199017115,0.0566060707895667,-0.0469673571447492
47_b27,47,27,0.008480142802,0.0152864375347274,0.013431808251189,0.0133476102224085
47_b28,47,28,0.0042633479461073,0.0139935525304335,0.0118480056049884,-0.0044689232451491
47_b29,47,29,0.0191833917051553,0.0669258058180883,0.0591270286831058,-0.0500654545842189
47_b3,47,3,0.002560912631452,0.0339349662744084,0.0285705353412777,-0.0200384014961309
47_b30,47,30,0.0092046689242124,0.0120905460039145,0.010144422132289,-0.0077325620257761
47_b31,47,31,0.0056184371933341,0.0687871244982624,0.0593754316132981,-0.0484151405945885
47_b32,47,32,0.0160451866686344,0.070187987373903,0.0614313749261782,-0.049955757985881
47_b33,47,33,0.0028182773385196,0.0223663396523724,0.0191545102506643,-0.0060862167779123
47_b34,47,34,0.0208831392228603,0.0785962160615082,0.0688923305954085,-0.0585749967658193
47_b35,47,35,0.0083284024149179,0.0809980668870451,0.0708382063016324,-0.0632571571443259
47_b36,47,36,0.0067110285162925,0.0251468484415748,0.0210994088905863,-0.0091718593914993
47_b37,47,37,0.0050704553723335,0.0160117457154403,0.0136981732421554,-0.0006627064547501
47_b38,47,38,0.0038967174477875,0.0696327978039305,0.061100275782519,-0.0591273312602425
47_b39,47,39,0.010560343042016,0.0128353680147736,0.010738859232515,-0.000675917842891
47_b4,47,4,0.0161149464547634,0.0721585918616813,0.0627699209684215,-0.0554431579219817
47_b40,47,40,0.0076477685943245,0.0172753066232745,0.0143502817000262,-2.157289651222527e-05
47_b41,47,41,0.0058600660413503,0.0175098318598012,0.0145484723086701,-0.0052023808826925
47_b42,47,42,0.0040578311309218,0.0439180520974546,0.0390038894186727,-0.0388427709764801
47_b43,47,43,0.0072382320649921,0.0578568156390398,0.0497259961254894,-0.0469677192158997
47_b44,47,44,0.0131844831630587,0.0089786941071988,0.0074140719012939,0.0062853440162143
47_b45,47,45,0.0069571482017636,0.0097338292666527,0.0080557808186858,0.0040073197241872
47_b46,47,46,0.0135961603373289,0.0231152749520867,0.0197643415362108,-0.0045353813620749
47_b47,47,47,0.0083881393074989,0.0456538591445093,0.0391924815310631,-0.0387642707733903
47_b48,47,48,0.0036823623813688,0.0212153299215796,0.0179480096651241,-0.0003964818781241
47_b49,47,49,0.0050896517932415,0.0089811981900624,0.0075939401891082,0.0008489219704642
47_b5,47,5,0.0044348314404487,0.0598729232795306,0.0530918095086235,-0.0525713220995385
47_b6,47,6,0.0092259803786873,0.0343342115471434,0.0296467089711222,-0.0101145867316517
47_b7,47,7,0.0105499532073736,0.0247353910380054,0.0206426597968675,-0.0111105595552362
47_b8,47,8,0.0088763665407896,0.0484748154033075,0.041152480407909,-0.030979167286714
47_b9,47,9,0.0069905444979667,0.032410595959526,0.027271758361021,-0.010976574543165
48_b0,48,0,0.0052292980253696,0.0478777027796982,0.0403505977037275,-0.0330449003124522
48_b1,48,1,0.0047927992418408,0.0217209095499899,0.0182837155251763,0.0125644222064875
48_b10,48,10,0.0057104122824966,0.0552600122864148,0.0477337428001919,-0.031953976653167
48_b11,48,11,0.0200162976980209,0.0732774320998838,0.0640599781632772,-0.0545597400263068
48_b12,48,12,0.0067032575607299,0.0193435036609702,0.0164758963155327,-0.0001324250601464
48_b13,48,13,0.011032884940505,0.0273727345688497,0.0229321152647025,-0.0101574050518684
48_b14,48,14,0.0063458988443017,0.0442066371298259,0.0378394514699175,-0.022240830995579
48_b15,48,15,0.0056138425134122,0.0135527531544843,0.0117070177407003,0.0054014389240182
48_b16,48,16,0.0072475639171898,0.0379441199304834,0.0327820262471505,-0.0138292008238204
48_b17,48,17,0.003605084028095,0.0117288618424,0.0099374660069588,0.0016872403805609
48_b18,48,18,0.0052977153100073,0.0365337450658651,0.0315656776283867,-0.0124828666518442
48_b19,48,19,0.0132016502320766,0.036149657299753,0.030596534704091,-0.0140104293532203
48_b2,48,2,0.0039775744080543,0.0084282133600813,0.0070823281584307,0.0009159609535709
48_b20,48,20,0.0025939014740288,0.0043687250517551,0.0036000674800015,0.0012440763204358
48_b21,48,21,0.0102372113615274,0.0468406108997204,0.0392864298993663,-0.0344696893297077
48_b22,48,22,0.0068766199983656,0.016397765269998,0.0136121136147994,0.0031884316343348
48_b23,48,23,0.004190444946289,0.0095358297360144,0.0079998151678591,-0.0013889541989192
48_b24,48,24,0.0088908206671476,0.0149626139535639,0.0127839269884862,-0.0046685751085169
48_b25,48,25,0.0068876128643751,0.0111178220445969,0.0093684183293953,-3.7951343692839145e-05
48_b26,48,26,0.0045960382558405,0.0760211924419827,0.0672030019183876,-0.0659795531706186
48_b27,48,27,0.0092793432995677,0.0075386675149221,0.006390786122065,0.0026940524228848
48_b28,48,28,0.003907267935574,0.0185909124157219,0.0154468958987854,-0.0124328986718319
48_b29,48,29,0.0255991443991661,0.0727398147391491,0.0643079309134554,-0.0547982807205335
48_b3,48,3,0.0088772932067513,0.0323920542340346,0.027559904565569,-0.0049333672132343
48_b30,48,30,0.0081640370190143,0.0126078102986583,0.0108828190265921,-0.0102273192553548
48_b31,48,31,0.0075993738137185,0.0699795127229228,0.061081999103626,-0.0461453291877114
48_b32,48,32,0.0117740985006093,0.0753474514156176,0.0656390065574669,-0.0565304311565705
48_b33,48,33,0.0030054303351789,0.0214616653867963,0.01813726729888,-0.0098443899321136
48_b34,48,34,0.0175801236182451,0.0822950053286269,0.0720586859004834,-0.0631109732099139
48_b35,48,35,0.0011299503967165,0.0880836176223911,0.0779305510912308,-0.0758446696810642
48_b36,48,36,0.0067980149760842,0.0327848648395057,0.0279186164680868,-0.0106453451095148
48_b37,48,37,0.0074113034643232,0.0158253499454583,0.0135244237002916,0.0016895705251954
48_b38,48,38,0.0131257912144064,0.0659077562862521,0.0572653507918585,-0.0531150935136247
48_b39,48,39,0.0062785539776086,0.0116933234814806,0.0098477335472125,-0.0020871548855211
48_b4,48,4,0.0141506679356098,0.0816083563448194,0.0716608711491426,-0.0667431300316093
48_b40,48,40,0.0079360967501997,0.0117574288325266,0.0096859715273603,-0.0018859837390482
48_b41,48,41,0.0045883734710514,0.0258238005371939,0.0220967651554383,-0.0026591207436285
48_b42,48,42,0.0053987046703696,0.042368007921272,0.0371458534407429,-0.0368398166215047
48_b43,48,43,0.0034702396951615,0.0692665038595944,0.0607169254141626,-0.0591202525998232
48_b44,48,44,0.0101345665752887,0.0121233922732726,0.0101240423686977,0.0097656689591531
48_b45,48,45,0.0079185990616679,0.0142064144627307,0.0117625001724809,0.0061811687704175
48_b46,48,46,0.0091058537364006,0.0321193128909789,0.0267624488973524,-0.0208296438760589
48_b47,48,47,0.0109271109104156,0.0406479325962635,0.0343060285109095,-0.0330916583049111
48_b48,48,48,0.0040169837884604,0.0188606545292705,0.0158927592216059,-0.0032772077014669
48_b49,48,49,0.0065587796270847,0.0131871002851483,0.010457455071737,0.0088632283516926
48_b5,48,5,0.0086611760780215,0.0507352890339016,0.0446964842040324,-0.0437127229903126
48_b6,48,6,0.0067217219620943,0.0324046634021759,0.0273801622618339,-0.0141740842428407
48_b7,48,7,0.013022406026721,0.0219286516826084,0.0186431532469578,-0.0048382482235319
48_b8,48,8,0.011182127520442,0.0527054794169145,0.0450286905345274,-0.0312254342576488
48_b9,48,9,0.0072808219119906,0.034980555600215,0.0299276574957184,-0.0068715464905835
49_b0,49,0,0.005030246451497,0.048614666680795,0.0411566716488596,-0.0341633996819291
49_b1,49,1,0.0024718267377465,0.0182682860497012,0.0149023679376114,-0.0110761073755566
49_b10,49,10,0.0065839742310345,0.0487256445474424,0.0419758644999819,-0.0292073665533098
49_b11,49,11,0.007080856245011,0.0813791670263003,0.0719667815059074,-0.0687787614538683
49_b12,49,12,0.0073577943257987,0.0221812372095801,0.0187387981388019,-0.0067043866525636
49_b13,49,13,0.009133044630289,0.0291734518682154,0.0246898607944604,-0.0071467668830882
49_b14,49,14,0.0068686380982398,0.039759201628538,0.0337911688358872,-0.0202283279699622
49_b15,49,15,0.0048700501210987,0.0137722168813779,0.0116879064578097,0.0036185209627728
49_b16,49,16,0.0068332157097756,0.0358935240626406,0.0305666825341177,-0.0184172374082845
49_b17,49,17,0.0044638216495513,0.0147419458237829,0.0119244761148002,0.0082038670929614
49_b18,49,18,0.0036640844773501,0.0367001404978784,0.0310729112435365,-0.0177102383511373
49_b19,49,19,0.0114503875374794,0.0322573527908866,0.0272304577630711,-0.0193703406903659
49_b2,49,2,0.006486864760518,0.0065982647900281,0.0053726658271625,-0.003773664147593
49_b20,49,20,0.0042845802381634,0.0056671845532988,0.0048521460115443,0.0023108307563234
49_b21,49,21,0.0147492848336696,0.0403266566338688,0.0343535889105987,-0.0242217579277348
49_b22,49,22,0.0099636800587177,0.0128304722715361,0.0105779147706925,-0.0008904913254082
49_b23,49,23,0.00649887137115,0.0082932681348863,0.0066700764908455,-0.0048782414244487
49_b24,49,24,0.0060475110076367,0.0163058457567622,0.0137005928810685,-0.0095606873556971
49_b25,49,25,0.007751481141895,0.0147273969709423,0.0123642025107983,0.0028321565606165
49_b26,49,26,0.0067681539803743,0.0740280666366293,0.0643409996185801,-0.0608042061314336
49_b27,49,27,0.0071682576090097,0.0144688610493107,0.0118749139027204,-0.0093025948840659
49_b28,49,28,0.0029779814649373,0.0189064761161621,0.0158485056279459,-0.0133720123424427
49_b29,49,29,0.0155278667807579,0.0731822823783755,0.0646755071958614,-0.0576580114251555
49_b3,49,3,0.0042246049270033,0.0346235020037278,0.0292476053908467,-0.0179366000485606
49_b30,49,30,0.0068423170596361,0.0183446512532138,0.0155736552979215,-0.0149152842219336
49_b31,49,31,0.007304823026061,0.0732177097674108,0.0639293934911256,-0.047840587417013
49_b32,49,32,0.0150740649551153,0.0761973327628095,0.0670203498318733,-0.0542866748651431
49_b33,49,33,0.0026016656775027,0.0175833931559789,0.0149248506873846,-0.0029829487763345
49_b34,49,34,0.0223699957132339,0.0823499662012137,0.072381135816322,-0.0609379614792851
49_b35,49,35,0.0034976515453308,0.0836704255385428,0.0733603367247997,-0.0698430081588594
49_b36,49,36,0.0058706235140562,0.0296544357543354,0.0249845687986817,-0.0093249174428638
49_b37,49,37,0.0060634310357272,0.0172693541403766,0.0147704584477469,-0.0028359636152163
49_b38,49,38,0.0141291432082653,0.0636303573213478,0.0550981465505901,-0.0501966555940453
49_b39,49,39,0.0055453265085816,0.0154513110590363,0.0123946622558287,-0.0088015064210048
49_b4,49,4,0.0132709182798862,0.0788258162494271,0.0690404853173458,-0.0639514275612236
49_b40,49,40,0.0071827773936092,0.0156585435388014,0.0130923305585747,0.0023434077849378
49_b41,49,41,0.0048409588634967,0.0245272399633827,0.0202791332505876,-0.0096030379185685
49_b42,49,42,0.0059688678011298,0.036203139042326,0.0317256790190003,-0.0314291469077579
49_b43,49,43,0.0032439790666103,0.0676965609889795,0.0592930915379838,-0.0581426324868516
49_b44,49,44,0.0097469296306371,0.0074850694491826,0.0062154433428077,-0.0002301924134371
49_b45,49,45,0.0074171386659145,0.0128105557084366,0.0108393931982573,0.0032110630639363
49_b46,49,46,0.0106571670621633,0.0275159215734273,0.0231572532537393,-0.0169615228124894
49_b47,49,47,0.0076401056721806,0.0511756361857347,0.0445459077472332,-0.0440652188810054
49_b48,49,48,0.005417457781732,0.0197801934329672,0.0167255598073825,0.0005321409041061
49_b49,49,49,0.0066803661175072,0.0121313650406462,0.00953932436998,0.0077604770392645
49_b5,49,5,0.0121579244732856,0.0484931131417285,0.0420137191435787,-0.0399217147484887
49_b6,49,6,0.0062120612710714,0.0304096959826134,0.0260105758762802,-0.008642851137265
49_b7,49,7,0.0139849409461021,0.0198510757552781,0.0168876784888561,-0.0055240956170018
49_b8,49,8,0.0099126063287258,0.055406248823103,0.0477935727000294,-0.0310845882906869
49_b9,49,9,0.0072543686255812,0.0279591334724253,0.0233313773339614,-0.0121367784868925
4_b0,4,0,0.0034399551805108,0.0546066088323978,0.0466802341267612,-0.038714112670641
4_b1,4,1,0.0031215527560561,0.0142710812726756,0.0121249863901175,0.0026489221327938
4_b10,4,10,0.0063729900866746,0.0542736265635949,0.0469703527033561,-0.031787905479432
4_b11,4,11,0.0054714740253984,0.0823444722204232,0.0728597460925812,-0.0682972643710672
4_b12,4,12,0.0089376075193285,0.0232775229701453,0.0197180071118054,-0.0071792172658024
4_b13,4,13,0.0092891044914722,0.0324392192307138,0.0274390779496752,-0.0105017643157043
4_b14,4,14,0.0078322831541299,0.0429739873049657,0.0369524708725657,-0.016188412919655
4_b15,4,15,0.0061544692143797,0.01206774418338,0.0103043090284336,0.0046060228801798
4_b16,4,16,0.0071874065324664,0.0348096088731272,0.02983152341214,-0.0163766612124163
4_b17,4,17,0.0038905395194888,0.0126185571421241,0.0105642038316,0.0038370662822853
4_b18,4,18,0.0040560853667557,0.0371177751235788,0.0319407166045857,-0.0158150927553651
4_b19,4,19,0.0141861755400896,0.0364875143144025,0.0310128347860882,-0.0137169801612617
4_b2,4,2,0.0056283958256244,0.0094709275314415,0.0081069739558734,-0.0041641825274564
4_b20,4,20,0.0049698357470333,0.0104385727324203,0.0088202783535234,0.0041814273013733
4_b21,4,21,0.0140432137995958,0.0405137427758428,0.0342821755239128,-0.0229726907589792
4_b22,4,22,0.0103903673589229,0.0160390875062805,0.013334741438739,-0.0060645952215418
4_b23,4,23,0.0058678332716226,0.0098138329169358,0.0082550671510398,-0.0054355736542493
4_b24,4,24,0.0084803290665149,0.0160268828914199,0.0134467599529307,-0.0048372654791455
4_b25,4,25,0.0099819144234061,0.0159407363205263,0.0133189914858667,0.0018848033173708
4_b26,4,26,0.0037479759193956,0.0771790149007977,0.0681983660330297,-0.0664088018314214
4_b27,4,27,0.0086496425792574,0.0098110522762993,0.0082417193008586,-0.0020688077434897
4_b28,4,28,0.0043242136016488,0.0157946112655724,0.0133683368907077,-0.0083572002471191
4_b29,4,29,0.0078115984797477,0.0758790046447638,0.0677868420991944,-0.0636853026505923
4_b3,4,3,0.003014896530658,0.0388818568383972,0.032987620930653,-0.020410249219276
4_b30,4,30,0.0068998448550701,0.0204716558002104,0.0170093225565506,-0.0159315704245818
4_b31,4,31,0.0034358706325292,0.0748207210313114,0.0646211396724538,-0.0569030756418214
4_b32,4,32,0.0058717485517263,0.0774475991635412,0.0676517510095436,-0.0619969486266199
4_b33,4,33,0.0032242941670119,0.0250208907246517,0.020881650885567,-0.0169298205990344
4_b34,4,34,0.005641798954457,0.0857264076579063,0.075553105303843,-0.0713621535644051
4_b35,4,35,0.0081312116235494,0.0780665020569332,0.0679142676274204,-0.061943800251829
4_b36,4,36,0.0064809438772499,0.0299553922139843,0.0253570416523143,-0.0087781699560582
4_b37,4,37,0.0055644139647483,0.0167605465619007,0.0140126663143746,-0.0053733206051401
4_b38,4,38,0.0082304868847131,0.0611794320588888,0.0531477306305896,-0.049044324363349
4_b39,4,39,0.0063944244757294,0.0150107062130249,0.0126826498916489,-0.0056591145301354
4_b4,4,4,0.015568689443171,0.0758504834602949,0.0661368717169534,-0.0599082073788304
4_b40,4,40,0.0097108008340001,0.0157552362697479,0.0130798466474516,0.0010788316599791
4_b41,4,41,0.0047021452337503,0.0250827773982659,0.0212081943725934,-0.0065561070147668
4_b42,4,42,0.005944337695837,0.0328894197370489,0.0289701828453689,-0.0284041288681328
4_b43,4,43,0.008552866987884,0.0573152643808071,0.0491365982865681,-0.0446048125711968
4_b44,4,44,0.0092861168086528,0.0049269019733786,0.0042179418090381,0.001327703873103
4_b45,4,45,0.0092856809496879,0.0144394587938464,0.0121678830019664,0.00381923547131
4_b46,4,46,0.0122559340670704,0.0272111047476317,0.0227985924854874,-0.0144853720115497
4_b47,4,47,0.012658754363656,0.0454606596251551,0.0383552757557481,-0.0363736184407025
4_b48,4,48,0.0041496846824884,0.0225349961562663,0.0189777036872692,-0.0051873387419618
4_b49,4,49,0.0048609129153192,0.0111150649060515,0.0091636071586981,0.0033766121929511
4_b5,4,5,0.0112641546875238,0.0459596064352117,0.0393900623556692,-0.0345899260055739
4_b6,4,6,0.0074611473828554,0.0316212791110154,0.0270794894179562,-0.0092084967723349
4_b7,4,7,0.0149042438715696,0.0233933612374039,0.0195909350109286,-0.0106448176992125
4_b8,4,8,0.0035821758210659,0.0558540581943289,0.0479212105871556,-0.042751476790072
4_b9,4,9,0.0072669582441449,0.0356063762299577,0.0301607365626841,-0.0099838469782844
50_b0,50,0,0.0072750328108668,0.0469339500725496,0.0401025018826476,-0.022078224873112
50_b1,50,1,0.0044458913616836,0.0203956293523346,0.0172068192774895,0.0106075945764314
50_b10,50,10,0.0072375778108835,0.0509777377349838,0.0441556358596426,-0.0262960655920323
50_b11,50,11,0.0077582895755767,0.0810897330547752,0.0715714316327648,-0.0667268163822882
50_b12,50,12,0.0075022000819444,0.0217090550272782,0.0186212461750255,-0.0032217648468213
50_b13,50,13,0.0110949259251356,0.0314175465739395,0.0265061310317832,-0.0069558569195214
50_b14,50,14,0.0111531075090169,0.0408037631362992,0.0344681830333865,-0.0251083457472122
50_b15,50,15,0.0076479203999042,0.016694467762814,0.0140681232372298,0.0102641739300452
50_b16,50,16,0.0086595024913549,0.0384421988483746,0.0331799486387171,-0.0140257145199575
50_b17,50,17,0.0035599619150161,0.0125781430745953,0.0107116810430306,0.0023238473746459
50_b18,50,18,0.0054519278928637,0.0365873412269218,0.0316622766776708,-0.0133986016613198
50_b19,50,19,0.0148636847734451,0.0400364020877231,0.0336141102563124,-0.0027764560992363
50_b2,50,2,0.0061706313863396,0.0116006711552976,0.0099960684415418,0.0075915692176204
50_b20,50,20,0.0034080743789672,0.00649936617062,0.0052269926690496,0.0046481066732667
50_b21,50,21,0.0102830445393919,0.0400230598716672,0.0337150553512037,-0.0244188939398736
50_b22,50,22,0.0066614262759685,0.0175314214572696,0.014462154963985,0.0014500672649592
50_b23,50,23,0.006656096316874,0.0112427154104437,0.0098052009171806,0.0058667661366052
50_b24,50,24,0.0074214837513864,0.0200531600827101,0.0167348511959426,0.0056490481854416
50_b25,50,25,0.00850520003587,0.0126420814710416,0.0107592845580074,0.0020683120249304
50_b26,50,26,0.0047805653885006,0.0719197423828742,0.0632879222030169,-0.0612741907066083
50_b27,50,27,0.0097889434546232,0.0265104159547232,0.0230002813984174,0.0226542144862469
50_b28,50,28,0.0046939076855778,0.0160363779944266,0.0135296363115776,-0.0063942238979507
50_b29,50,29,0.0125167984515428,0.0809347596929006,0.0723786298928826,-0.0670665624817411
50_b3,50,3,0.0053306021727621,0.0365895748504523,0.0311750852211844,-0.0095104911562521
50_b30,50,30,0.0054880413226783,0.0229065311207131,0.0190811489190673,-0.018849244438461
50_b31,50,31,0.0041011325083673,0.0751035388245884,0.0649067095078498,-0.0559402470353961
50_b32,50,32,0.0117279961705207,0.0788021015166988,0.0692310806183741,-0.0594642339978963
50_b33,50,33,0.0029769928660243,0.0194589101643792,0.0164652240462601,-0.0004195813182741
50_b34,50,34,0.0132305864244699,0.088134638201194,0.0778788774756685,-0.0709776848059118
50_b35,50,35,0.0130427414551377,0.0750649074477824,0.0652694077281921,-0.0566507036196708
50_b36,50,36,0.0071200048550963,0.0322973149463744,0.0275645033048931,-0.0093557298660743
50_b37,50,37,0.007959141395986,0.0179653603668772,0.0153068574843928,-0.0022474688664078
50_b38,50,38,0.0160796158015728,0.0664619303493268,0.0577352314544259,-0.0517955867861746
50_b39,50,39,0.0110487192869186,0.0226914554378419,0.0196715963014867,-0.019198012886336
50_b4,50,4,0.0152043793350458,0.0817081961384415,0.0717885842926989,-0.0663827946906167
50_b40,50,40,0.0081069841980934,0.0129990758070449,0.0109614676580531,0.0002080709760775
50_b41,50,41,0.0058544455096125,0.0256514844630618,0.0221234845981234,0.0002539217000594
50_b42,50,42,0.0034865534398704,0.0438195785710094,0.0393831563508138,-0.0393117209943011
50_b43,50,43,0.0081666316837072,0.0595556037602981,0.051114147905173,-0.0478107985331735
50_b44,50,44,0.0112256072461605,0.0068705381843675,0.0055195369452121,0.0033677898839232
50_b45,50,45,0.010013086721301,0.0174948848074786,0.0144552139705047,0.0073483356693759
50_b46,50,46,0.01698449999094,0.0295294892021117,0.0253586982318665,-0.0061226076341699
50_b47,50,47,0.0083765666931867,0.0481481053993732,0.0411372162995394,-0.0400964764913078
50_b48,50,48,0.0042155045084655,0.0234729070068271,0.0198547541070729,0.0015253086481243
50_b49,50,49,0.0050532645545899,0.0094890829422312,0.0075902149121975,0.0028385176655137
50_b5,50,5,0.0057952259667217,0.0548236808734719,0.0487855399493128,-0.0483284076349809
50_b6,50,6,0.0095405103638768,0.0311289141907663,0.0259393008815823,-0.0175210096518276
50_b7,50,7,0.0089470762759447,0.0272786137871364,0.0231325966591248,-0.0009540303336689
50_b8,50,8,0.0110281519591808,0.056563934953941,0.0485872232734982,-0.0339716783062613
50_b9,50,9,0.0069674896076321,0.0321761924535097,0.0267905617516953,-0.0152982265467289
51_b0,51,0,0.0048961816355586,0.0517800794938766,0.0438672689620943,-0.0346678449369574
51_b1,51,1,0.0061757070943713,0.0211270328858843,0.0176428798504639,0.0100349663046654
51_b10,51,10,0.0081779165193438,0.0513355112810479,0.0442245643558271,-0.031327021887555
51_b11,51,11,0.0053501422517001,0.0844038218209854,0.0748286980870761,-0.0713794577642693
51_b12,51,12,0.0046390760689973,0.0232437713429875,0.019743435550481,-0.0086032312363386
51_b13,51,13,0.012540653347969,0.0319823012174476,0.0270255048354738,-0.0060628232746967
51_b14,51,14,0.0070612845011055,0.0423892328210749,0.0364223281637532,-0.0149997734994394
51_b15,51,15,0.0076602287590503,0.0195136899097939,0.0166215318266768,0.0142531562538351
51_b16,51,16,0.0076345922425389,0.0371961363495903,0.0323251086607342,-0.0124640015087788
51_b17,51,17,0.0024976404383778,0.0134649454513385,0.0114566528017167,0.001128785762703
51_b18,51,18,0.0074846646748483,0.0366336030824394,0.032203875449486,-0.0101157061196863
51_b19,51,19,0.0125037785619497,0.03646176504562,0.0311804003940778,-0.015563264125667
51_b2,51,2,0.0048035131767392,0.0141986064536956,0.0115103983273729,0.0094938219292089
51_b20,51,20,0.0023072711192071,0.0100427969780937,0.0080616067792288,-0.0051750440499745
51_b21,51,21,0.0084926504641771,0.0473934522210597,0.0401906979210616,-0.0347156064711452
51_b22,51,22,0.0097025362774729,0.0175876492571743,0.0147277106490219,-0.0017481696751201
51_b23,51,23,0.0049956310540437,0.0129751368176942,0.0107422441791277,0.0073956501937936
51_b24,51,24,0.0073890839703381,0.0204939697167109,0.0172268256451934,0.0020322762569412
51_b25,51,25,0.0071208076551556,0.0158707547935542,0.0132162080483976,-0.0054396939219441
51_b26,51,26,0.0061395685188472,0.0741241830402562,0.0647934079950209,-0.0614410529972519
51_b27,51,27,0.0106135802343487,0.0168243498975376,0.0138844446709845,0.0127922493510413
51_b28,51,28,0.0058146230876445,0.0169179202152594,0.014414143555914,-0.002538006355171
51_b29,51,29,0.0187184102833271,0.0733853387438137,0.0651193325803615,-0.0561836425575893
51_b3,51,3,0.0048480657860636,0.0377024034426305,0.0322489631117787,-0.0186250666400883
51_b30,51,30,0.0077134943567216,0.0186127124457143,0.0153256108018104,-0.0138888336962554
51_b31,51,31,0.0068621588870882,0.0747891634536243,0.065061047646086,-0.0521793208465533
51_b32,51,32,0.0167538486421108,0.0755177960593429,0.0661995533518347,-0.0540321545852202
51_b33,51,33,0.0031335642561316,0.0194059547167832,0.0165751244861166,-0.0021245066623669
51_b34,51,34,0.0215858519077301,0.0828968572289717,0.0728346431607497,-0.0620804014362511
51_b35,51,35,0.002964318729937,0.085596470820436,0.0753949038340397,-0.071798655011753
51_b36,51,36,0.0069332513958215,0.0316376968955662,0.0268116150877904,-0.0104638118052389
51_b37,51,37,0.0094372984021902,0.0228387688172967,0.0191597105935215,0.006592751853168
51_b38,51,38,0.0150726828724145,0.0612134049772129,0.0529476501262979,-0.0449877866479801
51_b39,51,39,0.0092750359326601,0.0183296915059314,0.0151762715348741,-0.0104696525813778
51_b4,51,4,0.026824889704585,0.0757009683628849,0.0659339929085399,-0.0567587842063221
51_b40,51,40,0.0080429399386048,0.0159684691987996,0.0133214197313645,-0.0007168670691316
51_b41,51,41,0.0087886340916156,0.0279124345007775,0.0238075908907921,0.0051452758692903
51_b42,51,42,0.0095491129904985,0.0239073918725725,0.0205243871250422,-0.018186200154596
51_b43,51,43,0.0048706792294979,0.0645554496734808,0.0556487303311587,-0.0528847123394371
51_b44,51,44,0.0113058295100927,0.0116787782746371,0.0096826343235443,0.0050740730113466
51_b45,51,45,0.0091097448021173,0.015359554333826,0.0129489496396854,0.0032987516792491
51_b46,51,46,0.0100552486255764,0.0305732692914051,0.0260328529635444,-0.0134851319063454
51_b47,51,47,0.0120355151593685,0.044801677703092,0.0380729836353566,-0.0365739803703036
51_b48,51,48,0.0061805332079529,0.0271614555270663,0.0227031916275154,0.0054966743208933
51_b49,51,49,0.0057531972415745,0.0098711460325582,0.0078731097956188,0.0021582942851819
51_b5,51,5,0.0072242077440023,0.0504865228249232,0.0448737853474449,-0.0443926633370574
51_b6,51,6,0.0064781308174133,0.0332252239999215,0.0286525612452533,-0.0066354900354053
51_b7,51,7,0.0156218884512782,0.0224096584015366,0.0191001742018852,-0.0088585310301277
51_b8,51,8,0.0126390308141708,0.0527795763156476,0.045626779259619,-0.0264419316906423
51_b9,51,9,0.0099168717861175,0.0299900790947016,0.0252102758944965,-0.009201494983863
52_b0,52,0,0.005391202867031,0.048416266698804,0.0409073428327246,-0.0327601013525418
52_b1,52,1,0.0034371428191661,0.0153207008722353,0.013003508048132,0.007290155859664
52_b10,52,10,0.0067603215575218,0.0498184175086987,0.0433702278968121,-0.0259400944544177
52_b11,52,11,0.0077192415483295,0.078978683054571,0.0694115236978541,-0.0645426653570757
52_b12,52,12,0.0029110703617334,0.0261910382030855,0.0216545371373649,-0.0142764312808867
52_b13,52,13,0.0126779694110155,0.027709083333189,0.0233200836641481,-0.006855546212173
52_b14,52,14,0.008181320503354,0.0426785450432189,0.0367144825457944,-0.0195476589314057
52_b15,52,15,0.0088417399674654,0.0143643470090003,0.0125106554955709,0.0103309563256334
52_b16,52,16,0.0078294640406966,0.035489719290194,0.0307014680388965,-0.0086584526035585
52_b17,52,17,0.0027496027760207,0.0111783499651338,0.0094865872658556,0.0015312729083234
52_b18,52,18,0.0038009076379239,0.0371771934296458,0.0327254252391867,-0.0059898418397642
52_b19,52,19,0.0133715802803635,0.0470107589482009,0.0401344373280881,-0.0134713008900871
52_b2,52,2,0.0049453247338533,0.0081208867146351,0.0067013027879875,0.0030954198085237
52_b20,52,20,0.0067025278694927,0.0121299737076316,0.0103327195439487,0.0089724775590002
52_b21,52,21,0.0099649168550968,0.0486333345896259,0.04124791254726,-0.0353766973919118
52_b22,52,22,0.0042011393234133,0.0295633721236179,0.0237994517711922,0.0127030238835141
52_b23,52,23,0.00527696730569,0.0085913812984369,0.0071882632852066,0.0024272713682148
52_b24,52,24,0.010223226621747,0.0227256488846978,0.0184104824264068,0.0121587891026865
52_b25,52,25,0.0111986715346574,0.017379125883679,0.0143683773942757,0.0049876457278151
52_b26,52,26,0.0074163875542581,0.0769764916216168,0.0669002065398672,-0.062770930329425
52_b27,52,27,0.0123820779845118,0.0270934342828692,0.0246133746486157,0.0245992960152216
52_b28,52,28,0.0030126853380352,0.0150164330868495,0.0128463179818936,-0.0033297167383716
52_b29,52,29,0.0248894952237606,0.0681308679468962,0.0601259427389959,-0.048293413377869
52_b3,52,3,0.0025473269633948,0.0358160283154558,0.0303071422921493,-0.0197264401125721
52_b30,52,30,0.0136295547708868,0.0082080574296803,0.0064686161858844,0.002237178448413
52_b31,52,31,0.0078158052638173,0.06974329387506,0.0606283811590401,-0.0446035511716036
52_b32,52,32,0.0127702932804822,0.0743054849585393,0.0648921683140361,-0.0538757327048369
52_b33,52,33,0.0031735403463244,0.0212094003915266,0.0180483666737563,-0.0013707659603096
52_b34,52,34,0.0207846537232399,0.0808823800931129,0.0707944329868041,-0.0598250687115796
52_b35,52,35,0.00455201882869,0.084601079892872,0.0742629219478112,-0.0685277877913904
52_b36,52,36,0.0060472786426544,0.0307359764060774,0.0264164113136939,-0.0058042991557158
52_b37,52,37,0.0052652372978627,0.0227487991788015,0.0189907414349727,0.0093173620221205
52_b38,52,38,0.0110436305403709,0.0631698676186455,0.0544452617492061,-0.0493830342579167
52_b39,52,39,0.0083717498928308,0.0128643499806929,0.0104029224778059,-0.0051898461824748
52_b4,52,4,0.0177479665726423,0.0769901238971931,0.0669572991442692,-0.0587642555923957
52_b40,52,40,0.0105990078300237,0.0171628550955677,0.0143321774306241,0.0025210840732324
52_b41,52,41,0.0041013834998011,0.0269087508571929,0.0229709852836094,0.0047740383795462
52_b42,52,42,0.0044624414294958,0.0385833590047309,0.0344266091595636,-0.0342470018012682
52_b43,52,43,0.005001806654036,0.0603403977053743,0.0520078634095261,-0.0493098224137793
52_b44,52,44,0.0113054737448692,0.0068552214905776,0.0055009131092811,0.0044904470205074
52_b45,52,45,0.008709542453289,0.0161628274055791,0.013489514181856,0.0055169339175336
52_b46,52,46,0.0162491425871849,0.0264320313580102,0.0227887151343747,-0.005387306753546
52_b47,52,47,0.0060478020459413,0.057354873737138,0.0514229770842939,-0.0513916940335184
52_b48,52,48,0.0045805405825376,0.0218109311520387,0.0183777665067464,-0.0010437576007097
52_b49,52,49,0.0063810432329773,0.0146411739099211,0.0119674235943239,0.0095266385155264
52_b5,52,5,0.019762422889471,0.0402275798985322,0.0344029120408231,-0.0258771284442627
52_b6,52,6,0.0088069895282387,0.0323005258407012,0.0278162616424378,-0.0101169211164233
52_b7,52,7,0.0088880164548754,0.0325009430993589,0.0276665775710716,-0.001739078038372
52_b8,52,8,0.0087354322895407,0.0512370682789701,0.0436329687651596,-0.0304186312868841
52_b9,52,9,0.0060287909582257,0.0336442157589814,0.0285266756115015,-0.0052978538710158
53_b0,53,0,0.0067232865840196,0.0469752146100416,0.0399298002725117,-0.0270539537761942
53_b1,53,1,0.0023406208492815,0.0166439235396095,0.0141443648491986,-0.001337906026747
53_b10,53,10,0.0081565361469984,0.0500859965882647,0.0428475259832339,-0.0327895897981943
53_b11,53,11,0.019969779998064,0.0753585663003368,0.0661848051515699,-0.0581862200227624
53_b12,53,12,0.008065178990364,0.0226688585808246,0.0193987922242376,-0.0049464459775481
53_b13,53,13,0.0107765868306159,0.0293278573079973,0.0248244366876315,-0.0065808493213262
53_b14,53,14,0.0064716944471001,0.0436475649811615,0.0371710009564412,-0.0272949226544005
53_b15,53,15,0.0045413370244205,0.0131890180685176,0.0110843765793833,0.0036257155158091
53_b16,53,16,0.0069307857193052,0.0373588068787424,0.0321976903715403,-0.0197027657629223
53_b17,53,17,0.0039287377148866,0.0107183612521209,0.009286585500813,-0.002941757714725
53_b18,53,18,0.0041594188660383,0.0360564695935972,0.0304149588622385,-0.0201140619820216
53_b19,53,19,0.0098267421126365,0.0366407338614457,0.0312576155317947,-0.0163675857824273
53_b2,53,2,0.0071835187263786,0.0123422169814254,0.010409150600899,0.0087024653260596
53_b20,53,20,0.0023192847147583,0.0048459932193447,0.0039059903379529,-0.0029638771386817
53_b21,53,21,0.0079934652894735,0.0463168488620426,0.0394764121918706,-0.0352737526799319
53_b22,53,22,0.0071766031906008,0.015372724583455,0.0127621792361605,-0.0012875351787079
53_b23,53,23,0.0074235219508409,0.011171480986162,0.0095903403544798,0.0065236462745815
53_b24,53,24,0.005924005061388,0.0176549342607383,0.0148683462408371,-0.0079654903733171
53_b25,53,25,0.0061205015517771,0.014313509921667,0.0121318542852532,-0.0005060978524852
53_b26,53,26,0.0071793925017118,0.0786549705902397,0.0689360149743151,-0.065748772889201
53_b27,53,27,0.0065119219943881,0.0094399231643107,0.0079663451109081,-0.002341721355915
53_b28,53,28,0.0019720483105629,0.0199948089914636,0.0167428175837267,-0.0128000316803809
53_b29,53,29,0.0105817057192325,0.0766524667941163,0.0684858122819787,-0.0642457139832186
53_b3,53,3,0.0045127007178962,0.0349327293811861,0.0297791821230202,-0.0140829327446408
53_b30,53,30,0.0066718179732561,0.0161327197806967,0.0136570929706795,-0.0133164426422445
53_b31,53,31,0.0086771715432405,0.0697957056019863,0.0603484357013076,-0.0485250594424724
53_b32,53,32,0.0091596730053424,0.075967403523435,0.0662078894735532,-0.0601895620501818
53_b33,53,33,0.0027124467305839,0.0196731157825728,0.0166674493975006,-0.0077708299807272
53_b34,53,34,0.0106063932180404,0.0836865701668502,0.0735232308934064,-0.0681179623500065
53_b35,53,35,0.0026379090268164,0.0860806101656658,0.0758574774479711,-0.0729899347564423
53_b36,53,36,0.0052672633901238,0.0320125361350575,0.0268493255437351,-0.0141384936845861
53_b37,53,37,0.0054873912595212,0.0193369561106581,0.0165011410997249,-0.0028583441232331
53_b38,53,38,0.0214111693203449,0.0601744270171429,0.0519133289082674,-0.0443038792832521
53_b39,53,39,0.0061840554699301,0.0144210111144683,0.0118907533877063,-0.0086580396734643
53_b4,53,4,0.020479317754507,0.0788289308158009,0.0691705385143723,-0.0633384455311898
53_b40,53,40,0.0066694365814328,0.0163751604789186,0.0136785950319608,0.0018185191781958
53_b41,53,41,0.0044538574293255,0.0235671774522418,0.0194630164303816,-0.0100464766728691
53_b42,53,42,0.0085324589163064,0.0308634363319386,0.0264677639491856,-0.0244855888094753
53_b43,53,43,0.0089053846895694,0.0546851634582738,0.0466367047218955,-0.0422681280630058
53_b44,53,44,0.0100534316152334,0.009537102659096,0.0077037054678658,0.0049984828190645
53_b45,53,45,0.0096396841108798,0.0142123369007043,0.0117600679129827,0.0052388311212416
53_b46,53,46,0.0095799127593636,0.0327547506131399,0.0273673800518736,-0.0200372015219181
53_b47,53,47,0.0133665148168802,0.0403974870221059,0.0337968222447671,-0.0317086246260441
53_b48,53,48,0.0037834143731743,0.0227862204771336,0.0191391107020899,0.0003576778480783
53_b49,53,49,0.0054981526918709,0.0108083536172302,0.008419486558414,0.0056020807061577
53_b5,53,5,0.0049299756065011,0.0577716282587237,0.0510641120077343,-0.0503808320901589
53_b6,53,6,0.0060107153840363,0.0316934333994064,0.027016679427179,-0.0126295074695372
53_b7,53,7,0.0103721655905246,0.0255964898299439,0.0220211446390021,-0.0078820046514738
53_b8,53,8,0.0077027971856296,0.0523182310613258,0.0444459769983222,-0.0352037469481729
53_b9,53,9,0.0086767747998237,0.0294319018275958,0.0246595127484761,-0.011854705561418
54_b0,54,0,0.0065117632038891,0.0481454187254192,0.0409431490471615,-0.0299459395284793
54_b1,54,1,0.0031718125101178,0.015304764290561,0.0132549297763034,0.0054768727952614
54_b10,54,10,0.0044876523315906,0.0579020288010137,0.0499861947426688,-0.0419786180395749
54_b11,54,11,0.0064385351724922,0.0825035491158376,0.072824232859275,-0.0687610814451181
54_b12,54,12,0.0040996219031512,0.0213950731510551,0.0178670275514014,-0.0095148186478763
54_b13,54,13,0.0091511271893978,0.0281809344133996,0.0239272202178835,-0.0019393842900171
54_b14,54,14,0.0069966567680239,0.0430191272777024,0.0368627899063722,-0.0209545054396585
54_b15,54,15,0.0047762813046574,0.0099179115880855,0.008381669614464,0.0015870249154977
54_b16,54,16,0.008660202845931,0.0333315511489757,0.0283606942940969,-0.0183991166588384
54_b17,54,17,0.0029756701551377,0.0081179927932845,0.0067584988265298,0.0031326225423254
54_b18,54,18,0.0070118457078933,0.0355908636704686,0.0291733862308319,-0.0244768748513888
54_b19,54,19,0.0072440076619386,0.0404917014384285,0.0345929337778943,-0.0213472813458065
54_b2,54,2,0.0051529575139284,0.008779230966882,0.0070541692152619,0.0042869217786937
54_b20,54,20,0.0027346215210855,0.0067690796770854,0.005804151801858,0.0041430208575911
54_b21,54,21,0.0117765637114644,0.0453625900854351,0.0383967785570712,-0.0281433788813592
54_b22,54,22,0.0071185464039444,0.0155449516274013,0.0128983182710362,1.3239908148534597e-05
54_b23,54,23,0.0053193662315607,0.0081431092923205,0.006669671407435,0.0016713171382434
54_b24,54,24,0.0058492934331297,0.0150916780440584,0.0128721533808857,-0.0050552528351545
54_b25,54,25,0.0068799136206507,0.0123705822302963,0.0104550452984403,0.0012686539429705
54_b26,54,26,0.0065584881231188,0.0773421777267588,0.0680755795637378,-0.0660256749676773
54_b27,54,27,0.0070934491232037,0.0093247028168742,0.0077613581629702,0.0050065027544042
54_b28,54,28,0.0032861893996596,0.0185495273332901,0.0156894338189158,-0.0110083535744342
54_b29,54,29,0.0194409601390361,0.07426328952427,0.0656704103033553,-0.0583909376717201
54_b3,54,3,0.0048218257725238,0.033180712438643,0.028091737483628,-0.0126116249687038
54_b30,54,30,0.0081977229565382,0.0130626706426672,0.0111330566083779,-0.0082228553196182
54_b31,54,31,0.0051175961270928,0.0712424955477607,0.0612403323981561,-0.053759437763656
54_b32,54,32,0.0121186450123786,0.07858395253164,0.0686743922917958,-0.0600761714544933
54_b33,54,33,0.003441211534664,0.0207304212736435,0.0176827903458615,-0.0055485213821521
54_b34,54,34,0.0191385634243488,0.0846432707820751,0.0743145522962004,-0.0659415343844011
54_b35,54,35,0.0100723272189497,0.079111945956328,0.0688990727744385,-0.0625172209020092
54_b36,54,36,0.0086106732487678,0.0278186326387113,0.0230797805462498,-0.0161320223065558
54_b37,54,37,0.0050208796747028,0.0164217846740829,0.0140330488909967,-0.0029472375498153
54_b38,54,38,0.0111241396516561,0.0672745842963529,0.0581669234365108,-0.0536264400157961
54_b39,54,39,0.0058763870038092,0.0145279991125382,0.0120532045891741,-0.0053192644409136
54_b4,54,4,0.01185136847198,0.0842701413797164,0.0741752727321727,-0.0693351836704096
54_b40,54,40,0.00689756590873,0.0132246310790807,0.0111453370616072,0.0018039441533619
54_b41,54,41,0.0073500624857842,0.023108691590691,0.0181610764795914,-0.0143844537436962
54_b42,54,42,0.0125696854665875,0.0267330926146013,0.0225183846586151,-0.0203462466684868
54_b43,54,43,0.0028406081255525,0.0656014126002288,0.0579662809494766,-0.0568027958992752
54_b44,54,44,0.0088905794546008,0.0051162109160983,0.0041176537302089,0.0028573761117877
54_b45,54,45,0.0070449248887598,0.0154338998980597,0.012510814453708,0.0084130184201058
54_b46,54,46,0.0105134490877389,0.0259155894045096,0.0220736683032009,-0.0136805677239317
54_b47,54,47,0.0089302482083439,0.0480017451257375,0.0415113212505821,-0.0409760231303516
54_b48,54,48,0.0032358723692595,0.0187142738551409,0.0155188860278576,-0.0058028455171734
54_b49,54,49,0.0052885487675666,0.0098741291769969,0.0078964513982646,0.0057955204974859
54_b5,54,5,0.0056099700741469,0.0581745923661175,0.0517913566675269,-0.0514045253541553
54_b6,54,6,0.0061382902786135,0.0320868303966883,0.0273731747822603,-0.0116765783162554
54_b7,54,7,0.0117772314697504,0.0239178616850885,0.0205027973948745,-0.0055121276172576
54_b8,54,8,0.012669138610363,0.0530466162581646,0.0453209538865485,-0.0307804062307695
54_b9,54,9,0.004157418385148,0.0369404667724441,0.0312994157662615,-0.0182762369606643
55_b0,55,0,0.0040301945991814,0.0468813834624135,0.0400501030115265,-0.0157428728570084
55_b1,55,1,0.010589251294732,0.0754691540833348,0.0653894308209419,0.0651532014552503
55_b10,55,10,0.0095500163733959,0.0493816537272341,0.0429456869192654,-0.0196721042791614
55_b11,55,11,0.0062194252386689,0.0790681869112328,0.0695899030675354,-0.0643422653117158
55_b12,55,12,0.0115372622385621,0.0451834760694378,0.03584798531665,0.0316215350740822
55_b13,55,13,0.0136568481102585,0.0547180600150793,0.0441686932393349,0.0329082691227085
55_b14,55,14,0.0095991920679807,0.0484937967530033,0.0409069447830552,0.0041938455722993
55_b15,55,15,0.006734300404787,0.0616288738717508,0.0542919994238764,0.0541530094854533
55_b16,55,16,0.0094111301004886,0.0423382692341454,0.0350336785981198,0.0090964700659969
55_b17,55,17,0.0089495461434125,0.0758048683200391,0.0687338773079682,0.0687338773079682
55_b18,55,18,0.0041811265982687,0.0440414475883977,0.0371125433058477,0.0105693992250598
55_b19,55,19,0.0092999637126922,0.0386598840625538,0.0326821850604028,-0.0025129860048764
55_b2,55,2,0.0048830835148692,0.052191498083358,0.0469653055234812,0.0468475035089068
55_b20,55,20,0.0043192859739065,0.0537212362340938,0.0494361842575017,0.0494327699986752
55_b21,55,21,0.0078939273953437,0.042636785891406,0.0364653360546799,-0.018788730034721
55_b22,55,22,0.0080930916592478,0.0437031463013225,0.0358627952449023,0.0324856138974428
55_b23,55,23,0.0052541038021445,0.0480560637538033,0.0425049826595932,0.0424065680801868
55_b24,55,24,0.0066684484481811,0.0427059928409544,0.0345124516123905,0.0333395556779578
55_b25,55,25,0.0124852899461984,0.0632629631137951,0.0542030650604283,0.054055509911268
55_b26,55,26,0.0043803062289953,0.0697548216707313,0.0604963623400544,-0.0550324856996303
55_b27,55,27,0.0066659175790846,0.0403613435048302,0.0364959979534614,0.0364926490664947
55_b28,55,28,0.0020313481800258,0.0249751774572833,0.0195746371272252,0.0135168908972991
55_b29,55,29,0.0161681938916444,0.0713823983362444,0.063225555443023,-0.0524052367182957
55_b3,55,3,0.0041733114048838,0.0413020488381385,0.0341011412022635,0.0090374257252551
55_b30,55,30,0.0081072533503174,0.0194860105166149,0.0173279934879974,0.0172172550726099
55_b31,55,31,0.0171891711652278,0.066860551770905,0.0587641089801036,-0.0298072643876366
55_b32,55,32,0.0124865882098674,0.0732320139302172,0.064305246242402,-0.048915046647271
55_b33,55,33,0.004962689243257,0.0491038782544754,0.0397680505813332,0.0360051502956775
55_b34,55,34,0.0133871734142303,0.0815471107774533,0.0715108372990653,-0.0604369570056587
55_b35,55,35,0.0034864728804677,0.0776373322425215,0.0677855565291247,-0.0605177447557798
55_b36,55,36,0.0063209068030118,0.0390074713976343,0.0322597464593127,0.0106515892967581
55_b37,55,37,0.0053135314956307,0.049111053106569,0.0402473368681967,0.0391387088224291
55_b38,55,38,0.0172926187515258,0.0569563323132898,0.0488582027552183,-0.0359364292153622
55_b39,55,39,0.0077765909954905,0.0440063954762197,0.0356400953989941,0.0341352235351223
55_b4,55,4,0.0249412879347801,0.0732925119666332,0.0635710587646462,-0.0518705971856252
55_b40,55,40,0.0102534480392932,0.0617579157476844,0.0506748641066951,0.0496792157104937
55_b41,55,41,0.0035536857321858,0.0464431928125268,0.0374081626755651,0.0282112698501441
55_b42,55,42,0.0046607726253569,0.0190722628855559,0.0161436527711339,-0.0096553921536542
55_b43,55,43,0.0053575411438941,0.0515145198849036,0.0438846240163547,-0.0371540620707673
55_b44,55,44,0.011950759217143,0.0677438682274317,0.061354862669541,0.0613425555275171
55_b45,55,45,0.008873438462615,0.0635453367494722,0.0562800209491979,0.0562157060194294
55_b46,55,46,0.0189840905368328,0.0451044488691432,0.0356786087690852,0.0247673951438628
55_b47,55,47,0.0125611638650298,0.0323256139517108,0.0268833894561976,-0.0175267718825489
55_b48,55,48,0.003719356842339,0.0450264013804761,0.0361581249197479,0.032199617853621
55_b49,55,49,0.0079139210283756,0.0782521699552532,0.0675085123826284,0.0674814470519777
55_b5,55,5,0.0052476888522505,0.0414935035098557,0.0356629171699751,-0.0298687530925963
55_b6,55,6,0.0085447449237108,0.050410039739489,0.0406596233785967,0.022195201581635
55_b7,55,7,0.0111807230859994,0.038373266193753,0.0310621561430161,0.0157975903950864
55_b8,55,8,0.0085299229249358,0.0507793653242239,0.0440399861075275,-0.0174354007422516
55_b9,55,9,0.0073744216933846,0.0410320832092768,0.0345074039686005,0.0093608309945557
56_b0,56,0,0.0073690074495971,0.0474554468797154,0.0400407685616664,-0.0021750930624693
56_b1,56,1,0.010770684108138,0.0861439698952058,0.0760670742881484,0.0760230405139736
56_b10,56,10,0.0094757825136184,0.0507791041274204,0.0438322960294317,-0.0166514304780866
56_b11,56,11,0.0030556384008377,0.0761027986762364,0.0667880411822989,-0.0606466811009158
56_b12,56,12,0.0138576850295066,0.0599055532264128,0.0481609116122126,0.0460118961217813
56_b13,56,13,0.018973521888256,0.0733887534538051,0.0586335725837852,0.0506210645672399
56_b14,56,14,0.0112471338361501,0.0427129983340314,0.0367847217926464,-0.0049101713234267
56_b15,56,15,0.0093062836676836,0.0850134253089394,0.0752759958535898,0.0752072239352855
56_b16,56,16,0.0084949601441621,0.0474698693763566,0.0387084966625843,0.01337592747921
56_b17,56,17,0.0087549639865756,0.0859712782192998,0.0781638228218071,0.0781638228218071
56_b18,56,18,0.0072330478578805,0.0574958372423148,0.0464947865274734,0.0273879749258048
56_b19,56,19,0.0103677790611982,0.0469008261508121,0.0379093734508205,0.0071488287269312
56_b2,56,2,0.0060428683646023,0.0797689655139573,0.0725598719110712,0.0725204909825697
56_b20,56,20,0.0095046684145927,0.0786705796399643,0.0717372605274431,0.071732801774051
56_b21,56,21,0.0077435378916561,0.0424385545169504,0.0360165593604324,-0.023172332860413
56_b22,56,22,0.0068234223872423,0.0552793122867791,0.045689550593961,0.0437238890002481
56_b23,56,23,0.0064156791195273,0.073519238105686,0.0659728377475403,0.0659177544876001
56_b24,56,24,0.0063532870262861,0.0507509502072789,0.042404942875728,0.0419431187119334
56_b25,56,25,0.0131526114419102,0.0732394347463279,0.0635503098287154,0.0634538838651496
56_b26,56,26,0.0052200444042682,0.0704995054751755,0.0608254677691729,-0.0533785568346502
56_b27,56,27,0.0064545748755335,0.054078010386832,0.0502044704766012,0.0502044704766012
56_b28,56,28,0.0027874868828803,0.0347167022760989,0.0282995086867595,0.0272792975179618
56_b29,56,29,0.0088884178549051,0.0681110754382669,0.0600452378986665,-0.0494668003125843
56_b3,56,3,0.0065113841556012,0.0521813665194277,0.0416853216208983,0.0247365119506139
56_b30,56,30,0.0165956690907478,0.0494154151404889,0.0445323003124212,0.0445056309836218
56_b31,56,31,0.0062367897480726,0.0699286260277716,0.0612098331000015,-0.0389491263586387
56_b32,56,32,0.0068085729144513,0.0718904872952642,0.0629645456661091,-0.0487971175516577
56_b33,56,33,0.0036880527622997,0.0476336292437477,0.0385018074628897,0.0352427684119902
56_b34,56,34,0.0106323305517435,0.0781428574223028,0.068291493357683,-0.0554035203313105
56_b35,56,35,0.0022484741639345,0.0803874970081652,0.0704229000706618,-0.0634323540546392
56_b36,56,36,0.0086771352216601,0.0488462791836508,0.0396506714483257,0.0245893949654418
56_b37,56,37,0.0059862611815333,0.0666942712362334,0.0561185897886753,0.0555996754067018
56_b38,56,38,0.0310296826064586,0.0499122381395203,0.0421986637287773,-0.0161604699702002
56_b39,56,39,0.0082651982083916,0.0519587694862907,0.0445101196365431,0.0443123471480794
56_b4,56,4,0.0185797810554504,0.0700646632314187,0.060568849398769,-0.0490210004090477
56_b40,56,40,0.0103102121502161,0.0675224392458935,0.0565389391343342,0.0558561411668779
56_b41,56,41,0.0055606979876756,0.0678048254564681,0.0549276311759604,0.0492274460179032
56_b42,56,42,0.0031269881874322,0.016769390267669,0.0142417485674377,-0.0062945047521498
56_b43,56,43,0.0026264798361808,0.0529040382611052,0.0448954775577294,-0.0387124083770322
56_b44,56,44,0.0136233875527977,0.0735031330454822,0.067999390111654,0.067997868899838
56_b45,56,45,0.0167322643101215,0.0977669701328231,0.0870316701103001,0.0869853388052433
56_b46,56,46,0.0142439026385545,0.0397741108438161,0.0319728320720605,0.0181275241705589
56_b47,56,47,0.0151489656418561,0.0310656723131283,0.0266015052585862,-0.0079235296859405
56_b48,56,48,0.0050459671765565,0.0627030654411357,0.0518134200479835,0.0501268845470622
56_b49,56,49,0.0054731611162424,0.0720885628839522,0.0625376406492432,0.062509347377927
56_b5,56,5,0.0074244840070605,0.0371170190378565,0.0316031489177839,-0.021961040374008
56_b6,56,6,0.0094238799065351,0.0426331076204966,0.0350017899542581,0.0153252436139155
56_b7,56,7,0.0094657158479094,0.0506326800696745,0.0395725021592807,0.0269084766611922
56_b8,56,8,0.0054742312058806,0.0506610434596752,0.0439689573885698,-0.0132831339947006
56_b9,56,9,0.0069457883946597,0.0460944318707166,0.0376049632253125,0.0141194178536534
57_b0,57,0,0.008672796189785,0.0428535773329269,0.0367275008396973,-0.018525270503087
57_b1,57,1,0.002892539370805,0.0135092585953529,0.0114652980025857,0.004476529280655
57_b10,57,10,0.0048248590901494,0.0564230219486094,0.0487976100215746,-0.0368626939285604
57_b11,57,11,0.0072085731662809,0.0752267596428395,0.0661074676967837,-0.0606014681320084
57_b12,57,12,0.0028213276527822,0.0235892248972653,0.0193635299539892,-0.014079175319639
57_b13,57,13,0.0099194655194878,0.0258687933613211,0.0219343519391259,-0.0018678215279942
57_b14,57,14,0.0059057967737317,0.0481913056016923,0.041666499477651,-0.0186810693040752
57_b15,57,15,0.0071170376613736,0.009565426480621,0.0080927118787076,0.0048149865015875
57_b16,57,16,0.0080243675038218,0.0322420699985107,0.0279036322870524,-0.0142672573571326
57_b17,57,17,0.0024499013088643,0.010833633602755,0.0089972838584799,-0.0062240745138842
57_b18,57,18,0.0061845835298299,0.0302898249075287,0.0263127553113736,-0.0114017677842639
57_b19,57,19,0.0093373619019985,0.0390558746196863,0.0333862044759735,-0.0177922950200445
57_b2,57,2,0.0048582134768366,0.0142541191338864,0.0116462486097589,0.0104143175343051
57_b20,57,20,0.0039548426866531,0.0106506769365927,0.0086964791035279,-0.0080646256078034
57_b21,57,21,0.0073198787868022,0.0461649810716159,0.0391289427829906,-0.0321870884438976
57_b22,57,22,0.0057632229290902,0.0185657589317349,0.0154920698155183,-0.0001258811552543
57_b23,57,23,0.0049792709760367,0.0119870544495142,0.009888890015427,0.0073682598094455
57_b24,57,24,0.0067251734435558,0.0164938397265487,0.0138315419200807,-0.0081885158736258
57_b25,57,25,0.00831263884902,0.0133027668431703,0.0109874702763045,-0.0062595810968196
57_b26,57,26,0.0424647703766822,0.0589789312789199,0.0506207102735061,-0.0265750906255561
57_b27,57,27,0.0074552940204739,0.0121130945369515,0.0098097402649,-0.0077121463790535
57_b28,57,28,0.0030853883363306,0.0171177522101746,0.0142780485266121,-0.0106693679915042
57_b29,57,29,0.0082760583609342,0.071820520813438,0.0640512117830076,-0.0602955086301517
57_b3,57,3,0.0038808358367532,0.0316298169576382,0.027050361080328,-0.010778049690416
57_b30,57,30,0.005956950597465,0.0307212823826404,0.0269752150808926,-0.0268541893956717
57_b31,57,31,0.0059724720194935,0.0667983939448984,0.0576524244828033,-0.0480982772374409
57_b32,57,32,0.0130973272025585,0.0665301045250681,0.0579435035172355,-0.0470561541342613
57_b33,57,33,0.0032922064419835,0.0203520277713021,0.0172941651602741,0.0010040611831936
57_b34,57,34,0.0177632812410593,0.0740865095284434,0.0647637259823386,-0.0546661258678068
57_b35,57,35,0.0103706587105989,0.0826508530603335,0.0728198153665289,-0.0638730372162535
57_b36,57,36,0.0071068843826651,0.0281390740241428,0.0240069361671339,-0.0074315447115805
57_b37,57,37,0.0066063478589057,0.0177658493163191,0.0149853139533661,0.0040082310908474
57_b38,57,38,0.0098375398665666,0.0597901325665039,0.0517074761283583,-0.0473151226830668
57_b39,57,39,0.0113016404211521,0.0126472773843398,0.0105169362504966,-0.0022780439723283
57_b4,57,4,0.0121680870652198,0.0745307451177113,0.065337089878376,-0.0604683814787858
57_b40,57,40,0.0083467280492186,0.0134797981137353,0.0109335852466756,-0.0044782760849921
57_b41,57,41,0.0069161215797066,0.0207106393804309,0.0177685359481256,-0.0002685659972485
57_b42,57,42,0.0030412734486162,0.0346436759180661,0.0300320103252306,-0.0293843916757032
57_b43,57,43,0.0023947886656969,0.0645303277494287,0.056833448454272,-0.0560188211384229
57_b44,57,44,0.0150239681825041,0.0098157860868473,0.0080380254660849,0.0064541120638023
57_b45,57,45,0.0070845056325197,0.0124452730354432,0.0104143359640147,0.0036795301467645
57_b46,57,46,0.015110820531845,0.0264671363217175,0.0226635410380549,-0.0056545904255472
57_b47,57,47,0.0051152529194951,0.0532376000126946,0.0468799825070891,-0.0466674288979265
57_b48,57,48,0.0035546435974538,0.0197346724124137,0.0166487295599654,-0.0027984129916876
57_b49,57,49,0.0056984275579452,0.0087644070176251,0.0071136321354424,0.0031141395779559
57_b5,57,5,0.0077887619845569,0.0534415243074785,0.0465384047967381,-0.0449058370827697
57_b6,57,6,0.0075318990275263,0.0345704829951191,0.0298558962694369,-0.0046787016442976
57_b7,57,7,0.008889427408576,0.0262395489338953,0.022405857843114,-0.0081735180213581
57_b8,57,8,0.0077210608869791,0.0440513777180224,0.0378031826885126,-0.0242285102243477
57_b9,57,9,0.0048156287521123,0.0365530341946923,0.0308557000866858,-0.0160296523635042
58_b0,58,0,0.0063308770768344,0.0427746918942835,0.0363833198735665,-0.0231005933524284
58_b1,58,1,0.0032136319205164,0.0141929150183309,0.012000519616995,0.0053696295176632
58_b10,58,10,0.0068123592063784,0.0535370235914682,0.0464847462123725,-0.0274321551353205
58_b11,58,11,0.0031282329000532,0.0816862072662871,0.0722561873002268,-0.0687431196508987
58_b12,58,12,0.0048133847303688,0.0210692109879288,0.0179613972565857,-0.0023044036474311
58_b13,58,13,0.0122867375612258,0.0264794520787002,0.0223018542031059,-0.0001397410366917
58_b14,58,14,0.0049554808065295,0.0462879392899267,0.0397478710267751,-0.0267623039487807
58_b15,58,15,0.005664381198585,0.0115406134972138,0.0096299705724231,0.0072766057425178
58_b16,58,16,0.0079592010006308,0.0349157052177744,0.0300413825026771,-0.0038311070426425
58_b17,58,17,0.0040681641548871,0.013497245860926,0.0107848028966691,0.0068544344662223
58_b18,58,18,0.0037708114832639,0.0332002145892723,0.0293001925625139,-0.007863894161419
58_b19,58,19,0.0082581657916307,0.0369360665187636,0.0313537135635851,-0.0202279649846605
58_b2,58,2,0.006650339346379,0.0232793115159329,0.0206298498250544,0.0204357742704451
58_b20,58,20,0.0021763602271676,0.0083690787814784,0.0071191332465969,0.0044418629887513
58_b21,58,21,0.0033436063677072,0.0599988174816264,0.0520876947183205,-0.0496715231144844
58_b22,58,22,0.0072673764079809,0.016499114552559,0.0136759796703699,-0.0008675337175372
58_b23,58,23,0.0069834403693675,0.0219954829127715,0.0192209229897707,0.0188022151822224
58_b24,58,24,0.0058906376361846,0.0150558985085327,0.0126942361425608,-0.0053282485995441
58_b25,58,25,0.0056840861216187,0.0162044789127419,0.0132341683900449,0.0065284481749404
58_b26,58,26,0.0052671646699309,0.0772026222186012,0.0681148144639155,-0.0659759086313715
58_b27,58,27,0.0067117484286427,0.0063510362853794,0.0053272298595402,-0.0007822512334678
58_b28,58,28,0.0047276453115046,0.0153468317122557,0.0129827093769563,-0.004365432743798
58_b29,58,29,0.0109432330355048,0.072442177204419,0.0643206404381271,-0.0577341545802846
58_b3,58,3,0.0025826091878116,0.033419517120204,0.0282733802287839,-0.0167625210713595
58_b30,58,30,0.0070168059319257,0.0096839940882547,0.0080458984151482,-0.0056590661779046
58_b31,58,31,0.0084100468084216,0.0675946461828879,0.05885347878444,-0.0430903372901957
58_b32,58,32,0.0038960559759289,0.0774414545408668,0.0675968764457866,-0.0626938122013598
58_b33,58,33,0.0020097931846976,0.0203315213170526,0.0173387437296332,-0.0052063974906923
58_b34,58,34,0.0080431923270225,0.0845398864831695,0.0744950280864577,-0.0681566625381674
58_b35,58,35,0.0064480798318982,0.0842042433062692,0.0739113219869614,-0.0696290255845815
58_b36,58,36,0.006366635672748,0.0302448264858999,0.0262473836389835,-0.000648155658273
58_b37,58,37,0.0059769176878035,0.0190786628619853,0.0161487512104213,0.002241898914799
58_b38,58,38,0.0137111488729715,0.0574532202636074,0.0492945689137559,-0.043290398287354
58_b39,58,39,0.0051638213917613,0.0199919019134686,0.0171314114890992,0.0033337929681874
58_b4,58,4,0.0052239671349525,0.0811606420423275,0.0716358032108837,-0.0690753306316764
58_b40,58,40,0.0055083152838051,0.0140359382201514,0.0117076893680496,0.0010821640741778
58_b41,58,41,0.0042272740975022,0.0247537969226572,0.0212440321379108,0.0049161608685972
58_b42,58,42,0.0080386009067296,0.031418432996686,0.0271962502831593,-0.0260443566320464
58_b43,58,43,0.0021996009163558,0.0650066387234436,0.0569740417599678,-0.0556673999689519
58_b44,58,44,0.0067656561732292,0.0131705011147601,0.0114909193984931,0.0093023152748355
58_b45,58,45,0.0088978614658117,0.0166714324441355,0.0134572300792206,0.009360801418079
58_b46,58,46,0.0101337619125843,0.0268777927794529,0.0225999561254866,-0.0137150866049341
58_b47,58,47,0.0091433562338352,0.0452236953893626,0.0381063241907395,-0.0360915309400297
58_b48,58,48,0.0029224357567727,0.0195418538204564,0.0161751794046722,-0.0067234238586388
58_b49,58,49,0.0047745159827172,0.0069025947744698,0.0056715216970769,-0.0007295849424554
58_b5,58,5,0.0036138512659817,0.0609923848804169,0.0531850860558915,-0.0515993272059131
58_b6,58,6,0.0049288924783468,0.0341477556970351,0.0292802598868729,-0.0132912651990773
58_b7,58,7,0.010138495825231,0.0242313570373879,0.0207247328187804,-0.0026199668075423
58_b8,58,8,0.0053698429837822,0.0525581571893599,0.044900343746267,-0.0340104105979844
58_b9,58,9,0.008333746343851,0.0316159880496366,0.0264730736089404,-0.0112286129954736
59_b0,59,0,0.0063596749678254,0.0489916272215941,0.0414456017407064,-0.0064592592440021
59_b1,59,1,0.0066715199500322,0.0697745851567304,0.0604305558372288,0.0601728280493989
59_b10,59,10,0.0059620304964482,0.0513286027239347,0.0444253852551628,-0.0159521449178282
59_b11,59,11,0.0149790756404399,0.0723091190686631,0.0630516868909035,-0.0500968574386934
59_b12,59,12,0.0135945817455649,0.0524456237517873,0.0421097913547419,0.0392884798091836
59_b13,59,13,0.0136117795482277,0.0546994616748932,0.0442317875643493,0.0347721940436167
59_b14,59,14,0.0059131933376193,0.047646309032505,0.0406754947903391,-0.0013077046613034
59_b15,59,15,0.0079508814960718,0.0565358286692668,0.0490462098701391,0.0486801551806274
59_b16,59,16,0.0103659257292747,0.0380093467426939,0.0320097536729008,0.003838038896647
59_b17,59,17,0.0072211567312479,0.0743246176697389,0.0672882514109369,0.0672882514109369
59_b18,59,18,0.0081773810088634,0.0504947946385336,0.0414743327954784,0.0211114533804357
59_b19,59,19,0.011601423844695,0.0374968894936288,0.0310730849765241,0.0027225307771004
59_b2,59,2,0.007666973862797,0.0483268304666631,0.0440522328577935,0.0439877824112772
59_b20,59,20,0.0061443625018,0.0551425764996731,0.0508601518650539,0.0508601518650539
59_b21,59,21,0.0180209968239069,0.0419240979383033,0.0363290636522287,0.0029266808739339
59_b22,59,22,0.0092150419950485,0.0431931608487648,0.036667815024266,0.0344698303693439
59_b23,59,23,0.0080515351146459,0.0426763533136089,0.0383681566664017,0.0382805082318373
59_b24,59,24,0.0103192189708352,0.0486722078328663,0.0406314526358619,0.039973725839518
59_b25,59,25,0.0183906070888042,0.0669918808220069,0.0579915367439389,0.0578882080037146
59_b26,59,26,0.0118966354057192,0.0619984034665527,0.0531367712139035,-0.044103853511333
59_b27,59,27,0.0111829126253724,0.0445909808341763,0.0409981460950803,0.0409954592550639
59_b28,59,28,0.0050731813535094,0.0355989375590939,0.0283428487135097,0.0263715645927004
59_b29,59,29,0.0149095533415675,0.0720418479806164,0.0637153717588444,-0.0555679040126779
59_b3,59,3,0.0020489918533712,0.0437983177818183,0.0357011689117644,0.0137576523993629
59_b30,59,30,0.0108910836279392,0.0262157159903334,0.0245023055368801,0.0244985152495792
59_b31,59,31,0.0053533520549535,0.0686289360847132,0.0598720393633993,-0.0395570840618165
59_b32,59,32,0.017229514196515,0.0714226121695218,0.0624519933884948,-0.044857028209044
59_b33,59,33,0.0036046602763235,0.0475691908448588,0.0392102395207621,0.0366501089534722
59_b34,59,34,0.0199514850974082,0.0806680770028189,0.0707226855696353,-0.0588624346970755
59_b35,59,35,0.0115881841629743,0.071703107944403,0.0623004523968847,-0.0478908088641765
59_b36,59,36,0.0070505263283848,0.0383070373860617,0.0318724069546442,0.0097419384738896
59_b37,59,37,0.0094469413161277,0.0565954777297274,0.0468956777639687,0.0460487018059939
59_b38,59,38,0.0235640536993742,0.0548796367962242,0.0470715084637049,-0.0327977008244488
59_b39,59,39,0.0105490908026695,0.0354569263538954,0.0303293658583424,0.0297036678856238
59_b4,59,4,0.0246954318135976,0.071836327333657,0.0622438973622047,-0.0502777872225851
59_b40,59,40,0.0137950163334608,0.061348784429306,0.051278026397922,0.0506608692841837
59_b41,59,41,0.0076135927811264,0.0539027159770226,0.0437948768096976,0.0374550726148299
59_b42,59,42,0.0035326252691447,0.0306271539727483,0.0264402979530859,-0.025275376321515
59_b43,59,43,0.0016969346906989,0.0589958113599885,0.0505102048641128,-0.0475343699766381
59_b44,59,44,0.0159850753843784,0.0558877575864524,0.0514477553736651,0.051444927653647
59_b45,59,45,0.0145335365086793,0.0695883091977212,0.0620572833227925,0.0620313396840356
59_b46,59,46,0.0160575844347476,0.0349306099999108,0.0286056858790107,0.0103491458878852
59_b47,59,47,0.0124787893146276,0.0306540273123233,0.0260156828979961,-0.0120714353653602
59_b48,59,48,0.0067010726779699,0.056027433224796,0.0456015350553207,0.0430957235232926
59_b49,59,49,0.0092902351170778,0.0745686682747166,0.0656944827793631,0.0656907676893752
59_b5,59,5,0.0112095717340707,0.0422463038206925,0.0358604346931679,-0.0291694116051076
59_b6,59,6,0.0073858168907463,0.0452206993097751,0.0370438390853814,0.0162573198531754
59_b7,59,7,0.0142772309482097,0.038552289975861,0.0311756245547439,0.0222031844092998
59_b8,59,8,0.0107306353747844,0.0493133777592281,0.0427042253275431,-0.0191367980594077
59_b9,59,9,0.00664281565696,0.0426736889413315,0.0355276922660414,0.0128095262206625
5_b0,5,0,0.0047285296022892,0.0464924872014397,0.0391777730287867,-0.0293692716906662
5_b1,5,1,0.0032099783420562,0.018578105314999,0.0157734378869645,0.0099614110286347
5_b10,5,10,0.0046944334171712,0.0581200884292154,0.0503821281093405,-0.0375014497881056
5_b11,5,11,0.0044306232593953,0.0813189899769995,0.0715658815118513,-0.0672828894295526
5_b12,5,12,0.005380218848586,0.0219305726845924,0.0185360003495588,-0.0061677474784664
5_b13,5,13,0.0085919592529535,0.0296614070697165,0.0250641245854785,-0.006491214124835
5_b14,5,14,0.0078535499051213,0.0422848184475732,0.0359800326527329,-0.0234681524970801
5_b15,5,15,0.0054469844326376,0.0133468705374038,0.0113504235132131,0.0075190931151155
5_b16,5,16,0.0093401242047548,0.0331955117551318,0.0286591975437477,-0.008440198698081
5_b17,5,17,0.0027144299820065,0.0100539055101582,0.008451017406769,0.001014310424216
5_b18,5,18,0.005435443483293,0.0351501944249284,0.0309865371836349,-0.0067550608422607
5_b19,5,19,0.0086490400135517,0.0410449666238754,0.0352419318867032,-0.0198454842276987
5_b2,5,2,0.0059780031442642,0.0084950509108843,0.0067142234090715,0.0056267735082656
5_b20,5,20,0.0032820410560816,0.0066072338218738,0.0055786088248714,0.0032803903007879
5_b21,5,21,0.007343927398324,0.0492033715216743,0.0418609202086372,-0.0383812747096089
5_b22,5,22,0.0068512135185301,0.0171601306007447,0.0143920916854403,0.0026157143735326
5_b23,5,23,0.0060830656439065,0.0074655812576204,0.0061081458849366,0.0035357974411454
5_b24,5,24,0.0082503519952297,0.0162600802723054,0.0134755908232182,0.0038854213524609
5_b25,5,25,0.0070483777672052,0.0130258446049229,0.0108622286620084,0.0026846337609458
5_b26,5,26,0.0024243821389973,0.080753150030384,0.0718993585073621,-0.0713850308750989
5_b27,5,27,0.0083332639187574,0.0099681606298367,0.0081583027809392,0.0074915051471907
5_b28,5,28,0.0048725698143243,0.0181808330215628,0.0152936321072047,-0.0105873390793567
5_b29,5,29,0.0194061677902936,0.0661466005228802,0.0578640427070422,-0.0500831644344361
5_b3,5,3,0.0039712046273052,0.0339967768234551,0.0287873516615945,-0.0114323722978588
5_b30,5,30,0.0076523129828274,0.018675768030656,0.0156946456362493,-0.0130497225211001
5_b31,5,31,0.0049899658188223,0.0732145603785349,0.0635695127179497,-0.0518002686896943
5_b32,5,32,0.0075760493054986,0.0772657657486456,0.0672522003294579,-0.0597251769385911
5_b33,5,33,0.0033601073082536,0.0195869306130413,0.0166628776566358,-0.0050088518374832
5_b34,5,34,0.0157043989747762,0.0799760297188969,0.0698068063508253,-0.0607692199514713
5_b35,5,35,0.007533399388194,0.0760105833647871,0.0661544096525176,-0.0615108528322889
5_b36,5,36,0.0081452652812004,0.029985166749912,0.0257909193274099,-0.0062335190514568
5_b37,5,37,0.0073624532669782,0.0202224703354455,0.0170885651325806,0.0035515467822551
5_b38,5,38,0.0100164441391825,0.0660981259172014,0.0574804174661403,-0.0546349577180808
5_b39,5,39,0.0075437636114656,0.0113723481149918,0.0097279731679009,-0.0004278848069952
5_b4,5,4,0.0170038118958473,0.0741268193904404,0.0641935801647196,-0.0583276530147122
5_b40,5,40,0.0070318463258445,0.0143620127838976,0.0121045116829918,0.0031095716013805
5_b41,5,41,0.0050524976104497,0.0236042597783017,0.0202401340124197,0.0010975995962508
5_b42,5,42,0.0058170766569674,0.032870744127657,0.0288194637966807,-0.0284048578084912
5_b43,5,43,0.0047578327357769,0.0676302435564191,0.0590107534950948,-0.0572028184621012
5_b44,5,44,0.0116565590724349,0.0094220172559482,0.0079931401280919,0.0075007360981544
5_b45,5,45,0.0085496986284852,0.0161926540406908,0.0130698254762683,0.0087842518498655
5_b46,5,46,0.0138956839218735,0.0248621518002172,0.0211608349159359,-0.0090400105388835
5_b47,5,47,0.0105822682380676,0.0432538462573848,0.0365224865661002,-0.0348249680944718
5_b48,5,48,0.0061833425424993,0.023799377346366,0.0201564362179487,0.0052993190754204
5_b49,5,49,0.0053494190797209,0.0123614365224149,0.0103223637351766,0.0090576309617608
5_b5,5,5,0.0075769182294607,0.0526909647617657,0.0458612083748448,-0.0440159624593798
5_b6,5,6,0.0085304845124483,0.0294546679571478,0.0249835985148092,-0.0118549957679351
5_b7,5,7,0.0114450166001915,0.0262757741446425,0.0226364578178618,-0.0036657304281834
5_b8,5,8,0.0077119539491832,0.0517284504711447,0.0438992787415918,-0.0320121758583991
5_b9,5,9,0.0050355037674307,0.0368294520404933,0.0311721509118797,-0.0159659456397639
60_b0,60,0,0.0077610164880752,0.0651531071606857,0.0574743484953069,-0.0570797332414076
60_b1,60,1,0.0078129172325134,0.0887078879952904,0.0826970276860811,-0.0826970276860811
60_b10,60,10,0.0076684840023517,0.061646322438052,0.0536350450181635,-0.0532026604498969
60_b11,60,11,0.0086495764553546,0.0880902740038654,0.0788810078383539,-0.0774418168884585
60_b12,60,12,0.0041820299811661,0.0717377914262842,0.0655209131073206,-0.0655209131073206
60_b13,60,13,0.0103919422253966,0.0705694353500958,0.0648531034303596,-0.0648531034303596
60_b14,60,14,0.0092046596109867,0.060454613676481,0.0548186556794098,-0.0543738130186102
60_b15,60,15,0.0106356125324964,0.0753223401739424,0.069359404540155,-0.069359404540155
60_b16,60,16,0.0098661771044135,0.0568150416797981,0.0517033883072144,-0.0517032807441137
60_b17,60,17,0.003510968061164,0.0809372038433068,0.0754140232456848,-0.0754140232456848
60_b18,60,18,0.007782784756273,0.0674646780883421,0.0636497453041374,-0.0636497453041374
60_b19,60,19,0.018293784931302,0.0511465198832053,0.0450577123889524,-0.0442997877702873
60_b2,60,2,0.0082503538578748,0.0730562455870298,0.0672907456231769,-0.0672907456231769
60_b20,60,20,0.0040282062254846,0.0869464302046908,0.0787381691200425,-0.0787381691200425
60_b21,60,21,0.0099934972822666,0.0583325283762667,0.0519250921349521,-0.0513469342099051
60_b22,60,22,0.0070451195351779,0.0497428694048436,0.0460702820227015,-0.0460702820227015
60_b23,60,23,0.008414028212428,0.0701165201640026,0.0648762063964386,-0.0648762063964386
60_b24,60,24,0.0087857376784086,0.0802269988048904,0.0740885180782061,-0.0740885180782061
60_b25,60,25,0.0091265402734279,0.0868778569230675,0.0803327941184397,-0.0803327941184397
60_b26,60,26,0.0144744161516428,0.0797784569326194,0.0709197599893377,-0.0703743504160956
60_b27,60,27,0.0085582202300429,0.0627689573299813,0.0566463719634339,-0.0566463719634339
60_b28,60,28,0.0047630108892917,0.0591176910099997,0.0541200486605521,-0.0541200486605521
60_b29,60,29,0.038418173789978,0.0779515538519413,0.0694533572460204,-0.06031891147235
60_b3,60,3,0.0011082905111834,0.0696962080020251,0.0645111322542652,-0.0645111322542652
60_b30,60,30,0.0062399320304393,0.07759656067164,0.0693946778579265,-0.0693946778579265
60_b31,60,31,0.0088589582592248,0.0808790023506885,0.0701685709305456,-0.0673327878848067
60_b32,60,32,0.0179759729653596,0.0811822801158151,0.0712539219970131,-0.0652118629656979
60_b33,60,33,0.0037186474073678,0.0744209583165762,0.068545495311846,-0.0685299887350993
60_b34,60,34,0.0284481607377529,0.0888506338766691,0.0787040865079325,-0.0709132767080154
60_b35,60,35,0.0105259753763675,0.0885349342057624,0.078492878103716,-0.077101699818013
60_b36,60,36,0.0074953949078917,0.0602940363479221,0.0561319068574812,-0.0561319068574812
60_b37,60,37,0.0082998806610703,0.0710672964139015,0.0660678971555898,-0.0660678971555898
60_b38,60,38,0.0193551816046237,0.0710121781040968,0.0622975423678872,-0.058476976736274
60_b39,60,39,0.0104849571362137,0.0506247132366185,0.0460930082085542,-0.0460889262217097
60_b4,60,4,0.033065490424633,0.0809443824481419,0.0710961670619144,-0.0642696254821203
60_b40,60,40,0.0087451245635747,0.0804093603487432,0.0735194578114897,-0.0735194578114897
60_b41,60,41,0.0122150229290127,0.070084968740323,0.0654868780524702,-0.0654868780524702
60_b42,60,42,0.0146929370239377,0.0516725053023576,0.0470345122145954,-0.0470031310676131
60_b43,60,43,0.0260756984353065,0.0625615094219067,0.0542229722284537,-0.0513200094860803
60_b44,60,44,0.0130946645513176,0.0690598093742769,0.0631940424558706,-0.0631940424558706
60_b45,60,45,0.0130504546687006,0.0810682843527016,0.0748067892104154,-0.0748067892104154
60_b46,60,46,0.0120030250400304,0.060137753757454,0.0551937788748182,-0.0551361862965859
60_b47,60,47,0.0094703258946537,0.0729793119777474,0.0676490640372503,-0.0676490640372503
60_b48,60,48,0.0039275451563298,0.0798559127152107,0.0745943804935086,-0.0745943804935086
60_b49,60,49,0.0080028753727674,0.0922480293088355,0.0851517919680918,-0.0851517919680918
60_b5,60,5,0.0138457622379064,0.0606591745635578,0.0549476977426093,-0.0548714096832554
60_b6,60,6,0.010532533749938,0.0643186557817354,0.0594311478664167,-0.059352971392218
60_b7,60,7,0.013646813109517,0.050509548673811,0.0465676281822379,-0.0465016244852449
60_b8,60,8,0.0175381712615489,0.0605144640435168,0.0517748972082336,-0.045000178519549
60_b9,60,9,0.0089505910873413,0.0470564098129168,0.041614548243815,-0.0412248305056709
61_b0,61,0,0.0063811922445893,0.0448400394467682,0.037942465380911,-0.0247924167128803
61_b1,61,1,0.002140681259334,0.0169974175188914,0.0143938290863297,0.0086527521419338
61_b10,61,10,0.0096884462982416,0.0527232110183077,0.0459941337782947,-0.0266459163291438
61_b11,61,11,0.0068103428930044,0.0820035307389669,0.0723585314876254,-0.0678311067781032
61_b12,61,12,0.0077074808068573,0.0246259556978043,0.0211741894437,-0.0011156819725874
61_b13,61,13,0.0113756880164146,0.0282415773114511,0.023707130649127,-0.0041579839494079
61_b14,61,14,0.0098723117262125,0.0432012505544042,0.0368486216844758,-0.0238009499566396
61_b15,61,15,0.0085333082824945,0.0181162779238052,0.0153000677598174,0.0118363735394086
61_b16,61,16,0.0071503263898193,0.0380662726412535,0.0328065396600868,-0.0168899573327507
61_b17,61,17,0.0023434744216501,0.01867970886862,0.014937608790351,0.0137714229442644
61_b18,61,18,0.005068227648735,0.035619188299706,0.0314407407111139,-0.0057040657420293
61_b19,61,19,0.0132478289306163,0.0367996613859366,0.0315024014248047,-0.0153538780694361
61_b2,61,2,0.0045370617881417,0.0134102662909371,0.0111867861135397,0.009394855586579
61_b20,61,20,0.0043720263056457,0.0148927183115027,0.0126157051813788,0.0111092399782501
61_b21,61,21,0.0096451807767152,0.0427496517537397,0.0358523387396417,-0.0265252935262105
61_b22,61,22,0.014436675235629,0.0148554533251621,0.012222816197318,-0.0034476860502036
61_b23,61,23,0.0046684262342751,0.0126836930861113,0.0108285176870413,0.0075067542726174
61_b24,61,24,0.0117022385820746,0.0230962599956049,0.0184048331878148,0.0151102247019298
61_b25,61,25,0.01023789960891,0.0218586922590171,0.0178117479413049,0.0115868260635761
61_b26,61,26,0.0075094667263329,0.073150122120986,0.063519166688784,-0.0601081876916578
61_b27,61,27,0.0121501265093684,0.0271039989324979,0.0247995887533761,0.0247932770405896
61_b28,61,28,0.0047995178028941,0.0136485953503956,0.011192340683774,0.0020172926614759
61_b29,61,29,0.0243543330579996,0.0732498921368746,0.0649682485166704,-0.0554195289622293
61_b3,61,3,0.0028698646929115,0.0343869182548436,0.0289697643613908,-0.0142025788349565
61_b30,61,30,0.0081556364893913,0.0117200093378185,0.0100403629554784,-0.0037299612103379
61_b31,61,31,0.006813789717853,0.0715997583164761,0.0617660027230158,-0.0519391098385676
61_b32,61,32,0.0094969570636749,0.0750887785021268,0.0654485384239524,-0.0567230954770639
61_b33,61,33,0.0029931552708148,0.0228665885870629,0.019508038709755,-0.0016493360110325
61_b34,61,34,0.0193547531962394,0.0815650900491975,0.0716429175743542,-0.0618858072794682
61_b35,61,35,0.0105547970160841,0.0766018233178819,0.066663279649947,-0.0586273751735279
61_b36,61,36,0.0062502897344529,0.031391839690357,0.0266641414142213,-0.0105575407971628
61_b37,61,37,0.005310395732522,0.0193051761484755,0.0159937655460089,0.008014125553891
61_b38,61,38,0.0132135106250643,0.0667888745063973,0.057956634160364,-0.0515254159609321
61_b39,61,39,0.0085068568587303,0.0163031742628189,0.0133062845014501,-0.0117630670440848
61_b4,61,4,0.0174541100859642,0.0793639941086646,0.0696630754949728,-0.0630068058985489
61_b40,61,40,0.0094447843730449,0.0208389658977552,0.0172785968647804,0.0077886369626503
61_b41,61,41,0.0038786539807915,0.0282042769252532,0.0241298046597512,0.0078108100936515
61_b42,61,42,0.0030393109191209,0.0433452422632911,0.0391624670615419,-0.0390761756384745
61_b43,61,43,0.0114189824089407,0.0557656737485475,0.0477028730051824,-0.0437591264868387
61_b44,61,44,0.0084578916430473,0.0078833658139678,0.0064462121689575,0.0059136219581705
61_b45,61,45,0.009584505110979,0.0209474059749677,0.0168575578555464,0.0139904069621115
61_b46,61,46,0.0152771836146712,0.0288528992696796,0.024798604514217,-0.0075996435515116
61_b47,61,47,0.0125464797019958,0.0393506886393162,0.0326707436447031,-0.0291971232858486
61_b48,61,48,0.0057383077219128,0.0237215741744213,0.0200924648996442,0.0072370113618671
61_b49,61,49,0.0058496100828051,0.0189686284382284,0.0154639919480541,0.0126132443774258
61_b5,61,5,0.0352217368781566,0.0350732755894062,0.0292853855236899,-0.0073492529464419
61_b6,61,6,0.0085766641423106,0.0314446270955834,0.0265577036788454,-0.0129892565956106
61_b7,61,7,0.0150627568364143,0.0247328467649035,0.0212853674829239,-0.0062823165167355
61_b8,61,8,0.0106513975188136,0.0538457077790897,0.0462072722938319,-0.0313798738112382
61_b9,61,9,0.0084280837327241,0.0346127680207455,0.0295401384169235,-0.0102325767185539
62_b0,62,0,0.0056388257071375,0.0481749799024404,0.0405963955420884,-0.0333526549997623
62_b1,62,1,0.0041197575628757,0.0182960841307679,0.0155090378248132,0.0099020242248661
62_b10,62,10,0.011185597628355,0.0500010805537351,0.0424923682879307,-0.0330272411150508
62_b11,62,11,0.0103880316019058,0.0792811955332664,0.0697951896971062,-0.0648476664686313
62_b12,62,12,0.0029396249447017,0.0238297524472663,0.0198439979448448,-0.0124667457013856
62_b13,62,13,0.0120503893122076,0.029136888415351,0.0246273602265864,-0.0025041274121031
62_b14,62,14,0.0072570601478219,0.0413871594913128,0.0354792858776636,-0.0191390938614495
62_b15,62,15,0.0055389078333973,0.0169726046248499,0.0143006291706115,0.0110308659356087
62_b16,62,16,0.0081283561885356,0.0344312481533713,0.0298481097939657,-0.0131528878520475
62_b17,62,17,0.0030116429552435,0.014847806646432,0.0118300206947606,0.0105673714273143
62_b18,62,18,0.0064677335321903,0.0321189704388561,0.0281656267005018,-0.0085879570082761
62_b19,62,19,0.0106329414993524,0.0384269050570639,0.0325941050308756,-0.0230065918900072
62_b2,62,2,0.0061661237850785,0.0085345770208645,0.0070673747174441,0.0051302757766097
62_b20,62,20,0.0035720346495509,0.0101565271044551,0.0084198189678136,0.0062151999620255
62_b21,62,21,0.0100045315921306,0.0482983192917259,0.0411162266614701,-0.0343753009303327
62_b22,62,22,0.0102030895650386,0.0157990871300244,0.0131391116947634,0.0049223040911601
62_b23,62,23,0.0064254044555127,0.0075626138409604,0.0063369232660625,0.0028013602958526
62_b24,62,24,0.009141294285655,0.0178931309528957,0.0145945993380155,0.0081869151222053
62_b25,62,25,0.0069719455204904,0.0135401816791956,0.0114266190386842,-0.0016062948468606
62_b26,62,26,0.0047525642439723,0.0749756961498462,0.0659177738628932,-0.0642895129337557
62_b27,62,27,0.0156861394643783,0.0306487710478338,0.0280917442019563,0.028084715536097
62_b28,62,28,0.0026769589167088,0.0169238870384924,0.0140708505816292,-0.0128308099030982
62_b29,62,29,0.0123344734311103,0.0724549852444364,0.0642419189448264,-0.0582321980794222
62_b3,62,3,0.0031325663439929,0.0345855695781758,0.0292488039436284,-0.0161989117215853
62_b30,62,30,0.0055826175957918,0.0163694741031059,0.0138705765482154,-0.0124283654548344
62_b31,62,31,0.0072750602848827,0.068697072793856,0.0596583667979575,-0.0444249607180245
62_b32,62,32,0.0086441403254866,0.0747791205997979,0.0650021869934426,-0.0586042846192867
62_b33,62,33,0.0036788394208997,0.0217630527201218,0.0186016659537563,-0.0031804562272736
62_b34,62,34,0.0242851935327053,0.0772713902009866,0.0674310853290808,-0.056341637420046
62_b35,62,35,0.0074627143330872,0.0785600930489802,0.0684751963272719,-0.0625634139247267
62_b36,62,36,0.0067462911829352,0.0290413424292612,0.0249513378064148,-0.006724837210495
62_b37,62,37,0.0076569337397813,0.0148679898142586,0.0126055222237482,0.0006203350052237
62_b38,62,38,0.001916172564961,0.0767013040161957,0.0685650999934296,-0.0678353177008102
62_b39,62,39,0.0095306038856506,0.0173759529201941,0.0143024728790624,0.010637079901644
62_b4,62,4,0.0050173541530966,0.0847471968550648,0.0750059245245574,-0.0733219923566139
62_b40,62,40,0.0075215082615613,0.0135029973075206,0.0109691039606696,-0.0035184618277708
62_b41,62,41,0.0064086895436048,0.0213981668578182,0.0184681750414893,0.0007090503536164
62_b42,62,42,0.0032457131892442,0.0420153594054805,0.0378564257349353,-0.0377548775530885
62_b43,62,43,0.0044436571188271,0.0603040511947199,0.0521511451204423,-0.050169211239845
62_b44,62,44,0.0109598748385906,0.0122543245905959,0.010822724563186,0.0108203736384166
62_b45,62,45,0.0091772675514221,0.0183429213868759,0.0148210986424237,0.0116956308111548
62_b46,62,46,0.0133089181035757,0.0269902663186889,0.0231621424830518,-0.0104718716000206
62_b47,62,47,0.0084446817636489,0.0477054078201061,0.0408053998462855,-0.0397058687359094
62_b48,62,48,0.0031829206272959,0.0195854578681844,0.0164087990380357,-0.0025932012859266
62_b49,62,49,0.0059164697304368,0.0096170331894326,0.0078631753567606,0.0049296279111877
62_b5,62,5,0.0085761696100234,0.0510120085928573,0.0444991729583125,-0.0429590925795491
62_b6,62,6,0.0073329377919435,0.0323599053675427,0.0279145213618176,-0.0033300858951406
62_b7,62,7,0.0192718543112278,0.0207530252813411,0.0166878041112795,-0.0112538249092176
62_b8,62,8,0.0080418922007083,0.0512473018661873,0.0433720132557937,-0.0347792765330086
62_b9,62,9,0.0074962703511118,0.0344696731178198,0.0289480068697594,-0.0181428594631142
63_b0,63,0,0.0036984547041356,0.054586172165491,0.0463737378774385,-0.0404565821883443
63_b1,63,1,0.0035254235845059,0.0167708971326046,0.0141807630076073,0.0069027890008874
63_b10,63,10,0.0065687303431332,0.0524489335854342,0.0454903834374272,-0.0255603857818641
63_b11,63,11,0.0050290245562791,0.0850424410530642,0.0754492909098189,-0.0724562750993209
63_b12,63,12,0.0044118268415331,0.0243598524024621,0.0205312766332644,-0.0106478333112318
63_b13,63,13,0.0133575750514864,0.0281566047626263,0.0237892188818659,-0.0063651472132187
63_b14,63,14,0.0096649918705224,0.0428514964862527,0.0365321258635958,-0.0263019799062749
63_b15,63,15,0.0085160555317997,0.030610947138637,0.02539383040159,0.0230799747665878
63_b16,63,16,0.0112051572650671,0.0371042937319416,0.0321014250798907,-0.0089374580870207
63_b17,63,17,0.0037113216239959,0.0113745554288042,0.0095493122108746,0.0026859313331078
63_b18,63,18,0.0082510132342576,0.0361811445838111,0.0317902008863165,-0.0037209927570074
63_b19,63,19,0.0080035869032144,0.0431611984173166,0.0369660989620024,-0.0216691211919533
63_b2,63,2,0.0088750794529914,0.0162256963211174,0.0132226347131654,0.0120659809047356
63_b20,63,20,0.0031697466038167,0.0059765115919973,0.0048931842274032,0.0006434167060069
63_b21,63,21,0.008887923322618,0.0441263371668858,0.0371869015326956,-0.0325190980458864
63_b22,63,22,0.0061848182231187,0.0195518621031019,0.0164198526402469,-0.0088860108552034
63_b23,63,23,0.0093362033367156,0.0155617713775042,0.0128559752728324,0.0105939332593698
63_b24,63,24,0.0067046037875115,0.0167051882520373,0.013976981852902,-0.0079971738334279
63_b25,63,25,0.0078398287296295,0.0162497576973092,0.0132358430186286,-0.0077279390348121
63_b26,63,26,0.0137067344039678,0.0748904898040174,0.0648932898032944,-0.0592390046908985
63_b27,63,27,0.0076906206086277,0.0070854728440118,0.0059165895672049,0.0012858585722278
63_b28,63,28,0.0093613937497138,0.0187492649561512,0.0155622596826287,0.0040653463618946
63_b29,63,29,0.0100344633683562,0.082976939758987,0.0743155513993951,-0.0691268447715811
63_b3,63,3,0.0052313464693725,0.0359128026399097,0.030364982036408,-0.0202720519341528
63_b30,63,30,0.0074309473857283,0.0125384775133208,0.0102485148678533,-0.0088644067547284
63_b31,63,31,0.0104135107249021,0.0715066877517324,0.0620185236359247,-0.0496505224431166
63_b32,63,32,0.0178048349916934,0.0808599186256928,0.0712029145797714,-0.0603722640033811
63_b33,63,33,0.004428703803569,0.0214506000577355,0.0183345371781615,-0.0008775176684139
63_b34,63,34,0.0149117242544889,0.0907053917625029,0.0804549920368299,-0.0732126223617524
63_b35,63,35,0.0124276243150234,0.0799388183396806,0.0698772839340381,-0.0623560766293667
63_b36,63,36,0.0093880370259284,0.0334099304962493,0.0287452641804702,-0.0029788570827804
63_b37,63,37,0.0097194137051701,0.0231661726268139,0.0192811569548212,0.0079875358683057
63_b38,63,38,0.0112853031605482,0.0650873154909609,0.0563920006831176,-0.0500318812043406
63_b39,63,39,0.0071176094934344,0.0271849865075622,0.0237914824552717,-0.0235791356369736
63_b4,63,4,0.0181426480412483,0.0810831552681724,0.0713195220625493,-0.0647281881875824
63_b40,63,40,0.0074288393370807,0.0173076036973851,0.0137247795780422,-0.0085718500282382
63_b41,63,41,0.0068572564050555,0.0266708912295584,0.0225914027885301,0.0067962062155129
63_b42,63,42,0.0138083472847938,0.0283794879362716,0.0239200807595625,-0.0199778718268498
63_b43,63,43,0.0156973581761121,0.0516206484282191,0.0438638758671004,-0.0380096901778597
63_b44,63,44,0.0114348083734512,0.006016810782812,0.0050801205486641,0.0006355402580811
63_b45,63,45,0.0123646408319473,0.0188934400075479,0.0150993024831404,0.011513074581162
63_b46,63,46,0.0106854792684316,0.0314823043084633,0.0261634170729666,-0.0202898572897538
63_b47,63,47,0.0115202320739626,0.0449864495543622,0.0382879342115484,-0.0371960774785839
63_b48,63,48,0.0035866247490048,0.0216782626020512,0.0179126350302249,-0.0088597348425537
63_b49,63,49,0.005139953456819,0.0079328220344066,0.0065501282329205,-0.0002727062965277
63_b5,63,5,0.0090583711862564,0.0530890957207369,0.0464926591340918,-0.0454295418050605
63_b6,63,6,0.0088221170008182,0.0332111712397253,0.027746697149123,-0.0191005115275038
63_b7,63,7,0.008632137440145,0.0278111089611502,0.0238364467630162,-0.007155215027742
63_b8,63,8,0.0087698642164468,0.0590237829568621,0.0506873419923067,-0.0369816081343742
63_b9,63,9,0.0070524206385016,0.031842488289951,0.0269366764527512,-0.0081728249433217
64_b0,64,0,0.0081283673644065,0.0436128614710822,0.0370914307586645,-0.026456630369721
64_b1,64,1,0.0050737839192152,0.0180192086519172,0.0151713597867637,0.0117513030720874
64_b10,64,10,0.0082114860415458,0.0568882679297493,0.0496208428303361,-0.0278869731296435
64_b11,64,11,0.0056245820596814,0.0766574825907667,0.0673633587110089,-0.0624909353931434
64_b12,64,12,0.0060439170338213,0.0226101192441961,0.0191661407088395,-0.004747907895362
64_b13,64,13,0.0126398028805851,0.0282995808452975,0.0239138907386222,-0.0001905593794072
64_b14,64,14,0.0080676013603806,0.0505640528464496,0.0438299408384773,-0.017232511697075
64_b15,64,15,0.0096364356577396,0.0175002845391068,0.0145309301081579,0.0122964284766931
64_b16,64,16,0.0108309835195541,0.0324551912477821,0.0280348435959604,-0.0076536932757881
64_b17,64,17,0.0047967592254281,0.0117933622493287,0.009540717623895,0.0066026027838233
64_b18,64,18,0.0050511858426034,0.0340203988766731,0.0297157213150057,-0.0098006744321901
64_b19,64,19,0.0144187090918421,0.0336312700474962,0.0283416150302218,-0.0159218992154637
64_b2,64,2,0.0055688018910586,0.0115261505382341,0.0093600547639653,0.0083282222039997
64_b20,64,20,0.002820482244715,0.0081145949508251,0.0067258924967609,-0.0013140381290577
64_b21,64,21,0.0102034555748105,0.0448531083966716,0.037923085464281,-0.0314893889782251
64_b22,64,22,0.0105137005448341,0.0163226002366515,0.013316996723297,-0.0057024740165797
64_b23,64,23,0.0059180478565394,0.0102747948889452,0.0084500856371596,0.0061304998397827
64_b24,64,24,0.0085103744640946,0.0140261670399016,0.0117272307176608,-0.0064935117040295
64_b25,64,25,0.0083765741437673,0.0122800228335202,0.0102114354807417,-0.0008390189066994
64_b26,64,26,0.0176996905356645,0.0659795669725977,0.0565872811444569,-0.0509629831102211
64_b27,64,27,0.0097155282273888,0.0099835870068417,0.0082619510870426,-0.0039156115381047
64_b28,64,28,0.002298885025084,0.014476160503703,0.0122985559981316,-0.0106379798753187
64_b29,64,29,0.0313599854707717,0.0671699352350917,0.0594085506016563,-0.0468758773295849
64_b3,64,3,0.003883131314069,0.0323730594360889,0.027490165597992,-0.0148014517116826
64_b30,64,30,0.0065428577363491,0.0182167455400403,0.0150014516338706,-0.0138251773267984
64_b31,64,31,0.0102636776864528,0.0703593189487332,0.0611815424640371,-0.0469993744701787
64_b32,64,32,0.0260726064443588,0.0712137716823475,0.0623946478068319,-0.0450435431291771
64_b33,64,33,0.002966291969642,0.0213463899608491,0.0180107020353898,-0.007279913467355
64_b34,64,34,0.0420481152832508,0.0775872123005404,0.0680482549007865,-0.0508377040663617
64_b35,64,35,0.0240482650697231,0.0787178332319727,0.0686615953398722,-0.0563556780377257
64_b36,64,36,0.0086017763242125,0.0280349907806784,0.0242517979885451,-0.0025908492901362
64_b37,64,37,0.0050432281568646,0.0137503409845116,0.0116430697357282,-0.0029540512850508
64_b38,64,38,0.0170339792966842,0.0597612788298908,0.0511867842337233,-0.0441971163245034
64_b39,64,39,0.0082622282207012,0.0236268883909087,0.0201837603270541,-0.0198247780755627
64_b4,64,4,0.0203329939395189,0.0730810576713835,0.063537153974612,-0.0562839446337602
64_b40,64,40,0.0097865164279937,0.0134571699393326,0.0110771813121391,-0.0012775301077635
64_b41,64,41,0.0051378132775425,0.0251364742934241,0.0214608085690997,0.00297009939095
64_b42,64,42,0.0084416847676038,0.0278735559276759,0.023673563246848,-0.0214647709496784
64_b43,64,43,0.0022269296459853,0.0691380195412651,0.0615874853316927,-0.0608439965132856
64_b44,64,44,0.010999271646142,0.0048008160423672,0.003821449529496,-0.0029407949961023
64_b45,64,45,0.0116046881303191,0.0214458213246917,0.0170959493296686,0.0144451983121689
64_b46,64,46,0.0145630706101655,0.0238341330585085,0.0200907973770517,-0.0112440857954788
64_b47,64,47,0.0219955164939165,0.0407543637463667,0.0338053371198475,-0.027741234479472
64_b48,64,48,0.0045198081061244,0.017871950255528,0.0150428580492734,0.0003647404024377
64_b49,64,49,0.0053280983120203,0.0094457194954664,0.0080771718657342,0.002633213524823
64_b5,64,5,0.0049737961962819,0.0613921838596302,0.0549739909823983,-0.0545615058531984
64_b6,64,6,0.0068795904517173,0.0383999819619621,0.0331102128280326,-0.0075960999121889
64_b7,64,7,0.0138149671256542,0.0234579562483604,0.0200126639916561,-0.0039971384569071
64_b8,64,8,0.0199374482035636,0.0509989313479533,0.0442098000690748,-0.0162992567689798
64_b9,64,9,0.0050988555885851,0.0375341804407099,0.0318277032114565,-0.0147307447670027
65_b0,65,0,0.0048525622114539,0.0479707961329368,0.0406199764817574,-0.0327229362501384
65_b1,65,1,0.002977114636451,0.0138778907346378,0.0119979567429982,0.0041528732073493
65_b10,65,10,0.0072620185092091,0.0509710551366407,0.0436243438119709,-0.0315876711723103
65_b11,65,11,0.0054862084798514,0.0804353950182784,0.0710887763369828,-0.0669930690474575
65_b12,65,12,0.0063627301715314,0.0213166796489708,0.0181132866244297,-0.0080419121391605
65_b13,65,13,0.0096079520881176,0.0281450025862794,0.0234319230215623,-0.0115165966097265
65_b14,65,14,0.0073522441089153,0.04243715474205,0.0361590104663628,-0.0242443618571269
65_b15,65,15,0.0054359138011932,0.0163034452458179,0.0135108339623548,0.0085046388301998
65_b16,65,16,0.0105337537825107,0.0355021464179596,0.0306919062900124,-0.0115958457085071
65_b17,65,17,0.0028077438473701,0.005878379281852,0.0051013222278561,-0.0002772074320819
65_b18,65,18,0.0025090046692639,0.0374346028928475,0.0316182237729663,-0.0211940899869659
65_b19,65,19,0.0088895177468657,0.0350400340270979,0.0297527260238712,-0.0198215256420371
65_b2,65,2,0.0051146643236279,0.0051397369678385,0.0041834208834916,-0.0016066638380289
65_b20,65,20,0.0024587125517427,0.007442275685988,0.0061793970363214,-0.0050818155473098
65_b21,65,21,0.0103169381618499,0.0430088019280772,0.0363853495448711,-0.0315733957264455
65_b22,65,22,0.0113189183175563,0.0154003233230056,0.0127385995647637,-0.0089111828728346
65_b23,65,23,0.0053635714575648,0.0057553928071091,0.0045173149043694,-0.0028956187912262
65_b24,65,24,0.0067537450231611,0.0145716446320679,0.012394211126957,-0.002244556073565
65_b25,65,25,0.007623135112226,0.0115757124216579,0.00974987577938,0.0012308555963682
65_b26,65,26,0.0041566016152501,0.0761654291689318,0.0666170148302626,-0.06375050546907
65_b27,65,27,0.0085661513730883,0.0098997381438546,0.0083152158069424,0.0021152706444263
65_b28,65,28,0.0030726538971066,0.0185385398224337,0.0155172023916384,-0.0108100476808613
65_b29,65,29,0.0163168143481016,0.0663537061678859,0.0584642814476683,-0.051338421988039
65_b3,65,3,0.0017874838085845,0.038077644679685,0.0319895077461842,-0.0254423032316844
65_b30,65,30,0.007133568637073,0.022050267785992,0.0181700734593323,-0.0174689820906496
65_b31,65,31,0.0060389940626919,0.072368222543827,0.0626002315572986,-0.0527011792596022
65_b32,65,32,0.0193879455327987,0.0706034360002477,0.0616556192814459,-0.0459514129926537
65_b33,65,33,0.0025598288048058,0.0239468301951614,0.0200822892534779,-0.0148838047898607
65_b34,65,34,0.0183198768645524,0.0774770740787643,0.0678119620421057,-0.0565085170856764
65_b35,65,35,0.0048538418486714,0.0866544995798952,0.0764911086757274,-0.0718792314075471
65_b36,65,36,0.0045287664979696,0.0340213236222539,0.028301590437768,-0.0190718443447258
65_b37,65,37,0.0037959106266498,0.0182838158676227,0.0155711572640575,-0.0035249548521824
65_b38,65,38,0.00769266160205,0.060778809442225,0.052530960967997,-0.0481198338011745
65_b39,65,39,0.0055780545808374,0.0150279699427992,0.0121994822251144,-0.0099924531520809
65_b4,65,4,0.017825074493885,0.0741590985941834,0.0645250450831372,-0.0564214092527981
65_b40,65,40,0.0064781922847032,0.0137075932202186,0.0114043240813771,0.0010948669217759
65_b41,65,41,0.0031273628119379,0.0232877790484616,0.0196296269481536,-0.0056792828429024
65_b42,65,42,0.00178760336712,0.0532226194767026,0.0486142706411192,-0.0485742359800497
65_b43,65,43,0.0017347836401313,0.0766259209018164,0.0689391518082993,-0.0686518490292655
65_b44,65,44,0.0079608261585235,0.0028080306879636,0.0023334520217031,-0.0001705852383747
65_b45,65,45,0.0083036627620458,0.0099866978387853,0.0082912362914066,0.0017464653973001
65_b46,65,46,0.0135124772787094,0.0278052129203486,0.023492283077212,-0.0138398835866246
65_b47,65,47,0.01140898745507,0.0432927153560971,0.0368647253955714,-0.0360850014607422
65_b48,65,48,0.0034246237482875,0.0189946844803835,0.0158062604791484,-0.0011749276402406
65_b49,65,49,0.0043165176175534,0.0080788718974692,0.0067567580682225,0.0037740953010506
65_b5,65,5,0.0112971272319555,0.0480753185756026,0.0416091893508564,-0.0384933970996644
65_b6,65,6,0.0069730672985315,0.0317943696599843,0.0266776889370521,-0.0173341896286001
65_b7,65,7,0.0138934478163719,0.0224395963247037,0.0184973017603624,-0.0115522776276338
65_b8,65,8,0.0067287562415003,0.0488545412808387,0.0414306941096583,-0.0310531917503249
65_b9,65,9,0.008532116189599,0.0292772817712704,0.0243694604060146,-0.0116539464250672
66_b0,66,0,0.0034026834182441,0.0566095881914179,0.0484479906555498,-0.0394928716524737
66_b1,66,1,0.0046793203800916,0.0215185675056924,0.0183229822455905,0.0091763193416409
66_b10,66,10,0.011128569021821,0.0444871093146335,0.0380527593952138,-0.0272755572630558
66_b11,66,11,0.006590639706701,0.0826644734259746,0.0732643941418064,-0.070203325282273
66_b12,66,12,0.0067942673340439,0.0255057485958273,0.0218219352079904,-0.0083494561290717
66_b13,66,13,0.0081300511956214,0.0335935137695584,0.028531303583295,-0.0077946457039797
66_b14,66,14,0.0093077821657061,0.0394185329918268,0.0335465711699362,-0.0165676408977742
66_b15,66,15,0.0078727826476097,0.0106197715315585,0.009389766245149,0.006161882225424
66_b16,66,16,0.0056838393211364,0.0402363566001921,0.0347210851233103,-0.0213728328063734
66_b17,66,17,0.0075054727494716,0.0212467117532887,0.0168740684736985,0.0138250408496242
66_b18,66,18,0.0041457475163042,0.03817880805816,0.0334298944909824,-0.0119100466760573
66_b19,66,19,0.0110236164182424,0.0353129167636181,0.030004095385957,-0.0158275822593714
66_b2,66,2,0.0062169712036848,0.0136195210776155,0.0108064956031739,0.0046286820806562
66_b20,66,20,0.0020091908518224,0.0124481809730489,0.0103240073344204,-0.0090963826107326
66_b21,66,21,0.0136325620114803,0.0389022335748727,0.0330021067490452,-0.0196014583823853
66_b22,66,22,0.0093952640891075,0.0163829493234361,0.0136145323445089,-0.0028499261685647
66_b23,66,23,0.0060282028280198,0.0116277448258715,0.0094606496067717,0.0012201378960162
66_b24,66,24,0.0062451078556478,0.0166974865807625,0.0141445707972161,-0.0080056174914352
66_b25,66,25,0.0060719135217368,0.0162954614536722,0.0137521965790074,0.0001992918213363
66_b26,66,26,0.0111658498644828,0.072424847439568,0.0629683596693212,-0.0587253672588849
66_b27,66,27,0.0065727196633815,0.0072319801368078,0.0060967524989973,-0.0035879301314707
66_b28,66,28,0.0031925470102578,0.0188484125218658,0.0159491224738303,-0.0087845772190485
66_b29,66,29,0.0140481293201446,0.0763685438393952,0.068009692867854,-0.0631227806404785
66_b3,66,3,0.0048338086344301,0.0398823801426902,0.033930342590902,-0.018993590385653
66_b30,66,30,0.008896674029529,0.0216328390520192,0.0175339962512953,-0.0166784431942505
66_b31,66,31,0.0027074366807937,0.0797418864310305,0.0693523768974409,-0.0627856836454884
66_b32,66,32,0.0168219897896051,0.0729227733661106,0.0636143490914764,-0.0543045565868305
66_b33,66,33,0.0043331207707524,0.0209617604866195,0.0178181834879796,-0.0003073519084136
66_b34,66,34,0.0209662709385156,0.0822537715062712,0.0722550006900564,-0.0636373292552889
66_b35,66,35,0.0102669801563024,0.0788489109725507,0.0686940546141704,-0.0609915243362775
66_b36,66,36,0.0048098862171173,0.0361131786843442,0.0308096980815753,-0.0110799525119364
66_b37,66,37,0.0067248144187033,0.0233853933806975,0.0196816071728244,0.0025001887138932
66_b38,66,38,0.0218102000653743,0.0577575046823,0.0495633547491161,-0.0430820310971466
66_b39,66,39,0.0087333563715219,0.0140076431009373,0.0116497410542797,0.004055961446138
66_b4,66,4,0.0147798489779233,0.0777209404707015,0.0682128928980091,-0.0644534021086292
66_b40,66,40,0.0064574521966278,0.0160524021199288,0.0133327827136963,0.0006435674277599
66_b41,66,41,0.0057598790153861,0.0260375814972453,0.0223961813910864,0.0012452953937463
66_b42,66,42,0.0090065393596887,0.0270711554093925,0.0235008664493216,-0.0227699420595308
66_b43,66,43,0.0029920348897576,0.069156854388859,0.0602055984604521,-0.0586936894673272
66_b44,66,44,0.0123056061565876,0.0149019423978867,0.0123487667459994,0.0115180053468793
66_b45,66,45,0.0104078548029065,0.0192472325312428,0.0158983642910607,0.0068174353311769
66_b46,66,46,0.0137831037864089,0.0316431623771002,0.0272501651430502,-0.009011482829228
66_b47,66,47,0.0072715198621153,0.0538972219727519,0.0469404483144171,-0.0463713402976282
66_b48,66,48,0.0034587066620588,0.0227881189870816,0.0188823473709635,-0.0072920935670845
66_b49,66,49,0.0055343313142657,0.0117941279664427,0.0090423316741362,0.0062114151986315
66_b5,66,5,0.0057740486226975,0.0562294956888461,0.0490818968124222,-0.0470565289200749
66_b6,66,6,0.008513119071722,0.030738365490943,0.0262692601402523,-0.0061871538480045
66_b7,66,7,0.0138186160475015,0.0235619590305269,0.0193081125104799,-0.0153646096168085
66_b8,66,8,0.0126654282212257,0.0500550502792999,0.042861647453974,-0.0294945691805332
66_b9,66,9,0.0093637015670537,0.0271994902010129,0.0228033120313193,-0.0098641667317133
67_b0,67,0,0.0089896647259593,0.0719138017013757,0.0658169288144563,-0.0657980642726761
67_b1,67,1,0.0050879940390586,0.1171018748512069,0.1098321578142349,-0.1098321578142349
67_b10,67,10,0.0086292028427124,0.0740333196155379,0.0692624966490984,-0.0692624966490984
67_b11,67,11,0.0103356540203094,0.0901438128894427,0.0811262263958633,-0.0806447280886641
67_b12,67,12,0.0013215197250247,0.104727977468846,0.0970189016038784,-0.0970189016038784
67_b13,67,13,0.0103815831243991,0.0875653281299391,0.0814877431403147,-0.0814877431403147
67_b14,67,14,0.0086541306227445,0.0699132140520158,0.0660176139734539,-0.0660047336611751
67_b15,67,15,0.0081895310431718,0.1059783762691489,0.0986412000173004,-0.0986412000173004
67_b16,67,16,0.0080761611461639,0.0759524772413989,0.070715418755426,-0.0707122360909124
67_b17,67,17,0.0091626085340976,0.1351245181771108,0.1262111000018194,-0.1262111000018194
67_b18,67,18,0.0049502113834023,0.0856208406145534,0.0809774451871635,-0.0809774451871635
67_b19,67,19,0.0141434092074632,0.0728756703168778,0.0680027752550086,-0.0679489236621884
67_b2,67,2,0.0054802899248898,0.1181101725694607,0.1092769703260273,-0.1092769703260273
67_b20,67,20,0.0069724912755191,0.1371980280644567,0.1258791097771609,-0.1258791097771609
67_b21,67,21,0.0153663391247391,0.0692697207049354,0.0633692420454463,-0.0630506548931589
67_b22,67,22,0.0085772909224033,0.0903045018139471,0.0840579420130234,-0.0840579420130234
67_b23,67,23,0.0053854202851653,0.1124734335626548,0.1043016809324035,-0.1043016809324035
67_b24,67,24,0.0096048135310411,0.1126729075929265,0.102835815024664,-0.102835815024664
67_b25,67,25,0.0107480380684137,0.1302670527295923,0.1203094354165659,-0.1203094354165659
67_b26,67,26,0.0106246108189225,0.0890381701571344,0.0810283981656539,-0.0809241161050158
67_b27,67,27,0.0091158356517553,0.0939808411414749,0.0849620357778621,-0.0849620357778621
67_b28,67,28,0.0057810582220554,0.0805725804376956,0.0747366956566111,-0.0747366956566111
67_b29,67,29,0.0250203814357519,0.0852579219744796,0.0767631283236914,-0.0743688275394743
67_b3,67,3,0.0023407628759741,0.0830841769636056,0.0777161070844158,-0.0777161070844158
67_b30,67,30,0.0042840428650379,0.1169350570759705,0.1063993830786785,-0.1063993830786785
67_b31,67,31,0.0179063454270362,0.0772422363283313,0.067552969570388,-0.06602455416054
67_b32,67,32,0.0272141210734844,0.083340050224061,0.0729762715178367,-0.0697180716165166
67_b33,67,33,0.0042134886607527,0.109523189363866,0.1021339439573057,-0.1021339439573057
67_b34,67,34,0.0363996587693691,0.0890885236342616,0.0787405058843433,-0.0738002273309393
67_b35,67,35,0.0098334858193993,0.0919763854471686,0.0826434165981845,-0.0821432516069398
67_b36,67,36,0.006153421010822,0.0751527780145369,0.0697719062573742,-0.0697719062573742
67_b37,67,37,0.006545381154865,0.1010069627305638,0.0934773484090692,-0.0934773484090692
67_b38,67,38,0.0027815550565719,0.0972023106660404,0.0899874365056166,-0.0899737785483012
67_b39,67,39,0.0092476261779665,0.0841533471287869,0.0776671136642107,-0.0776671136642107
67_b4,67,4,0.0087439836934208,0.0937246420527502,0.08459117583232,-0.0841808759560808
67_b40,67,40,0.0108057921752333,0.1174898305963452,0.1070816571930481,-0.1070816571930481
67_b41,67,41,0.0066697541624307,0.0948067576216461,0.0878733179057599,-0.0878733179057599
67_b42,67,42,0.0186216011643409,0.0684759256378842,0.0636774180579232,-0.0636774180579232
67_b43,67,43,0.0301403552293777,0.0662441834461984,0.0587826227917685,-0.0581430323942913
67_b44,67,44,0.012427968904376,0.1031539830080836,0.0955234866210958,-0.0955234866210958
67_b45,67,45,0.0114512220025062,0.1334701902219353,0.1237107412843033,-0.1237107412843033
67_b46,67,46,0.0121687464416027,0.0803510886702641,0.0741417362447828,-0.0741417362447828
67_b47,67,47,0.0086104068905115,0.0892203387384112,0.0835963257192634,-0.0835963257192634
67_b48,67,48,0.0038556922227144,0.1085195591171037,0.100277332207479,-0.100277332207479
67_b49,67,49,0.015969568863511,0.1439272770918883,0.1319149566921987,-0.1319149566921987
67_b5,67,5,0.0091948974877595,0.0833792706217367,0.0775777777330949,-0.0775777777330949
67_b6,67,6,0.0100928144529461,0.0788331726209272,0.0739182452431123,-0.0739182452431123
67_b7,67,7,0.0123951341956853,0.0846525819366979,0.0794314200390363,-0.0794314200390363
67_b8,67,8,0.0270309839397668,0.0671272300066626,0.0582221021135046,-0.0556542413109855
67_b9,67,9,0.0089319217950105,0.0803572386736299,0.0758648565079784,-0.0758648565079784
68_b0,68,0,0.0050913738086819,0.0500279096074719,0.0424079728124343,-0.0371128932826832
68_b1,68,1,0.0026833999436348,0.0132247174167205,0.0113159690517932,0.0015501553378999
68_b10,68,10,0.0038764486089348,0.061125026287708,0.0525282525726652,-0.0442638904172054
68_b11,68,11,0.0081048235297203,0.0809108292229514,0.0715506610543525,-0.0684304849927139
68_b12,68,12,0.008620660752058,0.0254263194221791,0.021866893574479,0.0010187846299959
68_b13,68,13,0.0107016917318105,0.0260200177189988,0.0220465881354175,-0.0055245262780226
68_b14,68,14,0.0029115825891494,0.0556437447355206,0.0482500710399472,-0.031036903882923
68_b15,68,15,0.0059269787743687,0.0093824911434356,0.0076399348070845,-0.0017482150159776
68_b16,68,16,0.0093523077666759,0.0315611650955536,0.0270931365067372,-0.0153101486439118
68_b17,68,17,0.0032483041286468,0.0108096776770035,0.0087791383930016,0.0043640032864641
68_b18,68,18,0.0052759507670998,0.03052089462878,0.0257920499535975,-0.0152120363496942
68_b19,68,19,0.0128287058323621,0.0359145451799626,0.0303608372989401,-0.0188499832684465
68_b2,68,2,0.0034857776481658,0.0075365270813066,0.0063402060233056,0.0030737959686666
68_b20,68,20,0.0037265149876475,0.006858442937382,0.0056688044022303,-0.0002712137100752
68_b21,68,21,0.0075484365224838,0.0552173952066566,0.0467653289051668,-0.0426689855275617
68_b22,68,22,0.0059027997776865,0.0198505064820785,0.0166882635274669,-0.0002373371639987
68_b23,68,23,0.0037358105182647,0.0078621876717825,0.0066982997267041,0.0012449829059187
68_b24,68,24,0.0074410634115338,0.015523426921321,0.0128619934420567,0.0013215805136132
68_b25,68,25,0.0118064619600772,0.0259789601408937,0.0209878769394708,0.0158165576745523
68_b26,68,26,0.0053881779313087,0.0753158763310255,0.0662318042601691,-0.0640351931779878
68_b27,68,27,0.0087048634886741,0.0106793730477215,0.0085517092118971,0.0071434832434169
68_b28,68,28,0.0056980592198669,0.0137185164804804,0.0116661552691948,-0.0023549127744627
68_b29,68,29,0.0205843336880207,0.0695475726898845,0.0614811985227788,-0.0541263763628012
68_b3,68,3,0.0021717990748584,0.0348550175022144,0.0292753404588438,-0.0231288895849138
68_b30,68,30,0.0096363564953207,0.0091319468505652,0.0077458946418482,-0.0051694900088477
68_b31,68,31,0.0085420068353414,0.0657713335159367,0.0567517982955905,-0.0451984157293918
68_b32,68,32,0.0131651982665061,0.07399930508907,0.0643689899324817,-0.0563835929652123
68_b33,68,33,0.0032276879064738,0.0233739787319386,0.0198976222542114,-0.0069279291783459
68_b34,68,34,0.0249872282147407,0.0798359652086266,0.0698815478305186,-0.0596360776447545
68_b35,68,35,0.0016678276006132,0.0918990418300387,0.0814496624463208,-0.0778816298668243
68_b36,68,36,0.0086964052170515,0.0261365626873932,0.0220767913199961,-0.008601611405611
68_b37,68,37,0.0070953834801912,0.0243545335858159,0.020157315947581,0.0128801649133674
68_b38,68,38,0.0206223390996456,0.0583856328522359,0.050132898716256,-0.0426592628378421
68_b39,68,39,0.0056306421756744,0.0218797639859075,0.0180281457636738,-0.0141266004514182
68_b4,68,4,0.0160888526588678,0.0777664056410273,0.0681092601746786,-0.0634309013502206
68_b40,68,40,0.0102662676945328,0.0287530080865278,0.0234586218238109,0.0147375965077662
68_b41,68,41,0.003854411188513,0.0201344067790822,0.0167873333976604,-0.0060063007636927
68_b42,68,42,0.0126215042546391,0.0262161037053439,0.022130594154587,-0.0192664209229406
68_b43,68,43,0.0025021191686391,0.0672350909108798,0.059409355000098,-0.0585760886133357
68_b44,68,44,0.0094945523887872,0.0061213545030404,0.004472729434492,-0.0030302484857384
68_b45,68,45,0.0062252017669379,0.0157979865920335,0.0129760035418439,0.0079783577413763
68_b46,68,46,0.0146486358717083,0.0268671009369457,0.0229950099822599,-0.0094662114290986
68_b47,68,47,0.0085269771516323,0.0472938852826208,0.0402940515894442,-0.0391648973617702
68_b48,68,48,0.0062253414653241,0.0219544567996237,0.0184683489892631,0.0064226940181106
68_b49,68,49,0.004846868570894,0.0141500659357893,0.0118340817966964,0.0049795359896961
68_b5,68,5,0.0084243938326835,0.0513205090635507,0.0445207383751403,-0.0424089460715185
68_b6,68,6,0.004518196452409,0.0433169929605056,0.0374643200643186,-0.0173818859465245
68_b7,68,7,0.010022378526628,0.0300632735033848,0.0252254153846297,-0.01722488495172
68_b8,68,8,0.0131724439561367,0.0492953370602468,0.0420557274286693,-0.0282408275939815
68_b9,68,9,0.0065336325205862,0.0380132290993527,0.0314708678913302,-0.0237932413327507
69_b0,69,0,0.0078908558934926,0.0465282907438161,0.0399467409277713,-0.0233577034148765
69_b1,69,1,0.0019637811928987,0.0123707926175168,0.0104198009590618,-0.002285687981639
69_b10,69,10,0.0063949301838874,0.0545565769370778,0.0470197599750827,-0.0347394806376541
69_b11,69,11,0.0064215892925858,0.0788680085176798,0.0694691163495008,-0.0653506516154448
69_b12,69,12,0.0058275354094803,0.0227444903730836,0.0191808641667012,-0.0069357556535396
69_b13,69,13,0.0111475437879562,0.0304947312880772,0.0261611317744245,0.0001279422879451
69_b14,69,14,0.0096878707408905,0.0435670235740719,0.0372697657489334,-0.02345805510442
69_b15,69,15,0.00353613961488,0.0109881243437788,0.0090556102222763,-0.0020786309870891
69_b16,69,16,0.0074197226203978,0.0307998843386796,0.0261067619902314,-0.0167586676200153
69_b17,69,17,0.0051818815991282,0.0107165203616819,0.0085029416077304,0.0066764415067154
69_b18,69,18,0.0043932246044278,0.0325519960502014,0.0274000574508681,-0.0171995542198419
69_b19,69,19,0.0068897935561835,0.0438382419603359,0.0376031674996193,-0.0279512614074337
69_b2,69,2,0.0064075086265802,0.0113257942529926,0.0098416978516615,-0.0095367823424749
69_b20,69,20,0.0037554784212261,0.0077415691591994,0.0062108865613117,-0.003048019693233
69_b21,69,21,0.0100120678544044,0.0428033682000607,0.0360339800857764,-0.0279784412060689
69_b22,69,22,0.0063388086855411,0.0180028522724912,0.0152699576248414,-0.0022451480315066
69_b23,69,23,0.0067732669413089,0.0120012186772354,0.0107564535108394,-0.0106776099628768
69_b24,69,24,0.0069042672403156,0.0119934453479308,0.0101753973797895,-0.0007655401178635
69_b25,69,25,0.0079373251646757,0.013625233035922,0.0114031807414721,0.0026015032746363
69_b26,69,26,0.0176784694194793,0.0657058717286257,0.0566351560334442,-0.0507037826179293
69_b27,69,27,0.0070899431593716,0.0061877708774779,0.0052190419833641,0.0040947396971751
69_b28,69,28,0.0048894481733441,0.0136646517457533,0.01155666140432,-0.0050629732065135
69_b29,69,29,0.0201276652514934,0.0700143372251867,0.0618368677481339,-0.0556807220495102
69_b3,69,3,0.002315541030839,0.0333330883137715,0.0281288860994391,-0.0181919125514104
69_b30,69,30,0.0086579862982034,0.0160872137228797,0.0137641296273795,-0.0115424285194603
69_b31,69,31,0.0068403128534555,0.0705853376788699,0.0611034673845279,-0.0520027657898026
69_b32,69,32,0.0046859672293066,0.079245828831584,0.0692977313345909,-0.0646948956486448
69_b33,69,33,0.0032993783243,0.0211707096679552,0.0181780852889642,-0.005307692666538
69_b34,69,34,0.0098890271037817,0.0842714858300625,0.0740896967413573,-0.0687368073441757
69_b35,69,35,0.0152502404525876,0.0772060137358728,0.067347222712633,-0.0608782652083755
69_b36,69,36,0.0060602938756346,0.0267070336793865,0.0225224283570423,-0.0099487579334527
69_b37,69,37,0.0046533299610018,0.0138236831740096,0.011731475573033,0.0026212634239345
69_b38,69,38,0.0188475716859102,0.0587754912124008,0.0503760571737075,-0.0437877249583834
69_b39,69,39,0.0090839462354779,0.0132738319217651,0.0112227005464956,-0.002806741350796
69_b4,69,4,0.0142729617655277,0.0752943559287896,0.0657829618985124,-0.0610660433019802
69_b40,69,40,0.00738828163594,0.0157931907401868,0.013206887107226,0.003347859896603
69_b41,69,41,0.0039168554358184,0.0218537206241225,0.0175633369997376,-0.0117200692096957
69_b42,69,42,0.0032506776042282,0.0388963279413511,0.034881043578498,-0.0347094561019912
69_b43,69,43,0.0197871997952461,0.0506326321344588,0.0431449716509087,-0.0357653113052947
69_b44,69,44,0.0143098756670951,0.0082456592429252,0.0067045264752232,0.0053396600284031
69_b45,69,45,0.0069237714633345,0.0086932040663022,0.0071204901661258,0.0032493198022712
69_b46,69,46,0.0125088794156908,0.0256051654494472,0.0218697504559531,-0.002392657669261
69_b47,69,47,0.017435947433114,0.0379367663938308,0.0315011120634153,-0.0285931135574355
69_b48,69,48,0.0034739770926535,0.0165852649804788,0.0137338896875735,-0.0045296502148266
69_b49,69,49,0.0039414726197719,0.0078270647393815,0.0066183500457555,-0.0007685989281162
69_b5,69,5,0.0081682549789547,0.0523577806614729,0.0458332568529294,-0.0446863733540521
69_b6,69,6,0.0082665998488664,0.0335181523969939,0.0287733431369997,-0.0108561163325794
69_b7,69,7,0.0106959603726863,0.0262500214810299,0.0223722684115637,-0.0112918590859044
69_b8,69,8,0.0039546708576381,0.0554005176998094,0.0470147535775322,-0.0420341873302822
69_b9,69,9,0.0047976574860513,0.0378810184646653,0.0320534142968244,-0.0150354805937968
6_b0,6,0,0.0036182443145662,0.0552608322336494,0.0470427755996934,-0.0432024523298605
6_b1,6,1,0.0048506744205951,0.0169524721593084,0.0144118065212387,0.0082034968852531
6_b10,6,10,0.005698106251657,0.0581138037268853,0.0508706652492401,-0.0309353211874258
6_b11,6,11,0.0272032245993614,0.07093003507333,0.0620286936622869,-0.0503141109763237
6_b12,6,12,0.0050863996148109,0.0232504532480252,0.0198483666911488,-0.0021260439179604
6_b13,6,13,0.0099541954696178,0.0300056470301284,0.0250184886559145,-0.0121437357441755
6_b14,6,14,0.0058953342959284,0.0507541245238799,0.0438942935039813,-0.0259598877003008
6_b15,6,15,0.0080561069771647,0.0154795569607663,0.0130469144147355,0.0096348640497308
6_b16,6,16,0.0074949292466044,0.0350424168004551,0.0298322862612258,-0.0193224512918095
6_b17,6,17,0.0035829574335366,0.0127181724232147,0.0102935789281036,0.0077106179355178
6_b18,6,18,0.0054227677173912,0.0365054691943001,0.0322328038251725,-0.0072113628004444
6_b19,6,19,0.0074162962846457,0.0482534738593191,0.0414017053690622,-0.0224639723703148
6_b2,6,2,0.0039670360274612,0.00939230158784,0.0075951565941795,0.0036684419726952
6_b20,6,20,0.0024008066393435,0.0121715770966469,0.0104112066701054,0.0099555106926709
6_b21,6,21,0.0072477110661566,0.0533895709507272,0.0454684680715217,-0.0407567036353066
6_b22,6,22,0.0042615830898284,0.0211813563623189,0.0178764776507159,-0.0064164877211442
6_b23,6,23,0.0039109773933887,0.0087853591621409,0.0072299596981611,0.0021669869788456
6_b24,6,24,0.0056611029431223,0.0177242134048797,0.0146662006806582,-0.010422680824995
6_b25,6,25,0.0050511602312326,0.014116627686459,0.0119447263819165,-0.0023858921672217
6_b26,6,26,0.0091507630422711,0.0733269054887517,0.0638251322528231,-0.0604400193711626
6_b27,6,27,0.0054228352382779,0.0099224262959225,0.0082651339960284,-0.0053797771921381
6_b28,6,28,0.0037210949230939,0.0165981499488778,0.0140345746852108,-0.0052868386023328
6_b29,6,29,0.0155933853238821,0.0673523428580728,0.0594782621079502,-0.0526774781573476
6_b3,6,3,0.0044611752964556,0.0338234255600405,0.0287203445716295,-0.0154003102181013
6_b30,6,30,0.0091267107054591,0.0088771134142103,0.0073503271548543,0.00181236765231
6_b31,6,31,0.0083582168444991,0.0724948538245366,0.062684591722791,-0.0520575778401689
6_b32,6,32,0.0096430797129869,0.0744204696997184,0.0648375336283788,-0.0572384537167818
6_b33,6,33,0.004009180702269,0.0223090727946749,0.0189436745084822,-0.0047469330951571
6_b34,6,34,0.0126563888043165,0.0798007120278251,0.0698964825647271,-0.0624611675322376
6_b35,6,35,0.0111758289858698,0.0858091268477795,0.0751905507374976,-0.0682509221569125
6_b36,6,36,0.0074364142492413,0.0313362292885697,0.0270761950546875,-0.0035413071978837
6_b37,6,37,0.005577387753874,0.0196867447905528,0.0167607146385125,-0.0034946427145041
6_b38,6,38,0.0260207764804363,0.054349937976887,0.0463185773027362,-0.033023245127988
6_b39,6,39,0.0086161904036998,0.0153386079512032,0.0129476019588764,-0.0061079509311821
6_b4,6,4,0.0294415056705474,0.0703133942600913,0.0610445705784513,-0.0497026915482274
6_b40,6,40,0.0062386440113186,0.0147175337874301,0.0121997918840497,-0.0023952056944835
6_b41,6,41,0.0041543277911841,0.0257938272695272,0.0222658610693179,0.0015206491178832
6_b42,6,42,0.0029842692892998,0.0356184707749912,0.0319108917872654,-0.0318095732136862
6_b43,6,43,0.0361299514770507,0.0487889711488365,0.0416982790245674,-0.0210873428802005
6_b44,6,44,0.0100127644836902,0.0087216218846293,0.0072220066914451,0.006794521046977
6_b45,6,45,0.0086708739399909,0.0167975199126241,0.0138077908148989,0.0071549010509625
6_b46,6,46,0.0155269149690866,0.0267807349153788,0.0228668271331116,-0.0085267357714474
6_b47,6,47,0.0133971702307462,0.0386709528773639,0.0321503171615768,-0.0285896817513275
6_b48,6,48,0.0024813890922814,0.0215666807013879,0.0179482249764259,-0.0089743755978997
6_b49,6,49,0.0071616303175687,0.0096565303064074,0.0078394590329844,0.0031167955312412
6_b5,6,5,0.0104253077879548,0.0491616124534103,0.04312684180215,-0.0416364983189851
6_b6,6,6,0.0072460775263607,0.0366752599712745,0.0313737064087763,-0.0143411594675853
6_b7,6,7,0.0068704555742442,0.030981685680277,0.0265028334787348,-0.0112702690629521
6_b8,6,8,0.0063119824044406,0.0508545792217211,0.0432181014871457,-0.034097982806852
6_b9,6,9,0.0041174637153744,0.0412575556623545,0.0350992689642589,-0.0092651039862539
70_b0,70,0,0.005029740743339,0.0476588646517635,0.040424417030008,-0.0315573763506836
70_b1,70,1,0.0020690090022981,0.0121251718109703,0.0100624232180416,-0.0037516425270587
70_b10,70,10,0.0044582211412489,0.0534854127997956,0.0463559761749638,-0.0320758671280054
70_b11,70,11,0.0139836343005299,0.0769387748147288,0.0676085583324311,-0.0615119758306536
70_b12,70,12,0.0056563112884759,0.0214020955586312,0.0180358017305843,-0.0095696063805371
70_b13,70,13,0.0104870144277811,0.0279040304578746,0.0230993828747887,-0.0136209908558521
70_b14,70,14,0.0087523823603987,0.039834261962692,0.0339732515654759,-0.0182214480388211
70_b15,70,15,0.0053357323631644,0.0109152732718961,0.0093076824140734,0.0051983672031201
70_b16,70,16,0.0122747756540775,0.034261723986214,0.0297675719825201,-0.0089418603634112
70_b17,70,17,0.0028789222706109,0.0098842296465507,0.0084795996651519,-0.0029278080828953
70_b18,70,18,0.0051322602666914,0.0309768978471937,0.026593051921227,-0.0125088453112402
70_b19,70,19,0.0103309508413076,0.0395783199667348,0.033876852999092,-0.0135524142050417
70_b2,70,2,0.0048605855554342,0.0073858348553321,0.0062432414945214,0.0052449482865631
70_b20,70,20,0.0025945880915969,0.0048035175249345,0.0041193044558167,-0.0002031831117346
70_b21,70,21,0.011875657364726,0.0434974948954101,0.0368796259200462,-0.0322460461350419
70_b22,70,22,0.0073046241886913,0.0165359748700314,0.0136516551329987,0.001412949503283
70_b23,70,23,0.0052457032725214,0.0071995376077748,0.0062267293490003,0.0036654404608998
70_b24,70,24,0.0070773218758404,0.0196239740025527,0.0163321330095641,0.0044115644670091
70_b25,70,25,0.010366111062467,0.0161580560437522,0.0134933174611069,0.0059469389985315
70_b26,70,26,0.0148480208590626,0.0717332748298212,0.0622663473963621,-0.055882954399276
70_b27,70,27,0.00787522085011,0.0146194082983258,0.0121325384022202,0.0112918411812279
70_b28,70,28,0.0066241817548871,0.0150998346236271,0.0124857135553611,0.0028817854152293
70_b29,70,29,0.008956640958786,0.0826534615291371,0.0741395496063705,-0.0700958012264527
70_b3,70,3,0.0029555584769695,0.0339655822570966,0.028772517585894,-0.019016685426468
70_b30,70,30,0.0057276696898043,0.0175024219516544,0.014684084453911,-0.0146022213393007
70_b31,70,31,0.0061658504419028,0.069379109195354,0.0597809478321869,-0.0500770531369198
70_b32,70,32,0.0134963830932974,0.076875406047568,0.067320428824205,-0.0571152635786347
70_b33,70,33,0.0027419868856668,0.0197583341003514,0.0168398894928395,-0.005525772916153
70_b34,70,34,0.0158565193414688,0.087304071088335,0.0772251119489374,-0.0696756329551863
70_b35,70,35,0.006599212065339,0.0801297286479977,0.0702064481096385,-0.0645096820218532
70_b36,70,36,0.0088570453226566,0.0273947413649088,0.0234240791341289,-0.0071634997241199
70_b37,70,37,0.0054664225317537,0.018304695871373,0.015623247870244,0.005706683830358
70_b38,70,38,0.0027837406378239,0.0764327120305942,0.0678227311448426,-0.0662685386260272
70_b39,70,39,0.0055408552289009,0.0141479409526712,0.0120967843360267,0.0005700845923274
70_b4,70,4,0.0078442888334393,0.0857192721675551,0.075856074066105,-0.0725523833853367
70_b40,70,40,0.0101388394832611,0.0190828643574912,0.0157854037720244,0.0073994293669238
70_b41,70,41,0.0046660122461616,0.0201768469881224,0.0173521041084313,-0.0002988090092549
70_b42,70,42,0.002744727069512,0.0455805148163514,0.040547343842918,-0.0403468913084361
70_b43,70,43,0.0084700314328074,0.0587458540276585,0.0505431967545882,-0.0467879405283019
70_b44,70,44,0.0092489579692482,0.0043143235040115,0.0036164102132897,-0.0006170054560061
70_b45,70,45,0.0069128321483731,0.0095739732488015,0.0081383925350382,0.000444510905072
70_b46,70,46,0.0173445101827383,0.0317198021885314,0.0272669080621562,-0.0095971271744929
70_b47,70,47,0.0180318839848041,0.0366243092182948,0.0303643822565209,-0.0264849782444071
70_b48,70,48,0.0033397651277482,0.0221720478669789,0.0184880491520743,-0.0035747954982798
70_b49,70,49,0.0038996217772364,0.0110325012922035,0.009077098352136,0.0062816529336851
70_b5,70,5,0.0051906425505876,0.0553242533943652,0.0487188531685387,-0.0479029019310837
70_b6,70,6,0.0069566527381539,0.0303309116899635,0.0260941109398845,-0.0061504886636976
70_b7,70,7,0.0118626188486814,0.0345020785163908,0.0287320529238786,0.0048803377954754
70_b8,70,8,0.0047341641038656,0.0580880033912077,0.0495743908089934,-0.040881218201539
70_b9,70,9,0.0059211994521319,0.0317981960505303,0.0267044213431654,-0.0124015090492321
71_b0,71,0,0.0045232670381665,0.0481467899374943,0.0406140097713796,-0.0341243201302131
71_b1,71,1,0.0030015092343091,0.0115196428825939,0.0098932503955438,0.0052051424467936
71_b10,71,10,0.0063819708302617,0.0520469610091244,0.0448917715108837,-0.0295560354177723
71_b11,71,11,0.0065317503176629,0.0797642211350635,0.0703453613859164,-0.0662359575078153
71_b12,71,12,0.0073119574226439,0.0219876165867384,0.0187299677735427,-0.0061288425995735
71_b13,71,13,0.0136410696431994,0.024687628642799,0.0210534971341257,7.60900421300903e-05
71_b14,71,14,0.0070078605785965,0.0444708205936452,0.0382864454206719,-0.0179084232267632
71_b15,71,15,0.0075872084125876,0.0073048443945949,0.0063506460632197,0.0030423092329874
71_b16,71,16,0.0121343126520514,0.0341106125797198,0.0290934470834326,-0.0018252931514871
71_b17,71,17,0.0027116816490888,0.0087889968199077,0.0073724390659481,0.0015867704432457
71_b18,71,18,0.00735743669793,0.0326956521270939,0.0286564290482783,0.000787454554229
71_b19,71,19,0.0150778032839298,0.0314919967210365,0.0264716298202984,-0.0174936266196891
71_b2,71,2,0.0076762596145272,0.0129004357562103,0.0107297511934302,0.010197363665793
71_b20,71,20,0.0047057950869202,0.0113544972050807,0.00973810564843,0.0061018033267464
71_b21,71,21,0.0120661314576864,0.0410327513120456,0.0345212207194708,-0.0294550345903553
71_b22,71,22,0.0102943833917379,0.0160428731349711,0.0132349935348611,-0.0016255251865368
71_b23,71,23,0.0082552982494235,0.0124332092209116,0.0104297573526855,0.0093653460650239
71_b24,71,24,0.0056923567317426,0.0170334149030715,0.0142586061474867,-0.0084432619041763
71_b25,71,25,0.0075623132288455,0.0158696630473923,0.0134507102763745,-0.0011693081620614
71_b26,71,26,0.0044962232932448,0.0744575866285063,0.0653432866669027,-0.0631441243103472
71_b27,71,27,0.0080175343900918,0.009641669532145,0.0081684421841055,-0.0011837902525439
71_b28,71,28,0.0029613294173032,0.0155653569694888,0.0131851865939097,-0.0090859158273087
71_b29,71,29,0.0178881455212831,0.0783629169926654,0.0698196681673289,-0.0630651197725092
71_b3,71,3,0.004759142640978,0.0284953998886855,0.0240495257568545,-0.0102347641158849
71_b30,71,30,0.0086273811757564,0.0116919593754617,0.0096254691723152,-0.0059568860576837
71_b31,71,31,0.0048194928094744,0.0713862257878294,0.0618567880384216,-0.0506634738251159
71_b32,71,32,0.0083416467532515,0.079708827708246,0.0698455126609769,-0.0631361408325028
71_b33,71,33,0.0042306203395128,0.0200858816446529,0.0170186877128435,-0.0078554981591878
71_b34,71,34,0.009283241815865,0.0906666968186883,0.080330066892493,-0.0753829317746567
71_b35,71,35,0.0063590332865715,0.0850674079532072,0.0748217472329815,-0.0688197748910715
71_b36,71,36,0.011440984904766,0.030271134266856,0.0256475916644558,0.0064695202838629
71_b37,71,37,0.009225433692336,0.0161504746625122,0.0134821751201525,0.0027623407635837
71_b38,71,38,0.0193390045315027,0.0627788017566699,0.0540886219491949,-0.0458558552147587
71_b39,71,39,0.008041925728321,0.0161094575783055,0.0136476462497375,-0.0018253699480555
71_b4,71,4,0.0131017416715621,0.0839473585955519,0.0741223526120302,-0.0695677707859431
71_b40,71,40,0.0069170538336038,0.0159579537940974,0.013142902632826,-0.003128510894603
71_b41,71,41,0.0063928868621587,0.022344686622049,0.0193542738002724,0.0047285753046162
71_b42,71,42,0.0117803867906332,0.0227489197384873,0.0190174568811198,-0.0172148119186749
71_b43,71,43,0.0012768970336765,0.0735275538784459,0.065841454337642,-0.0654923225057427
71_b44,71,44,0.0118354838341474,0.0092496194273874,0.0073405119590461,0.0065188010782003
71_b45,71,45,0.0117052113637328,0.0111644987550018,0.0091677158244419,0.0049914863787125
71_b46,71,46,0.0109373033046722,0.0287739411375278,0.0243218534556217,-0.0159505676268599
71_b47,71,47,0.0105882314965128,0.0448407996345708,0.0381216223328374,-0.037191004527267
71_b48,71,48,0.0033544092439115,0.0199193809731049,0.0166523803747259,-0.0035481287143193
71_b49,71,49,0.0050818137824535,0.0076274126135587,0.0061536627128953,-0.0002511903742561
71_b5,71,5,0.0063329893164336,0.0520036025306899,0.0455503884691279,-0.0440765324735548
71_b6,71,6,0.0073965061455965,0.0350192964402903,0.0303081954969093,-0.0068467584950849
71_b7,71,7,0.0170696787536144,0.0196460272331037,0.0165135189384454,-0.0060276729107135
71_b8,71,8,0.0094374977052211,0.0551796904583864,0.0471383998342935,-0.0350687128460413
71_b9,71,9,0.0076857581734657,0.0325180237016393,0.027235969720059,-0.010743687004433
72_b0,72,0,0.0075961109250783,0.0779863168717667,0.0698214744156939,-0.0695735144996797
72_b1,72,1,0.0021925223991274,0.0953465384098049,0.089355122167617,-0.089355122167617
72_b10,72,10,0.0082597211003303,0.0643549231848449,0.0570132446203206,-0.0568834931177843
72_b11,72,11,0.0034169051796197,0.1008667240632926,0.0921535996842067,-0.0919826661469051
72_b12,72,12,0.0026346258819103,0.0776744204791558,0.0708319374237908,-0.0708319374237908
72_b13,72,13,0.0068416465073823,0.0805871628302391,0.0753596544513129,-0.0753596544513129
72_b14,72,14,0.0073997769504785,0.0607111046753893,0.0550652880553389,-0.0547422028944129
72_b15,72,15,0.0044960854575037,0.087733814051357,0.0816266867850208,-0.0816266867850208
72_b16,72,16,0.0098803211003541,0.0788373820759034,0.0734577770715986,-0.0734577770715986
72_b17,72,17,0.0067108320072293,0.1135145838589256,0.1048801609728252,-0.1048801609728252
72_b18,72,18,0.0057511366903781,0.0695348042588465,0.065724260668212,-0.065724260668212
72_b19,72,19,0.0144972223788499,0.0579570214771701,0.0512251810220186,-0.0506957210905966
72_b2,72,2,0.0099801197648048,0.110938096996771,0.1021800781461934,-0.1021800781461934
72_b20,72,20,0.0041395998559892,0.1040548988309787,0.0955210086621809,-0.0955210086621809
72_b21,72,21,0.0097200972959399,0.0685085875776752,0.0629141968899784,-0.0628693390932312
72_b22,72,22,0.0058599500916898,0.0674971804240545,0.0624626405281014,-0.0624626405281014
72_b23,72,23,0.0098322238773107,0.1066270080863048,0.0984205242825555,-0.0984205242825555
72_b24,72,24,0.0063289981335401,0.0881827868860384,0.0810181021189782,-0.0810181021189782
72_b25,72,25,0.0085634319111704,0.1030496356841719,0.0947323568980209,-0.0947323568980209
72_b26,72,26,0.0140409283339977,0.0796595692127585,0.0707320633951167,-0.0701632121160218
72_b27,72,27,0.0067913578823208,0.0869738078741455,0.0786777184554375,-0.0786777184554375
72_b28,72,28,0.0073221065104007,0.0687150052267235,0.0640502102681784,-0.0640502102681784
72_b29,72,29,0.0175107531249523,0.0849324352336321,0.0766272910259613,-0.0750255670637307
72_b3,72,3,0.001481850980781,0.0830221399113003,0.0779010404809378,-0.0779010404809378
72_b30,72,30,0.0076720714569091,0.0744036758829078,0.0679340777265315,-0.0679340777265315
72_b31,72,31,0.0050204987637698,0.0838035956250406,0.0744189364197518,-0.0739314398090209
72_b32,72,32,0.0088170347735285,0.0890797220117794,0.0788485064976339,-0.0777507744184185
72_b33,72,33,0.0030011939816176,0.0783694997681226,0.0726403090765234,-0.0726403090765234
72_b34,72,34,0.019186096265912,0.0911800758434172,0.0806070219339744,-0.0773737140498997
72_b35,72,35,0.010795360431075,0.0875892918921857,0.0774642427499202,-0.0759746444365737
72_b36,72,36,0.0069783399812877,0.0744168751052078,0.0688878619822207,-0.0688878619822207
72_b37,72,37,0.006219376809895,0.0865111576732805,0.0805701788375154,-0.0805701788375154
72_b38,72,38,0.0111384764313697,0.0804274845597241,0.072180261304893,-0.071729529723816
72_b39,72,39,0.0079248482361435,0.0727423746585442,0.0671022654985426,-0.0671022654985426
72_b4,72,4,0.0118249887600541,0.0875122341246495,0.0780249607125006,-0.0769344278010248
72_b40,72,40,0.0089637339115142,0.0946449725841825,0.0857509046143968,-0.0857509046143968
72_b41,72,41,0.0055025368928909,0.0741575175157812,0.0690974529925733,-0.0690974529925733
72_b42,72,42,0.0141255939379334,0.0683914077057471,0.0637420806713635,-0.0637420806713635
72_b43,72,43,0.0065926988609135,0.0855153002964061,0.0788818442010961,-0.0788818442010961
72_b44,72,44,0.0118584185838699,0.0858226568533175,0.0790386583078361,-0.0790386583078361
72_b45,72,45,0.0099159032106399,0.108637584862952,0.1006395581623655,-0.1006395581623655
72_b46,72,46,0.0132934898138046,0.0679077249434591,0.0622773788624908,-0.0622362467867787
72_b47,72,47,0.0120934825390577,0.0726918115172439,0.0670756234647706,-0.0670756234647706
72_b48,72,48,0.0027773103211075,0.0873668046213727,0.0809794823260745,-0.0809794823260745
72_b49,72,49,0.0121931126341223,0.1167167262547628,0.1065367019618861,-0.1065367019618861
72_b5,72,5,0.0092190150171518,0.0793670342553381,0.0736742679955205,-0.0736742679955205
72_b6,72,6,0.0083933621644973,0.0658751783337579,0.0610239814704982,-0.0609814869071124
72_b7,72,7,0.0096430853009223,0.0641300727342125,0.0604216685000574,-0.0604216685000574
72_b8,72,8,0.0097349137067794,0.0730159835680089,0.0648170010968169,-0.0640721805878274
72_b9,72,9,0.0057209325022995,0.0586032410617456,0.054588215094991,-0.0545651284419
73_b0,73,0,0.0028807581402361,0.0522257916740235,0.0444135691458359,-0.0381666537304408
73_b1,73,1,0.0055021718144416,0.0210452768185681,0.0175170482671819,0.0125484337261877
73_b10,73,10,0.0074116997420787,0.0531737828137882,0.0462251336450572,-0.0304057977904449
73_b11,73,11,0.0052632992155849,0.0792868983034549,0.0701305032893287,-0.0668373793496721
73_b12,73,12,0.0036697883624583,0.0242029224899627,0.019934582664282,-0.0135468479426344
73_b13,73,13,0.0113484617322683,0.0289264917527688,0.0245482720679137,-0.0010801366076339
73_b14,73,14,0.0072882296517491,0.0436322176202085,0.0375962437592534,-0.0206866581082431
73_b15,73,15,0.006329140625894,0.0124876454538332,0.0107707866083364,0.0072722803603392
73_b16,73,16,0.0082789994776248,0.0322484636998964,0.0275882158073363,-0.0142945230955956
73_b17,73,17,0.0024710786528885,0.0120897154033552,0.0095809975534211,0.0076491150085348
73_b18,73,18,0.0035385829396545,0.0340290777958059,0.0289927290042396,-0.0158293398085515
73_b19,73,19,0.0104449391365051,0.0392476930115624,0.0331421759157092,-0.0286809008350246
73_b2,73,2,0.0062206871807575,0.0111305363577064,0.0092564445128664,-0.008098195050843
73_b20,73,20,0.0026485740672796,0.005615863314613,0.0047771298524457,0.0002949261281173
73_b21,73,21,0.0102028539404273,0.0427186830201297,0.0361818295048578,-0.0308679960837616
73_b22,73,22,0.0097680129110813,0.016245145416129,0.013389294068329,-0.0060480145970359
73_b23,73,23,0.0058797234669327,0.0111806056990763,0.0095351203507743,-0.0087795564834959
73_b24,73,24,0.0092899100854992,0.0173042858072031,0.0144216209824662,0.0057640699774492
73_b25,73,25,0.0061205341480672,0.0135429857782585,0.0112884639389812,-0.0050736198574304
73_b26,73,26,0.0087357526645064,0.0762770930691067,0.0667440803239878,-0.0637513022667553
73_b27,73,27,0.0072847800329327,0.0085073962714457,0.0070714767184108,0.0056816120957955
73_b28,73,28,0.0019496181048452,0.0184285036311728,0.0154898513745865,-0.0125639126179157
73_b29,73,29,0.0261079929769039,0.0752388394473436,0.0668188696654397,-0.0582616347246221
73_b3,73,3,0.0034315108787268,0.0366584599305216,0.0311173617676831,-0.0184292830619961
73_b30,73,30,0.0070117460563778,0.0179882024463679,0.0152377884142333,-0.0130649670498678
73_b31,73,31,0.0085033755749464,0.0680414643387153,0.0590973912150366,-0.0448945347656263
73_b32,73,32,0.02799753844738,0.0749786232705149,0.06596777572282,-0.0512976282880117
73_b33,73,33,0.0026811494026333,0.0209603395667846,0.017804158188519,-0.0063804806378902
73_b34,73,34,0.0340403988957405,0.0844443857281781,0.0744500267384864,-0.062250173131033
73_b35,73,35,0.0074468860402703,0.0812464651664693,0.0710155186133852,-0.066699492110165
73_b36,73,36,0.005584348924458,0.027749141737396,0.0231379866995848,-0.011631240423303
73_b37,73,37,0.004760580137372,0.0158710786555096,0.0135664922837167,-0.0020536677492782
73_b38,73,38,0.0120544880628585,0.0687900963694246,0.0599923736523487,-0.0560157425623037
73_b39,73,39,0.0071578002534806,0.0147274930805925,0.0115960524382535,-0.0090399882511701
73_b4,73,4,0.0225425288081169,0.0774018262314741,0.067811390197603,-0.0611756559379864
73_b40,73,40,0.007009245455265,0.0166751648459462,0.0138550792069872,0.0034533150488277
73_b41,73,41,0.0047130640596151,0.0220096441854325,0.0186743784765712,-0.0043987867166288
73_b42,73,42,0.0050888350233435,0.0384981027027752,0.0345527300308458,-0.0344249691604636
73_b43,73,43,0.014571439474821,0.051847538863246,0.0442015987847116,-0.0371783855769899
73_b44,73,44,0.0114624705165624,0.0116531587045713,0.0092160548304673,0.0084907619061414
73_b45,73,45,0.0069062560796737,0.0100773418694644,0.008516788338311,0.0019841586239635
73_b46,73,46,0.0177499391138553,0.0272019890153591,0.0233430361049249,-0.0057072059903293
73_b47,73,47,0.0133068896830081,0.0435407279192863,0.036634346084902,-0.0355863072222564
73_b48,73,48,0.007974530570209,0.0226359059661584,0.0193003590242005,0.0055128742544911
73_b49,73,49,0.004587129689753,0.013821231422334,0.0112673428468406,0.0085492103919386
73_b5,73,5,0.008301923982799,0.0502569346019617,0.0440701280813664,-0.0431068836199119
73_b6,73,6,0.0065937936305999,0.0329301698380399,0.0283924032218055,-0.010834749492933
73_b7,73,7,0.0118586877360939,0.0226836534717514,0.0193329144321614,-0.0058832134917611
73_b8,73,8,0.0192425325512886,0.0545485368212462,0.0472829946587444,-0.0257919248539838
73_b9,73,9,0.0083878561854362,0.0319907116929674,0.026997377994121,-0.011633471516543
74_b0,74,0,0.007295373827219,0.0420515358174723,0.0355903153995313,-0.0252280921873898
74_b1,74,1,0.002714108210057,0.0186451859101997,0.015788718095282,0.0135299898206722
74_b10,74,10,0.0087988236919045,0.0560935357914841,0.0480569072904472,-0.0393359856259485
74_b11,74,11,0.012583184055984,0.0749851377863554,0.0659143424930516,-0.0593620815878966
74_b12,74,12,0.0091961864382028,0.0245327557189549,0.0209872413193807,0.0027374807489104
74_b13,74,13,0.0134425945580005,0.026841827613732,0.0227920968842227,0.0039107744523789
74_b14,74,14,0.0083891907706856,0.0440571339182211,0.037521816092485,-0.0244039906476973
74_b15,74,15,0.0082375686615705,0.0174547628189321,0.0147591652499977,0.012424745025346
74_b16,74,16,0.0081390468403697,0.0358329395107736,0.0310031738123507,-0.0115133932503522
74_b17,74,17,0.0027436378877609,0.0105227563043349,0.0083515383652411,0.0062683000904507
74_b18,74,18,0.005004053004086,0.0338758772190604,0.0296991730527952,-0.008030305551365
74_b19,74,19,0.0095957452431321,0.0422953451777724,0.0358917284777271,-0.0284770626292447
74_b2,74,2,0.0071944775991141,0.0179633638042,0.015368881537579,0.0148186760069802
74_b20,74,20,0.0045329369604587,0.0089522950311374,0.0078086196852382,0.0050215474294964
74_b21,74,21,0.0126728843897581,0.0434193413115243,0.0366910111150355,-0.0264252390424371
74_b22,74,22,0.0114726684987545,0.0147163415066058,0.0123863562213955,0.0018007899989606
74_b23,74,23,0.007782275788486,0.0164740648462665,0.0140159204928204,0.0127957089850679
74_b24,74,24,0.0093238651752471,0.0143365113826246,0.0122116165666375,0.0017334538174327
74_b25,74,25,0.0109938094392418,0.021628193967909,0.0177034852706128,0.0113452925026649
74_b26,74,26,0.0031750737689435,0.0796099045943897,0.0705272619088646,-0.0690448292659129
74_b27,74,27,0.0105031263083219,0.0106819052842664,0.0094413340627215,0.0093707964592613
74_b28,74,28,0.0031067733652889,0.017091014545433,0.014419094097102,-0.0058777455391827
74_b29,74,29,0.0121463630348443,0.0825712669965602,0.0740605860244068,-0.0700470861798203
74_b3,74,3,0.0042371116578578,0.0294352146239341,0.024998054098105,-0.010687065316597
74_b30,74,30,0.0063642202876508,0.0188760725068267,0.0158653930472792,-0.0151476535797701
74_b31,74,31,0.0071825142949819,0.0725033533849858,0.0630688590114005,-0.0502878951211459
74_b32,74,32,0.0099576897919178,0.0803046322949455,0.0706279701428138,-0.0623114904030808
74_b33,74,33,0.0040561337955296,0.0213517205327728,0.0183240587555337,-0.0033029366948176
74_b34,74,34,0.0083012860268354,0.0923728201483713,0.0819976287707686,-0.0777336704311892
74_b35,74,35,0.0115449428558349,0.0787933661931903,0.0687477251279415,-0.0609365967891426
74_b36,74,36,0.0059407576918601,0.032815210737671,0.0281729582208208,-0.001644927340094
74_b37,74,37,0.0073365634307265,0.0229612568805313,0.0190648267627693,0.0094250084622763
74_b38,74,38,0.0121655035763978,0.0658724240570709,0.0571123371101566,-0.0522682324066408
74_b39,74,39,0.0060989074409008,0.0129887629133354,0.0108876792737282,-0.0034391416748985
74_b4,74,4,0.0237760562449693,0.0792398065548082,0.0695601605310366,-0.0621540879540407
74_b40,74,40,0.0096795847639441,0.0239280883324016,0.0198273121134843,0.0126728354697115
74_b41,74,41,0.0061041377484798,0.0238645565211584,0.0204913024790585,0.0046078809583559
74_b42,74,42,0.0109687261283397,0.0267585009242645,0.022890410318505,-0.0216197251318953
74_b43,74,43,0.0033745139371603,0.0653292381036159,0.0570475137354515,-0.0555561538440815
74_b44,74,44,0.0104621360078454,0.0179544138153757,0.0162176458491012,0.0160910172853618
74_b45,74,45,0.0099437348544597,0.0206911499961253,0.016775999944657,0.0149821856897324
74_b46,74,46,0.0118550676852464,0.0289932978164431,0.0246524580800905,-0.0135326535906642
74_b47,74,47,0.0074586104601621,0.0545628330437647,0.0482314050628338,-0.0480956964625511
74_b48,74,48,0.0040960703045129,0.0191235313716039,0.0159402584878262,-0.0040406965685542
74_b49,74,49,0.0054800901561975,0.0177467015040106,0.0147282612917479,0.0124507642176467
74_b5,74,5,0.0075663309544324,0.0524000137125006,0.0458408625272568,-0.0445881691796239
74_b6,74,6,0.0073726261034607,0.0327207667984096,0.0278144750202773,-0.0134922721440671
74_b7,74,7,0.0149681884795427,0.0246790840610154,0.0208994490781333,-0.0092363872786518
74_b8,74,8,0.0057465909048914,0.0579822445352178,0.0495120864699856,-0.0402467688261094
74_b9,74,9,0.0080642709508538,0.0345880820733553,0.0292180981283308,-0.0128473053622292
75_b0,75,0,0.0072451024316251,0.0489429262281104,0.0416431948480021,-0.0092547507731069
75_b1,75,1,0.0049730949103832,0.0649497961305487,0.0558876662771217,0.0555018377047963
75_b10,75,10,0.006361641921103,0.0539093540938123,0.0462333065185521,-0.0135435253156174
75_b11,75,11,0.0090619260445237,0.0736639412252417,0.0644815236853173,-0.05329768449119
75_b12,75,12,0.0125968921929597,0.0483464548566471,0.0384439281933009,0.0348275821306742
75_b13,75,13,0.0160198640078306,0.0566331584377317,0.045653632824542,0.0331593842001166
75_b14,75,14,0.0099717127159237,0.0467519301120991,0.0399253099762427,-0.0003092958383786
75_b15,75,15,0.0063648717477917,0.0584695734108625,0.0499815782916266,0.0492773697955999
75_b16,75,16,0.004871045704931,0.0412597851339648,0.0350353742146398,-0.0009539086872246
75_b17,75,17,0.0046900361776351,0.0612597960377883,0.0560517584660556,0.0560517584660556
75_b18,75,18,0.0035920073278248,0.0479679819267841,0.040235778473725,0.0108390543205314
75_b19,75,19,0.0096583310514688,0.0467298358337066,0.0387272049483726,0.0028898475904134
75_b2,75,2,0.0053044892847537,0.0636071081921676,0.0574576189927756,0.0573622939735651
75_b20,75,20,0.0074411137029528,0.0569858274918426,0.0529412476276047,0.0529412476276047
75_b21,75,21,0.0144331259652972,0.0393194112442495,0.0341072542296024,-0.0016622249485226
75_b22,75,22,0.0069718086160719,0.0440867654811161,0.0366024104051757,0.0331633546750526
75_b23,75,23,0.0056719882413744,0.0594735710273449,0.052647982542403,0.0524515244830399
75_b24,75,24,0.0093816127628088,0.0410368499548056,0.034813070660457,0.0338829912059009
75_b25,75,25,0.0140436803922057,0.0643149359884055,0.0565368353761732,0.0564772381819784
75_b26,75,26,0.0044131018221378,0.0720923687645953,0.0624834753782488,-0.0564249253389425
75_b27,75,27,0.0098254783079028,0.0378946586218014,0.0352356901345774,0.0352346928906627
75_b28,75,28,0.0042653670534491,0.039844851638747,0.0320627210312522,0.0295027586701326
75_b29,75,29,0.0144692957401275,0.0767506743556707,0.0683037062730727,-0.0580217823464045
75_b3,75,3,0.0081150755286216,0.0461989655366856,0.0375866510916967,0.0151462910661939
75_b30,75,30,0.0127015141770243,0.0270062372854087,0.0248409113695379,0.0248111402208451
75_b31,75,31,0.0036364349070936,0.0724602703877797,0.0633884467995085,-0.0434401373071887
75_b32,75,32,0.0147346686571836,0.0771064791591556,0.067846456488478,-0.053143688213895
75_b33,75,33,0.0053694946691393,0.0563447381731628,0.0461741924792295,0.0437218307104194
75_b34,75,34,0.0144988037645816,0.0882008858490287,0.0779966491204686,-0.0681732078711502
75_b35,75,35,0.0053316727280616,0.0802439472556008,0.0703601634609367,-0.0599687007642205
75_b36,75,36,0.0035428055562078,0.0429452583864118,0.0358069399523083,0.0112579393188934
75_b37,75,37,0.0077726179733872,0.0592344447385254,0.0480752523103728,0.0458482914743945
75_b38,75,38,0.0181604828685522,0.059587363568328,0.0511571526376064,-0.0391947884985711
75_b39,75,39,0.0113120786845684,0.0353234633678398,0.0300302659010048,0.0294453143922146
75_b4,75,4,0.0182507392019033,0.0755530334023096,0.0657384535606979,-0.0559502089169836
75_b40,75,40,0.0128489658236503,0.066886263472967,0.0564075269707245,0.0558472655963851
75_b41,75,41,0.0040105250664055,0.0547317012661669,0.0434703145443927,0.0336927703081164
75_b42,75,42,0.0039208428934216,0.0236747134161066,0.0200739395676646,-0.0127585086610633
75_b43,75,43,0.0022030461113899,0.0600784873891951,0.0512753110383346,-0.0454143578004732
75_b44,75,44,0.013878577388823,0.0533376871018577,0.0493569060787558,0.0493553831754252
75_b45,75,45,0.0121013764292001,0.0689099588534591,0.0609620576223824,0.0608627959049772
75_b46,75,46,0.013971896842122,0.0358068471961743,0.0295594754186458,0.013118817100767
75_b47,75,47,0.0120322816073894,0.0335519621375322,0.0282029593666084,-0.0189160808664746
75_b48,75,48,0.0065003354102373,0.0477950639352991,0.0393996351282112,0.0359815778792835
75_b49,75,49,0.0062625957652926,0.0772416097723781,0.0682573561475146,0.0682488605554681
75_b5,75,5,0.0071067917160689,0.044769699497063,0.0382378454401623,-0.0326347568572964
75_b6,75,6,0.0092571713030338,0.0468653218926758,0.038262697000755,0.0196242629655171
75_b7,75,7,0.0125177484005689,0.0446163637549951,0.0360719795821933,0.0215411651768954
75_b8,75,8,0.0126966815441846,0.0579758234114227,0.0503145736170699,-0.0207930714520625
75_b9,75,9,0.0045961569994688,0.0469778682393023,0.0388132229924667,0.012510377591243
76_b0,76,0,0.007577879820019,0.0452892802993444,0.0386465881329058,-0.0232306144951871
76_b1,76,1,0.0036832275800406,0.0123388080189234,0.0105927309370599,0.0008792923088185
76_b10,76,10,0.0074014281854033,0.0514918933464561,0.0448624920891597,-0.0256178515776991
76_b11,76,11,0.0034144902601838,0.0815156081615411,0.0724069925273943,-0.0698167467825987
76_b12,76,12,0.0064328592270612,0.0217345775264499,0.0185795601189602,-0.0069728704320732
76_b13,76,13,0.0101368660107254,0.0278516991411382,0.0236014666425762,-0.0068431742553366
76_b14,76,14,0.0068759839050471,0.04247266642014,0.036581892590184,-0.0208492671094427
76_b15,76,15,0.0077183675020933,0.0095093565961811,0.0077752560609951,-0.0021284651476889
76_b16,76,16,0.007881075143814,0.0325495818792657,0.0282812306509003,-0.0135367582776234
76_b17,76,17,0.0046172188594937,0.0134026736410671,0.0108583854092285,0.006415404905565
76_b18,76,18,0.0048477752134203,0.0329326477949501,0.028975085519487,-0.0064386385225225
76_b19,76,19,0.0158485472202301,0.0373306883748888,0.0319100730170612,-0.0097005599856493
76_b2,76,2,0.0061755441129207,0.007235356794565,0.0061217752192169,-0.0039013365004211
76_b20,76,20,0.0043609142303466,0.0078207761066732,0.0063218252535443,-0.0056712041224818
76_b21,76,21,0.0160342548042535,0.0404048027217157,0.0341557920073682,-0.0302669795045221
76_b22,76,22,0.0081673711538314,0.0186341166163075,0.0154779457877157,0.0055421049316646
76_b23,76,23,0.0065979873761534,0.0071841620345518,0.0061737655312754,-0.0044612204679287
76_b24,76,24,0.0151624316349625,0.0219046215371067,0.0177055448293685,0.0114590922323986
76_b25,76,25,0.0105178840458393,0.0134609823357361,0.0112630925601115,-0.0036878140555927
76_b26,76,26,0.0081989597529172,0.0737514586049363,0.064418121309136,-0.0616784477449255
76_b27,76,27,0.0213699024170637,0.0333632319542831,0.0302028888498898,0.0302003399131353
76_b28,76,28,0.0037173859309405,0.0199289171585094,0.0165870590042322,-0.0132402195082977
76_b29,76,29,0.0437417961657047,0.0684848105656669,0.0604363573560476,-0.0413102091123801
76_b3,76,3,0.0016670718323439,0.0359494915072889,0.0304960028908681,-0.022767620004015
76_b30,76,30,0.0127514451742172,0.0113045565913399,0.0097362865612376,-0.0081656358169857
76_b31,76,31,0.0146027170121669,0.0699682525939152,0.0612433913476706,-0.0398339940454752
76_b32,76,32,0.0252659246325492,0.0738669655992284,0.0648528849071954,-0.0483090587024707
76_b33,76,33,0.0030188472010195,0.0188664403035662,0.016099206112558,-0.006247271472821
76_b34,76,34,0.0604246966540813,0.0803883372186017,0.0704922499568783,-0.0484740817375131
76_b35,76,35,0.0017997685354202,0.0862312891125914,0.0761371326409789,-0.0736645826474341
76_b36,76,36,0.0069547593593597,0.0282286008970416,0.024101466378197,-0.00896281351801
76_b37,76,37,0.006573602091521,0.0183594577992883,0.0156782774371095,0.0012679323251359
76_b38,76,38,0.0081777032464742,0.0668271157494106,0.0579065418080426,-0.0545671507180668
76_b39,76,39,0.0093677062541246,0.0129420110484257,0.0105640191957354,-0.0040477177407592
76_b4,76,4,0.008665288798511,0.078767811581883,0.069090933050611,-0.0648449003027053
76_b40,76,40,0.0103467535227537,0.0131880209916869,0.010760289398604,-0.0034351944568334
76_b41,76,41,0.0040672477334737,0.022242427489154,0.0193217542622005,0.0013858270185301
76_b42,76,42,0.0143985953181982,0.0239582134046164,0.0200403643341269,-0.0174415246222633
76_b43,76,43,0.0054194196127355,0.0639135783364658,0.0556762145139509,-0.0531637799047166
76_b44,76,44,0.0140543226152658,0.0101053284951476,0.0081715824332786,0.0074185154755832
76_b45,76,45,0.0083441063761711,0.0102427068012493,0.0086982371582416,-0.0032277737202821
76_b46,76,46,0.0119758415967226,0.0293170298708724,0.0245621784171089,-0.0161112542450428
76_b47,76,47,0.0084951426833868,0.0473459532269833,0.0408658299222588,-0.0403898314945399
76_b48,76,48,0.0079478677362203,0.0227975932792484,0.0191305958770681,0.0034977683133911
76_b49,76,49,0.0069274329580366,0.0050344258167015,0.0039822576387086,-0.0025300444295862
76_b5,76,5,0.0087547237053513,0.0548078638247933,0.0492441915080416,-0.0489805009134579
76_b6,76,6,0.009395208209753,0.0305735229520153,0.0263362343850894,-0.0088252592235221
76_b7,76,7,0.0149559210985898,0.0223047601767264,0.018814466613112,-0.0087831643398385
76_b8,76,8,0.0307881012558937,0.054341034641506,0.0469438132212962,-0.0119732228404609
76_b9,76,9,0.0091369161382317,0.0319792775277989,0.0274508083076216,-0.0022294634743593
77_b0,77,0,0.0074835373088717,0.0647244259976054,0.0572291469811898,-0.0568901417432789
77_b1,77,1,0.0044019655324518,0.0914403619135206,0.0850558871956309,-0.0850558871956309
77_b10,77,10,0.0078421849757432,0.0646303989024054,0.0579228647171112,-0.0577326522373186
77_b11,77,11,0.0036405702121555,0.0948688397750572,0.08591962397928,-0.0853466627544548
77_b12,77,12,0.001687349169515,0.0840650815801691,0.0783951634867116,-0.0783951634867116
77_b13,77,13,0.0092984866350889,0.0687133773342125,0.062965650545666,-0.062965650545666
77_b14,77,14,0.0098250675946474,0.0609536864498084,0.0565832563283038,-0.056533984716807
77_b15,77,15,0.0066939606331288,0.0760466893982034,0.0702332620939705,-0.0702332620939705
77_b16,77,16,0.0108768008649349,0.0564357431563007,0.0504008689304464,-0.0499557371964328
77_b17,77,17,0.0072747031226754,0.1060932910484832,0.0987135555772693,-0.0987135555772693
77_b18,77,18,0.0052713425830006,0.0581268626411871,0.0522883952525444,-0.0522477533924393
77_b19,77,19,0.0159684717655181,0.0594321568139981,0.0526424146309727,-0.0517701000283705
77_b2,77,2,0.0068999119102954,0.0913120546199181,0.0849062216613674,-0.0849062216613674
77_b20,77,20,0.0041512763127684,0.1026699951356783,0.0946081122668692,-0.0946081122668692
77_b21,77,21,0.0094636846333742,0.0574526387506348,0.0517463536516879,-0.0513243098047678
77_b22,77,22,0.0049754604697227,0.0577297559689614,0.0541715641343034,-0.0541715641343034
77_b23,77,23,0.0070300102233886,0.0888800848788533,0.0829345150437438,-0.0829345150437438
77_b24,77,24,0.0057270508259534,0.0763076231541927,0.0703531339555047,-0.0703531339555047
77_b25,77,25,0.0074674766510725,0.09294766040041,0.0866647140326676,-0.0866647140326676
77_b26,77,26,0.0177973210811615,0.0824541956271206,0.0730807819771871,-0.071717603830184
77_b27,77,27,0.0083882957696914,0.0644767979549173,0.058027189503191,-0.058027189503191
77_b28,77,28,0.0056592402979731,0.0638671404038906,0.059408075382089,-0.059408075382089
77_b29,77,29,0.0219915900379419,0.0790906995636394,0.0708132093174208,-0.0673886140454851
77_b3,77,3,0.0011575387325137,0.0721991936214492,0.0661968669004272,-0.0661927000212017
77_b30,77,30,0.0048224269412457,0.0800342643554807,0.0733177116847946,-0.0733177116847946
77_b31,77,31,0.0117794629186391,0.0814251865415482,0.0710188071445736,-0.0673672612213704
77_b32,77,32,0.0066027245484292,0.0863549340945643,0.076482317475602,-0.0752291092695668
77_b33,77,33,0.0029150892514735,0.0781142789867434,0.0726806946925353,-0.0726806946925353
77_b34,77,34,0.0137954913079738,0.0898553344298327,0.079577621561184,-0.0767757031318615
77_b35,77,35,0.0214798822999,0.0826734256393917,0.0723660933020437,-0.0684629430509085
77_b36,77,36,0.0084967371076345,0.0556967950627829,0.0501583759521599,-0.0500929960689973
77_b37,77,37,0.0059448108077049,0.0681317541838708,0.0638671019952744,-0.0638671019952744
77_b38,77,38,0.0077982638031244,0.0773814656484764,0.0693551411922089,-0.0687483742064796
77_b39,77,39,0.0088363010436296,0.0656975022889451,0.0601903958281036,-0.0601903958281036
77_b4,77,4,0.0135259050875902,0.0858086896781288,0.0761866792514774,-0.0739535276838432
77_b40,77,40,0.0085780974477529,0.0848380409688508,0.0780595215695211,-0.0780595215695211
77_b41,77,41,0.0049612922593951,0.0615307199217521,0.0569217481720261,-0.0569217481720261
77_b42,77,42,0.003851085435599,0.082419164558732,0.0769989971787435,-0.0769989971787435
77_b43,77,43,0.0042688436806201,0.0890373684897863,0.0821325712124235,-0.0821325712124235
77_b44,77,44,0.0119196884334087,0.0808861423051173,0.07390994129928,-0.07390994129928
77_b45,77,45,0.0088188257068395,0.0940454683507403,0.0875273403202299,-0.0875273403202299
77_b46,77,46,0.0122515130788087,0.0624294577801856,0.0572329943720251,-0.0572204356174916
77_b47,77,47,0.0058713965117931,0.0825058715577359,0.0769513810158241,-0.0769513810158241
77_b48,77,48,0.0020492463372647,0.0775027744401986,0.072171765929088,-0.072171765929088
77_b49,77,49,0.0098292268812656,0.1049793376147738,0.0959027637001418,-0.0959027637001418
77_b5,77,5,0.0102005898952484,0.0721952636294362,0.0660919299640227,-0.0660919299640227
77_b6,77,6,0.0107994992285966,0.0611558862627021,0.0572001087715034,-0.0571926648498629
77_b7,77,7,0.0100131826475262,0.0584139156413611,0.0547132132877595,-0.054689513084013
77_b8,77,8,0.0058347745798528,0.0700522153049395,0.0626843544960138,-0.0622611224240972
77_b9,77,9,0.0074075320735573,0.0582838091312147,0.0537715841049794,-0.0537182456359732
78_b0,78,0,0.0104314275085926,0.0467759580435561,0.039993911990532,-0.0225384166204457
78_b1,78,1,0.0038977488875389,0.0159780124615939,0.0136708264355547,-0.000320668767672
78_b10,78,10,0.009100142866373,0.0505757467935038,0.0440215221146354,-0.02252290108765
78_b11,78,11,0.0122589152306318,0.0788963203316341,0.0694782465160096,-0.0634094464702502
78_b12,78,12,0.0035529092419892,0.0197420555881469,0.0162745815573725,-0.0105048649024683
78_b13,78,13,0.0110108479857444,0.0289103283786052,0.0247067805344704,-0.0050851542141754
78_b14,78,14,0.0064569232054054,0.0421507885472309,0.0362544963264372,-0.0175146262662019
78_b15,78,15,0.0075386138632893,0.0117944583400049,0.009907340145437,-0.0004725271335337
78_b16,78,16,0.0086564067751169,0.0332440706594052,0.0285871197043161,-0.0129948408847849
78_b17,78,17,0.0025437399744987,0.0085123502696167,0.0071252522454597,-0.0025129595049656
78_b18,78,18,0.0054251169785857,0.0339219778193534,0.0297535754943965,-0.0070158584200544
78_b19,78,19,0.0096302693709731,0.0383853598662607,0.0328088280731753,-0.0178901970722654
78_b2,78,2,0.0049723256379365,0.0062877514295276,0.0051768777985125,-0.0014588708616793
78_b20,78,20,0.0028546657413244,0.0060182296961144,0.0049831618764437,-0.0039504406717605
78_b21,78,21,0.0084560103714466,0.0418633411434588,0.0352333860962244,-0.0292921731832029
78_b22,78,22,0.009110402315855,0.0124030486690133,0.0101703460910357,0.000873786478769
78_b23,78,23,0.0051715746521949,0.0078641459353477,0.0063208045787177,-0.0040730463457293
78_b24,78,24,0.0101100634783506,0.0164993305763893,0.0133528002607636,0.0085351500450633
78_b25,78,25,0.0076492065563797,0.0096410734864727,0.0080471356021007,-0.0028049271419877
78_b26,78,26,0.0033626474905759,0.0795471084699019,0.0703985436834045,-0.0689679920408525
78_b27,78,27,0.0098108872771263,0.0139660502731308,0.0122897578147239,0.0122374683339148
78_b28,78,28,0.0065107159316539,0.0132956738521193,0.0112962297501508,-0.0034298695658799
78_b29,78,29,0.0074754082597792,0.0814410743193168,0.0731305991786575,-0.0708926291773605
78_b3,78,3,0.0103793442249298,0.0354831325921328,0.0299662329570855,-0.0019200325815472
78_b30,78,30,0.0053248493932187,0.0268418001375004,0.0229534536253777,-0.0225671969473478
78_b31,78,31,0.0064188255928456,0.0689552330805204,0.0598653045180253,-0.0453336547571234
78_b32,78,32,0.0107239857316017,0.0753857048796914,0.06562075830916,-0.0577636462022928
78_b33,78,33,0.0021961866877973,0.0157009882740788,0.0133976002386771,-0.0007887893798761
78_b34,78,34,0.0121247712522745,0.0847529576722667,0.0745071658251254,-0.0686837579953862
78_b35,78,35,0.0028475341387093,0.0871287104353288,0.0766856489468045,-0.0729303279377199
78_b36,78,36,0.0088955871760845,0.0289312432242071,0.0251001398288644,-0.003174944424536
78_b37,78,37,0.0098896715790033,0.0166991566802796,0.0141075004381127,0.0037569407536648
78_b38,78,38,0.0044188937172293,0.0738487187134035,0.0654762652071076,-0.0641730207132059
78_b39,78,39,0.0090469531714916,0.0103666430361441,0.0088061915145954,0.0045919983071507
78_b4,78,4,0.00696832081303,0.0818887023163032,0.0722546968270398,-0.0699173658212021
78_b40,78,40,0.0081412438303232,0.0118552154298406,0.0099707380036124,0.0013935621111886
78_b41,78,41,0.0059403511695563,0.0229392784602219,0.019633626154391,-0.0028451192600186
78_b42,78,42,0.0036608455702662,0.0460332112897219,0.0413699672801885,-0.0412180893274489
78_b43,78,43,0.004744753241539,0.0619060321848284,0.0547262410068651,-0.05381803659664
78_b44,78,44,0.0121629051864147,0.0109673816165565,0.0087595597549807,0.0074303179990965
78_b45,78,45,0.0087837371975183,0.0102810884400128,0.0085994405846577,-0.000817353244638
78_b46,78,46,0.0131516270339488,0.025890942694775,0.0222417915216647,-0.0084618966956622
78_b47,78,47,0.0118594877421855,0.0411630725429423,0.0349796984961722,-0.0338626778929028
78_b48,78,48,0.009929297491908,0.0249613757802308,0.0210448258568067,0.0126319717697333
78_b49,78,49,0.0059159351512789,0.008780634001621,0.006776597618591,0.0059495439776219
78_b5,78,5,0.0086189154535532,0.0527995684491881,0.045825766751077,-0.0431412380724214
78_b6,78,6,0.0075430674478411,0.0312611869003475,0.026914286763058,-0.0053044530196348
78_b7,78,7,0.0106587596237659,0.0232863546423785,0.0199250926240347,-0.0026963586709462
78_b8,78,8,0.0056358813308179,0.0562237404399491,0.0478444987977854,-0.04172502004134
78_b9,78,9,0.0081236828118562,0.0304165209920742,0.0261237203155178,-0.0063168102654162
79_b0,79,0,0.0048043057322502,0.0503369494190155,0.0428364886272174,-0.0346311922323366
79_b1,79,1,0.0041402438655495,0.0156184546313378,0.0131168018933385,0.0070465009333565
79_b10,79,10,0.0098839458078145,0.0513727280894435,0.0444302492783754,-0.0254946337043656
79_b11,79,11,0.0085995811969041,0.0772816387574031,0.0680130367030506,-0.0625194828116218
79_b12,79,12,0.0079091917723417,0.0224513157432833,0.0191841673140879,-0.0017362588143441
79_b13,79,13,0.01655681617558,0.0332493053203619,0.0280156499729491,0.0039746517804451
79_b14,79,14,0.007874896749854,0.0438623689079308,0.0373468795408553,-0.0272833092966175
79_b15,79,15,0.0074608847498893,0.0078285740280376,0.0066774359089322,0.0025074478867463
79_b16,79,16,0.007166588678956,0.0350673511653577,0.0299737038115563,-0.0223316769326629
79_b17,79,17,0.0029979846440255,0.0106751470735839,0.0087384104239754,0.0049209382641129
79_b18,79,18,0.0051796296611428,0.0334716673718296,0.028373977204319,-0.0199430611939169
79_b19,79,19,0.0101388525217771,0.0332941147841105,0.0280604489758843,-0.0174271402723388
79_b2,79,2,0.0052173039875924,0.0095932150876975,0.0078082464146427,0.001692584392149
79_b20,79,20,0.002529416931793,0.0110005735739284,0.0090315654024016,-0.0062214018998201
79_b21,79,21,0.0116376336663961,0.043301276263545,0.0366081137234868,-0.0288620534657093
79_b22,79,22,0.0132858380675315,0.012875022940537,0.0105209061619825,-0.0050526499864645
79_b23,79,23,0.0054238582961261,0.0090794132193126,0.0074509436974767,0.0010352252901066
79_b24,79,24,0.0077616008929908,0.0182259322389164,0.0152460020501166,0.0023451858200132
79_b25,79,25,0.0078109884634613,0.0170567124501043,0.0142916929972125,0.0042380251333815
79_b26,79,26,0.0047676288522779,0.0742706828668669,0.0651080312830163,-0.0627516167768044
79_b27,79,27,0.0082939900457859,0.0096762556246561,0.0081347794679459,0.0024505429121199
79_b28,79,28,0.0097527988255023,0.0185055015782949,0.0155248449323698,0.0013747634552419
79_b29,79,29,0.0149002373218536,0.0676214544234954,0.059836480992817,-0.0543605494352232
79_b3,79,3,0.007517397403717,0.0335697579679063,0.0287727507401723,-0.0088683307019528
79_b30,79,30,0.0076103555038571,0.0173628052775229,0.014203422536375,-0.0132372713286895
79_b31,79,31,0.0061575127765536,0.0681908236622578,0.0587870975490659,-0.0503981564939022
79_b32,79,32,0.0094985608011484,0.0705443071722966,0.0611775677392506,-0.0541781416975209
79_b33,79,33,0.0046442952007055,0.0226404159546319,0.0194341694150352,-0.0031369482498848
79_b34,79,34,0.0175771526992321,0.0759153721348156,0.0661080835596658,-0.0578012260398827
79_b35,79,35,0.003807121887803,0.0822706754724477,0.0721964710765678,-0.0684992990923274
79_b36,79,36,0.0052994261495769,0.0316079075506055,0.0263293243711814,-0.0184666527761146
79_b37,79,37,0.0072125401347875,0.0223678778587549,0.0190732272551395,0.0018854046543128
79_b38,79,38,0.0162662770599126,0.0581320082045323,0.0498148357815807,-0.0422755593754118
79_b39,79,39,0.0082725109532475,0.0177382139054148,0.0147451412363443,-0.0119200422882568
79_b4,79,4,0.0095163183286786,0.0759222533923245,0.0663319728229544,-0.0619945363615988
79_b40,79,40,0.0076283579692244,0.0191936247831457,0.0158719256398035,0.007414138954482
79_b41,79,41,0.0056566828861832,0.0207808151259883,0.0174392349435947,-0.006344883183483
79_b42,79,42,0.0067961211316287,0.0306019405123529,0.0266820155340246,-0.0263509227870963
79_b43,79,43,0.0029363383073359,0.071292525504612,0.0634251201669394,-0.0626221770378469
79_b44,79,44,0.0099406223744153,0.0050381990310157,0.0042559031798737,-0.0004380864958511
79_b45,79,45,0.0086911292746663,0.0168097117622,0.0139978432783391,0.0057041169388685
79_b46,79,46,0.0105022471398115,0.0309678961990672,0.0263712445169221,-0.011712172118714
79_b47,79,47,0.0238667279481887,0.0374326148830951,0.0313083134335465,-0.022924797956366
79_b48,79,48,0.0056311935186386,0.0252384983563044,0.0213282499823253,0.0063304342760238
79_b49,79,49,0.0039191846735775,0.008234982025172,0.0070039995305705,0.0018229319003876
79_b5,79,5,0.006146281491965,0.0539995760970992,0.0470760387484915,-0.0454727599141187
79_b6,79,6,0.0073786797001957,0.0328512977801977,0.0277033593208761,-0.0170234050211729
79_b7,79,7,0.0146488072350621,0.0211781765064006,0.018098992309533,-0.0011007914459332
79_b8,79,8,0.0085139069706201,0.0468456847600857,0.0397980264923535,-0.031245518499636
79_b9,79,9,0.0094434497877955,0.0301964077513735,0.0253777056315448,-0.008656179549871
7_b0,7,0,0.0035837646573781,0.0533900439347257,0.0452130071006467,-0.0394166601125834
7_b1,7,1,0.0050095017068088,0.0195303079682203,0.0165298064937815,0.0094457148388028
7_b10,7,10,0.0083450004458427,0.0473784450668351,0.0405848403982236,-0.0277082951655029
7_b11,7,11,0.0043805628083646,0.087463740722656,0.0777852824307774,-0.0753225284926156
7_b12,7,12,0.0053413696587085,0.0219219476749652,0.0186850125878117,-0.0059549798793159
7_b13,7,13,0.011747445911169,0.02950889899465,0.0249812379071954,-0.0051536444399971
7_b14,7,14,0.0141351604834198,0.0394457540739866,0.0329954593910952,-0.0255433021488715
7_b15,7,15,0.0065242904238402,0.0156499846259404,0.0133104335831012,0.0074295793741475
7_b16,7,16,0.0089559406042099,0.0325910177912847,0.0279278675906243,-0.0153640927627566
7_b17,7,17,0.0041122697293758,0.0106835242656196,0.0088528168451739,0.0044363314221845
7_b18,7,18,0.0051589896902441,0.0356059191135376,0.0308169462328078,-0.0129192337329732
7_b19,7,19,0.0148993302136659,0.0426991715575189,0.036309635892976,-0.0098439785465598
7_b2,7,2,0.0042462032288312,0.0080307918614558,0.0064477863139472,0.002650542629417
7_b20,7,20,0.0039719087071716,0.0088617755776173,0.0076276354212313,0.0045448086922988
7_b21,7,21,0.0124257188290357,0.0401124662544033,0.033966971944028,-0.0232404927359311
7_b22,7,22,0.0067999688908457,0.0174168383790054,0.0146309906843816,0.0028322933014715
7_b23,7,23,0.0045891390182077,0.0073527721299862,0.0060588282183744,0.0006660046544857
7_b24,7,24,0.008676204830408,0.0145523939449838,0.0121591085125692,0.0027490717289038
7_b25,7,25,0.0094821723178029,0.0147957989735405,0.01237086234265,0.0020689463394228
7_b26,7,26,0.0159862004220485,0.0711640974937716,0.0614332478954747,-0.0547025433737144
7_b27,7,27,0.0081374105066061,0.0075098596026871,0.006146198620554,0.0044561984343454
7_b28,7,28,0.0039765015244483,0.0184446083805877,0.0154278006084496,-0.0109547016449505
7_b29,7,29,0.0138751519843935,0.0740833271289686,0.0658554656064006,-0.0612665747565552
7_b3,7,3,0.0041855499148368,0.0338403325558782,0.028560734859202,-0.0156814236100763
7_b30,7,30,0.0127976750954985,0.0107005778770105,0.0091179571757675,-0.0038468470974476
7_b31,7,31,0.003671582089737,0.0731536140885005,0.0630637715179182,-0.0555554658248729
7_b32,7,32,0.0056453719735145,0.0812776580768943,0.0711928749601793,-0.0659511171752092
7_b33,7,33,0.0028802785091102,0.0193897890833138,0.0164744651631917,-0.0075414376088883
7_b34,7,34,0.0041613378562033,0.0901685684169641,0.0797269401606172,-0.0769978581415489
7_b35,7,35,0.0035089002922177,0.085452622623918,0.0752009645949874,-0.0715938351217482
7_b36,7,36,0.0070020044222474,0.0285048457487282,0.0241216993285343,-0.0094984249491244
7_b37,7,37,0.0069048050791025,0.0187128084786633,0.0159858802193775,-0.0005497920559719
7_b38,7,38,0.0056782290339469,0.0750401413754522,0.0664062410057522,-0.0643903233134187
7_b39,7,39,0.0086612040176987,0.014966506021861,0.0122753025777637,-0.0085765122249722
7_b4,7,4,0.0108384657651185,0.0866544506701298,0.0768154765483996,-0.0733351293234227
7_b40,7,40,0.0087769087404012,0.0176861347551069,0.0148449865059228,0.0049314979399787
7_b41,7,41,0.0053008552640676,0.0258964417120201,0.0221958519006147,0.0013061838317662
7_b42,7,42,0.0053343893960118,0.0455555790517376,0.0409526669199112,-0.0408224232483189
7_b43,7,43,0.0035232850350439,0.0661648517098495,0.0577604531259567,-0.0558511078493029
7_b44,7,44,0.01347042247653,0.0079100034783201,0.0065327350463485,0.0034620177705073
7_b45,7,45,0.0086810030043125,0.0119675191214626,0.0102357363660121,-2.41157558048144e-05
7_b46,7,46,0.0155711639672517,0.0257223051627748,0.0217222809582017,-0.0135555578232742
7_b47,7,47,0.0084016062319278,0.045996059502369,0.0393912145635113,-0.0387143882876262
7_b48,7,48,0.0053504519164562,0.0193604841674246,0.0163163337274454,0.0004739701398648
7_b49,7,49,0.0044750981032848,0.0130877941781437,0.0107220386707922,0.0079082767484942
7_b5,7,5,0.0077521107159554,0.0514197911124546,0.0450284930574707,-0.0440985154476948
7_b6,7,6,0.0127134593203663,0.0287259332512213,0.0239170605139224,-0.01492214678874
7_b7,7,7,0.0106916306540369,0.0284665123986315,0.0238887344906106,0.0028815388260409
7_b8,7,8,0.0041773780249059,0.0572169686959541,0.0487887260327988,-0.0440757336134265
7_b9,7,9,0.0050598755478858,0.0322982448803105,0.0271663015498779,-0.0129041595687158
80_b0,80,0,0.0043038455769419,0.0513739711747662,0.0438362774721463,-0.0333014293274027
80_b1,80,1,0.0032193148508667,0.0184189013479505,0.0157235495012719,0.0038149615691509
80_b10,80,10,0.0084511442109942,0.0492518725724262,0.0422529521680553,-0.0311167314791237
80_b11,80,11,0.0097201531752944,0.0814469030757652,0.0719704150842881,-0.0659162635272514
80_b12,80,12,0.0092997569590806,0.0244222551131138,0.020311455563642,0.0065865564486011
80_b13,80,13,0.0096731111407279,0.0323554044415027,0.0272220173623645,-0.0142229446495184
80_b14,80,14,0.0098128821700811,0.039158363569995,0.0333581206624512,-0.0205006519288872
80_b15,80,15,0.0070912879891693,0.0148293507303667,0.0125254784047137,0.0048903556575533
80_b16,80,16,0.0124288005754351,0.0383235451352003,0.0328242226041038,-0.0046582222080905
80_b17,80,17,0.0035847788676619,0.0137439897138491,0.0112949634040705,0.0061170979519374
80_b18,80,18,0.0050470088608562,0.0383286131685458,0.0331222573650302,-0.0148355761851416
80_b19,80,19,0.0153435636311769,0.0327957204464637,0.0278109746868722,-0.0039926125155761
80_b2,80,2,0.0041604046709835,0.0172837290328712,0.0145456154481507,0.0126849338109605
80_b20,80,20,0.0033005303703248,0.0107430033251057,0.0091437078232411,0.0080112383642699
80_b21,80,21,0.0118555277585983,0.0401028650332003,0.0338536327131441,-0.0236797772053978
80_b22,80,22,0.0102347154170274,0.0138594804526673,0.0114868028165074,0.0015423227398423
80_b23,80,23,0.0046059875749051,0.0178294923664509,0.0150615907437168,0.0119189818273298
80_b24,80,24,0.0069447979331016,0.0170283157453408,0.014395557953976,-0.0019371409667655
80_b25,80,25,0.0086645800620317,0.0215222709136873,0.0173881312430603,0.0129569229687331
80_b26,80,26,0.0100983614102005,0.067942605127228,0.0587997583713149,-0.053249356210581
80_b27,80,27,0.0081171840429306,0.0107587124511302,0.0090856593905482,0.0015385477209929
80_b28,80,28,0.0030764224939048,0.0211494105327987,0.0177438290722784,-0.0142658934395876
80_b29,80,29,0.0257459133863449,0.071755594707826,0.0633004629412607,-0.0548678746235964
80_b3,80,3,0.0023793480359017,0.0387537932896162,0.0330730556359048,-0.018389927331591
80_b30,80,30,0.0074134357273578,0.008305623292237,0.0071414303957135,-0.0037026888682157
80_b31,80,31,0.0142530836164951,0.073256439988034,0.0640462741646479,-0.0491077779996703
80_b32,80,32,0.0274313427507877,0.0797220212124973,0.0704022965232434,-0.0566370452359842
80_b33,80,33,0.0041566821746528,0.0197665649593359,0.0169123909063637,0.0002883361838757
80_b34,80,34,0.0396514907479286,0.0855600126345472,0.0753769932202703,-0.062865024938219
80_b35,80,35,0.0043713189661502,0.0783206794358852,0.0682653145489894,-0.0633705159367673
80_b36,80,36,0.0087977331131696,0.0315134556571044,0.0273250018642284,-0.0037023810832761
80_b37,80,37,0.0055646025575697,0.018010349414148,0.0153224861994385,-0.0031093436805531
80_b38,80,38,0.0201090276241302,0.0623608044168461,0.0537143847069819,-0.0458133456113864
80_b39,80,39,0.0056813983246684,0.0134856375135077,0.0112332117505138,-0.0026047660241601
80_b4,80,4,0.030767798423767,0.0757120352828178,0.0658320127727347,-0.0554351749966735
80_b40,80,40,0.0085999565199017,0.0200468550758416,0.0164310591091634,0.0104128780594328
80_b41,80,41,0.0041911182925105,0.0268770437737908,0.0228339381580008,-0.006662813249859
80_b42,80,42,0.0068768411874771,0.0342540069306276,0.0296089965035207,-0.0286070698220282
80_b43,80,43,0.0082189962267875,0.0613651614112616,0.0535405637160874,-0.0515874589723534
80_b44,80,44,0.0099567342549562,0.0107206686830758,0.0086573810980189,0.0073896926722954
80_b45,80,45,0.0075733372941613,0.0148792315063549,0.0126423700409941,-0.00026173268212
80_b46,80,46,0.0124321607872843,0.0273745617899815,0.0234951090626418,-0.0078188972873613
80_b47,80,47,0.0109769292175769,0.0417115736486426,0.0351820285653229,-0.0337737291899975
80_b48,80,48,0.0029880437068641,0.0230039691861942,0.0194116053008474,-0.0003446809784509
80_b49,80,49,0.0056398720480501,0.0153497849582751,0.0121713702927809,0.0104134007880929
80_b5,80,5,0.0073431525379419,0.0512565504867173,0.0449542054784251,-0.0436155523097841
80_b6,80,6,0.0080908704549074,0.0295382145595816,0.0254290725642931,-0.0074910607261699
80_b7,80,7,0.0168667286634445,0.0203464515941061,0.0174094160180538,-0.0009162407275289
80_b8,80,8,0.031222891062498,0.0579326557380439,0.0503127786373079,-0.0235082688021066
80_b9,80,9,0.0056451633572578,0.0325233278339139,0.0274328026443254,-0.014728065583622
81_b0,81,0,0.0052462546154856,0.0526445327961865,0.0446235679466917,-0.0408146469741768
81_b1,81,1,0.0033262015786021,0.0148754283344912,0.0126250158110633,0.0013018029974773
81_b10,81,10,0.0131252650171518,0.0458178193086713,0.0393589375296141,-0.0224237089033704
81_b11,81,11,0.001432386226952,0.0888293765846274,0.0792884907738334,-0.0778018057766166
81_b12,81,12,0.0083281593397259,0.0222987954419734,0.019125889429124,-0.0011183570802677
81_b13,81,13,0.0125902853906154,0.0272376712787768,0.0228564539144281,-0.0088794342067558
81_b14,81,14,0.0095133837312459,0.0424565226620426,0.0362881793017732,-0.0176472365419613
81_b15,81,15,0.0058103427290916,0.0180365391296365,0.015138033122057,0.0098269599594641
81_b16,81,16,0.0106590427458286,0.0356676631621463,0.0308193049559486,-0.0110290776172769
81_b17,81,17,0.0029180953279137,0.0116863052293591,0.0097854546201415,0.0015831776591949
81_b18,81,18,0.0080122109502553,0.0350238101428648,0.030652406096342,-0.0089979816664708
81_b19,81,19,0.0164630785584449,0.0304276569228584,0.0251523051279946,-0.01940784585051
81_b2,81,2,0.0058880252763628,0.0089906929278891,0.0076378305954858,-0.0052914116717875
81_b20,81,20,0.0030233282595872,0.0058241712412163,0.0049136958201415,-0.00081324696308
81_b21,81,21,0.0154004888609051,0.0413382144344038,0.0350986482472944,-0.0226927941283065
81_b22,81,22,0.0114961080253124,0.0161350392899327,0.013386990512954,0.0018624346412252
81_b23,81,23,0.0059404028579592,0.0104087039774667,0.0087767372513189,-0.0065115164918825
81_b24,81,24,0.0087186638265848,0.0166761730789057,0.0140960455848835,-0.0066632545995526
81_b25,81,25,0.0092709548771381,0.0127344298801117,0.0107047915225848,0.0023569362098351
81_b26,81,26,0.0051109171472489,0.0722139762961136,0.0634942642383975,-0.0617288070794893
81_b27,81,27,0.0095913745462894,0.0108184887447837,0.0089829437079606,0.0017925473331706
81_b28,81,28,0.0026766331866383,0.019632972328131,0.0165108477888861,-0.0128450594382593
81_b29,81,29,0.0093902079388499,0.0761466657204828,0.0678639307569392,-0.0631721843648847
81_b3,81,3,0.0037812162190675,0.0354719542858164,0.0301189994532614,-0.0185706031532026
81_b30,81,30,0.0104422643780708,0.0081815007421856,0.0067693106422666,-0.0023798660479951
81_b31,81,31,0.0105234887450933,0.0718517225367425,0.0624419991503964,-0.0496883172094385
81_b32,81,32,0.0044623902067542,0.0820997758436955,0.0719791981791058,-0.0681318840551102
81_b33,81,33,0.0063594095408916,0.0244107585877465,0.0204011374467518,0.007555931356037
81_b34,81,34,0.0092774759978055,0.0864021485652245,0.076152078021696,-0.0709884496698214
81_b35,81,35,0.0048081176355481,0.0791315797936669,0.0688873053805218,-0.064380787405862
81_b36,81,36,0.0082403803244233,0.0306838169182903,0.026361140650697,-0.0073237776849418
81_b37,81,37,0.0067405421286821,0.0182545416218072,0.0156291708000935,0.0007872149883769
81_b38,81,38,0.0118171824142336,0.0632444706787987,0.0545777520746924,-0.0495193730690516
81_b39,81,39,0.0089515205472707,0.0158145977343269,0.0127835203992435,-0.0089383483218261
81_b4,81,4,0.0117168640717864,0.0816238914500542,0.0718411243426453,-0.0674078285436917
81_b40,81,40,0.0083406493067741,0.0138107229737068,0.011567512708134,-0.0001354238117346
81_b41,81,41,0.0057142032310366,0.0234501126545256,0.0202404500532429,-0.0015017276292201
81_b42,81,42,0.0024869493208825,0.0492107191896303,0.0445787676959298,-0.0445317323040217
81_b43,81,43,0.0059930025599896,0.0653941432664287,0.0574979724604054,-0.0557750828340067
81_b44,81,44,0.0139634553343057,0.0076808442341241,0.0065489854829502,-0.000217637529422
81_b45,81,45,0.008839912712574,0.0122276619320576,0.0103468762594275,0.0016868524556048
81_b46,81,46,0.0141596291214227,0.0247559430079239,0.0209332205425016,-0.0105616482463665
81_b47,81,47,0.0119072012603282,0.0428666318604887,0.0360029997024685,-0.0339168780390173
81_b48,81,48,0.0049542631022632,0.0208516248592473,0.0176388588978443,0.0001353512925561
81_b49,81,49,0.0062710391357541,0.0078249627137861,0.0065419168950757,-0.0023759469011565
81_b5,81,5,0.0035015917383134,0.0623404377485551,0.054901555426768,-0.0541786445718025
81_b6,81,6,0.0094483830034732,0.0330426579929542,0.0284529154660413,-0.0085908211494097
81_b7,81,7,0.0220338124781847,0.0199907506632361,0.0160829577129334,-0.0138894389476627
81_b8,81,8,0.0058344239369034,0.0562185404382419,0.0479490660130977,-0.0411326420289697
81_b9,81,9,0.0107401646673679,0.0284978276548478,0.0236194046557648,-0.0100729655305622
82_b0,82,0,0.0070137795992195,0.0479180661251671,0.0406669956503901,-0.0295134139095898
82_b1,82,1,0.0032665128819644,0.0200571652162953,0.0171417263988405,0.0088012549653649
82_b10,82,10,0.0069834692403674,0.0536352175451483,0.0463351830031024,-0.0326036923361243
82_b11,82,11,0.0050582340918481,0.0828434775979852,0.0731044665936497,-0.0688132865048828
82_b12,82,12,0.0042506223544478,0.0214631023526746,0.0183765829412732,-0.0025263733661267
82_b13,82,13,0.0107387341558933,0.0308096950612209,0.0261063760682009,-0.0055714851641096
82_b14,82,14,0.007488815113902,0.0464374261643863,0.039974338983302,-0.0056277715723263
82_b15,82,15,0.0071101519279181,0.0186952936387247,0.0157352012454066,0.0117974292964208
82_b16,82,16,0.0069784531369805,0.0359473272459613,0.0308970765749109,-0.0070654457787168
82_b17,82,17,0.0031544333323836,0.0124425372917493,0.0099068227037787,0.0069999242387712
82_b18,82,18,0.0024454321246594,0.0376316738698499,0.0326477305660955,-0.0128079962381161
82_b19,82,19,0.0096909226849675,0.0358510527902581,0.0306502418496529,-0.016554357621062
82_b2,82,2,0.0045738932676613,0.0197716971791901,0.0168940126290544,0.015543006779626
82_b20,82,20,0.0052448399364948,0.023275559232984,0.0207194333500228,0.0206372760492376
82_b21,82,21,0.0121122598648071,0.0412048215829328,0.0348385075429541,-0.0231116398839367
82_b22,82,22,0.0067281769588589,0.0251919580656432,0.0205096354003762,0.013629121739068
82_b23,82,23,0.0049922307953238,0.0208139065867945,0.017893422745401,0.0155680874164681
82_b24,82,24,0.0077822650782763,0.0183373801863805,0.0154030696325935,-0.0071634000935591
82_b25,82,25,0.0082114692777395,0.0174320222096438,0.0141410084650851,0.0093981415755115
82_b26,82,26,0.0046154856681823,0.0753227882024026,0.0660009466565679,-0.0634688129730057
82_b27,82,27,0.008307778276503,0.0105947975260968,0.0091256660991348,0.0020780091104097
82_b28,82,28,0.0057117464020848,0.0151327072835872,0.0125057477684458,0.0040783365216339
82_b29,82,29,0.0355728715658187,0.0650869134288429,0.0570767654524752,-0.0391734296234426
82_b3,82,3,0.0006450162036344,0.0428023645584043,0.0359396351419854,-0.0291787136194761
82_b30,82,30,0.0091196047142148,0.0077998376890939,0.0065393589463201,0.0021947448208811
82_b31,82,31,0.0053554391488432,0.0728968178325459,0.0634911784243013,-0.0490619314175273
82_b32,82,32,0.0164419673383235,0.0765746300029799,0.0672989124586456,-0.0524949638466932
82_b33,82,33,0.0030596777796745,0.0186692103326085,0.0158230910915881,-0.0065098133683204
82_b34,82,34,0.0354483127593994,0.0799718337920174,0.0700142193591455,-0.0527611516561592
82_b35,82,35,0.0049134623259305,0.0808685760408405,0.0710067697280828,-0.064686992498282
82_b36,82,36,0.0048196916468441,0.0291729800150842,0.0246820048533845,-0.0093884927371982
82_b37,82,37,0.0066940397955477,0.0188519785498116,0.0160556801431812,0.0026380394329316
82_b38,82,38,0.0062259482219815,0.0656659143644007,0.0570781235408503,-0.053363840264501
82_b39,82,39,0.008414689451456,0.0171017773320745,0.0146661878656595,-0.0132249244116246
82_b4,82,4,0.0142864063382148,0.0788238509387202,0.0688584506273036,-0.0618637592130107
82_b40,82,40,0.0076076565310359,0.0171621910346912,0.0143295990908518,0.0063770969002507
82_b41,82,41,0.0030529736541211,0.027630889862592,0.0237293093377957,0.0003071978263324
82_b42,82,42,0.0143253337591886,0.0186203886607878,0.0159194067388307,-0.0062097510753665
82_b43,82,43,0.0084953438490629,0.057759815992754,0.0493115516353282,-0.0458713889934006
82_b44,82,44,0.0100748650729656,0.0050656025775839,0.0041856305141118,0.0017041317626717
82_b45,82,45,0.0109934015199542,0.0235890247346676,0.0190917727700434,0.0150739592616446
82_b46,82,46,0.014055797830224,0.0229246229686945,0.0194490633765235,-0.0089640510547906
82_b47,82,47,0.0117292683571577,0.044629264166455,0.0377692545729223,-0.0361184689926449
82_b48,82,48,0.002936050761491,0.022929646064844,0.0192083102930337,-0.005175350876525
82_b49,82,49,0.0053823334164917,0.0167347734349023,0.0134972240799106,0.0115247583645395
82_b5,82,5,0.0059614134952425,0.0596776536881592,0.0531950723746558,-0.0526799537515034
82_b6,82,6,0.0052827741019427,0.0349401003462175,0.0300464515335625,-0.0009970833867555
82_b7,82,7,0.0116785382851958,0.0251293015664628,0.021582660570275,0.0008367394120432
82_b8,82,8,0.0212118364870548,0.0556340222786379,0.0481237113344104,-0.013720601446912
82_b9,82,9,0.0072809942066669,0.0348057892703469,0.0294197207211982,-0.0125368681957479
83_b0,83,0,0.0094192894175648,0.0470354710901893,0.0401259375063091,-0.0231846734464488
83_b1,83,1,0.0052240551449358,0.0244563446680162,0.0203234200319275,0.0157718349900096
83_b10,83,10,0.0093868561089038,0.0498663225428192,0.0425675791688263,-0.03517265713308
83_b11,83,11,0.0038144546560943,0.0817775164770988,0.0722143507129658,-0.0683702071689913
83_b12,83,12,0.0065613919869065,0.0228515388548172,0.0196092994726495,-0.0055758568114833
83_b13,83,13,0.0113538587465882,0.0319250756344527,0.0272495716094272,0.0002669417037395
83_b14,83,14,0.0087071005254983,0.0427993073498032,0.0361005183462111,-0.0279951589055417
83_b15,83,15,0.0070337643846869,0.0147699901985153,0.0127132904762402,0.0076396329002454
83_b16,83,16,0.007877591997385,0.0377977785089313,0.0327319032822561,-0.0117521684740495
83_b17,83,17,0.0043098917230963,0.0129220624204134,0.0106111697398591,0.0061527125991415
83_b18,83,18,0.0061730248853564,0.0390187597380736,0.0342964635277166,-0.0002716018445789
83_b19,83,19,0.0081780320033431,0.0419587807645753,0.0359011831961106,-0.0292769704258535
83_b2,83,2,0.004637140315026,0.0140846114261061,0.0113537083263508,0.009030490128789
83_b20,83,20,0.0032713424880057,0.0097576194942101,0.0080229484895244,0.0040147162182256
83_b21,83,21,0.0087210657075047,0.0462270241854801,0.0388170486952003,-0.0324985138171177
83_b22,83,22,0.0100573292002081,0.0165588283332147,0.0136088086635572,-0.0011354226031107
83_b23,83,23,0.0047412160784006,0.0128082843237835,0.0104197810043115,0.0067115982889663
83_b24,83,24,0.0080296834930777,0.0153244349302486,0.0126940039079636,0.0048662670142948
83_b25,83,25,0.0080543626099824,0.0180236783462994,0.0149404033250175,0.0043757384293712
83_b26,83,26,0.0029107376467436,0.0792078238683906,0.0700772749181487,-0.0687391267917701
83_b27,83,27,0.0091960933059453,0.0154155926222217,0.0135744708555284,0.0133756652323063
83_b28,83,28,0.0017777690663933,0.0184775551250688,0.0154454657447058,-0.0132154163497034
83_b29,83,29,0.0078129479661583,0.0843604354634826,0.0758986477752478,-0.0736212876509671
83_b3,83,3,0.0061718923971056,0.0354520657498174,0.0300994638877455,-0.0064020337385591
83_b30,83,30,0.0093188416212797,0.011392180275874,0.00970137638913,-0.0058087469445308
83_b31,83,31,0.0188928805291652,0.0719330887867394,0.0630197215106454,-0.0410970484864083
83_b32,83,32,0.0123504931107163,0.0744203488757243,0.0648336092341924,-0.0551593305269489
83_b33,83,33,0.0032175106462091,0.0197486368991403,0.0169437895261216,-0.0023459665395785
83_b34,83,34,0.0184835512191057,0.0831347291591361,0.0729524877015501,-0.0651607169443741
83_b35,83,35,0.0030061311554163,0.0846041130267601,0.0743541540892692,-0.0710089128779145
83_b36,83,36,0.006428753491491,0.0319730933182656,0.0276611841411795,-0.0052572811010759
83_b37,83,37,0.0047254795208573,0.0171561555173562,0.0146016446663998,-0.000409099960234
83_b38,83,38,0.0060759200714528,0.0723996335534205,0.0635805036645615,-0.0614135370362782
83_b39,83,39,0.009339184500277,0.0135200049455205,0.0114138877094956,0.0019522498099831
83_b4,83,4,0.0094042317941784,0.0831542300578325,0.0732031006621036,-0.0699881411156457
83_b40,83,40,0.0087776370346546,0.0198844148161163,0.0163986657274654,0.0067301482131006
83_b41,83,41,0.0037124888040125,0.0266894683135078,0.0231702649733051,0.0035144536290317
83_b42,83,42,0.0017513200873509,0.0443772622491447,0.0401352407794911,-0.0400559106946457
83_b43,83,43,0.0045311348512768,0.0677356598807762,0.0592824720077624,-0.057558860056888
83_b44,83,44,0.0132971461862325,0.0194169977213935,0.016449707741558,0.0162483050537412
83_b45,83,45,0.0089773964136838,0.0160322109500887,0.0131134823290631,0.0071529649710282
83_b46,83,46,0.0138684269040822,0.0275740803874928,0.0236180593259632,-0.0064314025500789
83_b47,83,47,0.0093438709154725,0.0449367743805267,0.0383295436925254,-0.0373047605878673
83_b48,83,48,0.0039122751913964,0.0202931432490209,0.0169483847217634,-0.0033382872538641
83_b49,83,49,0.0053479499183595,0.0166356681241645,0.0134480224025901,0.0103519819781649
83_b5,83,5,0.0064207660034298,0.0513802972716488,0.0447734523925464,-0.0423457360861357
83_b6,83,6,0.007920759730041,0.0311627470491846,0.0263514210988068,-0.0135511884797597
83_b7,83,7,0.0139805655926465,0.0263848939075411,0.0219617615611059,-0.0158143177599413
83_b8,83,8,0.0064910547807812,0.0571941581620566,0.0488049769936333,-0.0402655033353221
83_b9,83,9,0.0078640989959239,0.0314872679383282,0.0264529721852159,-0.0165705810295185
84_b0,84,0,0.0063783377408981,0.0480780679758569,0.0408761039037926,-0.028744158052068
84_b1,84,1,0.0027540933806449,0.0155529595534544,0.0133649128535762,0.0046538811922073
84_b10,84,10,0.0055120573379099,0.0507515895544586,0.0440872837185452,-0.0283550674842263
84_b11,84,11,0.0030446369200944,0.0847104358066291,0.0752406288718339,-0.0724457666632952
84_b12,84,12,0.0056731677614152,0.0230779126470769,0.0195850124931894,-0.0073807271337136
84_b13,84,13,0.009426612406969,0.0301615288530004,0.0253185306902742,-0.0094135393848409
84_b14,84,14,0.0085867550224065,0.0404314281408989,0.0346833434318978,-0.0168610810013342
84_b15,84,15,0.0054483311250805,0.0143552960566184,0.0121635858691297,0.0069781161379069
84_b16,84,16,0.0100157931447029,0.0328286893311357,0.0279706304741557,-0.0183296278340276
84_b17,84,17,0.0032983575947582,0.0110082432711757,0.0095119243697263,-0.0016266749450005
84_b18,84,18,0.0054304618388414,0.03395159197287,0.0294254248746437,-0.0111073154321638
84_b19,84,19,0.0070366207510232,0.0440894330048664,0.0379803878290113,-0.0245097239513415
84_b2,84,2,0.0065687424503266,0.0077431977758097,0.0063846156559884,0.0024350814567878
84_b20,84,20,0.0039810752496123,0.0080657082886892,0.0067769181833136,0.0033104737789835
84_b21,84,21,0.0088943503797054,0.0451229360012364,0.0378913485801604,-0.0310994682957243
84_b22,84,22,0.0077874884009361,0.0169695857840412,0.0140968732885085,0.0028196627297438
84_b23,84,23,0.0070729018189013,0.0074883423354559,0.0063415138213895,0.0008337453776039
84_b24,84,24,0.0082484185695648,0.0177791931099597,0.0150559932971373,0.0014000305579975
84_b25,84,25,0.0085021555423736,0.0181879167447413,0.0149625234119594,0.005803731335327
84_b26,84,26,0.0057669468224048,0.0804947072027425,0.0705366047135612,-0.066984082324343
84_b27,84,27,0.0079685235396027,0.0093463411082467,0.0078142619284335,0.0038175234233494
84_b28,84,28,0.0016061941860243,0.0200178215013949,0.0170271669031353,-0.0157361037476221
84_b29,84,29,0.0373160168528556,0.0644117198951122,0.056813802802244,-0.0440227175788095
84_b3,84,3,0.0021659473422914,0.0373464483763183,0.0315138239518273,-0.0204460226965602
84_b30,84,30,0.006326668895781,0.0201237894492286,0.0168935868050903,-0.0167706741113215
84_b31,84,31,0.0117084169760346,0.0695359529237196,0.0603862061460677,-0.0449892080498102
84_b32,84,32,0.0210820361971855,0.0706918685411221,0.0616343081032391,-0.0497452501009684
84_b33,84,33,0.0027693253941833,0.0208907125355135,0.0177405721897957,-0.0094285526516614
84_b34,84,34,0.0395139530301094,0.0763124308323821,0.0667600170772493,-0.0516341758163616
84_b35,84,35,0.0038076532073318,0.0853776396267468,0.0751390347597771,-0.0720090337717556
84_b36,84,36,0.0073121353052556,0.0284157604540864,0.023639751067385,-0.0135299008106812
84_b37,84,37,0.0056929066777229,0.0151832251997765,0.0129680123948492,-0.0017576546431519
84_b38,84,38,0.014724476262927,0.0613447429316453,0.0530253387003904,-0.0468652785982703
84_b39,84,39,0.006156051531434,0.0168290926712582,0.0136613084370037,-0.0109672742238035
84_b4,84,4,0.016213059425354,0.0765854568803294,0.0670154013922729,-0.0612632609526917
84_b40,84,40,0.0078645497560501,0.0218034096215811,0.017906593895168,0.0088769147108541
84_b41,84,41,0.0044214157387614,0.0234446283026749,0.0199869680812116,-0.0024131644319277
84_b42,84,42,0.0099638290703296,0.0282795221749597,0.0245093978306977,-0.0233873613545438
84_b43,84,43,0.0037757726386189,0.0674430595535293,0.0587318813001911,-0.0567060904244135
84_b44,84,44,0.008405826985836,0.0068298362248829,0.0054921909823315,0.0051059124915627
84_b45,84,45,0.0077552031725645,0.014555440521809,0.012348612077767,0.003475183363771
84_b46,84,46,0.0106141110882163,0.0301737457395024,0.0257176208449527,-0.0143312107957899
84_b47,84,47,0.0069282315671443,0.0518657321152002,0.0454331721947528,-0.0452419012249447
84_b48,84,48,0.0040879603475332,0.0220204758686984,0.0185847041895613,-0.0024942209152504
84_b49,84,49,0.0049284370616078,0.0174964446197885,0.0143166285206098,0.0111262313963379
84_b5,84,5,0.0136671960353851,0.0422870881615459,0.0365639638178981,-0.0340516305319033
84_b6,84,6,0.0064323544502258,0.0306529909918657,0.0263568224178743,-0.0084111753365141
84_b7,84,7,0.008474581874907,0.0310474079841831,0.0263375981367426,-0.0010728277574526
84_b8,84,8,0.017688138410449,0.0481157697150924,0.0415180107137712,-0.0244896772697393
84_b9,84,9,0.0042530167847871,0.0360701922546844,0.0306699534191284,-0.0085554408479947
85_b0,85,0,0.0095465602353215,0.0462808264180651,0.0396558189904317,-0.0213778163515962
85_b1,85,1,0.003127897856757,0.0142220701572038,0.0123510688962414,0.0033248594636097
85_b10,85,10,0.0052822725847363,0.0575699788739087,0.0500691460855887,-0.0362683079103589
85_b11,85,11,0.0067792357876896,0.0822455975955993,0.0727087788606877,-0.0682510970570729
85_b12,85,12,0.0072570675984025,0.0223455352163572,0.0191813727247063,-0.0008751792425755
85_b13,85,13,0.0132834371179342,0.0310311197574744,0.026473879085388,0.0009517143177799
85_b14,85,14,0.0077219167724251,0.0429693860842206,0.0367593416853924,-0.0215611866864492
85_b15,85,15,0.0080021116882562,0.0103828625824642,0.0088452873204369,0.0025931983126793
85_b16,85,16,0.0057491408661007,0.0381550994647966,0.0328070913345436,-0.0205966761612216
85_b17,85,17,0.0025044581852853,0.0088389520678365,0.0075405089894775,-0.0024998862633947
85_b18,85,18,0.002862854860723,0.036966652316375,0.032146327678638,-0.011850276805053
85_b19,85,19,0.0078858360648155,0.0458371723121642,0.0393529457015392,-0.0261534328896959
85_b2,85,2,0.0039869421161711,0.0124087997190742,0.0105018240283243,0.008503577124793
85_b20,85,20,0.0034611644223332,0.0059560805790419,0.0048610729421488,-0.0006192151480354
85_b21,85,21,0.0101181846112012,0.0451311275779746,0.0379616901645931,-0.0326099057350802
85_b22,85,22,0.0056205471046268,0.0186827258609161,0.0158386413264088,-0.0064261915138922
85_b23,85,23,0.0040913792327046,0.0109968500433466,0.0094607175479177,0.0054585463192779
85_b24,85,24,0.0073563256300985,0.0156818662111962,0.0130264017416629,-0.0091700372623745
85_b25,85,25,0.0106803718954324,0.0156342989011188,0.0128571513004135,0.0072748096717987
85_b26,85,26,0.0022619178052991,0.0808905950698659,0.0716107723710592,-0.0697556064778473
85_b27,85,27,0.0070303622633218,0.0104445894743159,0.0082134561415296,-0.0068306136957835
85_b28,85,28,0.0017927358858287,0.0147809766266775,0.0123468270973535,-0.0091053341963561
85_b29,85,29,0.0088026206940412,0.0799074122207942,0.0719007464490277,-0.0696274173403071
85_b3,85,3,0.0052893967367708,0.0353188653123576,0.0299852897657547,-0.0104008201777469
85_b30,85,30,0.0078408606350421,0.0194851572940156,0.0167631640250328,-0.0159713737911079
85_b31,85,31,0.0036885242443531,0.0753236047440004,0.0656063031761732,-0.0538561393956479
85_b32,85,32,0.004192026797682,0.0836176392299997,0.0735122070518264,-0.0699410792264097
85_b33,85,33,0.0047105951234698,0.0221709955970294,0.018791396212764,-0.0013096938142552
85_b34,85,34,0.0058115175925195,0.0909187164019866,0.0806257996000204,-0.0778483768915612
85_b35,85,35,0.0053802714683115,0.0861330169995972,0.0759752971658599,-0.0711433075999957
85_b36,85,36,0.0051909834146499,0.0311376865960726,0.026618401579326,-0.0082847488566767
85_b37,85,37,0.0047313375398516,0.0184342082831894,0.015670201445464,0.0049559296318329
85_b38,85,38,0.0077892141416668,0.0727685484431924,0.0642541579401586,-0.0620880310761276
85_b39,85,39,0.0072695165872573,0.0141333451827263,0.0120600902446312,-0.0015196674031903
85_b4,85,4,0.0066290544345974,0.0870901601996562,0.0775253336811147,-0.0753536501484632
85_b40,85,40,0.0107453176751732,0.0170903432308154,0.0142141947406344,0.0067424002720508
85_b41,85,41,0.0030137214343994,0.025738454055029,0.0221266429673414,-0.0009665625577326
85_b42,85,42,0.0026122296694666,0.0421732812209693,0.037823626534664,-0.0377248448837781
85_b43,85,43,0.002433429704979,0.0674617021285547,0.0589843156150891,-0.05766756539786
85_b44,85,44,0.0111942943185567,0.0092405290121847,0.0076946584577672,0.007426163975615
85_b45,85,45,0.0089727751910686,0.0189443272119657,0.0153191360225901,0.0113723989902064
85_b46,85,46,0.0129943694919347,0.0283610938487165,0.0234237588243559,-0.0171078127156943
85_b47,85,47,0.0113728241994977,0.0423182555138731,0.0353636140713933,-0.0333394433523062
85_b48,85,48,0.0043672900646924,0.0189829607089365,0.0160221817938145,-0.0023082872515078
85_b49,85,49,0.0048185442574322,0.0106979657674744,0.0090591396950185,0.0052884773956611
85_b5,85,5,0.0091157499700784,0.0483527004490669,0.0422803285368718,-0.0408024223078973
85_b6,85,6,0.0074728354811668,0.0317335810850682,0.0270417043473571,-0.0120842294301837
85_b7,85,7,0.009439411573112,0.0301208761565017,0.0259687801968539,-0.010484873126843
85_b8,85,8,0.0035328431986272,0.0612801096373564,0.052737466955441,-0.0473946146853268
85_b9,85,9,0.0054552773945033,0.0381191391356406,0.0322621249582152,-0.0167933289462234
86_b0,86,0,0.009033603593707,0.0447515151302183,0.0379671383467211,-0.0262294965404726
86_b1,86,1,0.0045259958133101,0.0166510288107134,0.0141186736209783,0.0080319193459581
86_b10,86,10,0.0034691956825554,0.0583161749501379,0.050550755909353,-0.0378610086810658
86_b11,86,11,0.0046611782163381,0.0824025692642573,0.0729005656388471,-0.0693474070206866
86_b12,86,12,0.0037347532343119,0.0212269578685452,0.0178152682917425,-0.0100644814042607
86_b13,86,13,0.0140456967055797,0.0272015471861654,0.0227164162090048,-0.0089200085587799
86_b14,86,14,0.0053539536893367,0.0446833914728811,0.0384412540918128,-0.020298672779827
86_b15,86,15,0.0075141848064959,0.0125721813969614,0.0108987428166437,0.0071431935939472
86_b16,86,16,0.0098843425512313,0.0403755465196119,0.0349452998611377,-0.0073376672092126
86_b17,86,17,0.0038276421837508,0.015437434679745,0.0121209361799992,0.0108857096708379
86_b18,86,18,0.0046095703728497,0.0385281514679217,0.0336438823526259,-0.0132740517694037
86_b19,86,19,0.0118148550391197,0.0361287589497173,0.0306094564968952,-0.0182917965837987
86_b2,86,2,0.0045858798548579,0.0107252336984854,0.0088408907479606,0.0061834550579078
86_b20,86,20,0.0026715171989053,0.0046771262106349,0.0039840147551149,0.0007551816152408
86_b21,86,21,0.0130162229761481,0.0413130596908717,0.0347914974347804,-0.0248218638313119
86_b22,86,22,0.011330222710967,0.0121419816586601,0.009751977471169,-0.0014844406652264
86_b23,86,23,0.0047844615764915,0.0095999232477076,0.0080711210146546,0.003719880906865
86_b24,86,24,0.0088194366544485,0.015695166276154,0.0133780505903996,-0.0019058759440667
86_b25,86,25,0.0073196906596422,0.012470543258415,0.0103000977833289,-0.0064744132373016
86_b26,86,26,0.0106995590031147,0.0725839910309179,0.0630985089916794,-0.0587584718003927
86_b27,86,27,0.0096916314214468,0.0073870596190038,0.0061999402625951,0.0028285460348706
86_b28,86,28,0.0045600701123476,0.016394777033044,0.0138678709603846,-0.006105106472969
86_b29,86,29,0.0161357671022415,0.0764074170768565,0.067903658290561,-0.0581297585930951
86_b3,86,3,0.0024521052837371,0.0366157999187232,0.0310354166838806,-0.0205324910499621
86_b30,86,30,0.0067073181271553,0.0166359586795002,0.0144782655438757,-0.0140781646905816
86_b31,86,31,0.0046454672701656,0.0757655341939321,0.0660417752721696,-0.0533067864467739
86_b32,86,32,0.0209136810153722,0.0739200844079537,0.064944772318413,-0.0457985948616988
86_b33,86,33,0.0042858915403485,0.0209687473535794,0.0178899018943775,-0.0022916214645374
86_b34,86,34,0.0377365201711654,0.0808080268232931,0.0709417840880632,-0.0509928107443556
86_b35,86,35,0.0067528034560382,0.0826182341040104,0.0723571929114768,-0.0668816564383814
86_b36,86,36,0.0063541047275066,0.0342397545609329,0.029578383610351,-0.0064608626102562
86_b37,86,37,0.00682333111763,0.0203012301142545,0.0170968643878586,0.0012338487873785
86_b38,86,38,0.0133448159322142,0.0628874922447261,0.0541751643025781,-0.045457147633424
86_b39,86,39,0.0069004702381789,0.0147616796734648,0.0123127677675802,-0.0109237910632509
86_b4,86,4,0.0149474460631608,0.0791654662888248,0.0693067292606429,-0.0618716428282641
86_b40,86,40,0.0090496577322483,0.0115806720949561,0.009541392767569,-0.0017305093363393
86_b41,86,41,0.006407088600099,0.0251075659710753,0.0216329527425114,-0.0016418390220496
86_b42,86,42,0.0069788359105587,0.0278840097988966,0.023719599477481,-0.0208490550494752
86_b43,86,43,0.0050100744701921,0.0612515786688109,0.0526178453634202,-0.0499482790990441
86_b44,86,44,0.0096462629735469,0.0070778990376225,0.0056960778958455,0.0043102051415189
86_b45,86,45,0.0099004786461591,0.0167568762168778,0.0136451425822451,0.0079368814872577
86_b46,86,46,0.0180926956236362,0.0253567225328677,0.0216443822276778,-0.0054658693424426
86_b47,86,47,0.0146881863474845,0.040894777138751,0.0342099430819507,-0.03214861141867
86_b48,86,48,0.0036783781833946,0.0227131787785304,0.0189612223138101,-0.0036592354555614
86_b49,86,49,0.0050663640722632,0.0086163708588904,0.0070049020461738,0.0042164927022531
86_b5,86,5,0.0051302909851074,0.0580712578982806,0.0518410578044131,-0.0513321686023846
86_b6,86,6,0.0064060315489768,0.0335561603074461,0.0289461613693856,-0.0072071094685816
86_b7,86,7,0.0132650360465049,0.0242894318040913,0.0208868084184359,-0.0030812279216479
86_b8,86,8,0.0105647929012775,0.0546713830560498,0.0474435667441866,-0.0242469815640652
86_b9,86,9,0.0065759387798607,0.0357210589595029,0.0297904385020956,-0.0192404070589691
87_b0,87,0,0.0054544368758797,0.0455357489798285,0.038659324038017,-0.0310932506943936
87_b1,87,1,0.0031990511342883,0.0157070989041257,0.0133885001018643,0.0060339850792661
87_b10,87,10,0.0055532632395625,0.054264498034097,0.0468923735275166,-0.0355963377171428
87_b11,87,11,0.0053058192133903,0.0808492853867321,0.071703703305684,-0.0685005358600756
87_b12,87,12,0.0045982459560036,0.0241484318554465,0.0206657030596397,-0.0066952528594993
87_b13,87,13,0.0143721122294664,0.0289172309602207,0.02443569124036,-0.0021373314299853
87_b14,87,14,0.0069188782945275,0.0441382985058668,0.0379341105214552,-0.0196517870045499
87_b15,87,15,0.0081568602472543,0.0150694688553881,0.0128248787950724,0.0094983282871544
87_b16,87,16,0.0123576205223798,0.0356234876649754,0.0305292534036561,-0.0029509568912908
87_b17,87,17,0.0037640696391463,0.0102047677722085,0.0087180008477298,-0.0026205249055055
87_b18,87,18,0.0043533388525247,0.0333812558469683,0.0292274082731455,-0.0109395862231031
87_b19,87,19,0.0210324078798294,0.0475112367226339,0.0396797842545493,-0.0031142643735802
87_b2,87,2,0.0037375255487859,0.0103853916759652,0.0086763702705502,0.0058281714282929
87_b20,87,20,0.0027698089834302,0.0075297497837214,0.0062706300977151,-0.0035417357867117
87_b21,87,21,0.0081664305180311,0.0463498813599346,0.0390014047786826,-0.0320784327533328
87_b22,87,22,0.0044682533480226,0.0242630049011734,0.0199841261730762,0.0080134961492149
87_b23,87,23,0.0041030049324035,0.0099529130667415,0.0085176853928715,0.0041278799483552
87_b24,87,24,0.0098853660747408,0.0144593227796489,0.012131240844028,-0.0029265059588942
87_b25,87,25,0.008262856863439,0.0165782730436868,0.0139116700639715,0.0037092024221783
87_b26,87,26,0.0044677443802356,0.0741086936085274,0.0650692203146172,-0.0632142548606498
87_b27,87,27,0.0093509284779429,0.0078033278587789,0.006452107069781,0.0018256956676486
87_b28,87,28,0.0011996959801763,0.0188907221172955,0.0157538009181735,-0.0116245874229935
87_b29,87,29,0.0280603356659412,0.0672579422605121,0.0597043251333161,-0.0472522244328501
87_b3,87,3,0.005303930491209,0.0331602339280122,0.0282459164608735,-0.0136542400193866
87_b30,87,30,0.010327223688364,0.0190701882122735,0.015351324462099,-0.014441940243123
87_b31,87,31,0.0159021764993667,0.0668451788861602,0.0583719053633103,-0.038953839517344
87_b32,87,32,0.0173696856945753,0.0738466409683437,0.0648338948801756,-0.0540558946138844
87_b33,87,33,0.0043465234339237,0.020424054991829,0.0173105952271725,-0.0005681869888212
87_b34,87,34,0.0379527583718299,0.0767535263947085,0.0673571661347523,-0.0525400554016232
87_b35,87,35,0.0049292324110865,0.0816722934366506,0.0711566547871552,-0.067127133357244
87_b36,87,36,0.0072590121999382,0.0306645929343414,0.0265390868741087,-0.0024173878808505
87_b37,87,37,0.0056003844365477,0.0206586968114678,0.017450551725924,0.0056529837287962
87_b38,87,38,0.0169431027024984,0.0584089429420864,0.0504501010174863,-0.0439900396834127
87_b39,87,39,0.0050837136805057,0.0174149542222359,0.0140853852103464,-0.0106222276529297
87_b4,87,4,0.0160644277930259,0.075212934725433,0.0658697604285407,-0.0602455073608871
87_b40,87,40,0.0095084644854068,0.0195082877601033,0.0161496317607816,0.0068920648912899
87_b41,87,41,0.0037063364870846,0.0234396040432758,0.0202130652760388,-0.0013752651802496
87_b42,87,42,0.0021641445346176,0.048854255806098,0.0444654546270612,-0.0444299083633814
87_b43,87,43,0.0044417101889848,0.0597002679800593,0.0517359819432022,-0.0492436937225284
87_b44,87,44,0.0096440380439162,0.004474765883528,0.0037064494838705,0.0007978855218971
87_b45,87,45,0.0087890233844518,0.0159838830599413,0.0132504743267782,0.0061938209808431
87_b46,87,46,0.0150410737842321,0.0259004901958003,0.0219401696848217,-0.0094024456304032
87_b47,87,47,0.0080848112702369,0.0504466421991759,0.0435487332125194,-0.0431068581459112
87_b48,87,48,0.0043420349247753,0.0199526674200394,0.0166396711126435,-0.0055145395838189
87_b49,87,49,0.0079731624573469,0.0208217094918195,0.0164979577914346,0.0146861171338241
87_b5,87,5,0.0025035399012267,0.0780838420723545,0.0713001713901758,-0.0712860263884067
87_b6,87,6,0.0073062065057456,0.0337532275420051,0.0291008653180324,-0.0057730643512331
87_b7,87,7,0.0092943664640188,0.0306077020463224,0.0261189795087557,-0.0021787890407722
87_b8,87,8,0.0158810429275035,0.0508068248965746,0.0440003257547505,-0.0263232148165116
87_b9,87,9,0.005698577966541,0.0353829489437729,0.0300405006448272,-0.0107824424945283
88_b0,88,0,0.0058916020207107,0.054102366649519,0.0464330289149802,-0.0444978725337568
88_b1,88,1,0.002573168836534,0.0263294861045469,0.0243010940635576,-0.0243010940635576
88_b10,88,10,0.0090882200747728,0.0573361299592017,0.0487869025368127,-0.0466706611981499
88_b11,88,11,0.0066459914669394,0.0846005591388914,0.0751503434976621,-0.0723124513922084
88_b12,88,12,0.0025322085712105,0.0377025387146758,0.0336082656111102,-0.0335533283639233
88_b13,88,13,0.0143288318067789,0.0319941093999826,0.0264683891885215,-0.0238882082147756
88_b14,88,14,0.0115248383954167,0.043376735105643,0.0363106876554957,-0.0342092458847037
88_b15,88,15,0.0104250647127628,0.0178550167183795,0.0167808561818674,-0.0167807512381114
88_b16,88,16,0.0073872413486242,0.0366087136332962,0.0311127032228978,-0.0212399790604831
88_b17,88,17,0.0020638292189687,0.0331464110434753,0.0305230631289305,-0.0305230631289305
88_b18,88,18,0.0036435876972973,0.0358093367732649,0.029773858434637,-0.0215752271824749
88_b19,88,19,0.0174085944890975,0.0364389378627931,0.0311674441793002,-0.0200301755405962
88_b2,88,2,0.0046930722892284,0.0272319289258093,0.0247406610799953,-0.0247406610799953
88_b20,88,20,0.0033638216555118,0.0297607692591552,0.027337270687567,-0.0273282559227664
88_b21,88,21,0.0112130735069513,0.047228356694955,0.0412540712632471,-0.0394145352259511
88_b22,88,22,0.0067535229027271,0.0167705058912647,0.0140828880504705,-0.0042489288770593
88_b23,88,23,0.004855350125581,0.0259949666432993,0.0239129737683106,-0.0239124711148906
88_b24,88,24,0.0103024505078792,0.0217878271183987,0.0183059172728098,-0.0166522765834815
88_b25,88,25,0.0081046121194958,0.0357550511765804,0.0327612642245367,-0.0327491613104939
88_b26,88,26,0.0117182210087776,0.0770130364446419,0.067216326870257,-0.0638033945730421
88_b27,88,27,0.0123650329187512,0.0115094537541858,0.0096141163271386,-0.0069960409228224
88_b28,88,28,0.0012226444669067,0.0392611790830997,0.0357315836579073,-0.0357241084903944
88_b29,88,29,0.0133021278306841,0.0771598269242792,0.068800892245672,-0.063947475463101
88_b3,88,3,0.0040122773498296,0.0389605167532268,0.032666779353749,-0.0295776740740984
88_b30,88,30,0.0087177790701389,0.031784112639464,0.0282655626590712,-0.0282241137939854
88_b31,88,31,0.0081225018948316,0.0725153992037949,0.0629418621493096,-0.0507114826423639
88_b32,88,32,0.007529248483479,0.0796009932686218,0.0696891242005585,-0.0640843030876203
88_b33,88,33,0.0024190621916204,0.0307993727994184,0.0276089812966529,-0.0274454806896392
88_b34,88,34,0.0090025030076503,0.0868752364368036,0.0765716870568576,-0.0717880474051344
88_b35,88,35,0.0099278828129172,0.0821774764166289,0.0720132108264078,-0.0672750709530373
88_b36,88,36,0.0046319523826241,0.0327924899315931,0.0268687442073132,-0.0200867525243666
88_b37,88,37,0.0053549166768789,0.0264440866321826,0.0229213332245126,-0.0224570803018286
88_b38,88,38,0.0111475270241498,0.0722471178480774,0.0634038510100799,-0.0607456597706186
88_b39,88,39,0.0085121784359216,0.0287557670928481,0.0256683471763972,-0.0256235988961998
88_b4,88,4,0.0159610901027917,0.0832047031603508,0.0733876542587677,-0.0679571353508072
88_b40,88,40,0.0085210353136062,0.0289653868745571,0.025561111952993,-0.0254880574293201
88_b41,88,41,0.0042893341742455,0.02523058667415,0.0200460968998959,-0.0168423008493846
88_b42,88,42,0.0061146686784923,0.0519613705239473,0.0475750681839417,-0.047560663371114
88_b43,88,43,0.0042218212038278,0.0695675504698701,0.0619845526234712,-0.0613707192928995
88_b44,88,44,0.0110925640910863,0.0211764215830053,0.0188926692225504,-0.0188926692225504
88_b45,88,45,0.0082451375201344,0.0349743500114129,0.0316597787837963,-0.0316312005545478
88_b46,88,46,0.0123798754066228,0.0376813069257979,0.0317985828407108,-0.0299300327710807
88_b47,88,47,0.010012999176979,0.0533381822352245,0.0474618831998668,-0.0473357417969964
88_b48,88,48,0.0063582980073988,0.0249049621688923,0.0207079160225111,-0.0176386962470132
88_b49,88,49,0.0076714577153325,0.0291997151600981,0.0276947099005337,-0.0276947099005337
88_b5,88,5,0.0090405978262424,0.0576812771149062,0.0512635221972595,-0.0507018848450388
88_b6,88,6,0.011446370743215,0.0363611286627789,0.0311278809994109,-0.0303728156085708
88_b7,88,7,0.0135620487853884,0.0261426132434564,0.0218221725127659,-0.0189644773374311
88_b8,88,8,0.006597539409995,0.0564774193874555,0.0480910844618483,-0.0429898002709524
88_b9,88,9,0.0091389399021863,0.040293086782715,0.0341484672576189,-0.0333488441212102
89_b0,89,0,0.0056603206321597,0.0550589998787639,0.0469177149314782,-0.0432299804649665
89_b1,89,1,0.0028335819952189,0.029855895067147,0.0268442278075963,-0.0268433328298851
89_b10,89,10,0.0080598872154951,0.0502525598578893,0.0429590440174797,-0.0341542567085707
89_b11,89,11,0.0088537223637104,0.0775964812728267,0.0682252772169886,-0.0637478148296941
89_b12,89,12,0.0044493190944194,0.0368830926303797,0.0319481366727268,-0.031290481541655
89_b13,89,13,0.0106714433059096,0.0417979955082975,0.0357499759364873,-0.0345118268718943
89_b14,89,14,0.0090313302353024,0.045947076000512,0.0385600612704001,-0.0342290058192156
89_b15,89,15,0.009114759042859,0.0256633320629398,0.0232467877725139,-0.0232467877725139
89_b16,89,16,0.0084866331890225,0.0429865759633579,0.0362190787548024,-0.0312976689597417
89_b17,89,17,0.0029404805973172,0.0325597653456695,0.0299162847257684,-0.0299162847257684
89_b18,89,18,0.0046473867259919,0.0404708430082888,0.0335280360572505,-0.0264800221810583
89_b19,89,19,0.0152992866933345,0.0366800324267596,0.0312067702718195,-0.0228818090076674
89_b2,89,2,0.0051965690217912,0.0338256319607,0.0308807450952008,-0.0308807450952008
89_b20,89,20,0.0036646001972258,0.0341272456771025,0.0305711865029297,-0.0305710579804144
89_b21,89,21,0.011445433832705,0.0485841856842477,0.0411595913572818,-0.0361128837979049
89_b22,89,22,0.009931368753314,0.0243535080386741,0.0214351565472316,-0.0211279545619618
89_b23,89,23,0.0056220279075205,0.031659412253885,0.0290565089165465,-0.0290478339866967
89_b24,89,24,0.0076818475499749,0.0311846349715061,0.0278888539294712,-0.0277478437754325
89_b25,89,25,0.0090585350990295,0.0321346098901885,0.0287480158201651,-0.0285036587825743
89_b26,89,26,0.010579640045762,0.0743022058110884,0.0652477909799199,-0.0632238863396923
89_b27,89,27,0.0077113988809287,0.0246351672582443,0.0214401326945517,-0.021372405529255
89_b28,89,28,0.0040940474718809,0.034031089989722,0.0296277539175935,-0.02933460108703
89_b29,89,29,0.0272904243320226,0.0734339705891596,0.0650683993013444,-0.0542841877106911
89_b3,89,3,0.0017931854818016,0.0552557581305803,0.0491765413724351,-0.0490088635997381
89_b30,89,30,0.0080458121374249,0.03522297681222,0.0312163030763622,-0.0312163030763622
89_b31,89,31,0.0154731851071119,0.0758874780408712,0.0662657250695338,-0.0530486943711002
89_b32,89,32,0.0241934210062026,0.0772837426989969,0.0679943218697008,-0.0540080300169211
89_b33,89,33,0.0023512314073741,0.0373550712027452,0.0331831940426491,-0.0326925756945274
89_b34,89,34,0.0464319996535778,0.084889769498443,0.0746653810440329,-0.0597267960262252
89_b35,89,35,0.0029366165399551,0.0869237973763575,0.0768079099557871,-0.0751467558122749
89_b36,89,36,0.0078212991356849,0.0363865666983125,0.0296946459996979,-0.0249449016375001
89_b37,89,37,0.0045693311840295,0.0370354411085793,0.0325700051197782,-0.0322915778448805
89_b38,89,38,0.0079890713095664,0.064913110033527,0.0562936061556683,-0.053419559461181
89_b39,89,39,0.0097473617643117,0.0274975916614353,0.0246226553426822,-0.0245286101655801
89_b4,89,4,0.0110753588378429,0.076539539358647,0.0665521887314389,-0.0608479544913279
89_b40,89,40,0.0093100368976593,0.0283468825593632,0.0249020676413783,-0.0246426934079499
89_b41,89,41,0.0037481361068785,0.0301161893242699,0.0240680888935457,-0.0214748694503214
89_b42,89,42,0.016390299424529,0.032465934962712,0.0281601345300441,-0.0270538498548558
89_b43,89,43,0.0162847116589546,0.0593028431382078,0.0504238866729429,-0.0457440109358867
89_b44,89,44,0.0127168912440538,0.0246573285138011,0.0218017698166659,-0.0218017698166659
89_b45,89,45,0.0080112274736166,0.0397346427989334,0.0358835010643815,-0.0358536102477228
89_b46,89,46,0.0119388084858655,0.0395579794251133,0.0340024383726995,-0.0326644307083915
89_b47,89,47,0.011410366743803,0.0541078572270983,0.0483896220172755,-0.0483136459323577
89_b48,89,48,0.0039531951770186,0.037543110740648,0.0329296031361445,-0.0326489716535434
89_b49,89,49,0.006602925248444,0.0314679070017522,0.0290470855520106,-0.0290470855520106
89_b5,89,5,0.0047363834455609,0.069042621986471,0.0627823706553317,-0.0627110899728722
89_b6,89,6,0.0091000981628894,0.0345382728856112,0.0282700532127637,-0.025702076080488
89_b7,89,7,0.0136402808129787,0.0249249651718504,0.0207730603287927,-0.0177847637305967
89_b8,89,8,0.0305478349328041,0.0568628520048667,0.0493237705489445,-0.0253017782921961
89_b9,89,9,0.0085461875423789,0.0318998630129986,0.0263940896367421,-0.0211381862632697
8_b0,8,0,0.0063821417279541,0.0492230122546463,0.0418593288015108,-0.0302104974968824
8_b1,8,1,0.0033438778482377,0.0184571439442885,0.0157123471563681,0.0045666039269417
8_b10,8,10,0.0051255114376544,0.0507809841710573,0.0438643690096796,-0.0282487041075364
8_b11,8,11,0.0071443719789385,0.0777622671056955,0.0681824480991053,-0.0632908712337666
8_b12,8,12,0.0045203189365565,0.0228231600917002,0.019442079977307,-0.0075081068809959
8_b13,8,13,0.012199530377984,0.0287668163157385,0.0243544079654384,-0.0041913122555706
8_b14,8,14,0.005947221070528,0.0459065954270847,0.0396417244755139,-0.015328674805205
8_b15,8,15,0.0069330148398876,0.0110464528453341,0.0092494115384761,-0.0002366601896937
8_b16,8,16,0.0102290296927094,0.0368688839065899,0.0319668169626675,-0.0124549687960825
8_b17,8,17,0.0052478741854429,0.0180918808750513,0.0145751538191689,0.009807489880477
8_b18,8,18,0.0043310071341693,0.038380887653573,0.0332152802808559,-0.0146002824124298
8_b19,8,19,0.0075800074264407,0.0382405268357797,0.03249912066065,-0.0230964193018735
8_b2,8,2,0.0046413764357566,0.0097556000066847,0.0082420643710065,0.0014727135316934
8_b20,8,20,0.0037820003926753,0.0075726962258836,0.0063884240062907,0.0016039490979164
8_b21,8,21,0.0131632629781961,0.0495059418397727,0.0422030936874216,-0.0287232499517267
8_b22,8,22,0.011892532929778,0.0172249022776275,0.0139794554072432,0.0052286531426943
8_b23,8,23,0.0050229178741574,0.0100900667520975,0.0086729043466039,-0.00054608596256
8_b24,8,24,0.0093671679496765,0.0165378239924566,0.0140207965951412,-0.003579334160313
8_b25,8,25,0.0080880317836999,0.0133112356396742,0.011327766655595,0.0016245231317589
8_b26,8,26,0.004494332242757,0.0775458480274853,0.0681863112261635,-0.0658268451204639
8_b27,8,27,0.0104928174987435,0.0118195562526614,0.0098984599392861,-0.0002637721039354
8_b28,8,28,0.0014270008541643,0.0219609327982312,0.0185187588870758,-0.0158825602993601
8_b29,8,29,0.0356154292821884,0.0645001419929721,0.0566546438775549,-0.0407747490391193
8_b3,8,3,0.0052611548453569,0.0358484862612535,0.0304268534947186,-0.0114763555000536
8_b30,8,30,0.0082557592540979,0.0177869766623699,0.014684610160184,-0.0145243940671207
8_b31,8,31,0.0059823486953973,0.0758623640392915,0.0658599228761158,-0.0562251184391789
8_b32,8,32,0.0098766665905714,0.0751631219249805,0.0653527706690511,-0.0569290833888953
8_b33,8,33,0.0037935427390038,0.0210845615950466,0.0177611880598124,-0.0007510031515266
8_b34,8,34,0.0240474957972764,0.0803690681274546,0.0703205030885874,-0.0591605242024525
8_b35,8,35,0.0039818305522203,0.084829511025,0.0745435363421711,-0.0701891724108281
8_b36,8,36,0.0071913329884409,0.0330481197110707,0.0281264951347839,-0.0098159027320798
8_b37,8,37,0.0052813040092587,0.0179208308631659,0.0152915232232771,-0.0038244048669002
8_b38,8,38,0.0109297335147857,0.0595819599460685,0.0513574856426566,-0.0477595318481326
8_b39,8,39,0.0098893512040376,0.0151430113805766,0.0127046771050663,-0.0009476978128077
8_b4,8,4,0.0213062278926372,0.0716922151674193,0.0619034068849578,-0.0544430360225669
8_b40,8,40,0.0090120052918791,0.0144801278929079,0.0122037175524747,0.0043202970310812
8_b41,8,41,0.0035588361788541,0.0259516622537635,0.0222871048381784,-0.0027497332409257
8_b42,8,42,0.0138768665492534,0.0185285461250491,0.0158007915061898,-0.0114098291448317
8_b43,8,43,0.0019203193951398,0.0730686596145941,0.0651252627330541,-0.0644599834787368
8_b44,8,44,0.0143735604360699,0.0129316682559937,0.0106043671455699,0.007224036360858
8_b45,8,45,0.0080675417557358,0.0137889977779156,0.0115838765341322,0.0029597689548972
8_b46,8,46,0.0153822153806686,0.0270365353611593,0.023000866882503,-0.0109117814851924
8_b47,8,47,0.0095595456659793,0.0492771923173703,0.0418168465723283,-0.0407446812023408
8_b48,8,48,0.0051670912653207,0.0229395080781918,0.0195204303832724,0.0004777168249711
8_b49,8,49,0.0075081135146319,0.0125451966168022,0.0098461473418865,0.0075145986059214
8_b5,8,5,0.0140474485233426,0.0420931635473581,0.0361390886560548,-0.0305985975603107
8_b6,8,6,0.0077669871971011,0.0377349491117664,0.0323397508461494,0.0009863689530175
8_b7,8,7,0.0126511398702859,0.0214945128107537,0.0183704247162677,-0.0071340009872801
8_b8,8,8,0.0103885903954505,0.0511795076391548,0.0437098718290508,-0.0302124669520708
8_b9,8,9,0.0068945847451686,0.030357579432739,0.025755578931421,-0.0051927589764818
90_b0,90,0,0.0064266314730048,0.0595316469683413,0.0515735760143434,-0.0500364484799501
90_b1,90,1,0.002137781586498,0.0575017940277938,0.0528478335565887,-0.0528478335565887
90_b10,90,10,0.0082850847393274,0.056027615216513,0.0479330179607495,-0.0399713931418955
90_b11,90,11,0.0030761854723095,0.0910769880074441,0.0819596109190024,-0.0813229628576664
90_b12,90,12,0.0078162224963307,0.0402863495814888,0.0351784949484863,-0.0350654034610488
90_b13,90,13,0.0093654934316873,0.0485928488740772,0.0426713779091369,-0.0420101002405863
90_b14,90,14,0.0071798218414187,0.0474236587407617,0.0399368869853788,-0.0363603755706571
90_b15,90,15,0.0080994078889489,0.0567302674280353,0.0518787481170147,-0.0518787481170147
90_b16,90,16,0.0077979676425457,0.0428583043657151,0.0370281959617568,-0.0357843269979639
90_b17,90,17,0.0034683558624237,0.0504409048315679,0.0470045945711899,-0.0470045945711899
90_b18,90,18,0.0059254942461848,0.0508022789788771,0.0457765547942835,-0.0457575346308294
90_b19,90,19,0.0120095461606979,0.0462913836697514,0.0391479211024125,-0.0367587555179488
90_b2,90,2,0.0059313867241144,0.0521587585855329,0.0483741371531505,-0.0483741371531505
90_b20,90,20,0.0026437102351337,0.0525900231964265,0.0484650683787185,-0.0484650683787185
90_b21,90,21,0.0093838572502136,0.053895372035056,0.0468957926418079,-0.0459090432982338
90_b22,90,22,0.0083983559161424,0.0344575419451221,0.0315204252232797,-0.0314914269116707
90_b23,90,23,0.0056645469740033,0.0503406449785314,0.0470474859356181,-0.0470474859356181
90_b24,90,24,0.0082049490883946,0.0450322038137679,0.0408567002799827,-0.0408567002799827
90_b25,90,25,0.0078185284510254,0.0482270036231418,0.0452840613393345,-0.0452840613393345
90_b26,90,26,0.0100378235802054,0.0773613188982631,0.0678976723496452,-0.0659368371070013
90_b27,90,27,0.0095182014629244,0.040242733212473,0.0361359191464725,-0.0361359191464725
90_b28,90,28,0.0038972073234617,0.043248895946038,0.0395903892390197,-0.0395740127511089
90_b29,90,29,0.0312383472919464,0.072045112396904,0.0636868507030885,-0.0549856480420567
90_b3,90,3,0.0018521238816902,0.0614784015770319,0.0555878847383428,-0.055496665838873
90_b30,90,30,0.0141979167237877,0.0286234204038637,0.024466685904772,-0.0237808380980277
90_b31,90,31,0.0114919617772102,0.0735425752048775,0.0633688059815904,-0.0577974622690817
90_b32,90,32,0.0247830376029014,0.0784704719894572,0.0686285163461434,-0.0603212301572057
90_b33,90,33,0.0029127756133675,0.0438311213875688,0.0405012132064439,-0.040488035196904
90_b34,90,34,0.0343852117657661,0.0837747785916771,0.0737052031859639,-0.0638674975206959
90_b35,90,35,0.008048553019762,0.0864434459000007,0.0759583319483499,-0.0720990995356987
90_b36,90,36,0.0055950130335986,0.0426486836727327,0.0374329055822454,-0.0368475634115748
90_b37,90,37,0.0065332585945725,0.0447713239778535,0.0414506860391702,-0.0414506860391702
90_b38,90,38,0.0170713104307651,0.0691899556184211,0.0604348315828247,-0.0572249175951583
90_b39,90,39,0.0073620146140456,0.0398235130737835,0.0358189945720369,-0.0358004321024054
90_b4,90,4,0.0362134352326393,0.075869919454862,0.0660718418489705,-0.0576271220151829
90_b40,90,40,0.0092401038855314,0.0451954031761842,0.0420239882537862,-0.0420239882537862
90_b41,90,41,0.0067812819033861,0.0470350150788517,0.0429654856404522,-0.0429518525680759
90_b42,90,42,0.0099658640101552,0.0526399874581228,0.0475700916838832,-0.0474625096120871
90_b43,90,43,0.0067537231370806,0.0736863451741293,0.0663379731711757,-0.0661878843542945
90_b44,90,44,0.0117150731384754,0.0406377660831376,0.0356477089514373,-0.0356477089514373
90_b45,90,45,0.0102700870484113,0.0584002838313268,0.054282640320016,-0.054282640320016
90_b46,90,46,0.0108525399118661,0.047068125200674,0.0427567611320409,-0.0426574282220099
90_b47,90,47,0.0144137162715196,0.0533189209011902,0.0470550938043743,-0.0469086640235036
90_b48,90,48,0.0033335904590785,0.0456879946138284,0.0413731456361711,-0.0413399839960038
90_b49,90,49,0.0087086902931332,0.0517081756873082,0.0482921630691271,-0.0482921630691271
90_b5,90,5,0.0088317021727561,0.0638274987261068,0.0574369150213897,-0.057179104629904
90_b6,90,6,0.0077412277460098,0.0414840309864133,0.0356696250691311,-0.03515531052195
90_b7,90,7,0.0149232745170593,0.0326358564403045,0.0286230090731987,-0.0285429343307623
90_b8,90,8,0.0205540899187326,0.0561440511685616,0.0477377977534342,-0.0381387360735243
90_b9,90,9,0.0075479596853256,0.0396346881451674,0.0330183315923204,-0.0321839844057103
91_b0,91,0,0.005361046642065,0.0485505990587861,0.0409715272398898,-0.0322988028061809
91_b1,91,1,0.0032385531812906,0.0182471638047831,0.0157239298033528,0.0079234883119352
91_b10,91,10,0.0061281491070985,0.0525122206949325,0.045178304662113,-0.0333454596606316
91_b11,91,11,0.0041579445824027,0.0841839294466052,0.0744483699450211,-0.0703343017426959
91_b12,91,12,0.0079290457069873,0.0241996271497576,0.0207723382476251,-0.0016337533656042
91_b13,91,13,0.0131434686481952,0.0301159964259127,0.0256049171625636,0.0016158435842953
91_b14,91,14,0.004521319642663,0.0467781939534656,0.0399701723105681,-0.0280799955151451
91_b15,91,15,0.0065604168921709,0.0148740943450379,0.0127750276238657,0.007790058448445
91_b16,91,16,0.006367340683937,0.0370969736304869,0.0322184100210142,-0.0154276916685921
91_b17,91,17,0.0035730232484638,0.0139519177676399,0.0115587730577681,0.0051468497270252
91_b18,91,18,0.0045888144522905,0.0367974958888175,0.0324495378392748,-0.0064389695622958
91_b19,91,19,0.012521419674158,0.033602204118731,0.0283624209645495,-0.0133012546105601
91_b2,91,2,0.0050464258529245,0.0105180920520785,0.0085206695809029,0.0061385617614723
91_b20,91,20,0.0036145858466625,0.0111233030264724,0.0092987855302635,0.0085613631212618
91_b21,91,21,0.0235013533383607,0.041513625026292,0.0359007251660659,-0.0109696630134567
91_b22,91,22,0.0092118252068758,0.0178542894714934,0.0145383288781158,0.0022563569177873
91_b23,91,23,0.0053007486276328,0.009940510084462,0.0082428928057197,0.0045407866372261
91_b24,91,24,0.0080284141004085,0.0176295685163952,0.0148404308222234,-0.0067019456159323
91_b25,91,25,0.0093065351247787,0.0210152660100661,0.0171357844799058,0.0099644898093538
91_b26,91,26,0.0076857306994497,0.0730828184105424,0.0641147960518719,-0.0614303100836696
91_b27,91,27,0.0094358474016189,0.0113593469830637,0.0094996396021451,-0.0008943003311287
91_b28,91,28,0.0030039786361157,0.0161816990659926,0.0133679633101564,-0.009732725455251
91_b29,91,29,0.005309279076755,0.0771713263177396,0.0689672792799683,-0.0662979079262731
91_b3,91,3,0.0024626944214105,0.0344557516397953,0.0292187936999835,-0.0175821617199108
91_b30,91,30,0.0086973281577229,0.008112635765624,0.0066826738405507,-0.0051645106717478
91_b31,91,31,0.0062420153990387,0.0734286619601213,0.0638029087049653,-0.0510653561906656
91_b32,91,32,0.0056781042367219,0.0759728005028407,0.0660729335766882,-0.0588206045987681
91_b33,91,33,0.0033966826740652,0.0218811197439951,0.0185133846977259,0.0023176768666598
91_b34,91,34,0.0069887884892523,0.0827794862781866,0.0724090983191854,-0.0670243598133674
91_b35,91,35,0.0021845311857759,0.0873540262421139,0.0769749910479004,-0.0746829123982752
91_b36,91,36,0.0064172097481787,0.0319252112381688,0.0276715347985737,-0.004419865750242
91_b37,91,37,0.0061189141124486,0.0172898513306896,0.0147378522343933,0.0001287455298006
91_b38,91,38,0.0157473683357238,0.0586624629295509,0.0502844997233478,-0.040122031981009
91_b39,91,39,0.0069530280306935,0.0160255328147306,0.0133862424266408,-0.0022483051285962
91_b4,91,4,0.005514689721167,0.0830497980059179,0.073203284642368,-0.0693489041712018
91_b40,91,40,0.0090704951435327,0.0191533686622908,0.0158187623816775,0.0078028167231241
91_b41,91,41,0.0042724660597741,0.027487262088555,0.0236404218350071,0.0061402971798088
91_b42,91,42,0.0049027446657419,0.0363203380926464,0.0323715463053667,-0.0322419290296966
91_b43,91,43,0.0014691257383674,0.0739334731318979,0.0664344495153636,-0.0662739180205971
91_b44,91,44,0.0111623434349894,0.0167139768776825,0.0139704711461672,0.0134750115213682
91_b45,91,45,0.008994510397315,0.0157624978844982,0.0130187686171848,0.0057014133955817
91_b46,91,46,0.0129990391433238,0.0316294106862422,0.0271915490389801,-0.0079466600599698
91_b47,91,47,0.0103206261992454,0.0468265084267549,0.0399018498067744,-0.0385492691514082
91_b48,91,48,0.0037351567298173,0.0218854740540384,0.0180752596573438,-0.0072580908739473
91_b49,91,49,0.0065660867840051,0.0149720104439806,0.0117355607560602,0.0101254739082651
91_b5,91,5,0.008044596761465,0.0489406048559868,0.0430491403810447,-0.0422517401253571
91_b6,91,6,0.0048237852752208,0.034938010785338,0.0297225697731482,-0.0146980827415245
91_b7,91,7,0.0170282572507858,0.0230061924708148,0.0197027040738612,0.0037858260516077
91_b8,91,8,0.0062104552052915,0.0510587826172181,0.0429933151212026,-0.0353983138419425
91_b9,91,9,0.0070669613778591,0.0317196640729216,0.026726705977926,-0.0102648827072698
92_b0,92,0,0.0060368962585926,0.0425712898704634,0.0357429231601418,-0.0280623697550618
92_b1,92,1,0.0030893920920789,0.0145121916572972,0.0125193501845933,0.005631575428415
92_b10,92,10,0.0024963244795799,0.0629791808991552,0.0548792697653698,-0.0399129899057152
92_b11,92,11,0.0056174825876951,0.0761489225085402,0.0669388240281841,-0.0631551098430645
92_b12,92,12,0.0041386894881725,0.022289959595335,0.0190981373674003,-0.0014863758679712
92_b13,92,13,0.01390284858644,0.0241103913170172,0.0203944928752025,-3.3322316012345256e-05
92_b14,92,14,0.005639559123665,0.0500092506227689,0.0433486909383646,-0.0227534887904039
92_b15,92,15,0.006998598575592,0.0185419063637382,0.0156647056061774,0.0131844549346715
92_b16,92,16,0.0108531191945075,0.0335419396464748,0.0288678849667485,-0.0062841404594655
92_b17,92,17,0.003643475472927,0.010755760808991,0.0092733701714314,-0.0018988715135492
92_b18,92,18,0.0048609934747219,0.0326651896339984,0.0283767363801598,-0.011110025900416
92_b19,92,19,0.0253266021609306,0.0514135821002292,0.0426291410840349,0.001690807584091
92_b2,92,2,0.0064097763970494,0.0102738442505222,0.0086702319327741,0.0071591953746974
92_b20,92,20,0.0027239790651947,0.0046336377436412,0.0039019373757764,0.0021297408035025
92_b21,92,21,0.0123069416731596,0.0430775908414925,0.0369236865040147,-0.0159351237822556
92_b22,92,22,0.0064631886780261,0.0339542403568052,0.0274954944857745,0.017902303597948
92_b23,92,23,0.0065145101398229,0.0090504355436113,0.0077738335204776,0.0050978294305969
92_b24,92,24,0.008228356949985,0.0168690133906624,0.0143213029531762,-0.0035813459428027
92_b25,92,25,0.0084543041884899,0.0152088012523894,0.0126427518669515,0.0061573345772922
92_b26,92,26,0.0496573522686958,0.0651534366990117,0.056169033741171,-0.0303666661228635
92_b27,92,27,0.0108998995274305,0.0126021681414793,0.010255154868355,0.0073928791063372
92_b28,92,28,0.0033196462318301,0.0154626932098344,0.0130737800573115,-0.0065884618929703
92_b29,92,29,0.0199605915695428,0.0688470194605073,0.0605350624111088,-0.0516214349032452
92_b3,92,3,0.0034664100967347,0.030961164673577,0.0264094691653735,-0.0115884774411097
92_b30,92,30,0.0063288765959441,0.0141311192881732,0.0122221289289882,-0.0117045870184665
92_b31,92,31,0.0077398507855832,0.0638151264522427,0.0552875052229501,-0.0403162611392326
92_b32,92,32,0.0137425269931554,0.0697247085689623,0.0608312917846342,-0.0473457724527543
92_b33,92,33,0.0043662516400218,0.020700220089331,0.0174935830937465,-0.0104034080536803
92_b34,92,34,0.0185830928385257,0.0777558936593534,0.0678235187944665,-0.0564549125502526
92_b35,92,35,0.0160083714872598,0.0807956924594524,0.0709135914608486,-0.0579832868571975
92_b36,92,36,0.0084466692060232,0.0304670899906053,0.0263664895261172,-0.0019215813104528
92_b37,92,37,0.0083487629890441,0.0192893269677157,0.0161300352029502,0.0081543754180893
92_b38,92,38,0.0074951066635549,0.0660498639998257,0.0570558141468791,-0.0533745487796841
92_b39,92,39,0.0076355217024683,0.0204393284619983,0.0170951203687582,0.0108479272935073
92_b4,92,4,0.0203542150557041,0.0729676699418905,0.0631650326347153,-0.0549480633965868
92_b40,92,40,0.0087399836629629,0.0198784047855579,0.0164877389959292,0.0086436358717037
92_b41,92,41,0.0053852386772632,0.0216812704152229,0.0186207673867465,-0.0032112450880231
92_b42,92,42,0.0065244450233876,0.0318567109053446,0.0269899440684821,-0.0254132668708916
92_b43,92,43,0.0067729395814239,0.0558943947359048,0.0483476964620058,-0.0461976998441969
92_b44,92,44,0.0086565110832452,0.0132509833620411,0.0120127168943872,0.011789058317081
92_b45,92,45,0.0098986765369772,0.011070683665224,0.009344084613258,0.002131541596027
92_b46,92,46,0.0148324966430664,0.0273925109777182,0.0235815221816301,-0.0057378537999466
92_b47,92,47,0.0072862110100686,0.0460698110234686,0.0391995002632029,-0.0382325470936484
92_b48,92,48,0.0051507512107491,0.0246291857643367,0.0208112189278472,0.004946821675403
92_b49,92,49,0.0058654937893152,0.011408124664333,0.0091068359214114,0.0066190830635605
92_b5,92,5,0.0055659040808677,0.054960265779078,0.0483680616505444,-0.0472564702481031
92_b6,92,6,0.007108618505299,0.0377653548313443,0.0326017018069978,-0.0049012804438825
92_b7,92,7,0.009908840060234,0.0316038201174476,0.0270570306875743,-0.0016959935449995
92_b8,92,8,0.0103593757376074,0.0485417239989079,0.0415794016767176,-0.023614130304486
92_b9,92,9,0.0044861021451652,0.0436016543866962,0.037122260085307,-0.0108180220238864
93_b0,93,0,0.0081866197288036,0.0426420620892692,0.0360671119223843,-0.024140898971309
93_b1,93,1,0.0037521417252719,0.0190340464773925,0.0160677253501489,0.0087169755622744
93_b10,93,10,0.0035311074461787,0.0570203187880926,0.0495635070966091,-0.035545623403741
93_b11,93,11,0.0066977147944271,0.0798917216906476,0.0705263562958134,-0.0669620503424812
93_b12,93,12,0.0065485620871186,0.0216456072103293,0.0183264907321427,-0.0054124429554212
93_b13,93,13,0.0086695998907089,0.0290907409311763,0.0241526322939898,-0.0163963766384404
93_b14,93,14,0.0038115833885967,0.0493256027946116,0.0425087071992311,-0.0307367052361223
93_b15,93,15,0.0049073621630668,0.0114742124565905,0.0095205302780959,0.0045946672011632
93_b16,93,16,0.0109472684562206,0.0334795533578104,0.0288889107605791,-0.0080185189595795
93_b17,93,17,0.004791080020368,0.0148217704030305,0.0118211044475901,0.0078521153505425
93_b18,93,18,0.0053360071033239,0.032530167738009,0.0284661697497358,-0.0087455363612389
93_b19,93,19,0.0116787943989038,0.0371833217644286,0.0317685616001836,-0.016385197356285
93_b2,93,2,0.0050961449742317,0.0074635850205621,0.0064767873426899,0.003143999222666
93_b20,93,20,0.0035508868750184,0.004827484117121,0.0040919215045869,-0.0020721160527318
93_b21,93,21,0.0116373822093009,0.042689052857818,0.0364782936300616,-0.0307090436189901
93_b22,93,22,0.0087207378819584,0.0182556571286601,0.0151728567306417,0.0059347456495743
93_b23,93,23,0.0055416608229279,0.0081622572356834,0.0069278766785282,0.0003391182457562
93_b24,93,24,0.0064107626676559,0.0133404673808749,0.0113332387432456,-0.004209723714739
93_b25,93,25,0.0107852714136242,0.0125747518903665,0.0104971839842619,0.0056216954888077
93_b26,93,26,0.0068848640657961,0.0747100539770592,0.0652901211072458,-0.0626768820610595
93_b27,93,27,0.0072070313617587,0.0087602359046414,0.0075236680428497,-0.0010203789919614
93_b28,93,28,0.0051334970630705,0.0131893834481329,0.0109393308515427,0.0020628465578192
93_b29,93,29,0.0225988123565912,0.0761005512024604,0.0677312558633639,-0.0605736056424575
93_b3,93,3,0.0031535075977444,0.0312397915868974,0.0263497675827238,-0.0136900761153083
93_b30,93,30,0.0057090735062956,0.0257048997096938,0.0216385389165952,-0.0214078754978254
93_b31,93,31,0.0089428266510367,0.0704825719470096,0.0614840667153475,-0.0442566891497699
93_b32,93,32,0.0220944136381149,0.0752830404904903,0.0659305114072412,-0.0546231016802266
93_b33,93,33,0.003354770829901,0.0208859115306218,0.017801483082585,-0.0069122441811487
93_b34,93,34,0.0234751217067241,0.0857476212422705,0.0756462357634882,-0.0673315420955623
93_b35,93,35,0.002840734552592,0.0871064437702291,0.0770888011490751,-0.0752998058924276
93_b36,93,36,0.0091504957526922,0.0291948522061092,0.0252829874772578,0.0017682404303923
93_b37,93,37,0.0063213733956217,0.0158128999879468,0.0134191215527243,0.007270706614945
93_b38,93,38,0.014407193288207,0.0645010326043934,0.0559014315492822,-0.0516792875769897
93_b39,93,39,0.0071659758687019,0.0130079881654877,0.0110412482492392,0.0014619853446492
93_b4,93,4,0.0206574276089668,0.0775155597411358,0.0678932085481937,-0.0624867129756603
93_b40,93,40,0.0092010982334613,0.0165061935845709,0.013974064993672,0.0067251926311291
93_b41,93,41,0.0050103049725294,0.0218084328572691,0.0187388784723589,-0.0018909697193885
93_b42,93,42,0.0065181334502995,0.0352146152363141,0.0303800444153603,-0.0291624130459968
93_b43,93,43,0.0056608733721077,0.0587891286468987,0.050418458249187,-0.0471292915975209
93_b44,93,44,0.0102100241929292,0.0161261212958472,0.0140285645774565,0.0140156919579021
93_b45,93,45,0.0063982447609305,0.0116219307828219,0.0098599723097868,0.0057675326918251
93_b46,93,46,0.0127655155956745,0.0249986864207475,0.0206142496597021,-0.015661726067774
93_b47,93,47,0.0057675028219819,0.0551735740201866,0.0487292160035576,-0.0485648991668131
93_b48,93,48,0.0039972346276044,0.0165513741727011,0.0139198164269328,-0.0007222418673336
93_b49,93,49,0.0066733281128108,0.0176063812877795,0.0141753945080563,0.0132738876296207
93_b5,93,5,0.0038967889267951,0.0621006999400339,0.0551595352083677,-0.054466889873729
93_b6,93,6,0.004857478197664,0.0377462215551009,0.0320669318636646,-0.0204138521006098
93_b7,93,7,0.012719202786684,0.0241725761159843,0.0207938029879005,-0.0041985709202708
93_b8,93,8,0.0141217205673456,0.0542157314006834,0.0464026172959711,-0.0323442128597525
93_b9,93,9,0.0044644745066761,0.0366153520908376,0.0311583992606028,-0.0116537062264978
94_b0,94,0,0.0121881635859608,0.0538716588712348,0.0458653245445748,-0.0418265182127652
94_b1,94,1,0.0060117980465292,0.0785297122982474,0.0727914317254908,-0.0727914317254908
94_b10,94,10,0.0093362340703606,0.0541547366196684,0.0452297743917733,-0.0437845715317234
94_b11,94,11,0.0026358403265476,0.0902099701520042,0.0810903365668491,-0.0804312049955478
94_b12,94,12,0.0035826321691274,0.0569364135730181,0.0524703910137759,-0.0524703910137759
94_b13,94,13,0.0101047698408365,0.0500064271737595,0.0440913112179259,-0.0439886683408985
94_b14,94,14,0.0113276606425642,0.0532620404748827,0.0476408785130479,-0.0471724049482145
94_b15,94,15,0.0077535840682685,0.0602811828808219,0.0562279255350586,-0.0562279255350586
94_b16,94,16,0.0121590076014399,0.0471763250581318,0.0402234554418828,-0.0391179541533347
94_b17,94,17,0.0046640308573842,0.0777847443797377,0.0721305005712201,-0.0721305005712201
94_b18,94,18,0.0059348563663661,0.0558326623728821,0.0508088036125991,-0.0508049791736993
94_b19,94,19,0.0075102793052792,0.0578828298667239,0.0512294335319893,-0.0505300256196642
94_b2,94,2,0.0074757211841642,0.0666191471002173,0.0619395913899643,-0.0619395913899643
94_b20,94,20,0.0032743611373007,0.0739887619533836,0.0678869155229767,-0.0678869155229767
94_b21,94,21,0.0203626826405525,0.045651652303639,0.0387847068214614,-0.0345749025193799
94_b22,94,22,0.0096207372844219,0.0498210327818744,0.0464704982371768,-0.0464704982371768
94_b23,94,23,0.0072645861655473,0.0628646006127951,0.0588597459392622,-0.0588597459392622
94_b24,94,24,0.0066988207399845,0.0487650193675269,0.0446533891011495,-0.0446533891011495
94_b25,94,25,0.0086155803874135,0.0624795510888513,0.0586308082411414,-0.0586308082411414
94_b26,94,26,0.0088435020297765,0.0799811778984042,0.0707955215492984,-0.0696827391249826
94_b27,94,27,0.0054818494245409,0.0512401556207541,0.0463615573500283,-0.0463611459871754
94_b28,94,28,0.004657675512135,0.0475520884962851,0.0437222328298958,-0.0437222328298958
94_b29,94,29,0.0237919688224792,0.0799086441419285,0.071353604185424,-0.0656950605225574
94_b3,94,3,0.0063615287654101,0.0505830163202887,0.0434892895433586,-0.0420965688687283
94_b30,94,30,0.0038937660865485,0.0652572681909769,0.0596209769864799,-0.0596209769864799
94_b31,94,31,0.011038483120501,0.0767130571310081,0.06633860031543,-0.0596612942258798
94_b32,94,32,0.0104494616389274,0.0836382765804483,0.0733551571331554,-0.0693205770430722
94_b33,94,33,0.0032536287326365,0.0629156804832701,0.0583012156828772,-0.0582917184277903
94_b34,94,34,0.0142448870465159,0.090071758432988,0.079679284155718,-0.0752071284869452
94_b35,94,35,0.0099315233528614,0.082680891146915,0.0723442506615538,-0.0694131127104628
94_b36,94,36,0.0086263604462146,0.046056582266334,0.0403696734528057,-0.0401543162274174
94_b37,94,37,0.0059928083792328,0.0520085935859094,0.0484086983534507,-0.0484086983534507
94_b38,94,38,0.0227451920509338,0.0660074848085976,0.0572788729146122,-0.0512269391771405
94_b39,94,39,0.0086314175277948,0.0614043924031287,0.0556001716601895,-0.0556001716601895
94_b4,94,4,0.0206685755401849,0.0824282169581002,0.0724993207509396,-0.0671950259659206
94_b40,94,40,0.0100718969479203,0.0511718342170465,0.0476338900538394,-0.047631232079002
94_b41,94,41,0.0093597462400794,0.058352036153694,0.0542106186732417,-0.0542106186732417
94_b42,94,42,0.0077057788148522,0.0602783337610317,0.0555457976099569,-0.0555457976099569
94_b43,94,43,0.028758293017745,0.0546600826526826,0.0467037982700276,-0.03960415780748
94_b44,94,44,0.0142729999497532,0.0691071084232122,0.0623632728651864,-0.0623632728651864
94_b45,94,45,0.0102554634213447,0.0729359760486581,0.0679365649312967,-0.0679365649312967
94_b46,94,46,0.0129770599305629,0.0524204497627008,0.0478470757778268,-0.0478277219634037
94_b47,94,47,0.0137267634272575,0.0599903906509845,0.0539506254962179,-0.0538712185493204
94_b48,94,48,0.007321766577661,0.0414319770893869,0.0364549295417964,-0.0363385054469108
94_b49,94,49,0.0093176402151584,0.076914013050094,0.0706097792461514,-0.0706097792461514
94_b5,94,5,0.0087145734578371,0.0679605372059432,0.0620788516395259,-0.0620688939385581
94_b6,94,6,0.0123428516089916,0.0539730358449332,0.049713477618061,-0.0496104979747906
94_b7,94,7,0.0120879113674163,0.0426818772555346,0.0398289876227499,-0.0397987734974594
94_b8,94,8,0.0123539855703711,0.0627638593540778,0.0537430424077319,-0.0492760451932554
94_b9,94,9,0.0081664081662893,0.0440104438953296,0.0399193108989857,-0.0398834555339999
95_b0,95,0,0.0069958707317709,0.0478353378230085,0.0408555985886778,-0.0195106777192268
95_b1,95,1,0.0068661095574498,0.065785802222299,0.0560804557218216,0.0554297466133721
95_b10,95,10,0.0062999548390507,0.0533303208516272,0.046404800391756,-0.0232788001559674
95_b11,95,11,0.0027005185838788,0.0851651862503238,0.0751991175384318,-0.0699168022380035
95_b12,95,12,0.008516376838088,0.0383209744891042,0.0299077897454844,0.023451076556812
95_b13,95,13,0.0129967601969838,0.0448466424119237,0.0371313576243119,0.0184141738450853
95_b14,95,14,0.0097098667174577,0.0462648532559957,0.0397588714238372,-0.0045114017862943
95_b15,95,15,0.0081367865204811,0.0494724254294647,0.0429167904064524,0.0420792593166697
95_b16,95,16,0.0116831809282302,0.0442365345507685,0.0372799129095801,0.0017303212302795
95_b17,95,17,0.0051915510557591,0.0546435491926272,0.049195243868744,0.04918691656203
95_b18,95,18,0.0045712366700172,0.045451997070019,0.0393234033236512,0.0030312021583085
95_b19,95,19,0.0063808383420109,0.0427703556144724,0.0364048870487022,-0.0101702005413244
95_b2,95,2,0.005361839197576,0.0472601442361979,0.0415190112777054,0.0411978454934433
95_b20,95,20,0.0068900389596819,0.0481395417507932,0.0440509345778264,0.0440502586192451
95_b21,95,21,0.0086754197254776,0.0434770808804191,0.0368445725240599,-0.0262207094267796
95_b22,95,22,0.0098012937232851,0.0322072717545114,0.0266947231872472,0.0224536590406205
95_b23,95,23,0.0056180050596594,0.0438443954921203,0.0377895643445663,0.0370286008832044
95_b24,95,24,0.0097776986658573,0.0477019869588347,0.0394908002507872,0.0385295590409077
95_b25,95,25,0.0123875513672828,0.0508106868265202,0.042258254190674,0.0414817837474402
95_b26,95,26,0.0111263366416096,0.0643864070211459,0.0550196362216956,-0.0442302289162762
95_b27,95,27,0.009067497216165,0.0463853119344975,0.0426042466401122,0.0425977097265422
95_b28,95,28,0.0038623781874775,0.0295732157696873,0.0231616063672117,0.0162058773054741
95_b29,95,29,0.0118871387094259,0.0793124127254424,0.0705563578408691,-0.0636246151701561
95_b3,95,3,0.003371299477294,0.0401660658737443,0.0340218737290706,0.0007779849914368
95_b30,95,30,0.015128668397665,0.0272415234237923,0.0243613049708073,0.024288932220661
95_b31,95,31,0.0099147139117121,0.0749761373116196,0.0656524357861781,-0.0454593272424244
95_b32,95,32,0.0160516574978828,0.0784530172155053,0.0689789089897021,-0.0516922727889686
95_b33,95,33,0.0038269362412393,0.0405070032019368,0.0327325787697918,0.0269414094625972
95_b34,95,34,0.0183154270052909,0.087308305348879,0.0770592139037034,-0.0659802090637094
95_b35,95,35,0.0057989978231489,0.0762187830582877,0.0665552372587626,-0.0570857702018474
95_b36,95,36,0.0076463259756565,0.0394355335522501,0.0336080431647133,0.0048060782963875
95_b37,95,37,0.0077392640523612,0.0480210758191373,0.0384455283661372,0.0334880642709322
95_b38,95,38,0.0053324485197663,0.0637806249018084,0.0552064922073623,-0.0479486313642701
95_b39,95,39,0.0103183183819055,0.0254928295565836,0.0207034341205144,0.0190586402773624
95_b4,95,4,0.0106519507244229,0.0820738721273499,0.0718459410572541,-0.0647090961787034
95_b40,95,40,0.0112798390910029,0.0485480960332738,0.0395949153130641,0.0378244672849541
95_b41,95,41,0.005027578677982,0.0467092900344332,0.0377404094487428,0.0241707937745377
95_b42,95,42,0.0086576957255601,0.0167572157870339,0.0141944302199408,-0.0041207387461327
95_b43,95,43,0.0015393798239529,0.0676587335270855,0.0586082811892265,-0.056064697788679
95_b44,95,44,0.0112136285752058,0.0470007058708711,0.0431624733249191,0.0431611136521678
95_b45,95,45,0.0105674462392926,0.0559231210149297,0.0476563214731868,0.0470403521612752
95_b46,95,46,0.0193655919283628,0.0407850417484293,0.032797200102359,0.0159834627760574
95_b47,95,47,0.0112064909189939,0.034339723669157,0.0282741096802055,-0.0220099669508636
95_b48,95,48,0.0063354317098855,0.0453807293539572,0.0369460436282679,0.0325483395857736
95_b49,95,49,0.0082587413489818,0.0625671184871712,0.053923378775944,0.0538567050377605
95_b5,95,5,0.0073483856394886,0.0429920363641002,0.0372010883595794,-0.0334328577062115
95_b6,95,6,0.0099444594234228,0.0411124679810825,0.0342639227659674,0.0102418146020499
95_b7,95,7,0.0115174977108836,0.038434895740388,0.0313608661753824,0.0133368847804376
95_b8,95,8,0.0089307948946952,0.0571433147414808,0.0496994816872756,-0.0258970066503388
95_b9,95,9,0.0040480876341462,0.0416554983055418,0.0352746307384222,-0.00180022474844
96_b0,96,0,0.004713918082416,0.0471330152423624,0.0399382401390175,-0.0298974005987111
96_b1,96,1,0.002753387670964,0.016008905264614,0.0136480356275569,0.0087060733663383
96_b10,96,10,0.0053770141676068,0.0540706296743451,0.0465801955299684,-0.0352992669172817
96_b11,96,11,0.0064514414407312,0.0827380676640111,0.0731257421411282,-0.0692570236160827
96_b12,96,12,0.0078219538554549,0.0184353898107672,0.0157905249303439,-0.0019420659734169
96_b13,96,13,0.0107298893854022,0.0279516631091611,0.0236248111276654,-0.0055911159579409
96_b14,96,14,0.0047976500354707,0.0452715216014803,0.0389312372991116,-0.0229930514359148
96_b15,96,15,0.008072393015027,0.0094036353747295,0.0081864680931903,0.0064986651553772
96_b16,96,16,0.0067000314593315,0.0346745330390566,0.0299002685930463,-0.0165647462542983
96_b17,96,17,0.0025482457131147,0.0094045124386611,0.0076279148971661,0.0054323943750932
96_b18,96,18,0.00525468820706,0.0325237700130916,0.0277627988025778,-0.0150148451986024
96_b19,96,19,0.0102573484182357,0.0340487507715405,0.0288654913171194,-0.015307416007854
96_b2,96,2,0.0055873598903417,0.0096152967370953,0.0075894741853699,0.0030454203346744
96_b20,96,20,0.0023817736655473,0.0061058953215907,0.0051531519950367,0.0019136496656574
96_b21,96,21,0.0254147741943597,0.0457796296610993,0.0394688296513777,-0.0173979919692646
96_b22,96,22,0.0103220548480749,0.0144449435238298,0.0118825515714706,0.0028499074111459
96_b23,96,23,0.0054730474948883,0.0087008552432124,0.0070161971298512,0.0010577156941872
96_b24,96,24,0.0081520406529307,0.0128488880985009,0.0110179472831077,-0.0020578584005124
96_b25,96,25,0.007798814214766,0.0121060305300193,0.010150447525084,0.0038834907906129
96_b26,96,26,0.0028453671839088,0.0758828162390676,0.0669113876210758,-0.0654040345834801
96_b27,96,27,0.0086273346096277,0.0070085239569358,0.0058710767631419,0.0021231807000003
96_b28,96,28,0.0030997884459793,0.0145649493719594,0.0123264713049866,-0.000247846818529
96_b29,96,29,0.0158052127808332,0.0742708346416377,0.0659093971451147,-0.0600825945083852
96_b3,96,3,0.0020357277244329,0.035325368651639,0.0297786883905064,-0.0196197790012229
96_b30,96,30,0.0047070365399122,0.0173700085370047,0.0146034737650188,-0.013198633857246
96_b31,96,31,0.004198248963803,0.0737781177757591,0.0638023723078367,-0.0548581952856329
96_b32,96,32,0.0079942308366298,0.0791240328513484,0.0692501320791052,-0.0626680312360258
96_b33,96,33,0.0056200427934527,0.0240576076671812,0.0202257567312335,0.0057463721610838
96_b34,96,34,0.010836848989129,0.0868582165204951,0.0765668612411536,-0.0713715721871994
96_b35,96,35,0.0017139150295406,0.0870570710637888,0.0768358232331957,-0.0735043518775637
96_b36,96,36,0.0047868276014924,0.0291254825911488,0.0244886252051219,-0.0122304396238178
96_b37,96,37,0.0059366859495639,0.0154077856975087,0.0131600991613231,-0.0012201322312466
96_b38,96,38,0.00964658241719,0.0687482491221856,0.0600810461275978,-0.0561291155096842
96_b39,96,39,0.0074307811446487,0.0131068513770272,0.0109063919197069,-0.0015178631088929
96_b4,96,4,0.0075766080990433,0.0862095346243248,0.0764064278073419,-0.0735776059717682
96_b40,96,40,0.0093815755099058,0.0142001039832356,0.0119837817049119,0.0052017483545932
96_b41,96,41,0.0065371608361601,0.0203472935203645,0.0172583541437052,-0.0029577422165311
96_b42,96,42,0.008683574385941,0.0297346422555781,0.026105414009653,-0.0253043147828429
96_b43,96,43,0.0023773834109306,0.0623110751353534,0.0540714442022726,-0.0521143150926218
96_b44,96,44,0.0088067632168531,0.0133586273838228,0.0116674932229216,0.0116364694110234
96_b45,96,45,0.0098291141912341,0.0137096252542998,0.0111459164007101,0.0075209184770938
96_b46,96,46,0.0111718149855732,0.0271486919705242,0.0229923303041141,-0.0127966556546743
96_b47,96,47,0.0067584183998405,0.0529772910022099,0.0464628800842911,-0.0461795472446829
96_b48,96,48,0.0044308248907327,0.0202000698820411,0.0171332626789808,-0.0003518421389162
96_b49,96,49,0.0057752062566578,0.0079277193315562,0.0066681687254458,0.003018203806132
96_b5,96,5,0.0105246240273118,0.0470581570663238,0.0405553712288383,-0.0369731061730999
96_b6,96,6,0.006314855068922,0.033562792347728,0.0289462881116196,-0.0072390869585797
96_b7,96,7,0.0130433747544884,0.0236480738532495,0.0203166163223795,-0.0040007406356744
96_b8,96,8,0.0058475546538829,0.0549357773851094,0.046694048436766,-0.0382085004556574
96_b9,96,9,0.0069064097478985,0.0320671410211537,0.0270696889143437,-0.0113707796158269
97_b0,97,0,0.0042332028970122,0.051110437720219,0.0434872518703196,-0.0351556950541998
97_b1,97,1,0.0033744205720722,0.0169041096651603,0.0143155959225259,0.0078115571546368
97_b10,97,10,0.0046752584166824,0.0552638526147317,0.0477759501925902,-0.0369236028083832
97_b11,97,11,0.0032824983354657,0.0881904659046649,0.0785424792601406,-0.076088664216586
97_b12,97,12,0.0070616407319903,0.0218630860895498,0.018657446418656,0.0024208848469424
97_b13,97,13,0.008332566358149,0.0318231387519258,0.0269610793679021,-0.0073644131259061
97_b14,97,14,0.0090514365583658,0.0412448835600872,0.0352671527012716,-0.0184327055129688
97_b15,97,15,0.0065109487622976,0.0209120008312818,0.017479835760314,0.0146208609081804
97_b16,97,16,0.0084322933107614,0.0410844751839177,0.0355205941406893,-0.0078688640540349
97_b17,97,17,0.0033765020780265,0.0158051147366663,0.0125221701338887,0.0102455441281199
97_b18,97,18,0.0041174916550517,0.0397566531718436,0.0344099508121144,-0.014600957132643
97_b19,97,19,0.0060666501522064,0.0402240884563594,0.0343784703014534,-0.0226413143382524
97_b2,97,2,0.0043020453304052,0.0180388993338313,0.0153388938470743,0.0142182658915407
97_b20,97,20,0.0022196108475327,0.0053512302965817,0.0044844044907949,0.0033951406111009
97_b21,97,21,0.0084513388574123,0.0456961413894489,0.0388936907550669,-0.0286869843801832
97_b22,97,22,0.0052874544635415,0.0202896392569869,0.0166612839652225,0.0051197955617681
97_b23,97,23,0.0046093976125121,0.0184264431573282,0.015709531144239,0.0134422340430319
97_b24,97,24,0.0063125635497272,0.0185658429303954,0.0155505531374365,0.0038949195761233
97_b25,97,25,0.0075673209503293,0.0148877171582234,0.0122678659227676,0.0051359286275692
97_b26,97,26,0.0040491977706551,0.0756247958355223,0.0662094880583754,-0.0632201591915509
97_b27,97,27,0.0067609343677759,0.0106939634393147,0.0090835258073639,0.0062023548420984
97_b28,97,28,0.0032324544154107,0.0175647511486037,0.0149506970006041,-0.008434714062605
97_b29,97,29,0.0398221090435981,0.0731857714377673,0.0647136127041449,-0.0445440810558648
97_b3,97,3,0.0016214335337281,0.0389317316195017,0.0328389671770855,-0.024250155321788
97_b30,97,30,0.0065839863382279,0.0128212371871695,0.0103900800400879,-0.0089714694756548
97_b31,97,31,0.0030141903553158,0.0787362752023027,0.0687526247462665,-0.057799168703932
97_b32,97,32,0.0167035013437271,0.0817975425706773,0.072273687411689,-0.0597736696746505
97_b33,97,33,0.0020170114003121,0.019924674579242,0.0169544351496733,-0.0024719476629979
97_b34,97,34,0.0295712910592556,0.0875880355875823,0.0773665675937081,-0.0636474572119186
97_b35,97,35,0.0070254793390631,0.0774088193674122,0.0673020571918459,-0.0609771805425407
97_b36,97,36,0.005251070484519,0.032897668231806,0.0275191177835222,-0.0154251308075617
97_b37,97,37,0.0067776879295706,0.0189065435904256,0.0161553518590517,-0.0038374362862668
97_b38,97,38,0.0174954272806644,0.0650183542346021,0.0563107721702544,-0.0482330093169002
97_b39,97,39,0.0078800860792398,0.0149967512214051,0.012272625164478,-0.0070112140005221
97_b4,97,4,0.0242611188441514,0.0808662031088776,0.0709223935459158,-0.0623484482904314
97_b40,97,40,0.0080950539559125,0.0212941220522175,0.0175567949627293,0.0117372167453868
97_b41,97,41,0.0051321135833859,0.0293053150718678,0.0249779042997397,0.0019207595218904
97_b42,97,42,0.0207860320806503,0.0204985052893782,0.0175375532812904,-0.0013688610878307
97_b43,97,43,0.00157809141092,0.0705379212984795,0.0620926115993643,-0.0609673270914936
97_b44,97,44,0.0109351091086864,0.0081947764047837,0.0069725608697626,0.0024360983015503
97_b45,97,45,0.0091961119323968,0.0201934695783764,0.0162216469540726,0.0123145049356389
97_b46,97,46,0.0103026684373617,0.0279121431475223,0.0238089581520762,-0.0111423498240765
97_b47,97,47,0.0090604033321142,0.0474335770693157,0.0400677466928027,-0.0386844647466205
97_b48,97,48,0.0053419256582856,0.0261707331333325,0.0222978856740519,0.007300766040571
97_b49,97,49,0.0039254245348274,0.0155917300912432,0.0126954242016654,0.0106072854308877
97_b5,97,5,0.0092876926064491,0.051373751341362,0.0449599751183995,-0.0431566365255275
97_b6,97,6,0.0088769569993019,0.0296878356944305,0.0253032702184282,-0.008562919718679
97_b7,97,7,0.0099219586700201,0.024830178611954,0.0212925678811734,-0.0039938828669255
97_b8,97,8,0.0265661776065826,0.06101015402555,0.0526901443509268,-0.0164974901362438
97_b9,97,9,0.0054720588959753,0.0356476570386095,0.0300346397445537,-0.0168376276153139
98_b0,98,0,0.004423308186233,0.0869318727273444,0.0805355377094383,-0.0805355377094383
98_b1,98,1,0.009129699319601,0.1368103548415694,0.1271891736332327,-0.1271891736332327
98_b10,98,10,0.008284137584269,0.0741055318975134,0.0681290170909778,-0.068108631925279
98_b11,98,11,0.0052860076539218,0.1001031082336818,0.0915032454082393,-0.09136401834985
98_b12,98,12,0.0026195158716291,0.0981370282048836,0.0911949480324983,-0.0911949480324983
98_b13,98,13,0.0099187698215246,0.0992098606793524,0.0923296750697773,-0.0923296750697773
98_b14,98,14,0.0080853197723627,0.0753567573014883,0.0707789454358862,-0.0707319589547114
98_b15,98,15,0.0105073135346174,0.1189179335000978,0.109198327286067,-0.109198327286067
98_b16,98,16,0.005781746469438,0.0883558234003743,0.0829451586550567,-0.0829451586550567
98_b17,98,17,0.0102643882855772,0.1458319321750609,0.1354158943885704,-0.1354158943885704
98_b18,98,18,0.0050479359924793,0.0900025781890112,0.0852562924078665,-0.0852562924078665
98_b19,98,19,0.0333896577358245,0.0568141685492867,0.0500532129922066,-0.04888706668542
98_b2,98,2,0.0090234633535146,0.1288158820538449,0.1193731097999261,-0.1193731097999261
98_b20,98,20,0.0073726223781704,0.1451032287465561,0.1328560352663043,-0.1328560352663043
98_b21,98,21,0.0115432040765881,0.0675054906682184,0.0621328436174371,-0.0620260138261073
98_b22,98,22,0.0055581843480467,0.0919081174855723,0.0853590556618291,-0.0853590556618291
98_b23,98,23,0.0085224844515323,0.1233781500306304,0.1145768700340704,-0.1145768700340704
98_b24,98,24,0.0066182687878608,0.1093001099130363,0.100597510523221,-0.100597510523221
98_b25,98,25,0.0082803312689065,0.1283639635195044,0.1186230105914,-0.1186230105914
98_b26,98,26,0.0124324616044759,0.088640448313708,0.0805745409551309,-0.0805097193672554
98_b27,98,27,0.0067370939068496,0.1053915036680047,0.0956295401329407,-0.0956295401329407
98_b28,98,28,0.0044496646150946,0.0950107626687738,0.0886536672746297,-0.0886536672746297
98_b29,98,29,0.0155030107125639,0.0925715881655177,0.0845967157477389,-0.0840814481630332
98_b3,98,3,0.0030365409329533,0.0880928115499912,0.0827337852469645,-0.0827337852469645
98_b30,98,30,0.0039183408953249,0.1104820098000224,0.1002173592566396,-0.1002173592566396
98_b31,98,31,0.0052399616688489,0.0943478586344859,0.0864788913952361,-0.0864395692611287
98_b32,98,32,0.0101127354428172,0.0893729704963889,0.0798783133582401,-0.0794038030117008
98_b33,98,33,0.0042297448962926,0.1049285761145506,0.0979251204818865,-0.0979251204818865
98_b34,98,34,0.0123101789504289,0.0956679500055964,0.0857946719948813,-0.0850392157046735
98_b35,98,35,0.0049781291745603,0.0975263855150525,0.0885446245183993,-0.0883834457265038
98_b36,98,36,0.0055413246154785,0.084626606066356,0.0788612645087414,-0.0788612645087414
98_b37,98,37,0.0083776004612445,0.1020730823866278,0.0955576686869608,-0.0955576686869608
98_b38,98,38,0.0106114707887172,0.0859747297744809,0.0778102193766972,-0.0775917835900327
98_b39,98,39,0.0075464006513357,0.0941307393014577,0.0866145346855046,-0.0866145346855046
98_b4,98,4,0.0118731018155813,0.0931704818207986,0.0839513420692674,-0.0832709994476317
98_b40,98,40,0.0091872215270996,0.1167382414818145,0.106506859762012,-0.106506859762012
98_b41,98,41,0.0091695077717304,0.1004415567564696,0.0926695203105919,-0.0926695203105919
98_b42,98,42,0.0099243065342307,0.0851237118667234,0.0802257209015078,-0.0802257209015078
98_b43,98,43,0.0078765023499727,0.0940365627586855,0.0875221732721547,-0.0875221732721547
98_b44,98,44,0.0126108396798372,0.1158441818542127,0.106458257347549,-0.106458257347549
98_b45,98,45,0.0144589561969041,0.1394128805239787,0.1290388346405234,-0.1290388346405234
98_b46,98,46,0.0099991094321012,0.0921785260821404,0.0855242893192917,-0.0855242893192917
98_b47,98,47,0.0075110625475645,0.091128195647158,0.0851325050706509,-0.0851325050706509
98_b48,98,48,0.0035374546423554,0.0988796321687299,0.0922778768325224,-0.0922778768325224
98_b49,98,49,0.0151998596265912,0.1515285614867725,0.1383048538387811,-0.1383048538387811
98_b5,98,5,0.0087217912077903,0.083878787042098,0.0782785969018004,-0.0782785969018004
98_b6,98,6,0.0103232245892286,0.0830146590884559,0.0777291211477131,-0.0777291211477131
98_b7,98,7,0.0136532019823789,0.0706349461803913,0.0657845831004669,-0.0657702720159432
98_b8,98,8,0.0071022436022758,0.0821905318230912,0.0757989674380223,-0.0757864431010966
98_b9,98,9,0.0060181086882948,0.077240820463302,0.072248164343182,-0.0722423712280578
99_b0,99,0,0.0032387804239988,0.0549286571824853,0.0467599734519171,-0.0427617927938263
99_b1,99,1,0.0026713667903095,0.0173516213994408,0.0148050755122676,0.0075675536133348
99_b10,99,10,0.0050404034554958,0.0543648369713117,0.0470705627274583,-0.0337890714823151
99_b11,99,11,0.0053297486156225,0.0780883467944469,0.0686307998292613,-0.0630211658409098
99_b12,99,12,0.0046732295304536,0.0231183573026763,0.0195918092725332,-0.006315240006661
99_b13,99,13,0.007737336680293,0.0302149116395314,0.0257086373650236,-0.00284518582921
99_b14,99,14,0.0065441466867923,0.0440452892549439,0.0378984851490531,-0.0227638589970592
99_b15,99,15,0.005120460409671,0.0168348492944457,0.014100821603788,0.0086333008704241
99_b16,99,16,0.0063520865514874,0.0367562883705026,0.0317771738574083,-0.0111953656740661
99_b17,99,17,0.0029115551151335,0.0141566108232522,0.0113067161443177,0.0108126280119176
99_b18,99,18,0.0051660765893757,0.0404530869668903,0.0354358064444386,-0.0025971592977293
99_b19,99,19,0.0126538705080747,0.0424837862022837,0.0362807894330762,-0.0142909668847278
99_b2,99,2,0.0036482852883636,0.0070552575158775,0.0060342235141433,0.0031343030580319
99_b20,99,20,0.0028936872258782,0.0062963662521326,0.0054817472130525,0.0040322828234639
99_b21,99,21,0.0101846493780612,0.0438136685057894,0.0370361834680079,-0.0273460223068832
99_b22,99,22,0.0058587002567946,0.0166303596058372,0.013955316983629,-0.0015664189611561
99_b23,99,23,0.0040462985634803,0.0074350811163053,0.0063169812876731,0.0013682783255353
99_b24,99,24,0.0055805509909987,0.0141602997882752,0.012023735375842,-0.0048122569301631
99_b25,99,25,0.0086176879703998,0.016795294809376,0.013838894086075,0.0053660997824044
99_b26,99,26,0.0072572245262563,0.075512530429681,0.065973783655354,-0.0626006474050518
99_b27,99,27,0.0064697433263063,0.0074054865690621,0.0065245654562022,0.0063919847237411
99_b28,99,28,0.0035234277602285,0.0151805711369497,0.0127293979912064,-0.0079296794557012
99_b29,99,29,0.0225115325301885,0.0654847040512068,0.0577090906574812,-0.0444693371212997
99_b3,99,3,0.0024393314961344,0.0321945733779783,0.0271986066165845,-0.0132161919411737
99_b30,99,30,0.0090551525354385,0.0133509737229576,0.0113669417944038,-0.007549498398439
99_b31,99,31,0.0134600456804037,0.0740469843417078,0.064862185228776,-0.0423378103377035
99_b32,99,32,0.0111312754452228,0.0767422746107696,0.06745118367955,-0.0548160346690929
99_b33,99,33,0.0034131500869989,0.0206400896429017,0.0177706872182898,-0.0034947144868783
99_b34,99,34,0.0152547676116228,0.0817477301447384,0.0717777994785137,-0.0597940608204953
99_b35,99,35,0.0098270634189248,0.0799774994950355,0.069978249202395,-0.0634102168948447
99_b36,99,36,0.0046481788158416,0.0317503977347122,0.0268207577778957,-0.0109815191407687
99_b37,99,37,0.0046914368867874,0.0176007691643013,0.0149446948105469,0.0048813044931739
99_b38,99,38,0.0114449504762887,0.0601120254875243,0.0517618907784344,-0.0441832714976044
99_b39,99,39,0.009420646354556,0.0112178062879067,0.0093069229187676,0.0007342108077136
99_b4,99,4,0.0136847225949168,0.0760451105709855,0.0662672167679193,-0.0586264279915849
99_b40,99,40,0.0081390142440795,0.0191026828452618,0.0158685626718215,0.0041424742119852
99_b41,99,41,0.0042924582958221,0.0332115566052591,0.0278401407360797,0.0106410915782907
99_b42,99,42,0.0093232225626707,0.0247233389585946,0.0210563769587315,-0.0188938995241187
99_b43,99,43,0.003515605116263,0.0656230262400515,0.0573891915308195,-0.0556394768992322
99_b44,99,44,0.0110343229025602,0.0092369146851957,0.0077510419374448,0.0070486289003747
99_b45,99,45,0.0051068849861621,0.0136906460473915,0.0113418223138432,0.0060583519248757
99_b46,99,46,0.0088849812746047,0.030825365790472,0.0258979402016848,-0.0174788980511948
99_b47,99,47,0.0102150598540902,0.0428614762639038,0.0363199682487174,-0.0351071315398439
99_b48,99,48,0.0026320512406527,0.0185206941525086,0.0154094638151582,-0.0042513016646262
99_b49,99,49,0.0057400315999984,0.0170327290802581,0.0136965306138154,0.0113105882995296
99_b5,99,5,0.0063065169379115,0.0562677326463738,0.0501001836452633,-0.0495050073275342
99_b6,99,6,0.0070522548630833,0.0338343402851516,0.0292384624527767,-0.0107514775311574
99_b7,99,7,0.0093483421951532,0.0295214625723573,0.0253440047893673,-0.0039531915076076
99_b8,99,8,0.0088903345167636,0.0521225399202347,0.045074800238508,-0.0266584323930146
99_b9,99,9,0.0044766436330974,0.0356570713588935,0.0302575143350986,-0.0138295154337538
9_b0,9,0,0.0110310558229684,0.045123203141477,0.0384290989987494,-0.0208973120070004
9_b1,9,1,0.0032250047661364,0.0193387616956431,0.0163027505530044,0.0121236930182203
9_b10,9,10,0.0069384528324007,0.0514886693541369,0.0445147853269008,-0.029749920979957
9_b11,9,11,0.0145419910550117,0.0781377095709709,0.0685092158715997,-0.0619192618924717
9_b12,9,12,0.0080567607656121,0.024255824525358,0.0207601507252547,-0.0038964751234743
9_b13,9,13,0.0117921866476535,0.0288651094137627,0.0246671716013224,0.0018979952455265
9_b14,9,14,0.0054639102891087,0.0435963716503978,0.0372870915663952,-0.0234480008204991
9_b15,9,15,0.0072534494102001,0.0251056602609414,0.0213148727489169,0.0198813455260824
9_b16,9,16,0.0047034784220159,0.0435786562478217,0.037859338937269,-0.0190197636801167
9_b17,9,17,0.0035025915130972,0.0146044491651388,0.0115336239605676,0.0092731825180817
9_b18,9,18,0.0033750953152775,0.039752154553564,0.0342058399500092,-0.0167208110209321
9_b19,9,19,0.0109207723289728,0.0351640713240937,0.0294902733303024,-0.0209965037493384
9_b2,9,2,0.0066878218203783,0.0265064917496921,0.022758404869819,0.022110754851019
9_b20,9,20,0.0034841152373701,0.0088987351826569,0.007643964162562,0.00395400688285
9_b21,9,21,0.0128348898142576,0.0429156277743489,0.0360246436767192,-0.0287085558151738
9_b22,9,22,0.0095776272937655,0.014763840445259,0.0123483794822823,0.0034266959049273
9_b23,9,23,0.0069515611976385,0.0250439586076549,0.0213555206859018,0.0198821054573636
9_b24,9,24,0.0104953981935977,0.0127583733688541,0.0107898651040159,-0.0037427094834856
9_b25,9,25,0.0101480633020401,0.02030549563796,0.0165253234421834,0.0100785581348463
9_b26,9,26,0.0116661395877599,0.0698022113588811,0.0606280709977727,-0.0556997296668123
9_b27,9,27,0.0107565894722938,0.0115605336300812,0.0096178497979417,-0.0055958246928639
9_b28,9,28,0.0030432809144258,0.0187750828894433,0.0156815912894671,-0.0119439803197747
9_b29,9,29,0.0143701992928981,0.0830083808730494,0.0744263200665591,-0.068686390768853
9_b3,9,3,0.0053390432149171,0.0316641000544585,0.0267676823947113,-0.0095607561955694
9_b30,9,30,0.0082486793398857,0.0166504797525759,0.013426796310232,-0.0123346703877905
9_b31,9,31,0.0026052738539874,0.081389001085214,0.0710842745907575,-0.0638678415741742
9_b32,9,32,0.0057251937687397,0.0834958826428469,0.0733915840653935,-0.0665059916448081
9_b33,9,33,0.0036074393428862,0.0232243242898372,0.0195725444762501,-0.0106469395721796
9_b34,9,34,0.0185955874621868,0.0885470364503588,0.0782406444947992,-0.0700011214854021
9_b35,9,35,0.0084560886025428,0.0787986031653295,0.0686849752511625,-0.0623788423813675
9_b36,9,36,0.0037151589058339,0.037358436744492,0.031490216840757,-0.0166392822039779
9_b37,9,37,0.0075511876493692,0.0172220570180878,0.0146140656759962,-0.0024527672631666
9_b38,9,38,0.0126339439302682,0.0671376243795842,0.058336193037685,-0.0529223458259366
9_b39,9,39,0.0078072496689856,0.0115906325849641,0.0094610970542998,-0.004612921437365
9_b4,9,4,0.0218191388994455,0.080413780570994,0.0704741139227553,-0.0631402410573355
9_b40,9,40,0.0108668245375156,0.0213013392325731,0.0175157311238581,0.0097716487740399
9_b41,9,41,0.0046589216217398,0.0284533524862986,0.0243987300246953,0.00373192937579
9_b42,9,42,0.0068082027137279,0.0320400949056487,0.0281855672202073,-0.0276907455991022
9_b43,9,43,0.0023219343274831,0.0851416978364817,0.0776612079996266,-0.0776413055430748
9_b44,9,44,0.010851171799004,0.0079230121955398,0.0064094874824513,0.0052749067542026
9_b45,9,45,0.0088001396507024,0.0198851173752844,0.0160056773468386,0.0132592184201348
9_b46,9,46,0.0136495772749185,0.0278025913391873,0.0238878841849509,-0.0087907081667799
9_b47,9,47,0.0110718896612524,0.0428039152135677,0.0360505232075229,-0.0345424232864752
9_b48,9,48,0.0055620735511183,0.0171425730146105,0.0145055141497869,-0.0005045080755371
9_b49,9,49,0.0070237265899777,0.0178057007238806,0.0144700819288846,0.0122859712515492
9_b5,9,5,0.0061915214173495,0.0534185855027276,0.0468219071009662,-0.0458343188592698
9_b6,9,6,0.0063743693754076,0.0317846382322745,0.0272161803019116,-0.0102064828571747
9_b7,9,7,0.0161035023629665,0.0193245880909254,0.0160638801963068,-0.007026376130525
9_b8,9,8,0.0060317292809486,0.0610632823247714,0.0523852107588754,-0.0403047454906482
9_b9,9,9,0.0071813804097473,0.032714384251658,0.0274745641625486,-0.0130911432136781
